event_id_a,event_id_b,source_a,source_b,date_similarity,location_similarity,description_similarity,same_event,decision,event_typology,review_notes
NEI-2021-AR-001,NEI-2021-AR-009,NESAC-SR-277-2022 (Seasonal Landslide Inventory for NER - 2021),NESAC-SR-277-2022 (Seasonal Landslide Inventory for NER - 2021),8_DAYS_DIFF,32.62_KM,MODERATE,FALSE,DIFFERENT_EVENT,PROXIMAL_INDEPENDENT_EVENT,PROXIMAL_INDEPENDENT_EVENT: Independent slope occurrences separated by 32.6 km and 8 days. Roads: 'NH 13' vs 'NH 415'.
NEI-2021-AR-001,NEI-2021-MN-001,NESAC-SR-277-2022 (Seasonal Landslide Inventory for NER - 2021),NESAC-SR-277-2022 (Seasonal Landslide Inventory for NER - 2021),2_DAYS_DIFF,230.18_KM,LOW,FALSE,DIFFERENT_EVENT,PROXIMAL_INDEPENDENT_EVENT,PROXIMAL_INDEPENDENT_EVENT: Independent slope occurrences separated by 230.2 km and 2 days. Roads: 'NH 13' vs ''.
NEI-2021-AR-001,NEI-2021-MN-006,NESAC-SR-277-2022 (Seasonal Landslide Inventory for NER - 2021),NESAC-SR-277-2022 (Seasonal Landslide Inventory for NER - 2021),1_DAYS_DIFF,234.14_KM,LOW,FALSE,DIFFERENT_EVENT,PROXIMAL_INDEPENDENT_EVENT,PROXIMAL_INDEPENDENT_EVENT: Independent slope occurrences separated by 234.1 km and 1 days. Roads: 'NH 13' vs 'Imphal-Tamenglong Road'.
NEI-2021-AR-001,NEI-2021-SK-017,NESAC-SR-277-2022 (Seasonal Landslide Inventory for NER - 2021),NESAC-SR-277-2022 (Seasonal Landslide Inventory for NER - 2021),1_DAYS_DIFF,467.28_KM,LOW,FALSE,DIFFERENT_EVENT,PROXIMAL_INDEPENDENT_EVENT,PROXIMAL_INDEPENDENT_EVENT: Independent slope occurrences separated by 467.3 km and 1 days. Roads: 'NH 13' vs ''.
NEI-2021-AR-002,NEI-2021-AR-003,NESAC-SR-277-2022 (Seasonal Landslide Inventory for NER - 2021),NESAC-SR-277-2022 (Seasonal Landslide Inventory for NER - 2021),EXACT_DATE,95.86_KM,LOW,FALSE,DIFFERENT_EVENT,PROXIMAL_INDEPENDENT_EVENT,PROXIMAL_INDEPENDENT_EVENT: Independent slope occurrences separated by 95.9 km and 0 days. Roads: 'Yingkiong Road' vs 'NH 13'.
NEI-2021-AR-002,NEI-2021-AR-004,NESAC-SR-277-2022 (Seasonal Landslide Inventory for NER - 2021),NESAC-SR-277-2022 (Seasonal Landslide Inventory for NER - 2021),EXACT_DATE,118.50_KM,LOW,FALSE,DIFFERENT_EVENT,PROXIMAL_INDEPENDENT_EVENT,PROXIMAL_INDEPENDENT_EVENT: Independent slope occurrences separated by 118.5 km and 0 days. Roads: 'Yingkiong Road' vs 'NH 13'.
NEI-2021-AR-002,NEI-2021-AR-006,NESAC-SR-277-2022 (Seasonal Landslide Inventory for NER - 2021),NESAC-SR-277-2022 (Seasonal Landslide Inventory for NER - 2021),57_DAYS_DIFF,13.28_KM,MODERATE,FALSE,DIFFERENT_EVENT,PROXIMAL_INDEPENDENT_EVENT,PROXIMAL_INDEPENDENT_EVENT: Independent slope occurrences separated by 13.3 km and 57 days. Roads: 'Yingkiong Road' vs ''.
NEI-2021-AR-003,NEI-2021-AR-004,NESAC-SR-277-2022 (Seasonal Landslide Inventory for NER - 2021),NESAC-SR-277-2022 (Seasonal Landslide Inventory for NER - 2021),EXACT_DATE,66.08_KM,LOW,FALSE,DIFFERENT_EVENT,PROXIMAL_INDEPENDENT_EVENT,PROXIMAL_INDEPENDENT_EVENT: Independent slope occurrences separated by 66.1 km and 0 days. Roads: 'NH 13' vs 'NH 13'.
NEI-2021-AR-003,NEI-2021-AR-005,NESAC-SR-277-2022 (Seasonal Landslide Inventory for NER - 2021),NESAC-SR-277-2022 (Seasonal Landslide Inventory for NER - 2021),47_DAYS_DIFF,9.81_KM,MODERATE,FALSE,DIFFERENT_EVENT,PROXIMAL_INDEPENDENT_EVENT,PROXIMAL_INDEPENDENT_EVENT: Independent slope occurrences separated by 9.8 km and 47 days. Roads: 'NH 13' vs ''.
NEI-2021-AR-003,NEI-2021-AR-012,NESAC-SR-277-2022 (Seasonal Landslide Inventory for NER - 2021),NESAC-SR-277-2022 (Seasonal Landslide Inventory for NER - 2021),44_DAYS_DIFF,11.02_KM,LOW,FALSE,DIFFERENT_EVENT,PROXIMAL_INDEPENDENT_EVENT,PROXIMAL_INDEPENDENT_EVENT: Independent slope occurrences separated by 11.0 km and 44 days. Roads: 'NH 13' vs 'NH 52'.
NEI-2021-AR-003,NEI-2021-AR-015,NESAC-SR-277-2022 (Seasonal Landslide Inventory for NER - 2021),NESAC-SR-277-2022 (Seasonal Landslide Inventory for NER - 2021),47_DAYS_DIFF,29.99_KM,MODERATE,FALSE,DIFFERENT_EVENT,PROXIMAL_INDEPENDENT_EVENT,PROXIMAL_INDEPENDENT_EVENT: Independent slope occurrences separated by 30.0 km and 47 days. Roads: 'NH 13' vs ''.
NEI-2021-AR-004,NEI-2021-AR-007,NESAC-SR-277-2022 (Seasonal Landslide Inventory for NER - 2021),NESAC-SR-277-2022 (Seasonal Landslide Inventory for NER - 2021),36_DAYS_DIFF,32.07_KM,LOW,FALSE,DIFFERENT_EVENT,PROXIMAL_INDEPENDENT_EVENT,PROXIMAL_INDEPENDENT_EVENT: Independent slope occurrences separated by 32.1 km and 36 days. Roads: 'NH 13' vs 'Trans Arunachal Highway'.
NEI-2021-AR-004,NEI-2021-AR-013,NESAC-SR-277-2022 (Seasonal Landslide Inventory for NER - 2021),NESAC-SR-277-2022 (Seasonal Landslide Inventory for NER - 2021),44_DAYS_DIFF,1.54_KM,MODERATE,FALSE,DIFFERENT_EVENT,PROXIMAL_INDEPENDENT_EVENT,PROXIMAL_INDEPENDENT_EVENT: Independent slope occurrences separated by 1.5 km and 44 days. Roads: 'NH 13' vs 'NH 52'.
NEI-2021-AR-005,NEI-2021-AR-012,NESAC-SR-277-2022 (Seasonal Landslide Inventory for NER - 2021),NESAC-SR-277-2022 (Seasonal Landslide Inventory for NER - 2021),3_DAYS_DIFF,8.60_KM,LOW,FALSE,DIFFERENT_EVENT,PROXIMAL_INDEPENDENT_EVENT,PROXIMAL_INDEPENDENT_EVENT: Independent slope occurrences separated by 8.6 km and 3 days. Roads: '' vs 'NH 52'.
NEI-2021-AR-005,NEI-2021-AR-015,NESAC-SR-277-2022 (Seasonal Landslide Inventory for NER - 2021),NESAC-SR-277-2022 (Seasonal Landslide Inventory for NER - 2021),EXACT_DATE,20.21_KM,MODERATE,FALSE,DIFFERENT_EVENT,MULTI_SLOPE_CORRIDOR_CLUSTER,MULTI_SLOPE_CORRIDOR_CLUSTER: Distinct slope failures triggered on same date along corridor (20.2 km apart; Loc A: 'Rotlung Village at Kebang' vs Loc B: 'Sangam Bridge Collapse Pangin near'). Roads: '' vs ''.
NEI-2021-AR-006,NEI-2021-AS-001,NESAC-SR-277-2022 (Seasonal Landslide Inventory for NER - 2021),NESAC-SR-277-2022 (Seasonal Landslide Inventory for NER - 2021),1_DAYS_DIFF,437.47_KM,LOW,FALSE,DIFFERENT_EVENT,PROXIMAL_INDEPENDENT_EVENT,PROXIMAL_INDEPENDENT_EVENT: Independent slope occurrences separated by 437.5 km and 1 days. Roads: '' vs ''.
NEI-2021-AR-006,NEI-2021-MN-009,NESAC-SR-277-2022 (Seasonal Landslide Inventory for NER - 2021),NESAC-SR-277-2022 (Seasonal Landslide Inventory for NER - 2021),1_DAYS_DIFF,430.17_KM,LOW,FALSE,DIFFERENT_EVENT,PROXIMAL_INDEPENDENT_EVENT,PROXIMAL_INDEPENDENT_EVENT: Independent slope occurrences separated by 430.2 km and 1 days. Roads: '' vs ''.
NEI-2021-AR-006,NEI-2021-SK-008,NESAC-SR-277-2022 (Seasonal Landslide Inventory for NER - 2021),NESAC-SR-277-2022 (Seasonal Landslide Inventory for NER - 2021),1_DAYS_DIFF,658.73_KM,LOW,FALSE,DIFFERENT_EVENT,PROXIMAL_INDEPENDENT_EVENT,PROXIMAL_INDEPENDENT_EVENT: Independent slope occurrences separated by 658.7 km and 1 days. Roads: '' vs ''.
NEI-2021-AR-007,NEI-2021-AR-013,NESAC-SR-277-2022 (Seasonal Landslide Inventory for NER - 2021),NESAC-SR-277-2022 (Seasonal Landslide Inventory for NER - 2021),8_DAYS_DIFF,30.63_KM,LOW,FALSE,DIFFERENT_EVENT,PROXIMAL_INDEPENDENT_EVENT,PROXIMAL_INDEPENDENT_EVENT: Independent slope occurrences separated by 30.6 km and 8 days. Roads: 'Trans Arunachal Highway' vs 'NH 52'.
NEI-2021-AR-007,NEI-2021-AR-016,NESAC-SR-277-2022 (Seasonal Landslide Inventory for NER - 2021),NESAC-SR-277-2022 (Seasonal Landslide Inventory for NER - 2021),63_DAYS_DIFF,43.17_KM,LOW,FALSE,DIFFERENT_EVENT,PROXIMAL_INDEPENDENT_EVENT,PROXIMAL_INDEPENDENT_EVENT: Independent slope occurrences separated by 43.2 km and 63 days. Roads: 'Trans Arunachal Highway' vs ''.
NEI-2021-AR-008,NEI-2021-AR-010,NESAC-SR-277-2022 (Seasonal Landslide Inventory for NER - 2021),NESAC-SR-277-2022 (Seasonal Landslide Inventory for NER - 2021),11_DAYS_DIFF,13.82_KM,MODERATE,FALSE,DIFFERENT_EVENT,PROXIMAL_INDEPENDENT_EVENT,PROXIMAL_INDEPENDENT_EVENT: Independent slope occurrences separated by 13.8 km and 11 days. Roads: 'BCT Road' vs 'BCT Road'.
NEI-2021-AR-008,NEI-2021-AR-014,NESAC-SR-277-2022 (Seasonal Landslide Inventory for NER - 2021),NESAC-SR-277-2022 (Seasonal Landslide Inventory for NER - 2021),38_DAYS_DIFF,20.46_KM,MODERATE,FALSE,DIFFERENT_EVENT,PROXIMAL_INDEPENDENT_EVENT,PROXIMAL_INDEPENDENT_EVENT: Independent slope occurrences separated by 20.5 km and 38 days. Roads: 'BCT Road' vs ''.
NEI-2021-AR-008,NEI-2021-AR-017,NESAC-SR-277-2022 (Seasonal Landslide Inventory for NER - 2021),NESAC-SR-277-2022 (Seasonal Landslide Inventory for NER - 2021),107_DAYS_DIFF,27.78_KM,MODERATE,FALSE,DIFFERENT_EVENT,PROXIMAL_INDEPENDENT_EVENT,PROXIMAL_INDEPENDENT_EVENT: Independent slope occurrences separated by 27.8 km and 107 days. Roads: 'BCT Road' vs ''.
NEI-2021-AR-008,NEI-2021-MN-001,NESAC-SR-277-2022 (Seasonal Landslide Inventory for NER - 2021),NESAC-SR-277-2022 (Seasonal Landslide Inventory for NER - 2021),1_DAYS_DIFF,272.02_KM,LOW,FALSE,DIFFERENT_EVENT,PROXIMAL_INDEPENDENT_EVENT,PROXIMAL_INDEPENDENT_EVENT: Independent slope occurrences separated by 272.0 km and 1 days. Roads: 'BCT Road' vs ''.
NEI-2021-AR-008,NEI-2021-MN-006,NESAC-SR-277-2022 (Seasonal Landslide Inventory for NER - 2021),NESAC-SR-277-2022 (Seasonal Landslide Inventory for NER - 2021),2_DAYS_DIFF,270.98_KM,LOW,FALSE,DIFFERENT_EVENT,PROXIMAL_INDEPENDENT_EVENT,PROXIMAL_INDEPENDENT_EVENT: Independent slope occurrences separated by 271.0 km and 2 days. Roads: 'BCT Road' vs 'Imphal-Tamenglong Road'.
NEI-2021-AR-009,NEI-2021-SK-016,NESAC-SR-277-2022 (Seasonal Landslide Inventory for NER - 2021),NESAC-SR-277-2022 (Seasonal Landslide Inventory for NER - 2021),1_DAYS_DIFF,496.27_KM,LOW,FALSE,DIFFERENT_EVENT,PROXIMAL_INDEPENDENT_EVENT,PROXIMAL_INDEPENDENT_EVENT: Independent slope occurrences separated by 496.3 km and 1 days. Roads: 'NH 415' vs ''.
NEI-2021-AR-010,NEI-2021-AR-014,NESAC-SR-277-2022 (Seasonal Landslide Inventory for NER - 2021),NESAC-SR-277-2022 (Seasonal Landslide Inventory for NER - 2021),27_DAYS_DIFF,17.55_KM,MODERATE,FALSE,DIFFERENT_EVENT,PROXIMAL_INDEPENDENT_EVENT,PROXIMAL_INDEPENDENT_EVENT: Independent slope occurrences separated by 17.5 km and 27 days. Roads: 'BCT Road' vs ''.
NEI-2021-AR-010,NEI-2021-AR-017,NESAC-SR-277-2022 (Seasonal Landslide Inventory for NER - 2021),NESAC-SR-277-2022 (Seasonal Landslide Inventory for NER - 2021),118_DAYS_DIFF,14.35_KM,MODERATE,FALSE,DIFFERENT_EVENT,PROXIMAL_INDEPENDENT_EVENT,PROXIMAL_INDEPENDENT_EVENT: Independent slope occurrences separated by 14.3 km and 118 days. Roads: 'BCT Road' vs ''.
NEI-2021-AR-011,NEI-2021-MN-005,NESAC-SR-277-2022 (Seasonal Landslide Inventory for NER - 2021),NESAC-SR-277-2022 (Seasonal Landslide Inventory for NER - 2021),2_DAYS_DIFF,273.92_KM,LOW,FALSE,DIFFERENT_EVENT,PROXIMAL_INDEPENDENT_EVENT,PROXIMAL_INDEPENDENT_EVENT: Independent slope occurrences separated by 273.9 km and 2 days. Roads: '' vs 'Imphal-Tamenglong Road'.
NEI-2021-AR-012,NEI-2021-AR-013,NESAC-SR-277-2022 (Seasonal Landslide Inventory for NER - 2021),NESAC-SR-277-2022 (Seasonal Landslide Inventory for NER - 2021),EXACT_DATE,69.21_KM,LOW,FALSE,DIFFERENT_EVENT,PROXIMAL_INDEPENDENT_EVENT,PROXIMAL_INDEPENDENT_EVENT: Independent slope occurrences separated by 69.2 km and 0 days. Roads: 'NH 52' vs 'NH 52'.
NEI-2021-AR-012,NEI-2021-AR-015,NESAC-SR-277-2022 (Seasonal Landslide Inventory for NER - 2021),NESAC-SR-277-2022 (Seasonal Landslide Inventory for NER - 2021),3_DAYS_DIFF,23.49_KM,LOW,FALSE,DIFFERENT_EVENT,PROXIMAL_INDEPENDENT_EVENT,PROXIMAL_INDEPENDENT_EVENT: Independent slope occurrences separated by 23.5 km and 3 days. Roads: 'NH 52' vs ''.
NEI-2021-AR-012,NEI-2021-ML-002,NESAC-SR-277-2022 (Seasonal Landslide Inventory for NER - 2021),NESAC-SR-277-2022 (Seasonal Landslide Inventory for NER - 2021),EXACT_DATE,582.31_KM,LOW,FALSE,DIFFERENT_EVENT,PROXIMAL_INDEPENDENT_EVENT,PROXIMAL_INDEPENDENT_EVENT: Independent slope occurrences separated by 582.3 km and 0 days. Roads: 'NH 52' vs 'NH 51'.
NEI-2021-AR-012,NEI-2021-ML-004,NESAC-SR-277-2022 (Seasonal Landslide Inventory for NER - 2021),NESAC-SR-277-2022 (Seasonal Landslide Inventory for NER - 2021),EXACT_DATE,550.79_KM,LOW,FALSE,DIFFERENT_EVENT,PROXIMAL_INDEPENDENT_EVENT,PROXIMAL_INDEPENDENT_EVENT: Independent slope occurrences separated by 550.8 km and 0 days. Roads: 'NH 52' vs ''.
NEI-2021-AR-013,NEI-2021-ML-002,NESAC-SR-277-2022 (Seasonal Landslide Inventory for NER - 2021),NESAC-SR-277-2022 (Seasonal Landslide Inventory for NER - 2021),EXACT_DATE,514.83_KM,LOW,FALSE,DIFFERENT_EVENT,PROXIMAL_INDEPENDENT_EVENT,PROXIMAL_INDEPENDENT_EVENT: Independent slope occurrences separated by 514.8 km and 0 days. Roads: 'NH 52' vs 'NH 51'.
NEI-2021-AR-013,NEI-2021-ML-004,NESAC-SR-277-2022 (Seasonal Landslide Inventory for NER - 2021),NESAC-SR-277-2022 (Seasonal Landslide Inventory for NER - 2021),EXACT_DATE,481.97_KM,LOW,FALSE,DIFFERENT_EVENT,PROXIMAL_INDEPENDENT_EVENT,PROXIMAL_INDEPENDENT_EVENT: Independent slope occurrences separated by 482.0 km and 0 days. Roads: 'NH 52' vs ''.
NEI-2021-AR-014,NEI-2021-AR-017,NESAC-SR-277-2022 (Seasonal Landslide Inventory for NER - 2021),NESAC-SR-277-2022 (Seasonal Landslide Inventory for NER - 2021),145_DAYS_DIFF,27.49_KM,MODERATE,FALSE,DIFFERENT_EVENT,PROXIMAL_INDEPENDENT_EVENT,PROXIMAL_INDEPENDENT_EVENT: Independent slope occurrences separated by 27.5 km and 145 days. Roads: '' vs ''.
NEI-2021-AR-016,NEI-2021-NL-015,NESAC-SR-277-2022 (Seasonal Landslide Inventory for NER - 2021),NESAC-SR-277-2022 (Seasonal Landslide Inventory for NER - 2021),EXACT_DATE,193.64_KM,LOW,FALSE,DIFFERENT_EVENT,PROXIMAL_INDEPENDENT_EVENT,PROXIMAL_INDEPENDENT_EVENT: Independent slope occurrences separated by 193.6 km and 0 days. Roads: '' vs ''.
NEI-2021-AS-001,NEI-2021-AS-003,NESAC-SR-277-2022 (Seasonal Landslide Inventory for NER - 2021),NESAC-SR-277-2022 (Seasonal Landslide Inventory for NER - 2021),124_DAYS_DIFF,0.94_KM,HIGH,FALSE,DIFFERENT_EVENT,PROXIMAL_INDEPENDENT_EVENT,PROXIMAL_INDEPENDENT_EVENT: Independent slope occurrences separated by 0.9 km and 124 days. Roads: '' vs ''.
NEI-2021-AS-001,NEI-2021-AS-004,NESAC-SR-277-2022 (Seasonal Landslide Inventory for NER - 2021),NESAC-SR-277-2022 (Seasonal Landslide Inventory for NER - 2021),49_DAYS_DIFF,11.61_KM,MODERATE,FALSE,DIFFERENT_EVENT,PROXIMAL_INDEPENDENT_EVENT,PROXIMAL_INDEPENDENT_EVENT: Independent slope occurrences separated by 11.6 km and 49 days. Roads: '' vs ''.
NEI-2021-AS-001,NEI-2021-MN-009,NESAC-SR-277-2022 (Seasonal Landslide Inventory for NER - 2021),NESAC-SR-277-2022 (Seasonal Landslide Inventory for NER - 2021),2_DAYS_DIFF,292.40_KM,LOW,FALSE,DIFFERENT_EVENT,PROXIMAL_INDEPENDENT_EVENT,PROXIMAL_INDEPENDENT_EVENT: Independent slope occurrences separated by 292.4 km and 2 days. Roads: '' vs ''.
NEI-2021-AS-001,NEI-2021-SK-008,NESAC-SR-277-2022 (Seasonal Landslide Inventory for NER - 2021),NESAC-SR-277-2022 (Seasonal Landslide Inventory for NER - 2021),EXACT_DATE,337.24_KM,LOW,FALSE,DIFFERENT_EVENT,PROXIMAL_INDEPENDENT_EVENT,PROXIMAL_INDEPENDENT_EVENT: Independent slope occurrences separated by 337.2 km and 0 days. Roads: '' vs ''.
NEI-2021-AS-002,NEI-2021-MZ-001,NESAC-SR-277-2022 (Seasonal Landslide Inventory for NER - 2021),NESAC-SR-277-2022 (Seasonal Landslide Inventory for NER - 2021),1_DAYS_DIFF,495.48_KM,LOW,FALSE,DIFFERENT_EVENT,PROXIMAL_INDEPENDENT_EVENT,PROXIMAL_INDEPENDENT_EVENT: Independent slope occurrences separated by 495.5 km and 1 days. Roads: 'NH 39' vs ''.
NEI-2021-AS-002,NEI-2021-SK-001,NESAC-SR-277-2022 (Seasonal Landslide Inventory for NER - 2021),NESAC-SR-277-2022 (Seasonal Landslide Inventory for NER - 2021),1_DAYS_DIFF,452.04_KM,LOW,FALSE,DIFFERENT_EVENT,PROXIMAL_INDEPENDENT_EVENT,PROXIMAL_INDEPENDENT_EVENT: Independent slope occurrences separated by 452.0 km and 1 days. Roads: 'NH 39' vs 'Pakyong to Assam Lingsey Road'.
NEI-2021-AS-002,NEI-2021-SK-002,NESAC-SR-277-2022 (Seasonal Landslide Inventory for NER - 2021),NESAC-SR-277-2022 (Seasonal Landslide Inventory for NER - 2021),1_DAYS_DIFF,496.17_KM,LOW,FALSE,DIFFERENT_EVENT,PROXIMAL_INDEPENDENT_EVENT,PROXIMAL_INDEPENDENT_EVENT: Independent slope occurrences separated by 496.2 km and 1 days. Roads: 'NH 39' vs 'Soreng Sombaria Road'.
NEI-2021-AS-002,NEI-2021-SK-015,NESAC-SR-277-2022 (Seasonal Landslide Inventory for NER - 2021),NESAC-SR-277-2022 (Seasonal Landslide Inventory for NER - 2021),2_DAYS_DIFF,481.70_KM,LOW,FALSE,DIFFERENT_EVENT,PROXIMAL_INDEPENDENT_EVENT,PROXIMAL_INDEPENDENT_EVENT: Independent slope occurrences separated by 481.7 km and 2 days. Roads: 'NH 39' vs 'Joerthang Legship Road -'.
NEI-2021-AS-002,NEI-2021-TR-001,NESAC-SR-277-2022 (Seasonal Landslide Inventory for NER - 2021),NESAC-SR-277-2022 (Seasonal Landslide Inventory for NER - 2021),1_DAYS_DIFF,404.97_KM,LOW,FALSE,DIFFERENT_EVENT,PROXIMAL_INDEPENDENT_EVENT,PROXIMAL_INDEPENDENT_EVENT: Independent slope occurrences separated by 405.0 km and 1 days. Roads: 'NH 39' vs ''.
NEI-2021-AS-002,NEI-2021-TR-002,NESAC-SR-277-2022 (Seasonal Landslide Inventory for NER - 2021),NESAC-SR-277-2022 (Seasonal Landslide Inventory for NER - 2021),1_DAYS_DIFF,406.27_KM,LOW,FALSE,DIFFERENT_EVENT,PROXIMAL_INDEPENDENT_EVENT,PROXIMAL_INDEPENDENT_EVENT: Independent slope occurrences separated by 406.3 km and 1 days. Roads: 'NH 39' vs ''.
NEI-2021-AS-003,NEI-2021-AS-004,NESAC-SR-277-2022 (Seasonal Landslide Inventory for NER - 2021),NESAC-SR-277-2022 (Seasonal Landslide Inventory for NER - 2021),75_DAYS_DIFF,12.14_KM,MODERATE,FALSE,DIFFERENT_EVENT,PROXIMAL_INDEPENDENT_EVENT,PROXIMAL_INDEPENDENT_EVENT: Independent slope occurrences separated by 12.1 km and 75 days. Roads: '' vs ''.
NEI-2021-AS-003,NEI-2021-SK-007,NESAC-SR-277-2022 (Seasonal Landslide Inventory for NER - 2021),NESAC-SR-277-2022 (Seasonal Landslide Inventory for NER - 2021),EXACT_DATE,331.73_KM,LOW,FALSE,DIFFERENT_EVENT,PROXIMAL_INDEPENDENT_EVENT,PROXIMAL_INDEPENDENT_EVENT: Independent slope occurrences separated by 331.7 km and 0 days. Roads: '' vs ''.
NEI-2021-AS-004,NEI-2021-NL-003,NESAC-SR-277-2022 (Seasonal Landslide Inventory for NER - 2021),NESAC-SR-277-2022 (Seasonal Landslide Inventory for NER - 2021),EXACT_DATE,244.10_KM,LOW,FALSE,DIFFERENT_EVENT,PROXIMAL_INDEPENDENT_EVENT,PROXIMAL_INDEPENDENT_EVENT: Independent slope occurrences separated by 244.1 km and 0 days. Roads: '' vs ''.
NEI-2021-AS-004,NEI-2021-NL-006,NESAC-SR-277-2022 (Seasonal Landslide Inventory for NER - 2021),NESAC-SR-277-2022 (Seasonal Landslide Inventory for NER - 2021),EXACT_DATE,244.05_KM,LOW,FALSE,DIFFERENT_EVENT,PROXIMAL_INDEPENDENT_EVENT,PROXIMAL_INDEPENDENT_EVENT: Independent slope occurrences separated by 244.1 km and 0 days. Roads: '' vs ''.
NEI-2021-AS-004,NEI-2021-NL-007,NESAC-SR-277-2022 (Seasonal Landslide Inventory for NER - 2021),NESAC-SR-277-2022 (Seasonal Landslide Inventory for NER - 2021),EXACT_DATE,243.34_KM,LOW,FALSE,DIFFERENT_EVENT,PROXIMAL_INDEPENDENT_EVENT,PROXIMAL_INDEPENDENT_EVENT: Independent slope occurrences separated by 243.3 km and 0 days. Roads: '' vs ''.
NEI-2021-AS-004,NEI-2021-NL-008,NESAC-SR-277-2022 (Seasonal Landslide Inventory for NER - 2021),NESAC-SR-277-2022 (Seasonal Landslide Inventory for NER - 2021),1_DAYS_DIFF,240.70_KM,LOW,FALSE,DIFFERENT_EVENT,PROXIMAL_INDEPENDENT_EVENT,PROXIMAL_INDEPENDENT_EVENT: Independent slope occurrences separated by 240.7 km and 1 days. Roads: '' vs ''.
NEI-2021-AS-004,NEI-2021-SK-010,NESAC-SR-277-2022 (Seasonal Landslide Inventory for NER - 2021),NESAC-SR-277-2022 (Seasonal Landslide Inventory for NER - 2021),2_DAYS_DIFF,341.85_KM,LOW,FALSE,DIFFERENT_EVENT,PROXIMAL_INDEPENDENT_EVENT,PROXIMAL_INDEPENDENT_EVENT: Independent slope occurrences separated by 341.9 km and 2 days. Roads: '' vs 'La turning-Basilakha Road'.
NEI-2021-MN-001,NEI-2021-MN-002,NESAC-SR-277-2022 (Seasonal Landslide Inventory for NER - 2021),NESAC-SR-277-2022 (Seasonal Landslide Inventory for NER - 2021),57_DAYS_DIFF,4.60_KM,LOW,FALSE,DIFFERENT_EVENT,PROXIMAL_INDEPENDENT_EVENT,PROXIMAL_INDEPENDENT_EVENT: Independent slope occurrences separated by 4.6 km and 57 days. Roads: '' vs 'Imphal-Tamenglong Road'.
NEI-2021-MN-001,NEI-2021-MN-005,NESAC-SR-277-2022 (Seasonal Landslide Inventory for NER - 2021),NESAC-SR-277-2022 (Seasonal Landslide Inventory for NER - 2021),18_DAYS_DIFF,15.75_KM,LOW,FALSE,DIFFERENT_EVENT,PROXIMAL_INDEPENDENT_EVENT,PROXIMAL_INDEPENDENT_EVENT: Independent slope occurrences separated by 15.7 km and 18 days. Roads: '' vs 'Imphal-Tamenglong Road'.
NEI-2021-MN-001,NEI-2021-MN-006,NESAC-SR-277-2022 (Seasonal Landslide Inventory for NER - 2021),NESAC-SR-277-2022 (Seasonal Landslide Inventory for NER - 2021),1_DAYS_DIFF,15.75_KM,LOW,FALSE,DIFFERENT_EVENT,PROXIMAL_INDEPENDENT_EVENT,PROXIMAL_INDEPENDENT_EVENT: Independent slope occurrences separated by 15.7 km and 1 days. Roads: '' vs 'Imphal-Tamenglong Road'.
NEI-2021-MN-002,NEI-2021-MN-005,NESAC-SR-277-2022 (Seasonal Landslide Inventory for NER - 2021),NESAC-SR-277-2022 (Seasonal Landslide Inventory for NER - 2021),39_DAYS_DIFF,20.29_KM,MODERATE,FALSE,DIFFERENT_EVENT,PROXIMAL_INDEPENDENT_EVENT,PROXIMAL_INDEPENDENT_EVENT: Independent slope occurrences separated by 20.3 km and 39 days. Roads: 'Imphal-Tamenglong Road' vs 'Imphal-Tamenglong Road'.
NEI-2021-MN-002,NEI-2021-MN-006,NESAC-SR-277-2022 (Seasonal Landslide Inventory for NER - 2021),NESAC-SR-277-2022 (Seasonal Landslide Inventory for NER - 2021),56_DAYS_DIFF,20.29_KM,MODERATE,FALSE,DIFFERENT_EVENT,PROXIMAL_INDEPENDENT_EVENT,PROXIMAL_INDEPENDENT_EVENT: Independent slope occurrences separated by 20.3 km and 56 days. Roads: 'Imphal-Tamenglong Road' vs 'Imphal-Tamenglong Road'.
NEI-2021-MN-002,NEI-2021-ML-003,NESAC-SR-277-2022 (Seasonal Landslide Inventory for NER - 2021),NESAC-SR-277-2022 (Seasonal Landslide Inventory for NER - 2021),EXACT_DATE,151.57_KM,LOW,FALSE,DIFFERENT_EVENT,PROXIMAL_INDEPENDENT_EVENT,PROXIMAL_INDEPENDENT_EVENT: Independent slope occurrences separated by 151.6 km and 0 days. Roads: 'Imphal-Tamenglong Road' vs 'NH 06'.
NEI-2021-MN-002,NEI-2021-NL-012,NESAC-SR-277-2022 (Seasonal Landslide Inventory for NER - 2021),NESAC-SR-277-2022 (Seasonal Landslide Inventory for NER - 2021),2_DAYS_DIFF,72.36_KM,LOW,FALSE,DIFFERENT_EVENT,PROXIMAL_INDEPENDENT_EVENT,PROXIMAL_INDEPENDENT_EVENT: Independent slope occurrences separated by 72.4 km and 2 days. Roads: 'Imphal-Tamenglong Road' vs 'Pfutsero-Khomi-Phek'.
NEI-2021-MN-002,NEI-2021-NL-013,NESAC-SR-277-2022 (Seasonal Landslide Inventory for NER - 2021),NESAC-SR-277-2022 (Seasonal Landslide Inventory for NER - 2021),2_DAYS_DIFF,76.63_KM,LOW,FALSE,DIFFERENT_EVENT,PROXIMAL_INDEPENDENT_EVENT,PROXIMAL_INDEPENDENT_EVENT: Independent slope occurrences separated by 76.6 km and 2 days. Roads: 'Imphal-Tamenglong Road' vs 'Pfutsero-Lanye'.
NEI-2021-MN-002,NEI-2021-SK-011,NESAC-SR-277-2022 (Seasonal Landslide Inventory for NER - 2021),NESAC-SR-277-2022 (Seasonal Landslide Inventory for NER - 2021),2_DAYS_DIFF,585.05_KM,LOW,FALSE,DIFFERENT_EVENT,PROXIMAL_INDEPENDENT_EVENT,PROXIMAL_INDEPENDENT_EVENT: Independent slope occurrences separated by 585.0 km and 2 days. Roads: 'Imphal-Tamenglong Road' vs ''.
NEI-2021-MN-002,NEI-2021-SK-013,NESAC-SR-277-2022 (Seasonal Landslide Inventory for NER - 2021),NESAC-SR-277-2022 (Seasonal Landslide Inventory for NER - 2021),2_DAYS_DIFF,572.84_KM,LOW,FALSE,DIFFERENT_EVENT,PROXIMAL_INDEPENDENT_EVENT,PROXIMAL_INDEPENDENT_EVENT: Independent slope occurrences separated by 572.8 km and 2 days. Roads: 'Imphal-Tamenglong Road' vs 'NH 10'.
NEI-2021-MN-003,NEI-2021-MN-004,NESAC-SR-277-2022 (Seasonal Landslide Inventory for NER - 2021),NESAC-SR-277-2022 (Seasonal Landslide Inventory for NER - 2021),4_DAYS_DIFF,36.23_KM,LOW,FALSE,DIFFERENT_EVENT,PROXIMAL_INDEPENDENT_EVENT,PROXIMAL_INDEPENDENT_EVENT: Independent slope occurrences separated by 36.2 km and 4 days. Roads: 'Heng ep to Churachandpur road' vs 'NH 37'.
NEI-2021-MN-003,NEI-2021-MN-008,NESAC-SR-277-2022 (Seasonal Landslide Inventory for NER - 2021),NESAC-SR-277-2022 (Seasonal Landslide Inventory for NER - 2021),32_DAYS_DIFF,35.68_KM,LOW,FALSE,DIFFERENT_EVENT,PROXIMAL_INDEPENDENT_EVENT,PROXIMAL_INDEPENDENT_EVENT: Independent slope occurrences separated by 35.7 km and 32 days. Roads: 'Heng ep to Churachandpur road' vs ''.
NEI-2021-MN-003,NEI-2021-MN-010,NESAC-SR-277-2022 (Seasonal Landslide Inventory for NER - 2021),NESAC-SR-277-2022 (Seasonal Landslide Inventory for NER - 2021),32_DAYS_DIFF,34.34_KM,LOW,FALSE,DIFFERENT_EVENT,PROXIMAL_INDEPENDENT_EVENT,PROXIMAL_INDEPENDENT_EVENT: Independent slope occurrences separated by 34.3 km and 32 days. Roads: 'Heng ep to Churachandpur road' vs 'Imphal-Jiribam Road (NH-37)'.
NEI-2021-MN-004,NEI-2021-MN-005,NESAC-SR-277-2022 (Seasonal Landslide Inventory for NER - 2021),NESAC-SR-277-2022 (Seasonal Landslide Inventory for NER - 2021),53_DAYS_DIFF,38.78_KM,MODERATE,FALSE,DIFFERENT_EVENT,PROXIMAL_INDEPENDENT_EVENT,PROXIMAL_INDEPENDENT_EVENT: Independent slope occurrences separated by 38.8 km and 53 days. Roads: 'NH 37' vs 'Imphal-Tamenglong Road'.
NEI-2021-MN-004,NEI-2021-MN-006,NESAC-SR-277-2022 (Seasonal Landslide Inventory for NER - 2021),NESAC-SR-277-2022 (Seasonal Landslide Inventory for NER - 2021),70_DAYS_DIFF,38.78_KM,MODERATE,FALSE,DIFFERENT_EVENT,PROXIMAL_INDEPENDENT_EVENT,PROXIMAL_INDEPENDENT_EVENT: Independent slope occurrences separated by 38.8 km and 70 days. Roads: 'NH 37' vs 'Imphal-Tamenglong Road'.
NEI-2021-MN-004,NEI-2021-MN-008,NESAC-SR-277-2022 (Seasonal Landslide Inventory for NER - 2021),NESAC-SR-277-2022 (Seasonal Landslide Inventory for NER - 2021),28_DAYS_DIFF,12.24_KM,MODERATE,FALSE,DIFFERENT_EVENT,PROXIMAL_INDEPENDENT_EVENT,PROXIMAL_INDEPENDENT_EVENT: Independent slope occurrences separated by 12.2 km and 28 days. Roads: 'NH 37' vs ''.
NEI-2021-MN-004,NEI-2021-MN-010,NESAC-SR-277-2022 (Seasonal Landslide Inventory for NER - 2021),NESAC-SR-277-2022 (Seasonal Landslide Inventory for NER - 2021),28_DAYS_DIFF,23.99_KM,MODERATE,FALSE,DIFFERENT_EVENT,PROXIMAL_INDEPENDENT_EVENT,PROXIMAL_INDEPENDENT_EVENT: Independent slope occurrences separated by 24.0 km and 28 days. Roads: 'NH 37' vs 'Imphal-Jiribam Road (NH-37)'.
NEI-2021-MN-004,NEI-2021-NL-010,NESAC-SR-277-2022 (Seasonal Landslide Inventory for NER - 2021),NESAC-SR-277-2022 (Seasonal Landslide Inventory for NER - 2021),1_DAYS_DIFF,167.23_KM,LOW,FALSE,DIFFERENT_EVENT,PROXIMAL_INDEPENDENT_EVENT,PROXIMAL_INDEPENDENT_EVENT: Independent slope occurrences separated by 167.2 km and 1 days. Roads: 'NH 37' vs ''.
NEI-2021-MN-005,NEI-2021-MN-006,NESAC-SR-277-2022 (Seasonal Landslide Inventory for NER - 2021),NESAC-SR-277-2022 (Seasonal Landslide Inventory for NER - 2021),17_DAYS_DIFF,0.00_KM,HIGH,FALSE,DIFFERENT_EVENT,TEMPORAL_REACTIVATION,TEMPORAL_REACTIVATION: Exact same slope location reactivated 17 days later (documented as separate occurrences in NESAC catalog). Roads: 'Imphal-Tamenglong Road' vs 'Imphal-Tamenglong Road'.
NEI-2021-MN-005,NEI-2021-MN-008,NESAC-SR-277-2022 (Seasonal Landslide Inventory for NER - 2021),NESAC-SR-277-2022 (Seasonal Landslide Inventory for NER - 2021),25_DAYS_DIFF,44.76_KM,MODERATE,FALSE,DIFFERENT_EVENT,PROXIMAL_INDEPENDENT_EVENT,PROXIMAL_INDEPENDENT_EVENT: Independent slope occurrences separated by 44.8 km and 25 days. Roads: 'Imphal-Tamenglong Road' vs ''.
NEI-2021-MN-006,NEI-2021-MN-008,NESAC-SR-277-2022 (Seasonal Landslide Inventory for NER - 2021),NESAC-SR-277-2022 (Seasonal Landslide Inventory for NER - 2021),42_DAYS_DIFF,44.76_KM,MODERATE,FALSE,DIFFERENT_EVENT,PROXIMAL_INDEPENDENT_EVENT,PROXIMAL_INDEPENDENT_EVENT: Independent slope occurrences separated by 44.8 km and 42 days. Roads: 'Imphal-Tamenglong Road' vs ''.
NEI-2021-MN-006,NEI-2021-SK-017,NESAC-SR-277-2022 (Seasonal Landslide Inventory for NER - 2021),NESAC-SR-277-2022 (Seasonal Landslide Inventory for NER - 2021),2_DAYS_DIFF,560.86_KM,LOW,FALSE,DIFFERENT_EVENT,PROXIMAL_INDEPENDENT_EVENT,PROXIMAL_INDEPENDENT_EVENT: Independent slope occurrences separated by 560.9 km and 2 days. Roads: 'Imphal-Tamenglong Road' vs ''.
NEI-2021-MN-007,NEI-2021-MN-011,NESAC-SR-277-2022 (Seasonal Landslide Inventory for NER - 2021),NESAC-SR-277-2022 (Seasonal Landslide Inventory for NER - 2021),75_DAYS_DIFF,42.86_KM,MODERATE,FALSE,DIFFERENT_EVENT,PROXIMAL_INDEPENDENT_EVENT,PROXIMAL_INDEPENDENT_EVENT: Independent slope occurrences separated by 42.9 km and 75 days. Roads: 'AH-I Moreh Road' vs ''.
NEI-2021-MN-008,NEI-2021-MN-010,NESAC-SR-277-2022 (Seasonal Landslide Inventory for NER - 2021),NESAC-SR-277-2022 (Seasonal Landslide Inventory for NER - 2021),EXACT_DATE,12.26_KM,MODERATE,FALSE,DIFFERENT_EVENT,MULTI_SLOPE_CORRIDOR_CLUSTER,"MULTI_SLOPE_CORRIDOR_CLUSTER: Distinct slope failures triggered on same date along corridor (12.3 km apart; Loc A: '8km towards Thingou, 15 km north from Nungba PS' vs Loc B: 'Sibilong Temple'). Roads: '' vs 'Imphal-Jiribam Road (NH-37)'."
NEI-2021-MN-008,NEI-2021-MZ-002,NESAC-SR-277-2022 (Seasonal Landslide Inventory for NER - 2021),NESAC-SR-277-2022 (Seasonal Landslide Inventory for NER - 2021),EXACT_DATE,232.69_KM,LOW,FALSE,DIFFERENT_EVENT,PROXIMAL_INDEPENDENT_EVENT,PROXIMAL_INDEPENDENT_EVENT: Independent slope occurrences separated by 232.7 km and 0 days. Roads: '' vs 'NH 54'.
NEI-2021-MN-008,NEI-2021-NL-004,NESAC-SR-277-2022 (Seasonal Landslide Inventory for NER - 2021),NESAC-SR-277-2022 (Seasonal Landslide Inventory for NER - 2021),1_DAYS_DIFF,190.81_KM,LOW,FALSE,DIFFERENT_EVENT,PROXIMAL_INDEPENDENT_EVENT,PROXIMAL_INDEPENDENT_EVENT: Independent slope occurrences separated by 190.8 km and 1 days. Roads: '' vs 'PWD Road connecting Tobu to ITC Pangsha'.
NEI-2021-MN-009,NEI-2021-SK-008,NESAC-SR-277-2022 (Seasonal Landslide Inventory for NER - 2021),NESAC-SR-277-2022 (Seasonal Landslide Inventory for NER - 2021),2_DAYS_DIFF,629.06_KM,LOW,FALSE,DIFFERENT_EVENT,PROXIMAL_INDEPENDENT_EVENT,PROXIMAL_INDEPENDENT_EVENT: Independent slope occurrences separated by 629.1 km and 2 days. Roads: '' vs ''.
NEI-2021-MN-010,NEI-2021-MZ-002,NESAC-SR-277-2022 (Seasonal Landslide Inventory for NER - 2021),NESAC-SR-277-2022 (Seasonal Landslide Inventory for NER - 2021),EXACT_DATE,224.43_KM,LOW,FALSE,DIFFERENT_EVENT,PROXIMAL_INDEPENDENT_EVENT,PROXIMAL_INDEPENDENT_EVENT: Independent slope occurrences separated by 224.4 km and 0 days. Roads: 'Imphal-Jiribam Road (NH-37)' vs 'NH 54'.
NEI-2021-MN-010,NEI-2021-NL-004,NESAC-SR-277-2022 (Seasonal Landslide Inventory for NER - 2021),NESAC-SR-277-2022 (Seasonal Landslide Inventory for NER - 2021),1_DAYS_DIFF,202.47_KM,LOW,FALSE,DIFFERENT_EVENT,PROXIMAL_INDEPENDENT_EVENT,PROXIMAL_INDEPENDENT_EVENT: Independent slope occurrences separated by 202.5 km and 1 days. Roads: 'Imphal-Jiribam Road (NH-37)' vs 'PWD Road connecting Tobu to ITC Pangsha'.
NEI-2021-MN-011,NEI-2021-MZ-004,NESAC-SR-277-2022 (Seasonal Landslide Inventory for NER - 2021),NESAC-SR-277-2022 (Seasonal Landslide Inventory for NER - 2021),EXACT_DATE,113.01_KM,LOW,FALSE,DIFFERENT_EVENT,PROXIMAL_INDEPENDENT_EVENT,PROXIMAL_INDEPENDENT_EVENT: Independent slope occurrences separated by 113.0 km and 0 days. Roads: '' vs ''.
NEI-2021-ML-002,NEI-2021-ML-004,NESAC-SR-277-2022 (Seasonal Landslide Inventory for NER - 2021),NESAC-SR-277-2022 (Seasonal Landslide Inventory for NER - 2021),EXACT_DATE,70.25_KM,LOW,FALSE,DIFFERENT_EVENT,PROXIMAL_INDEPENDENT_EVENT,PROXIMAL_INDEPENDENT_EVENT: Independent slope occurrences separated by 70.3 km and 0 days. Roads: 'NH 51' vs ''.
NEI-2021-ML-003,NEI-2021-NL-012,NESAC-SR-277-2022 (Seasonal Landslide Inventory for NER - 2021),NESAC-SR-277-2022 (Seasonal Landslide Inventory for NER - 2021),2_DAYS_DIFF,215.50_KM,LOW,FALSE,DIFFERENT_EVENT,PROXIMAL_INDEPENDENT_EVENT,PROXIMAL_INDEPENDENT_EVENT: Independent slope occurrences separated by 215.5 km and 2 days. Roads: 'NH 06' vs 'Pfutsero-Khomi-Phek'.
NEI-2021-ML-003,NEI-2021-NL-013,NESAC-SR-277-2022 (Seasonal Landslide Inventory for NER - 2021),NESAC-SR-277-2022 (Seasonal Landslide Inventory for NER - 2021),2_DAYS_DIFF,217.06_KM,LOW,FALSE,DIFFERENT_EVENT,PROXIMAL_INDEPENDENT_EVENT,PROXIMAL_INDEPENDENT_EVENT: Independent slope occurrences separated by 217.1 km and 2 days. Roads: 'NH 06' vs 'Pfutsero-Lanye'.
NEI-2021-ML-003,NEI-2021-SK-011,NESAC-SR-277-2022 (Seasonal Landslide Inventory for NER - 2021),NESAC-SR-277-2022 (Seasonal Landslide Inventory for NER - 2021),2_DAYS_DIFF,462.44_KM,LOW,FALSE,DIFFERENT_EVENT,PROXIMAL_INDEPENDENT_EVENT,PROXIMAL_INDEPENDENT_EVENT: Independent slope occurrences separated by 462.4 km and 2 days. Roads: 'NH 06' vs ''.
NEI-2021-ML-003,NEI-2021-SK-013,NESAC-SR-277-2022 (Seasonal Landslide Inventory for NER - 2021),NESAC-SR-277-2022 (Seasonal Landslide Inventory for NER - 2021),2_DAYS_DIFF,442.88_KM,LOW,FALSE,DIFFERENT_EVENT,PROXIMAL_INDEPENDENT_EVENT,PROXIMAL_INDEPENDENT_EVENT: Independent slope occurrences separated by 442.9 km and 2 days. Roads: 'NH 06' vs 'NH 10'.
NEI-2021-MZ-001,NEI-2021-SK-001,NESAC-SR-277-2022 (Seasonal Landslide Inventory for NER - 2021),NESAC-SR-277-2022 (Seasonal Landslide Inventory for NER - 2021),2_DAYS_DIFF,706.71_KM,LOW,FALSE,DIFFERENT_EVENT,PROXIMAL_INDEPENDENT_EVENT,PROXIMAL_INDEPENDENT_EVENT: Independent slope occurrences separated by 706.7 km and 2 days. Roads: '' vs 'Pakyong to Assam Lingsey Road'.
NEI-2021-MZ-001,NEI-2021-SK-002,NESAC-SR-277-2022 (Seasonal Landslide Inventory for NER - 2021),NESAC-SR-277-2022 (Seasonal Landslide Inventory for NER - 2021),2_DAYS_DIFF,727.94_KM,LOW,FALSE,DIFFERENT_EVENT,PROXIMAL_INDEPENDENT_EVENT,PROXIMAL_INDEPENDENT_EVENT: Independent slope occurrences separated by 727.9 km and 2 days. Roads: '' vs 'Soreng Sombaria Road'.
NEI-2021-MZ-001,NEI-2021-SK-015,NESAC-SR-277-2022 (Seasonal Landslide Inventory for NER - 2021),NESAC-SR-277-2022 (Seasonal Landslide Inventory for NER - 2021),1_DAYS_DIFF,723.05_KM,LOW,FALSE,DIFFERENT_EVENT,PROXIMAL_INDEPENDENT_EVENT,PROXIMAL_INDEPENDENT_EVENT: Independent slope occurrences separated by 723.0 km and 1 days. Roads: '' vs 'Joerthang Legship Road -'.
NEI-2021-MZ-001,NEI-2021-TR-001,NESAC-SR-277-2022 (Seasonal Landslide Inventory for NER - 2021),NESAC-SR-277-2022 (Seasonal Landslide Inventory for NER - 2021),EXACT_DATE,180.75_KM,LOW,FALSE,DIFFERENT_EVENT,PROXIMAL_INDEPENDENT_EVENT,PROXIMAL_INDEPENDENT_EVENT: Independent slope occurrences separated by 180.8 km and 0 days. Roads: '' vs ''.
NEI-2021-MZ-001,NEI-2021-TR-002,NESAC-SR-277-2022 (Seasonal Landslide Inventory for NER - 2021),NESAC-SR-277-2022 (Seasonal Landslide Inventory for NER - 2021),EXACT_DATE,178.36_KM,LOW,FALSE,DIFFERENT_EVENT,PROXIMAL_INDEPENDENT_EVENT,PROXIMAL_INDEPENDENT_EVENT: Independent slope occurrences separated by 178.4 km and 0 days. Roads: '' vs ''.
NEI-2021-MZ-002,NEI-2021-NL-004,NESAC-SR-277-2022 (Seasonal Landslide Inventory for NER - 2021),NESAC-SR-277-2022 (Seasonal Landslide Inventory for NER - 2021),1_DAYS_DIFF,410.98_KM,LOW,FALSE,DIFFERENT_EVENT,PROXIMAL_INDEPENDENT_EVENT,PROXIMAL_INDEPENDENT_EVENT: Independent slope occurrences separated by 411.0 km and 1 days. Roads: 'NH 54' vs 'PWD Road connecting Tobu to ITC Pangsha'.
NEI-2021-MZ-003,NEI-2021-MZ-004,NESAC-SR-277-2022 (Seasonal Landslide Inventory for NER - 2021),NESAC-SR-277-2022 (Seasonal Landslide Inventory for NER - 2021),120_DAYS_DIFF,13.31_KM,MODERATE,FALSE,DIFFERENT_EVENT,PROXIMAL_INDEPENDENT_EVENT,PROXIMAL_INDEPENDENT_EVENT: Independent slope occurrences separated by 13.3 km and 120 days. Roads: '' vs ''.
NEI-2021-MZ-003,NEI-2021-SK-017,NESAC-SR-277-2022 (Seasonal Landslide Inventory for NER - 2021),NESAC-SR-277-2022 (Seasonal Landslide Inventory for NER - 2021),2_DAYS_DIFF,576.39_KM,LOW,FALSE,DIFFERENT_EVENT,PROXIMAL_INDEPENDENT_EVENT,PROXIMAL_INDEPENDENT_EVENT: Independent slope occurrences separated by 576.4 km and 2 days. Roads: '' vs ''.
NEI-2021-NL-001,NEI-2021-NL-002,NESAC-SR-277-2022 (Seasonal Landslide Inventory for NER - 2021),NESAC-SR-277-2022 (Seasonal Landslide Inventory for NER - 2021),15_DAYS_DIFF,2.32_KM,MODERATE,FALSE,DIFFERENT_EVENT,PROXIMAL_INDEPENDENT_EVENT,PROXIMAL_INDEPENDENT_EVENT: Independent slope occurrences separated by 2.3 km and 15 days. Roads: '' vs ''.
NEI-2021-NL-001,NEI-2021-NL-009,NESAC-SR-277-2022 (Seasonal Landslide Inventory for NER - 2021),NESAC-SR-277-2022 (Seasonal Landslide Inventory for NER - 2021),97_DAYS_DIFF,13.86_KM,MODERATE,FALSE,DIFFERENT_EVENT,PROXIMAL_INDEPENDENT_EVENT,PROXIMAL_INDEPENDENT_EVENT: Independent slope occurrences separated by 13.9 km and 97 days. Roads: '' vs ''.
NEI-2021-NL-002,NEI-2021-NL-009,NESAC-SR-277-2022 (Seasonal Landslide Inventory for NER - 2021),NESAC-SR-277-2022 (Seasonal Landslide Inventory for NER - 2021),82_DAYS_DIFF,13.51_KM,MODERATE,FALSE,DIFFERENT_EVENT,PROXIMAL_INDEPENDENT_EVENT,PROXIMAL_INDEPENDENT_EVENT: Independent slope occurrences separated by 13.5 km and 82 days. Roads: '' vs ''.
NEI-2021-NL-003,NEI-2021-NL-006,NESAC-SR-277-2022 (Seasonal Landslide Inventory for NER - 2021),NESAC-SR-277-2022 (Seasonal Landslide Inventory for NER - 2021),EXACT_DATE,0.37_KM,HIGH,FALSE,DIFFERENT_EVENT,URBAN_WARD_CLUSTER,URBAN_WARD_CLUSTER: Simultaneous failure across adjacent municipal colonies/wards in Wokha (374 m separation). Roads: '' vs ''.
NEI-2021-NL-003,NEI-2021-NL-007,NESAC-SR-277-2022 (Seasonal Landslide Inventory for NER - 2021),NESAC-SR-277-2022 (Seasonal Landslide Inventory for NER - 2021),EXACT_DATE,0.79_KM,HIGH,FALSE,DIFFERENT_EVENT,URBAN_WARD_CLUSTER,URBAN_WARD_CLUSTER: Simultaneous failure across adjacent municipal colonies/wards in Wokha (789 m separation). Roads: '' vs ''.
NEI-2021-NL-003,NEI-2021-NL-008,NESAC-SR-277-2022 (Seasonal Landslide Inventory for NER - 2021),NESAC-SR-277-2022 (Seasonal Landslide Inventory for NER - 2021),1_DAYS_DIFF,13.27_KM,MODERATE,FALSE,DIFFERENT_EVENT,PROXIMAL_INDEPENDENT_EVENT,PROXIMAL_INDEPENDENT_EVENT: Independent slope occurrences separated by 13.3 km and 1 days. Roads: '' vs ''.
NEI-2021-NL-003,NEI-2021-NL-009,NESAC-SR-277-2022 (Seasonal Landslide Inventory for NER - 2021),NESAC-SR-277-2022 (Seasonal Landslide Inventory for NER - 2021),88_DAYS_DIFF,48.01_KM,LOW,FALSE,DIFFERENT_EVENT,PROXIMAL_INDEPENDENT_EVENT,PROXIMAL_INDEPENDENT_EVENT: Independent slope occurrences separated by 48.0 km and 88 days. Roads: '' vs ''.
NEI-2021-NL-003,NEI-2021-NL-013,NESAC-SR-277-2022 (Seasonal Landslide Inventory for NER - 2021),NESAC-SR-277-2022 (Seasonal Landslide Inventory for NER - 2021),6_DAYS_DIFF,43.68_KM,LOW,FALSE,DIFFERENT_EVENT,PROXIMAL_INDEPENDENT_EVENT,PROXIMAL_INDEPENDENT_EVENT: Independent slope occurrences separated by 43.7 km and 6 days. Roads: '' vs 'Pfutsero-Lanye'.
NEI-2021-NL-003,NEI-2021-SK-010,NESAC-SR-277-2022 (Seasonal Landslide Inventory for NER - 2021),NESAC-SR-277-2022 (Seasonal Landslide Inventory for NER - 2021),2_DAYS_DIFF,576.73_KM,LOW,FALSE,DIFFERENT_EVENT,PROXIMAL_INDEPENDENT_EVENT,PROXIMAL_INDEPENDENT_EVENT: Independent slope occurrences separated by 576.7 km and 2 days. Roads: '' vs 'La turning-Basilakha Road'.
NEI-2021-NL-004,NEI-2021-NL-010,NESAC-SR-277-2022 (Seasonal Landslide Inventory for NER - 2021),NESAC-SR-277-2022 (Seasonal Landslide Inventory for NER - 2021),28_DAYS_DIFF,33.04_KM,LOW,FALSE,DIFFERENT_EVENT,PROXIMAL_INDEPENDENT_EVENT,PROXIMAL_INDEPENDENT_EVENT: Independent slope occurrences separated by 33.0 km and 28 days. Roads: 'PWD Road connecting Tobu to ITC Pangsha' vs ''.
NEI-2021-NL-004,NEI-2021-NL-011,NESAC-SR-277-2022 (Seasonal Landslide Inventory for NER - 2021),NESAC-SR-277-2022 (Seasonal Landslide Inventory for NER - 2021),6_DAYS_DIFF,49.97_KM,LOW,FALSE,DIFFERENT_EVENT,PROXIMAL_INDEPENDENT_EVENT,PROXIMAL_INDEPENDENT_EVENT: Independent slope occurrences separated by 50.0 km and 6 days. Roads: 'PWD Road connecting Tobu to ITC Pangsha' vs ''.
NEI-2021-NL-004,NEI-2021-NL-014,NESAC-SR-277-2022 (Seasonal Landslide Inventory for NER - 2021),NESAC-SR-277-2022 (Seasonal Landslide Inventory for NER - 2021),111_DAYS_DIFF,37.08_KM,MODERATE,FALSE,DIFFERENT_EVENT,PROXIMAL_INDEPENDENT_EVENT,PROXIMAL_INDEPENDENT_EVENT: Independent slope occurrences separated by 37.1 km and 111 days. Roads: 'PWD Road connecting Tobu to ITC Pangsha' vs ''.
NEI-2021-NL-004,NEI-2021-NL-015,NESAC-SR-277-2022 (Seasonal Landslide Inventory for NER - 2021),NESAC-SR-277-2022 (Seasonal Landslide Inventory for NER - 2021),51_DAYS_DIFF,26.89_KM,MODERATE,FALSE,DIFFERENT_EVENT,PROXIMAL_INDEPENDENT_EVENT,PROXIMAL_INDEPENDENT_EVENT: Independent slope occurrences separated by 26.9 km and 51 days. Roads: 'PWD Road connecting Tobu to ITC Pangsha' vs ''.
NEI-2021-NL-005,NEI-2021-NL-010,NESAC-SR-277-2022 (Seasonal Landslide Inventory for NER - 2021),NESAC-SR-277-2022 (Seasonal Landslide Inventory for NER - 2021),36_DAYS_DIFF,44.06_KM,LOW,FALSE,DIFFERENT_EVENT,PROXIMAL_INDEPENDENT_EVENT,PROXIMAL_INDEPENDENT_EVENT: Independent slope occurrences separated by 44.1 km and 36 days. Roads: '' vs ''.
NEI-2021-NL-005,NEI-2021-NL-011,NESAC-SR-277-2022 (Seasonal Landslide Inventory for NER - 2021),NESAC-SR-277-2022 (Seasonal Landslide Inventory for NER - 2021),2_DAYS_DIFF,25.59_KM,MODERATE,FALSE,DIFFERENT_EVENT,PROXIMAL_INDEPENDENT_EVENT,PROXIMAL_INDEPENDENT_EVENT: Independent slope occurrences separated by 25.6 km and 2 days. Roads: '' vs ''.
NEI-2021-NL-005,NEI-2021-NL-012,NESAC-SR-277-2022 (Seasonal Landslide Inventory for NER - 2021),NESAC-SR-277-2022 (Seasonal Landslide Inventory for NER - 2021),19_DAYS_DIFF,2.95_KM,MODERATE,FALSE,DIFFERENT_EVENT,PROXIMAL_INDEPENDENT_EVENT,PROXIMAL_INDEPENDENT_EVENT: Independent slope occurrences separated by 3.0 km and 19 days. Roads: '' vs 'Pfutsero-Khomi-Phek'.
NEI-2021-NL-005,NEI-2021-NL-013,NESAC-SR-277-2022 (Seasonal Landslide Inventory for NER - 2021),NESAC-SR-277-2022 (Seasonal Landslide Inventory for NER - 2021),19_DAYS_DIFF,8.14_KM,MODERATE,FALSE,DIFFERENT_EVENT,PROXIMAL_INDEPENDENT_EVENT,PROXIMAL_INDEPENDENT_EVENT: Independent slope occurrences separated by 8.1 km and 19 days. Roads: '' vs 'Pfutsero-Lanye'.
NEI-2021-NL-006,NEI-2021-NL-007,NESAC-SR-277-2022 (Seasonal Landslide Inventory for NER - 2021),NESAC-SR-277-2022 (Seasonal Landslide Inventory for NER - 2021),EXACT_DATE,0.92_KM,HIGH,FALSE,DIFFERENT_EVENT,URBAN_WARD_CLUSTER,URBAN_WARD_CLUSTER: Simultaneous failure across adjacent municipal colonies/wards in Wokha (922 m separation). Roads: '' vs ''.
NEI-2021-NL-006,NEI-2021-NL-008,NESAC-SR-277-2022 (Seasonal Landslide Inventory for NER - 2021),NESAC-SR-277-2022 (Seasonal Landslide Inventory for NER - 2021),1_DAYS_DIFF,12.90_KM,MODERATE,FALSE,DIFFERENT_EVENT,PROXIMAL_INDEPENDENT_EVENT,PROXIMAL_INDEPENDENT_EVENT: Independent slope occurrences separated by 12.9 km and 1 days. Roads: '' vs ''.
NEI-2021-NL-006,NEI-2021-NL-009,NESAC-SR-277-2022 (Seasonal Landslide Inventory for NER - 2021),NESAC-SR-277-2022 (Seasonal Landslide Inventory for NER - 2021),88_DAYS_DIFF,48.28_KM,LOW,FALSE,DIFFERENT_EVENT,PROXIMAL_INDEPENDENT_EVENT,PROXIMAL_INDEPENDENT_EVENT: Independent slope occurrences separated by 48.3 km and 88 days. Roads: '' vs ''.
NEI-2021-NL-006,NEI-2021-NL-013,NESAC-SR-277-2022 (Seasonal Landslide Inventory for NER - 2021),NESAC-SR-277-2022 (Seasonal Landslide Inventory for NER - 2021),6_DAYS_DIFF,44.04_KM,LOW,FALSE,DIFFERENT_EVENT,PROXIMAL_INDEPENDENT_EVENT,PROXIMAL_INDEPENDENT_EVENT: Independent slope occurrences separated by 44.0 km and 6 days. Roads: '' vs 'Pfutsero-Lanye'.
NEI-2021-NL-006,NEI-2021-SK-010,NESAC-SR-277-2022 (Seasonal Landslide Inventory for NER - 2021),NESAC-SR-277-2022 (Seasonal Landslide Inventory for NER - 2021),2_DAYS_DIFF,576.61_KM,LOW,FALSE,DIFFERENT_EVENT,PROXIMAL_INDEPENDENT_EVENT,PROXIMAL_INDEPENDENT_EVENT: Independent slope occurrences separated by 576.6 km and 2 days. Roads: '' vs 'La turning-Basilakha Road'.
NEI-2021-NL-007,NEI-2021-NL-008,NESAC-SR-277-2022 (Seasonal Landslide Inventory for NER - 2021),NESAC-SR-277-2022 (Seasonal Landslide Inventory for NER - 2021),1_DAYS_DIFF,13.28_KM,MODERATE,FALSE,DIFFERENT_EVENT,PROXIMAL_INDEPENDENT_EVENT,PROXIMAL_INDEPENDENT_EVENT: Independent slope occurrences separated by 13.3 km and 1 days. Roads: '' vs ''.
NEI-2021-NL-007,NEI-2021-NL-009,NESAC-SR-277-2022 (Seasonal Landslide Inventory for NER - 2021),NESAC-SR-277-2022 (Seasonal Landslide Inventory for NER - 2021),88_DAYS_DIFF,47.37_KM,LOW,FALSE,DIFFERENT_EVENT,PROXIMAL_INDEPENDENT_EVENT,PROXIMAL_INDEPENDENT_EVENT: Independent slope occurrences separated by 47.4 km and 88 days. Roads: '' vs ''.
NEI-2021-NL-007,NEI-2021-NL-013,NESAC-SR-277-2022 (Seasonal Landslide Inventory for NER - 2021),NESAC-SR-277-2022 (Seasonal Landslide Inventory for NER - 2021),6_DAYS_DIFF,43.77_KM,LOW,FALSE,DIFFERENT_EVENT,PROXIMAL_INDEPENDENT_EVENT,PROXIMAL_INDEPENDENT_EVENT: Independent slope occurrences separated by 43.8 km and 6 days. Roads: '' vs 'Pfutsero-Lanye'.
NEI-2021-NL-007,NEI-2021-SK-010,NESAC-SR-277-2022 (Seasonal Landslide Inventory for NER - 2021),NESAC-SR-277-2022 (Seasonal Landslide Inventory for NER - 2021),2_DAYS_DIFF,576.03_KM,LOW,FALSE,DIFFERENT_EVENT,PROXIMAL_INDEPENDENT_EVENT,PROXIMAL_INDEPENDENT_EVENT: Independent slope occurrences separated by 576.0 km and 2 days. Roads: '' vs 'La turning-Basilakha Road'.
NEI-2021-NL-009,NEI-2021-NL-012,NESAC-SR-277-2022 (Seasonal Landslide Inventory for NER - 2021),NESAC-SR-277-2022 (Seasonal Landslide Inventory for NER - 2021),82_DAYS_DIFF,48.43_KM,LOW,FALSE,DIFFERENT_EVENT,PROXIMAL_INDEPENDENT_EVENT,PROXIMAL_INDEPENDENT_EVENT: Independent slope occurrences separated by 48.4 km and 82 days. Roads: '' vs 'Pfutsero-Khomi-Phek'.
NEI-2021-NL-009,NEI-2021-NL-013,NESAC-SR-277-2022 (Seasonal Landslide Inventory for NER - 2021),NESAC-SR-277-2022 (Seasonal Landslide Inventory for NER - 2021),82_DAYS_DIFF,46.54_KM,LOW,FALSE,DIFFERENT_EVENT,PROXIMAL_INDEPENDENT_EVENT,PROXIMAL_INDEPENDENT_EVENT: Independent slope occurrences separated by 46.5 km and 82 days. Roads: '' vs 'Pfutsero-Lanye'.
NEI-2021-NL-010,NEI-2021-NL-011,NESAC-SR-277-2022 (Seasonal Landslide Inventory for NER - 2021),NESAC-SR-277-2022 (Seasonal Landslide Inventory for NER - 2021),34_DAYS_DIFF,25.01_KM,LOW,FALSE,DIFFERENT_EVENT,PROXIMAL_INDEPENDENT_EVENT,PROXIMAL_INDEPENDENT_EVENT: Independent slope occurrences separated by 25.0 km and 34 days. Roads: '' vs ''.
NEI-2021-NL-010,NEI-2021-NL-012,NESAC-SR-277-2022 (Seasonal Landslide Inventory for NER - 2021),NESAC-SR-277-2022 (Seasonal Landslide Inventory for NER - 2021),17_DAYS_DIFF,46.86_KM,LOW,FALSE,DIFFERENT_EVENT,PROXIMAL_INDEPENDENT_EVENT,PROXIMAL_INDEPENDENT_EVENT: Independent slope occurrences separated by 46.9 km and 17 days. Roads: '' vs 'Pfutsero-Khomi-Phek'.
NEI-2021-NL-010,NEI-2021-NL-013,NESAC-SR-277-2022 (Seasonal Landslide Inventory for NER - 2021),NESAC-SR-277-2022 (Seasonal Landslide Inventory for NER - 2021),17_DAYS_DIFF,46.28_KM,LOW,FALSE,DIFFERENT_EVENT,PROXIMAL_INDEPENDENT_EVENT,PROXIMAL_INDEPENDENT_EVENT: Independent slope occurrences separated by 46.3 km and 17 days. Roads: '' vs 'Pfutsero-Lanye'.
NEI-2021-NL-011,NEI-2021-NL-012,NESAC-SR-277-2022 (Seasonal Landslide Inventory for NER - 2021),NESAC-SR-277-2022 (Seasonal Landslide Inventory for NER - 2021),17_DAYS_DIFF,28.51_KM,MODERATE,FALSE,DIFFERENT_EVENT,PROXIMAL_INDEPENDENT_EVENT,PROXIMAL_INDEPENDENT_EVENT: Independent slope occurrences separated by 28.5 km and 17 days. Roads: '' vs 'Pfutsero-Khomi-Phek'.
NEI-2021-NL-011,NEI-2021-NL-013,NESAC-SR-277-2022 (Seasonal Landslide Inventory for NER - 2021),NESAC-SR-277-2022 (Seasonal Landslide Inventory for NER - 2021),17_DAYS_DIFF,31.44_KM,MODERATE,FALSE,DIFFERENT_EVENT,PROXIMAL_INDEPENDENT_EVENT,PROXIMAL_INDEPENDENT_EVENT: Independent slope occurrences separated by 31.4 km and 17 days. Roads: '' vs 'Pfutsero-Lanye'.
NEI-2021-NL-012,NEI-2021-NL-013,NESAC-SR-277-2022 (Seasonal Landslide Inventory for NER - 2021),NESAC-SR-277-2022 (Seasonal Landslide Inventory for NER - 2021),EXACT_DATE,7.12_KM,MODERATE,FALSE,DIFFERENT_EVENT,MULTI_SLOPE_CORRIDOR_CLUSTER,MULTI_SLOPE_CORRIDOR_CLUSTER: Distinct slope failures triggered on same date along corridor (7.1 km apart; Loc A: '' vs Loc B: ''). Roads: 'Pfutsero-Khomi-Phek' vs 'Pfutsero-Lanye'.
NEI-2021-NL-012,NEI-2021-SK-003,NESAC-SR-277-2022 (Seasonal Landslide Inventory for NER - 2021),NESAC-SR-277-2022 (Seasonal Landslide Inventory for NER - 2021),2_DAYS_DIFF,613.85_KM,LOW,FALSE,DIFFERENT_EVENT,PROXIMAL_INDEPENDENT_EVENT,PROXIMAL_INDEPENDENT_EVENT: Independent slope occurrences separated by 613.8 km and 2 days. Roads: 'Pfutsero-Khomi-Phek' vs ''.
NEI-2021-NL-012,NEI-2021-SK-004,NESAC-SR-277-2022 (Seasonal Landslide Inventory for NER - 2021),NESAC-SR-277-2022 (Seasonal Landslide Inventory for NER - 2021),1_DAYS_DIFF,613.90_KM,LOW,FALSE,DIFFERENT_EVENT,PROXIMAL_INDEPENDENT_EVENT,PROXIMAL_INDEPENDENT_EVENT: Independent slope occurrences separated by 613.9 km and 1 days. Roads: 'Pfutsero-Khomi-Phek' vs ''.
NEI-2021-NL-012,NEI-2021-SK-005,NESAC-SR-277-2022 (Seasonal Landslide Inventory for NER - 2021),NESAC-SR-277-2022 (Seasonal Landslide Inventory for NER - 2021),1_DAYS_DIFF,608.10_KM,LOW,FALSE,DIFFERENT_EVENT,PROXIMAL_INDEPENDENT_EVENT,PROXIMAL_INDEPENDENT_EVENT: Independent slope occurrences separated by 608.1 km and 1 days. Roads: 'Pfutsero-Khomi-Phek' vs ''.
NEI-2021-NL-012,NEI-2021-SK-006,NESAC-SR-277-2022 (Seasonal Landslide Inventory for NER - 2021),NESAC-SR-277-2022 (Seasonal Landslide Inventory for NER - 2021),1_DAYS_DIFF,613.42_KM,LOW,FALSE,DIFFERENT_EVENT,PROXIMAL_INDEPENDENT_EVENT,PROXIMAL_INDEPENDENT_EVENT: Independent slope occurrences separated by 613.4 km and 1 days. Roads: 'Pfutsero-Khomi-Phek' vs ''.
NEI-2021-NL-012,NEI-2021-SK-011,NESAC-SR-277-2022 (Seasonal Landslide Inventory for NER - 2021),NESAC-SR-277-2022 (Seasonal Landslide Inventory for NER - 2021),EXACT_DATE,618.93_KM,LOW,FALSE,DIFFERENT_EVENT,PROXIMAL_INDEPENDENT_EVENT,PROXIMAL_INDEPENDENT_EVENT: Independent slope occurrences separated by 618.9 km and 0 days. Roads: 'Pfutsero-Khomi-Phek' vs ''.
NEI-2021-NL-012,NEI-2021-SK-012,NESAC-SR-277-2022 (Seasonal Landslide Inventory for NER - 2021),NESAC-SR-277-2022 (Seasonal Landslide Inventory for NER - 2021),1_DAYS_DIFF,627.03_KM,LOW,FALSE,DIFFERENT_EVENT,PROXIMAL_INDEPENDENT_EVENT,PROXIMAL_INDEPENDENT_EVENT: Independent slope occurrences separated by 627.0 km and 1 days. Roads: 'Pfutsero-Khomi-Phek' vs ''.
NEI-2021-NL-012,NEI-2021-SK-013,NESAC-SR-277-2022 (Seasonal Landslide Inventory for NER - 2021),NESAC-SR-277-2022 (Seasonal Landslide Inventory for NER - 2021),EXACT_DATE,611.63_KM,LOW,FALSE,DIFFERENT_EVENT,PROXIMAL_INDEPENDENT_EVENT,PROXIMAL_INDEPENDENT_EVENT: Independent slope occurrences separated by 611.6 km and 0 days. Roads: 'Pfutsero-Khomi-Phek' vs 'NH 10'.
NEI-2021-NL-012,NEI-2021-SK-014,NESAC-SR-277-2022 (Seasonal Landslide Inventory for NER - 2021),NESAC-SR-277-2022 (Seasonal Landslide Inventory for NER - 2021),1_DAYS_DIFF,632.33_KM,LOW,FALSE,DIFFERENT_EVENT,PROXIMAL_INDEPENDENT_EVENT,PROXIMAL_INDEPENDENT_EVENT: Independent slope occurrences separated by 632.3 km and 1 days. Roads: 'Pfutsero-Khomi-Phek' vs 'Joerthang Legship Road -'.
NEI-2021-NL-013,NEI-2021-SK-003,NESAC-SR-277-2022 (Seasonal Landslide Inventory for NER - 2021),NESAC-SR-277-2022 (Seasonal Landslide Inventory for NER - 2021),2_DAYS_DIFF,611.27_KM,LOW,FALSE,DIFFERENT_EVENT,PROXIMAL_INDEPENDENT_EVENT,PROXIMAL_INDEPENDENT_EVENT: Independent slope occurrences separated by 611.3 km and 2 days. Roads: 'Pfutsero-Lanye' vs ''.
NEI-2021-NL-013,NEI-2021-SK-004,NESAC-SR-277-2022 (Seasonal Landslide Inventory for NER - 2021),NESAC-SR-277-2022 (Seasonal Landslide Inventory for NER - 2021),1_DAYS_DIFF,611.32_KM,LOW,FALSE,DIFFERENT_EVENT,PROXIMAL_INDEPENDENT_EVENT,PROXIMAL_INDEPENDENT_EVENT: Independent slope occurrences separated by 611.3 km and 1 days. Roads: 'Pfutsero-Lanye' vs ''.
NEI-2021-NL-013,NEI-2021-SK-005,NESAC-SR-277-2022 (Seasonal Landslide Inventory for NER - 2021),NESAC-SR-277-2022 (Seasonal Landslide Inventory for NER - 2021),1_DAYS_DIFF,605.43_KM,LOW,FALSE,DIFFERENT_EVENT,PROXIMAL_INDEPENDENT_EVENT,PROXIMAL_INDEPENDENT_EVENT: Independent slope occurrences separated by 605.4 km and 1 days. Roads: 'Pfutsero-Lanye' vs ''.
NEI-2021-NL-013,NEI-2021-SK-006,NESAC-SR-277-2022 (Seasonal Landslide Inventory for NER - 2021),NESAC-SR-277-2022 (Seasonal Landslide Inventory for NER - 2021),1_DAYS_DIFF,610.82_KM,LOW,FALSE,DIFFERENT_EVENT,PROXIMAL_INDEPENDENT_EVENT,PROXIMAL_INDEPENDENT_EVENT: Independent slope occurrences separated by 610.8 km and 1 days. Roads: 'Pfutsero-Lanye' vs ''.
NEI-2021-NL-013,NEI-2021-SK-011,NESAC-SR-277-2022 (Seasonal Landslide Inventory for NER - 2021),NESAC-SR-277-2022 (Seasonal Landslide Inventory for NER - 2021),EXACT_DATE,616.03_KM,LOW,FALSE,DIFFERENT_EVENT,PROXIMAL_INDEPENDENT_EVENT,PROXIMAL_INDEPENDENT_EVENT: Independent slope occurrences separated by 616.0 km and 0 days. Roads: 'Pfutsero-Lanye' vs ''.
NEI-2021-NL-013,NEI-2021-SK-012,NESAC-SR-277-2022 (Seasonal Landslide Inventory for NER - 2021),NESAC-SR-277-2022 (Seasonal Landslide Inventory for NER - 2021),1_DAYS_DIFF,624.46_KM,LOW,FALSE,DIFFERENT_EVENT,PROXIMAL_INDEPENDENT_EVENT,PROXIMAL_INDEPENDENT_EVENT: Independent slope occurrences separated by 624.5 km and 1 days. Roads: 'Pfutsero-Lanye' vs ''.
NEI-2021-NL-013,NEI-2021-SK-013,NESAC-SR-277-2022 (Seasonal Landslide Inventory for NER - 2021),NESAC-SR-277-2022 (Seasonal Landslide Inventory for NER - 2021),EXACT_DATE,609.23_KM,LOW,FALSE,DIFFERENT_EVENT,PROXIMAL_INDEPENDENT_EVENT,PROXIMAL_INDEPENDENT_EVENT: Independent slope occurrences separated by 609.2 km and 0 days. Roads: 'Pfutsero-Lanye' vs 'NH 10'.
NEI-2021-NL-013,NEI-2021-SK-014,NESAC-SR-277-2022 (Seasonal Landslide Inventory for NER - 2021),NESAC-SR-277-2022 (Seasonal Landslide Inventory for NER - 2021),1_DAYS_DIFF,629.73_KM,LOW,FALSE,DIFFERENT_EVENT,PROXIMAL_INDEPENDENT_EVENT,PROXIMAL_INDEPENDENT_EVENT: Independent slope occurrences separated by 629.7 km and 1 days. Roads: 'Pfutsero-Lanye' vs 'Joerthang Legship Road -'.
NEI-2021-NL-014,NEI-2021-NL-015,NESAC-SR-277-2022 (Seasonal Landslide Inventory for NER - 2021),NESAC-SR-277-2022 (Seasonal Landslide Inventory for NER - 2021),60_DAYS_DIFF,12.33_KM,MODERATE,FALSE,DIFFERENT_EVENT,PROXIMAL_INDEPENDENT_EVENT,PROXIMAL_INDEPENDENT_EVENT: Independent slope occurrences separated by 12.3 km and 60 days. Roads: '' vs ''.
NEI-2021-SK-001,NEI-2021-SK-002,NESAC-SR-277-2022 (Seasonal Landslide Inventory for NER - 2021),NESAC-SR-277-2022 (Seasonal Landslide Inventory for NER - 2021),EXACT_DATE,46.81_KM,LOW,FALSE,DIFFERENT_EVENT,MULTI_SLOPE_CORRIDOR_CLUSTER,MULTI_SLOPE_CORRIDOR_CLUSTER: Distinct slope failures triggered on same date along corridor (46.8 km apart; Loc A: 'Samsing Shanti turn' vs Loc B: 'Muneew Taraybhir stretch'). Roads: 'Pakyong to Assam Lingsey Road' vs 'Soreng Sombaria Road'.
NEI-2021-SK-001,NEI-2021-SK-003,NESAC-SR-277-2022 (Seasonal Landslide Inventory for NER - 2021),NESAC-SR-277-2022 (Seasonal Landslide Inventory for NER - 2021),26_DAYS_DIFF,23.59_KM,LOW,FALSE,DIFFERENT_EVENT,PROXIMAL_INDEPENDENT_EVENT,PROXIMAL_INDEPENDENT_EVENT: Independent slope occurrences separated by 23.6 km and 26 days. Roads: 'Pakyong to Assam Lingsey Road' vs ''.
NEI-2021-SK-001,NEI-2021-SK-004,NESAC-SR-277-2022 (Seasonal Landslide Inventory for NER - 2021),NESAC-SR-277-2022 (Seasonal Landslide Inventory for NER - 2021),25_DAYS_DIFF,23.65_KM,LOW,FALSE,DIFFERENT_EVENT,PROXIMAL_INDEPENDENT_EVENT,PROXIMAL_INDEPENDENT_EVENT: Independent slope occurrences separated by 23.7 km and 25 days. Roads: 'Pakyong to Assam Lingsey Road' vs ''.
NEI-2021-SK-001,NEI-2021-SK-005,NESAC-SR-277-2022 (Seasonal Landslide Inventory for NER - 2021),NESAC-SR-277-2022 (Seasonal Landslide Inventory for NER - 2021),25_DAYS_DIFF,14.49_KM,LOW,FALSE,DIFFERENT_EVENT,PROXIMAL_INDEPENDENT_EVENT,PROXIMAL_INDEPENDENT_EVENT: Independent slope occurrences separated by 14.5 km and 25 days. Roads: 'Pakyong to Assam Lingsey Road' vs ''.
NEI-2021-SK-001,NEI-2021-SK-006,NESAC-SR-277-2022 (Seasonal Landslide Inventory for NER - 2021),NESAC-SR-277-2022 (Seasonal Landslide Inventory for NER - 2021),25_DAYS_DIFF,21.51_KM,LOW,FALSE,DIFFERENT_EVENT,PROXIMAL_INDEPENDENT_EVENT,PROXIMAL_INDEPENDENT_EVENT: Independent slope occurrences separated by 21.5 km and 25 days. Roads: 'Pakyong to Assam Lingsey Road' vs ''.
NEI-2021-SK-001,NEI-2021-SK-007,NESAC-SR-277-2022 (Seasonal Landslide Inventory for NER - 2021),NESAC-SR-277-2022 (Seasonal Landslide Inventory for NER - 2021),57_DAYS_DIFF,8.29_KM,MODERATE,FALSE,DIFFERENT_EVENT,PROXIMAL_INDEPENDENT_EVENT,PROXIMAL_INDEPENDENT_EVENT: Independent slope occurrences separated by 8.3 km and 57 days. Roads: 'Pakyong to Assam Lingsey Road' vs ''.
NEI-2021-SK-001,NEI-2021-SK-008,NESAC-SR-277-2022 (Seasonal Landslide Inventory for NER - 2021),NESAC-SR-277-2022 (Seasonal Landslide Inventory for NER - 2021),67_DAYS_DIFF,23.11_KM,LOW,FALSE,DIFFERENT_EVENT,PROXIMAL_INDEPENDENT_EVENT,PROXIMAL_INDEPENDENT_EVENT: Independent slope occurrences separated by 23.1 km and 67 days. Roads: 'Pakyong to Assam Lingsey Road' vs ''.
NEI-2021-SK-001,NEI-2021-SK-009,NESAC-SR-277-2022 (Seasonal Landslide Inventory for NER - 2021),NESAC-SR-277-2022 (Seasonal Landslide Inventory for NER - 2021),152_DAYS_DIFF,17.97_KM,MODERATE,FALSE,DIFFERENT_EVENT,PROXIMAL_INDEPENDENT_EVENT,PROXIMAL_INDEPENDENT_EVENT: Independent slope occurrences separated by 18.0 km and 152 days. Roads: 'Pakyong to Assam Lingsey Road' vs ''.
NEI-2021-SK-001,NEI-2021-SK-010,NESAC-SR-277-2022 (Seasonal Landslide Inventory for NER - 2021),NESAC-SR-277-2022 (Seasonal Landslide Inventory for NER - 2021),16_DAYS_DIFF,1.84_KM,MODERATE,FALSE,DIFFERENT_EVENT,PROXIMAL_INDEPENDENT_EVENT,PROXIMAL_INDEPENDENT_EVENT: Independent slope occurrences separated by 1.8 km and 16 days. Roads: 'Pakyong to Assam Lingsey Road' vs 'La turning-Basilakha Road'.
NEI-2021-SK-001,NEI-2021-SK-011,NESAC-SR-277-2022 (Seasonal Landslide Inventory for NER - 2021),NESAC-SR-277-2022 (Seasonal Landslide Inventory for NER - 2021),24_DAYS_DIFF,18.03_KM,MODERATE,FALSE,DIFFERENT_EVENT,PROXIMAL_INDEPENDENT_EVENT,PROXIMAL_INDEPENDENT_EVENT: Independent slope occurrences separated by 18.0 km and 24 days. Roads: 'Pakyong to Assam Lingsey Road' vs ''.
NEI-2021-SK-001,NEI-2021-SK-012,NESAC-SR-277-2022 (Seasonal Landslide Inventory for NER - 2021),NESAC-SR-277-2022 (Seasonal Landslide Inventory for NER - 2021),25_DAYS_DIFF,32.50_KM,LOW,FALSE,DIFFERENT_EVENT,PROXIMAL_INDEPENDENT_EVENT,PROXIMAL_INDEPENDENT_EVENT: Independent slope occurrences separated by 32.5 km and 25 days. Roads: 'Pakyong to Assam Lingsey Road' vs ''.
NEI-2021-SK-001,NEI-2021-SK-013,NESAC-SR-277-2022 (Seasonal Landslide Inventory for NER - 2021),NESAC-SR-277-2022 (Seasonal Landslide Inventory for NER - 2021),24_DAYS_DIFF,38.60_KM,LOW,FALSE,DIFFERENT_EVENT,PROXIMAL_INDEPENDENT_EVENT,PROXIMAL_INDEPENDENT_EVENT: Independent slope occurrences separated by 38.6 km and 24 days. Roads: 'Pakyong to Assam Lingsey Road' vs 'NH 10'.
NEI-2021-SK-001,NEI-2021-SK-014,NESAC-SR-277-2022 (Seasonal Landslide Inventory for NER - 2021),NESAC-SR-277-2022 (Seasonal Landslide Inventory for NER - 2021),25_DAYS_DIFF,35.05_KM,LOW,FALSE,DIFFERENT_EVENT,PROXIMAL_INDEPENDENT_EVENT,PROXIMAL_INDEPENDENT_EVENT: Independent slope occurrences separated by 35.0 km and 25 days. Roads: 'Pakyong to Assam Lingsey Road' vs 'Joerthang Legship Road -'.
NEI-2021-SK-001,NEI-2021-SK-015,NESAC-SR-277-2022 (Seasonal Landslide Inventory for NER - 2021),NESAC-SR-277-2022 (Seasonal Landslide Inventory for NER - 2021),3_DAYS_DIFF,30.58_KM,LOW,FALSE,DIFFERENT_EVENT,PROXIMAL_INDEPENDENT_EVENT,PROXIMAL_INDEPENDENT_EVENT: Independent slope occurrences separated by 30.6 km and 3 days. Roads: 'Pakyong to Assam Lingsey Road' vs 'Joerthang Legship Road -'.
NEI-2021-SK-001,NEI-2021-SK-016,NESAC-SR-277-2022 (Seasonal Landslide Inventory for NER - 2021),NESAC-SR-277-2022 (Seasonal Landslide Inventory for NER - 2021),84_DAYS_DIFF,8.53_KM,MODERATE,FALSE,DIFFERENT_EVENT,PROXIMAL_INDEPENDENT_EVENT,PROXIMAL_INDEPENDENT_EVENT: Independent slope occurrences separated by 8.5 km and 84 days. Roads: 'Pakyong to Assam Lingsey Road' vs ''.
NEI-2021-SK-001,NEI-2021-SK-017,NESAC-SR-277-2022 (Seasonal Landslide Inventory for NER - 2021),NESAC-SR-277-2022 (Seasonal Landslide Inventory for NER - 2021),76_DAYS_DIFF,10.37_KM,MODERATE,FALSE,DIFFERENT_EVENT,PROXIMAL_INDEPENDENT_EVENT,PROXIMAL_INDEPENDENT_EVENT: Independent slope occurrences separated by 10.4 km and 76 days. Roads: 'Pakyong to Assam Lingsey Road' vs ''.
NEI-2021-SK-001,NEI-2021-SK-018,NESAC-SR-277-2022 (Seasonal Landslide Inventory for NER - 2021),NESAC-SR-277-2022 (Seasonal Landslide Inventory for NER - 2021),5_DAYS_DIFF,45.24_KM,LOW,FALSE,DIFFERENT_EVENT,PROXIMAL_INDEPENDENT_EVENT,PROXIMAL_INDEPENDENT_EVENT: Independent slope occurrences separated by 45.2 km and 5 days. Roads: 'Pakyong to Assam Lingsey Road' vs 'Bongten-Changay road'.
NEI-2021-SK-001,NEI-2021-TR-001,NESAC-SR-277-2022 (Seasonal Landslide Inventory for NER - 2021),NESAC-SR-277-2022 (Seasonal Landslide Inventory for NER - 2021),2_DAYS_DIFF,530.31_KM,LOW,FALSE,DIFFERENT_EVENT,PROXIMAL_INDEPENDENT_EVENT,PROXIMAL_INDEPENDENT_EVENT: Independent slope occurrences separated by 530.3 km and 2 days. Roads: 'Pakyong to Assam Lingsey Road' vs ''.
NEI-2021-SK-001,NEI-2021-TR-002,NESAC-SR-277-2022 (Seasonal Landslide Inventory for NER - 2021),NESAC-SR-277-2022 (Seasonal Landslide Inventory for NER - 2021),2_DAYS_DIFF,532.75_KM,LOW,FALSE,DIFFERENT_EVENT,PROXIMAL_INDEPENDENT_EVENT,PROXIMAL_INDEPENDENT_EVENT: Independent slope occurrences separated by 532.8 km and 2 days. Roads: 'Pakyong to Assam Lingsey Road' vs ''.
NEI-2021-SK-002,NEI-2021-SK-003,NESAC-SR-277-2022 (Seasonal Landslide Inventory for NER - 2021),NESAC-SR-277-2022 (Seasonal Landslide Inventory for NER - 2021),26_DAYS_DIFF,31.25_KM,LOW,FALSE,DIFFERENT_EVENT,PROXIMAL_INDEPENDENT_EVENT,PROXIMAL_INDEPENDENT_EVENT: Independent slope occurrences separated by 31.2 km and 26 days. Roads: 'Soreng Sombaria Road' vs ''.
NEI-2021-SK-002,NEI-2021-SK-004,NESAC-SR-277-2022 (Seasonal Landslide Inventory for NER - 2021),NESAC-SR-277-2022 (Seasonal Landslide Inventory for NER - 2021),25_DAYS_DIFF,31.19_KM,LOW,FALSE,DIFFERENT_EVENT,PROXIMAL_INDEPENDENT_EVENT,PROXIMAL_INDEPENDENT_EVENT: Independent slope occurrences separated by 31.2 km and 25 days. Roads: 'Soreng Sombaria Road' vs ''.
NEI-2021-SK-002,NEI-2021-SK-005,NESAC-SR-277-2022 (Seasonal Landslide Inventory for NER - 2021),NESAC-SR-277-2022 (Seasonal Landslide Inventory for NER - 2021),25_DAYS_DIFF,37.64_KM,LOW,FALSE,DIFFERENT_EVENT,PROXIMAL_INDEPENDENT_EVENT,PROXIMAL_INDEPENDENT_EVENT: Independent slope occurrences separated by 37.6 km and 25 days. Roads: 'Soreng Sombaria Road' vs ''.
NEI-2021-SK-002,NEI-2021-SK-006,NESAC-SR-277-2022 (Seasonal Landslide Inventory for NER - 2021),NESAC-SR-277-2022 (Seasonal Landslide Inventory for NER - 2021),25_DAYS_DIFF,31.71_KM,LOW,FALSE,DIFFERENT_EVENT,PROXIMAL_INDEPENDENT_EVENT,PROXIMAL_INDEPENDENT_EVENT: Independent slope occurrences separated by 31.7 km and 25 days. Roads: 'Soreng Sombaria Road' vs ''.
NEI-2021-SK-002,NEI-2021-SK-007,NESAC-SR-277-2022 (Seasonal Landslide Inventory for NER - 2021),NESAC-SR-277-2022 (Seasonal Landslide Inventory for NER - 2021),57_DAYS_DIFF,48.68_KM,LOW,FALSE,DIFFERENT_EVENT,PROXIMAL_INDEPENDENT_EVENT,PROXIMAL_INDEPENDENT_EVENT: Independent slope occurrences separated by 48.7 km and 57 days. Roads: 'Soreng Sombaria Road' vs ''.
NEI-2021-SK-002,NEI-2021-SK-008,NESAC-SR-277-2022 (Seasonal Landslide Inventory for NER - 2021),NESAC-SR-277-2022 (Seasonal Landslide Inventory for NER - 2021),67_DAYS_DIFF,31.93_KM,LOW,FALSE,DIFFERENT_EVENT,PROXIMAL_INDEPENDENT_EVENT,PROXIMAL_INDEPENDENT_EVENT: Independent slope occurrences separated by 31.9 km and 67 days. Roads: 'Soreng Sombaria Road' vs ''.
NEI-2021-SK-002,NEI-2021-SK-010,NESAC-SR-277-2022 (Seasonal Landslide Inventory for NER - 2021),NESAC-SR-277-2022 (Seasonal Landslide Inventory for NER - 2021),16_DAYS_DIFF,45.23_KM,LOW,FALSE,DIFFERENT_EVENT,PROXIMAL_INDEPENDENT_EVENT,PROXIMAL_INDEPENDENT_EVENT: Independent slope occurrences separated by 45.2 km and 16 days. Roads: 'Soreng Sombaria Road' vs 'La turning-Basilakha Road'.
NEI-2021-SK-002,NEI-2021-SK-011,NESAC-SR-277-2022 (Seasonal Landslide Inventory for NER - 2021),NESAC-SR-277-2022 (Seasonal Landslide Inventory for NER - 2021),24_DAYS_DIFF,40.20_KM,LOW,FALSE,DIFFERENT_EVENT,PROXIMAL_INDEPENDENT_EVENT,PROXIMAL_INDEPENDENT_EVENT: Independent slope occurrences separated by 40.2 km and 24 days. Roads: 'Soreng Sombaria Road' vs ''.
NEI-2021-SK-002,NEI-2021-SK-012,NESAC-SR-277-2022 (Seasonal Landslide Inventory for NER - 2021),NESAC-SR-277-2022 (Seasonal Landslide Inventory for NER - 2021),25_DAYS_DIFF,18.12_KM,LOW,FALSE,DIFFERENT_EVENT,PROXIMAL_INDEPENDENT_EVENT,PROXIMAL_INDEPENDENT_EVENT: Independent slope occurrences separated by 18.1 km and 25 days. Roads: 'Soreng Sombaria Road' vs ''.
NEI-2021-SK-002,NEI-2021-SK-013,NESAC-SR-277-2022 (Seasonal Landslide Inventory for NER - 2021),NESAC-SR-277-2022 (Seasonal Landslide Inventory for NER - 2021),24_DAYS_DIFF,37.89_KM,LOW,FALSE,DIFFERENT_EVENT,PROXIMAL_INDEPENDENT_EVENT,PROXIMAL_INDEPENDENT_EVENT: Independent slope occurrences separated by 37.9 km and 24 days. Roads: 'Soreng Sombaria Road' vs 'NH 10'.
NEI-2021-SK-002,NEI-2021-SK-014,NESAC-SR-277-2022 (Seasonal Landslide Inventory for NER - 2021),NESAC-SR-277-2022 (Seasonal Landslide Inventory for NER - 2021),25_DAYS_DIFF,12.82_KM,MODERATE,FALSE,DIFFERENT_EVENT,PROXIMAL_INDEPENDENT_EVENT,PROXIMAL_INDEPENDENT_EVENT: Independent slope occurrences separated by 12.8 km and 25 days. Roads: 'Soreng Sombaria Road' vs 'Joerthang Legship Road -'.
NEI-2021-SK-002,NEI-2021-SK-015,NESAC-SR-277-2022 (Seasonal Landslide Inventory for NER - 2021),NESAC-SR-277-2022 (Seasonal Landslide Inventory for NER - 2021),3_DAYS_DIFF,16.70_KM,MODERATE,FALSE,DIFFERENT_EVENT,PROXIMAL_INDEPENDENT_EVENT,PROXIMAL_INDEPENDENT_EVENT: Independent slope occurrences separated by 16.7 km and 3 days. Roads: 'Soreng Sombaria Road' vs 'Joerthang Legship Road -'.
NEI-2021-SK-002,NEI-2021-SK-016,NESAC-SR-277-2022 (Seasonal Landslide Inventory for NER - 2021),NESAC-SR-277-2022 (Seasonal Landslide Inventory for NER - 2021),84_DAYS_DIFF,48.84_KM,LOW,FALSE,DIFFERENT_EVENT,PROXIMAL_INDEPENDENT_EVENT,PROXIMAL_INDEPENDENT_EVENT: Independent slope occurrences separated by 48.8 km and 84 days. Roads: 'Soreng Sombaria Road' vs ''.
NEI-2021-SK-002,NEI-2021-SK-017,NESAC-SR-277-2022 (Seasonal Landslide Inventory for NER - 2021),NESAC-SR-277-2022 (Seasonal Landslide Inventory for NER - 2021),76_DAYS_DIFF,49.38_KM,LOW,FALSE,DIFFERENT_EVENT,PROXIMAL_INDEPENDENT_EVENT,PROXIMAL_INDEPENDENT_EVENT: Independent slope occurrences separated by 49.4 km and 76 days. Roads: 'Soreng Sombaria Road' vs ''.
NEI-2021-SK-002,NEI-2021-SK-018,NESAC-SR-277-2022 (Seasonal Landslide Inventory for NER - 2021),NESAC-SR-277-2022 (Seasonal Landslide Inventory for NER - 2021),5_DAYS_DIFF,12.69_KM,MODERATE,FALSE,DIFFERENT_EVENT,PROXIMAL_INDEPENDENT_EVENT,PROXIMAL_INDEPENDENT_EVENT: Independent slope occurrences separated by 12.7 km and 5 days. Roads: 'Soreng Sombaria Road' vs 'Bongten-Changay road'.
NEI-2021-SK-002,NEI-2021-TR-001,NESAC-SR-277-2022 (Seasonal Landslide Inventory for NER - 2021),NESAC-SR-277-2022 (Seasonal Landslide Inventory for NER - 2021),2_DAYS_DIFF,549.26_KM,LOW,FALSE,DIFFERENT_EVENT,PROXIMAL_INDEPENDENT_EVENT,PROXIMAL_INDEPENDENT_EVENT: Independent slope occurrences separated by 549.3 km and 2 days. Roads: 'Soreng Sombaria Road' vs ''.
NEI-2021-SK-002,NEI-2021-TR-002,NESAC-SR-277-2022 (Seasonal Landslide Inventory for NER - 2021),NESAC-SR-277-2022 (Seasonal Landslide Inventory for NER - 2021),2_DAYS_DIFF,551.71_KM,LOW,FALSE,DIFFERENT_EVENT,PROXIMAL_INDEPENDENT_EVENT,PROXIMAL_INDEPENDENT_EVENT: Independent slope occurrences separated by 551.7 km and 2 days. Roads: 'Soreng Sombaria Road' vs ''.
NEI-2021-SK-003,NEI-2021-SK-004,NESAC-SR-277-2022 (Seasonal Landslide Inventory for NER - 2021),NESAC-SR-277-2022 (Seasonal Landslide Inventory for NER - 2021),1_DAYS_DIFF,0.07_KM,HIGH,FALSE,DIFFERENT_EVENT,PROXIMAL_INDEPENDENT_EVENT,PROXIMAL_INDEPENDENT_EVENT: Independent slope occurrences separated by 0.1 km and 1 days. Roads: '' vs ''.
NEI-2021-SK-003,NEI-2021-SK-005,NESAC-SR-277-2022 (Seasonal Landslide Inventory for NER - 2021),NESAC-SR-277-2022 (Seasonal Landslide Inventory for NER - 2021),1_DAYS_DIFF,9.37_KM,LOW,FALSE,DIFFERENT_EVENT,PROXIMAL_INDEPENDENT_EVENT,PROXIMAL_INDEPENDENT_EVENT: Independent slope occurrences separated by 9.4 km and 1 days. Roads: '' vs ''.
NEI-2021-SK-003,NEI-2021-SK-006,NESAC-SR-277-2022 (Seasonal Landslide Inventory for NER - 2021),NESAC-SR-277-2022 (Seasonal Landslide Inventory for NER - 2021),1_DAYS_DIFF,2.18_KM,LOW,FALSE,DIFFERENT_EVENT,PROXIMAL_INDEPENDENT_EVENT,PROXIMAL_INDEPENDENT_EVENT: Independent slope occurrences separated by 2.2 km and 1 days. Roads: '' vs ''.
NEI-2021-SK-003,NEI-2021-SK-007,NESAC-SR-277-2022 (Seasonal Landslide Inventory for NER - 2021),NESAC-SR-277-2022 (Seasonal Landslide Inventory for NER - 2021),83_DAYS_DIFF,30.01_KM,LOW,FALSE,DIFFERENT_EVENT,PROXIMAL_INDEPENDENT_EVENT,PROXIMAL_INDEPENDENT_EVENT: Independent slope occurrences separated by 30.0 km and 83 days. Roads: '' vs ''.
NEI-2021-SK-003,NEI-2021-SK-008,NESAC-SR-277-2022 (Seasonal Landslide Inventory for NER - 2021),NESAC-SR-277-2022 (Seasonal Landslide Inventory for NER - 2021),41_DAYS_DIFF,0.72_KM,HIGH,FALSE,DIFFERENT_EVENT,PROXIMAL_INDEPENDENT_EVENT,PROXIMAL_INDEPENDENT_EVENT: Independent slope occurrences separated by 0.7 km and 41 days. Roads: '' vs ''.
NEI-2021-SK-003,NEI-2021-SK-009,NESAC-SR-277-2022 (Seasonal Landslide Inventory for NER - 2021),NESAC-SR-277-2022 (Seasonal Landslide Inventory for NER - 2021),126_DAYS_DIFF,41.55_KM,LOW,FALSE,DIFFERENT_EVENT,PROXIMAL_INDEPENDENT_EVENT,PROXIMAL_INDEPENDENT_EVENT: Independent slope occurrences separated by 41.5 km and 126 days. Roads: '' vs ''.
NEI-2021-SK-003,NEI-2021-SK-010,NESAC-SR-277-2022 (Seasonal Landslide Inventory for NER - 2021),NESAC-SR-277-2022 (Seasonal Landslide Inventory for NER - 2021),10_DAYS_DIFF,22.93_KM,LOW,FALSE,DIFFERENT_EVENT,PROXIMAL_INDEPENDENT_EVENT,PROXIMAL_INDEPENDENT_EVENT: Independent slope occurrences separated by 22.9 km and 10 days. Roads: '' vs 'La turning-Basilakha Road'.
NEI-2021-SK-003,NEI-2021-SK-011,NESAC-SR-277-2022 (Seasonal Landslide Inventory for NER - 2021),NESAC-SR-277-2022 (Seasonal Landslide Inventory for NER - 2021),2_DAYS_DIFF,30.79_KM,LOW,FALSE,DIFFERENT_EVENT,PROXIMAL_INDEPENDENT_EVENT,PROXIMAL_INDEPENDENT_EVENT: Independent slope occurrences separated by 30.8 km and 2 days. Roads: '' vs ''.
NEI-2021-SK-003,NEI-2021-SK-012,NESAC-SR-277-2022 (Seasonal Landslide Inventory for NER - 2021),NESAC-SR-277-2022 (Seasonal Landslide Inventory for NER - 2021),1_DAYS_DIFF,13.21_KM,MODERATE,FALSE,DIFFERENT_EVENT,PROXIMAL_INDEPENDENT_EVENT,PROXIMAL_INDEPENDENT_EVENT: Independent slope occurrences separated by 13.2 km and 1 days. Roads: '' vs ''.
NEI-2021-SK-003,NEI-2021-SK-013,NESAC-SR-277-2022 (Seasonal Landslide Inventory for NER - 2021),NESAC-SR-277-2022 (Seasonal Landslide Inventory for NER - 2021),2_DAYS_DIFF,16.93_KM,LOW,FALSE,DIFFERENT_EVENT,PROXIMAL_INDEPENDENT_EVENT,PROXIMAL_INDEPENDENT_EVENT: Independent slope occurrences separated by 16.9 km and 2 days. Roads: '' vs 'NH 10'.
NEI-2021-SK-003,NEI-2021-SK-014,NESAC-SR-277-2022 (Seasonal Landslide Inventory for NER - 2021),NESAC-SR-277-2022 (Seasonal Landslide Inventory for NER - 2021),1_DAYS_DIFF,18.57_KM,LOW,FALSE,DIFFERENT_EVENT,PROXIMAL_INDEPENDENT_EVENT,PROXIMAL_INDEPENDENT_EVENT: Independent slope occurrences separated by 18.6 km and 1 days. Roads: '' vs 'Joerthang Legship Road -'.
NEI-2021-SK-003,NEI-2021-SK-015,NESAC-SR-277-2022 (Seasonal Landslide Inventory for NER - 2021),NESAC-SR-277-2022 (Seasonal Landslide Inventory for NER - 2021),29_DAYS_DIFF,20.74_KM,LOW,FALSE,DIFFERENT_EVENT,PROXIMAL_INDEPENDENT_EVENT,PROXIMAL_INDEPENDENT_EVENT: Independent slope occurrences separated by 20.7 km and 29 days. Roads: '' vs 'Joerthang Legship Road -'.
NEI-2021-SK-003,NEI-2021-SK-016,NESAC-SR-277-2022 (Seasonal Landslide Inventory for NER - 2021),NESAC-SR-277-2022 (Seasonal Landslide Inventory for NER - 2021),58_DAYS_DIFF,30.27_KM,LOW,FALSE,DIFFERENT_EVENT,PROXIMAL_INDEPENDENT_EVENT,PROXIMAL_INDEPENDENT_EVENT: Independent slope occurrences separated by 30.3 km and 58 days. Roads: '' vs ''.
NEI-2021-SK-003,NEI-2021-SK-017,NESAC-SR-277-2022 (Seasonal Landslide Inventory for NER - 2021),NESAC-SR-277-2022 (Seasonal Landslide Inventory for NER - 2021),50_DAYS_DIFF,31.77_KM,LOW,FALSE,DIFFERENT_EVENT,PROXIMAL_INDEPENDENT_EVENT,PROXIMAL_INDEPENDENT_EVENT: Independent slope occurrences separated by 31.8 km and 50 days. Roads: '' vs ''.
NEI-2021-SK-003,NEI-2021-SK-018,NESAC-SR-277-2022 (Seasonal Landslide Inventory for NER - 2021),NESAC-SR-277-2022 (Seasonal Landslide Inventory for NER - 2021),31_DAYS_DIFF,36.07_KM,LOW,FALSE,DIFFERENT_EVENT,PROXIMAL_INDEPENDENT_EVENT,PROXIMAL_INDEPENDENT_EVENT: Independent slope occurrences separated by 36.1 km and 31 days. Roads: '' vs 'Bongten-Changay road'.
NEI-2021-SK-004,NEI-2021-SK-005,NESAC-SR-277-2022 (Seasonal Landslide Inventory for NER - 2021),NESAC-SR-277-2022 (Seasonal Landslide Inventory for NER - 2021),EXACT_DATE,9.43_KM,LOW,FALSE,DIFFERENT_EVENT,MULTI_SLOPE_CORRIDOR_CLUSTER,MULTI_SLOPE_CORRIDOR_CLUSTER: Distinct slope failures triggered on same date along corridor (9.4 km apart; Loc A: 'Melli Bazaar' vs Loc B: 'Mamkhola'). Roads: '' vs ''.
NEI-2021-SK-004,NEI-2021-SK-006,NESAC-SR-277-2022 (Seasonal Landslide Inventory for NER - 2021),NESAC-SR-277-2022 (Seasonal Landslide Inventory for NER - 2021),EXACT_DATE,2.23_KM,LOW,FALSE,DIFFERENT_EVENT,MULTI_SLOPE_CORRIDOR_CLUSTER,MULTI_SLOPE_CORRIDOR_CLUSTER: Distinct slope failures triggered on same date along corridor (2.2 km apart; Loc A: 'Melli Bazaar' vs Loc B: 'Melli near'). Roads: '' vs ''.
NEI-2021-SK-004,NEI-2021-SK-007,NESAC-SR-277-2022 (Seasonal Landslide Inventory for NER - 2021),NESAC-SR-277-2022 (Seasonal Landslide Inventory for NER - 2021),82_DAYS_DIFF,30.07_KM,LOW,FALSE,DIFFERENT_EVENT,PROXIMAL_INDEPENDENT_EVENT,PROXIMAL_INDEPENDENT_EVENT: Independent slope occurrences separated by 30.1 km and 82 days. Roads: '' vs ''.
NEI-2021-SK-004,NEI-2021-SK-008,NESAC-SR-277-2022 (Seasonal Landslide Inventory for NER - 2021),NESAC-SR-277-2022 (Seasonal Landslide Inventory for NER - 2021),42_DAYS_DIFF,0.78_KM,HIGH,FALSE,DIFFERENT_EVENT,PROXIMAL_INDEPENDENT_EVENT,PROXIMAL_INDEPENDENT_EVENT: Independent slope occurrences separated by 0.8 km and 42 days. Roads: '' vs ''.
NEI-2021-SK-004,NEI-2021-SK-009,NESAC-SR-277-2022 (Seasonal Landslide Inventory for NER - 2021),NESAC-SR-277-2022 (Seasonal Landslide Inventory for NER - 2021),127_DAYS_DIFF,41.61_KM,LOW,FALSE,DIFFERENT_EVENT,PROXIMAL_INDEPENDENT_EVENT,PROXIMAL_INDEPENDENT_EVENT: Independent slope occurrences separated by 41.6 km and 127 days. Roads: '' vs ''.
NEI-2021-SK-004,NEI-2021-SK-010,NESAC-SR-277-2022 (Seasonal Landslide Inventory for NER - 2021),NESAC-SR-277-2022 (Seasonal Landslide Inventory for NER - 2021),9_DAYS_DIFF,22.99_KM,LOW,FALSE,DIFFERENT_EVENT,PROXIMAL_INDEPENDENT_EVENT,PROXIMAL_INDEPENDENT_EVENT: Independent slope occurrences separated by 23.0 km and 9 days. Roads: '' vs 'La turning-Basilakha Road'.
NEI-2021-SK-004,NEI-2021-SK-011,NESAC-SR-277-2022 (Seasonal Landslide Inventory for NER - 2021),NESAC-SR-277-2022 (Seasonal Landslide Inventory for NER - 2021),1_DAYS_DIFF,30.82_KM,LOW,FALSE,DIFFERENT_EVENT,PROXIMAL_INDEPENDENT_EVENT,PROXIMAL_INDEPENDENT_EVENT: Independent slope occurrences separated by 30.8 km and 1 days. Roads: '' vs ''.
NEI-2021-SK-004,NEI-2021-SK-012,NESAC-SR-277-2022 (Seasonal Landslide Inventory for NER - 2021),NESAC-SR-277-2022 (Seasonal Landslide Inventory for NER - 2021),EXACT_DATE,13.16_KM,MODERATE,FALSE,DIFFERENT_EVENT,MULTI_SLOPE_CORRIDOR_CLUSTER,MULTI_SLOPE_CORRIDOR_CLUSTER: Distinct slope failures triggered on same date along corridor (13.2 km apart; Loc A: 'Melli Bazaar' vs Loc B: 'Between Melli and Jorethang'). Roads: '' vs ''.
NEI-2021-SK-004,NEI-2021-SK-013,NESAC-SR-277-2022 (Seasonal Landslide Inventory for NER - 2021),NESAC-SR-277-2022 (Seasonal Landslide Inventory for NER - 2021),1_DAYS_DIFF,16.90_KM,LOW,FALSE,DIFFERENT_EVENT,PROXIMAL_INDEPENDENT_EVENT,PROXIMAL_INDEPENDENT_EVENT: Independent slope occurrences separated by 16.9 km and 1 days. Roads: '' vs 'NH 10'.
NEI-2021-SK-004,NEI-2021-SK-014,NESAC-SR-277-2022 (Seasonal Landslide Inventory for NER - 2021),NESAC-SR-277-2022 (Seasonal Landslide Inventory for NER - 2021),EXACT_DATE,18.52_KM,LOW,FALSE,DIFFERENT_EVENT,MULTI_SLOPE_CORRIDOR_CLUSTER,MULTI_SLOPE_CORRIDOR_CLUSTER: Distinct slope failures triggered on same date along corridor (18.5 km apart; Loc A: 'Melli Bazaar' vs Loc B: 'Sisney Petrol Pump'). Roads: '' vs 'Joerthang Legship Road -'.
NEI-2021-SK-004,NEI-2021-SK-015,NESAC-SR-277-2022 (Seasonal Landslide Inventory for NER - 2021),NESAC-SR-277-2022 (Seasonal Landslide Inventory for NER - 2021),28_DAYS_DIFF,20.71_KM,LOW,FALSE,DIFFERENT_EVENT,PROXIMAL_INDEPENDENT_EVENT,PROXIMAL_INDEPENDENT_EVENT: Independent slope occurrences separated by 20.7 km and 28 days. Roads: '' vs 'Joerthang Legship Road -'.
NEI-2021-SK-004,NEI-2021-SK-016,NESAC-SR-277-2022 (Seasonal Landslide Inventory for NER - 2021),NESAC-SR-277-2022 (Seasonal Landslide Inventory for NER - 2021),59_DAYS_DIFF,30.32_KM,LOW,FALSE,DIFFERENT_EVENT,PROXIMAL_INDEPENDENT_EVENT,PROXIMAL_INDEPENDENT_EVENT: Independent slope occurrences separated by 30.3 km and 59 days. Roads: '' vs ''.
NEI-2021-SK-004,NEI-2021-SK-017,NESAC-SR-277-2022 (Seasonal Landslide Inventory for NER - 2021),NESAC-SR-277-2022 (Seasonal Landslide Inventory for NER - 2021),51_DAYS_DIFF,31.83_KM,LOW,FALSE,DIFFERENT_EVENT,PROXIMAL_INDEPENDENT_EVENT,PROXIMAL_INDEPENDENT_EVENT: Independent slope occurrences separated by 31.8 km and 51 days. Roads: '' vs ''.
NEI-2021-SK-004,NEI-2021-SK-018,NESAC-SR-277-2022 (Seasonal Landslide Inventory for NER - 2021),NESAC-SR-277-2022 (Seasonal Landslide Inventory for NER - 2021),30_DAYS_DIFF,36.04_KM,LOW,FALSE,DIFFERENT_EVENT,PROXIMAL_INDEPENDENT_EVENT,PROXIMAL_INDEPENDENT_EVENT: Independent slope occurrences separated by 36.0 km and 30 days. Roads: '' vs 'Bongten-Changay road'.
NEI-2021-SK-005,NEI-2021-SK-006,NESAC-SR-277-2022 (Seasonal Landslide Inventory for NER - 2021),NESAC-SR-277-2022 (Seasonal Landslide Inventory for NER - 2021),EXACT_DATE,7.49_KM,MODERATE,FALSE,DIFFERENT_EVENT,MULTI_SLOPE_CORRIDOR_CLUSTER,MULTI_SLOPE_CORRIDOR_CLUSTER: Distinct slope failures triggered on same date along corridor (7.5 km apart; Loc A: 'Mamkhola' vs Loc B: 'Melli near'). Roads: '' vs ''.
NEI-2021-SK-005,NEI-2021-SK-007,NESAC-SR-277-2022 (Seasonal Landslide Inventory for NER - 2021),NESAC-SR-277-2022 (Seasonal Landslide Inventory for NER - 2021),82_DAYS_DIFF,21.61_KM,LOW,FALSE,DIFFERENT_EVENT,PROXIMAL_INDEPENDENT_EVENT,PROXIMAL_INDEPENDENT_EVENT: Independent slope occurrences separated by 21.6 km and 82 days. Roads: '' vs ''.
NEI-2021-SK-005,NEI-2021-SK-008,NESAC-SR-277-2022 (Seasonal Landslide Inventory for NER - 2021),NESAC-SR-277-2022 (Seasonal Landslide Inventory for NER - 2021),42_DAYS_DIFF,8.80_KM,MODERATE,FALSE,DIFFERENT_EVENT,PROXIMAL_INDEPENDENT_EVENT,PROXIMAL_INDEPENDENT_EVENT: Independent slope occurrences separated by 8.8 km and 42 days. Roads: '' vs ''.
NEI-2021-SK-005,NEI-2021-SK-009,NESAC-SR-277-2022 (Seasonal Landslide Inventory for NER - 2021),NESAC-SR-277-2022 (Seasonal Landslide Inventory for NER - 2021),127_DAYS_DIFF,32.44_KM,LOW,FALSE,DIFFERENT_EVENT,PROXIMAL_INDEPENDENT_EVENT,PROXIMAL_INDEPENDENT_EVENT: Independent slope occurrences separated by 32.4 km and 127 days. Roads: '' vs ''.
NEI-2021-SK-005,NEI-2021-SK-010,NESAC-SR-277-2022 (Seasonal Landslide Inventory for NER - 2021),NESAC-SR-277-2022 (Seasonal Landslide Inventory for NER - 2021),9_DAYS_DIFF,14.09_KM,LOW,FALSE,DIFFERENT_EVENT,PROXIMAL_INDEPENDENT_EVENT,PROXIMAL_INDEPENDENT_EVENT: Independent slope occurrences separated by 14.1 km and 9 days. Roads: '' vs 'La turning-Basilakha Road'.
NEI-2021-SK-005,NEI-2021-SK-011,NESAC-SR-277-2022 (Seasonal Landslide Inventory for NER - 2021),NESAC-SR-277-2022 (Seasonal Landslide Inventory for NER - 2021),1_DAYS_DIFF,25.25_KM,LOW,FALSE,DIFFERENT_EVENT,PROXIMAL_INDEPENDENT_EVENT,PROXIMAL_INDEPENDENT_EVENT: Independent slope occurrences separated by 25.2 km and 1 days. Roads: '' vs ''.
NEI-2021-SK-005,NEI-2021-SK-012,NESAC-SR-277-2022 (Seasonal Landslide Inventory for NER - 2021),NESAC-SR-277-2022 (Seasonal Landslide Inventory for NER - 2021),EXACT_DATE,20.69_KM,LOW,FALSE,DIFFERENT_EVENT,MULTI_SLOPE_CORRIDOR_CLUSTER,MULTI_SLOPE_CORRIDOR_CLUSTER: Distinct slope failures triggered on same date along corridor (20.7 km apart; Loc A: 'Mamkhola' vs Loc B: 'Between Melli and Jorethang'). Roads: '' vs ''.
NEI-2021-SK-005,NEI-2021-SK-013,NESAC-SR-277-2022 (Seasonal Landslide Inventory for NER - 2021),NESAC-SR-277-2022 (Seasonal Landslide Inventory for NER - 2021),1_DAYS_DIFF,24.34_KM,MODERATE,FALSE,DIFFERENT_EVENT,PROXIMAL_INDEPENDENT_EVENT,PROXIMAL_INDEPENDENT_EVENT: Independent slope occurrences separated by 24.3 km and 1 days. Roads: '' vs 'NH 10'.
NEI-2021-SK-005,NEI-2021-SK-014,NESAC-SR-277-2022 (Seasonal Landslide Inventory for NER - 2021),NESAC-SR-277-2022 (Seasonal Landslide Inventory for NER - 2021),EXACT_DATE,24.89_KM,LOW,FALSE,DIFFERENT_EVENT,MULTI_SLOPE_CORRIDOR_CLUSTER,MULTI_SLOPE_CORRIDOR_CLUSTER: Distinct slope failures triggered on same date along corridor (24.9 km apart; Loc A: 'Mamkhola' vs Loc B: 'Sisney Petrol Pump'). Roads: '' vs 'Joerthang Legship Road -'.
NEI-2021-SK-005,NEI-2021-SK-015,NESAC-SR-277-2022 (Seasonal Landslide Inventory for NER - 2021),NESAC-SR-277-2022 (Seasonal Landslide Inventory for NER - 2021),28_DAYS_DIFF,23.85_KM,LOW,FALSE,DIFFERENT_EVENT,PROXIMAL_INDEPENDENT_EVENT,PROXIMAL_INDEPENDENT_EVENT: Independent slope occurrences separated by 23.9 km and 28 days. Roads: '' vs 'Joerthang Legship Road -'.
NEI-2021-SK-005,NEI-2021-SK-016,NESAC-SR-277-2022 (Seasonal Landslide Inventory for NER - 2021),NESAC-SR-277-2022 (Seasonal Landslide Inventory for NER - 2021),59_DAYS_DIFF,21.87_KM,LOW,FALSE,DIFFERENT_EVENT,PROXIMAL_INDEPENDENT_EVENT,PROXIMAL_INDEPENDENT_EVENT: Independent slope occurrences separated by 21.9 km and 59 days. Roads: '' vs ''.
NEI-2021-SK-005,NEI-2021-SK-017,NESAC-SR-277-2022 (Seasonal Landslide Inventory for NER - 2021),NESAC-SR-277-2022 (Seasonal Landslide Inventory for NER - 2021),51_DAYS_DIFF,23.52_KM,LOW,FALSE,DIFFERENT_EVENT,PROXIMAL_INDEPENDENT_EVENT,PROXIMAL_INDEPENDENT_EVENT: Independent slope occurrences separated by 23.5 km and 51 days. Roads: '' vs ''.
NEI-2021-SK-005,NEI-2021-SK-018,NESAC-SR-277-2022 (Seasonal Landslide Inventory for NER - 2021),NESAC-SR-277-2022 (Seasonal Landslide Inventory for NER - 2021),30_DAYS_DIFF,39.83_KM,LOW,FALSE,DIFFERENT_EVENT,PROXIMAL_INDEPENDENT_EVENT,PROXIMAL_INDEPENDENT_EVENT: Independent slope occurrences separated by 39.8 km and 30 days. Roads: '' vs 'Bongten-Changay road'.
NEI-2021-SK-006,NEI-2021-SK-007,NESAC-SR-277-2022 (Seasonal Landslide Inventory for NER - 2021),NESAC-SR-277-2022 (Seasonal Landslide Inventory for NER - 2021),82_DAYS_DIFF,27.84_KM,LOW,FALSE,DIFFERENT_EVENT,PROXIMAL_INDEPENDENT_EVENT,PROXIMAL_INDEPENDENT_EVENT: Independent slope occurrences separated by 27.8 km and 82 days. Roads: '' vs ''.
NEI-2021-SK-006,NEI-2021-SK-008,NESAC-SR-277-2022 (Seasonal Landslide Inventory for NER - 2021),NESAC-SR-277-2022 (Seasonal Landslide Inventory for NER - 2021),42_DAYS_DIFF,1.96_KM,MODERATE,FALSE,DIFFERENT_EVENT,PROXIMAL_INDEPENDENT_EVENT,PROXIMAL_INDEPENDENT_EVENT: Independent slope occurrences separated by 2.0 km and 42 days. Roads: '' vs ''.
NEI-2021-SK-006,NEI-2021-SK-009,NESAC-SR-277-2022 (Seasonal Landslide Inventory for NER - 2021),NESAC-SR-277-2022 (Seasonal Landslide Inventory for NER - 2021),127_DAYS_DIFF,39.45_KM,LOW,FALSE,DIFFERENT_EVENT,PROXIMAL_INDEPENDENT_EVENT,PROXIMAL_INDEPENDENT_EVENT: Independent slope occurrences separated by 39.4 km and 127 days. Roads: '' vs ''.
NEI-2021-SK-006,NEI-2021-SK-010,NESAC-SR-277-2022 (Seasonal Landslide Inventory for NER - 2021),NESAC-SR-277-2022 (Seasonal Landslide Inventory for NER - 2021),9_DAYS_DIFF,20.81_KM,LOW,FALSE,DIFFERENT_EVENT,PROXIMAL_INDEPENDENT_EVENT,PROXIMAL_INDEPENDENT_EVENT: Independent slope occurrences separated by 20.8 km and 9 days. Roads: '' vs 'La turning-Basilakha Road'.
NEI-2021-SK-006,NEI-2021-SK-011,NESAC-SR-277-2022 (Seasonal Landslide Inventory for NER - 2021),NESAC-SR-277-2022 (Seasonal Landslide Inventory for NER - 2021),1_DAYS_DIFF,28.75_KM,LOW,FALSE,DIFFERENT_EVENT,PROXIMAL_INDEPENDENT_EVENT,PROXIMAL_INDEPENDENT_EVENT: Independent slope occurrences separated by 28.7 km and 1 days. Roads: '' vs ''.
NEI-2021-SK-006,NEI-2021-SK-012,NESAC-SR-277-2022 (Seasonal Landslide Inventory for NER - 2021),NESAC-SR-277-2022 (Seasonal Landslide Inventory for NER - 2021),EXACT_DATE,13.94_KM,LOW,FALSE,DIFFERENT_EVENT,MULTI_SLOPE_CORRIDOR_CLUSTER,MULTI_SLOPE_CORRIDOR_CLUSTER: Distinct slope failures triggered on same date along corridor (13.9 km apart; Loc A: 'Melli near' vs Loc B: 'Between Melli and Jorethang'). Roads: '' vs ''.
NEI-2021-SK-006,NEI-2021-SK-013,NESAC-SR-277-2022 (Seasonal Landslide Inventory for NER - 2021),NESAC-SR-277-2022 (Seasonal Landslide Inventory for NER - 2021),1_DAYS_DIFF,18.99_KM,MODERATE,FALSE,DIFFERENT_EVENT,PROXIMAL_INDEPENDENT_EVENT,PROXIMAL_INDEPENDENT_EVENT: Independent slope occurrences separated by 19.0 km and 1 days. Roads: '' vs 'NH 10'.
NEI-2021-SK-006,NEI-2021-SK-014,NESAC-SR-277-2022 (Seasonal Landslide Inventory for NER - 2021),NESAC-SR-277-2022 (Seasonal Landslide Inventory for NER - 2021),EXACT_DATE,18.91_KM,LOW,FALSE,DIFFERENT_EVENT,MULTI_SLOPE_CORRIDOR_CLUSTER,MULTI_SLOPE_CORRIDOR_CLUSTER: Distinct slope failures triggered on same date along corridor (18.9 km apart; Loc A: 'Melli near' vs Loc B: 'Sisney Petrol Pump'). Roads: '' vs 'Joerthang Legship Road -'.
NEI-2021-SK-006,NEI-2021-SK-015,NESAC-SR-277-2022 (Seasonal Landslide Inventory for NER - 2021),NESAC-SR-277-2022 (Seasonal Landslide Inventory for NER - 2021),28_DAYS_DIFF,20.12_KM,LOW,FALSE,DIFFERENT_EVENT,PROXIMAL_INDEPENDENT_EVENT,PROXIMAL_INDEPENDENT_EVENT: Independent slope occurrences separated by 20.1 km and 28 days. Roads: '' vs 'Joerthang Legship Road -'.
NEI-2021-SK-006,NEI-2021-SK-016,NESAC-SR-277-2022 (Seasonal Landslide Inventory for NER - 2021),NESAC-SR-277-2022 (Seasonal Landslide Inventory for NER - 2021),59_DAYS_DIFF,28.10_KM,LOW,FALSE,DIFFERENT_EVENT,PROXIMAL_INDEPENDENT_EVENT,PROXIMAL_INDEPENDENT_EVENT: Independent slope occurrences separated by 28.1 km and 59 days. Roads: '' vs ''.
NEI-2021-SK-006,NEI-2021-SK-017,NESAC-SR-277-2022 (Seasonal Landslide Inventory for NER - 2021),NESAC-SR-277-2022 (Seasonal Landslide Inventory for NER - 2021),51_DAYS_DIFF,29.60_KM,LOW,FALSE,DIFFERENT_EVENT,PROXIMAL_INDEPENDENT_EVENT,PROXIMAL_INDEPENDENT_EVENT: Independent slope occurrences separated by 29.6 km and 51 days. Roads: '' vs ''.
NEI-2021-SK-006,NEI-2021-SK-018,NESAC-SR-277-2022 (Seasonal Landslide Inventory for NER - 2021),NESAC-SR-277-2022 (Seasonal Landslide Inventory for NER - 2021),30_DAYS_DIFF,35.76_KM,LOW,FALSE,DIFFERENT_EVENT,PROXIMAL_INDEPENDENT_EVENT,PROXIMAL_INDEPENDENT_EVENT: Independent slope occurrences separated by 35.8 km and 30 days. Roads: '' vs 'Bongten-Changay road'.
NEI-2021-SK-007,NEI-2021-SK-008,NESAC-SR-277-2022 (Seasonal Landslide Inventory for NER - 2021),NESAC-SR-277-2022 (Seasonal Landslide Inventory for NER - 2021),124_DAYS_DIFF,29.64_KM,LOW,FALSE,DIFFERENT_EVENT,PROXIMAL_INDEPENDENT_EVENT,PROXIMAL_INDEPENDENT_EVENT: Independent slope occurrences separated by 29.6 km and 124 days. Roads: '' vs ''.
NEI-2021-SK-007,NEI-2021-SK-009,NESAC-SR-277-2022 (Seasonal Landslide Inventory for NER - 2021),NESAC-SR-277-2022 (Seasonal Landslide Inventory for NER - 2021),209_DAYS_DIFF,13.09_KM,MODERATE,FALSE,DIFFERENT_EVENT,PROXIMAL_INDEPENDENT_EVENT,PROXIMAL_INDEPENDENT_EVENT: Independent slope occurrences separated by 13.1 km and 209 days. Roads: '' vs ''.
NEI-2021-SK-007,NEI-2021-SK-010,NESAC-SR-277-2022 (Seasonal Landslide Inventory for NER - 2021),NESAC-SR-277-2022 (Seasonal Landslide Inventory for NER - 2021),73_DAYS_DIFF,7.78_KM,MODERATE,FALSE,DIFFERENT_EVENT,PROXIMAL_INDEPENDENT_EVENT,PROXIMAL_INDEPENDENT_EVENT: Independent slope occurrences separated by 7.8 km and 73 days. Roads: '' vs 'La turning-Basilakha Road'.
NEI-2021-SK-007,NEI-2021-SK-011,NESAC-SR-277-2022 (Seasonal Landslide Inventory for NER - 2021),NESAC-SR-277-2022 (Seasonal Landslide Inventory for NER - 2021),81_DAYS_DIFF,12.89_KM,MODERATE,FALSE,DIFFERENT_EVENT,PROXIMAL_INDEPENDENT_EVENT,PROXIMAL_INDEPENDENT_EVENT: Independent slope occurrences separated by 12.9 km and 81 days. Roads: '' vs ''.
NEI-2021-SK-007,NEI-2021-SK-012,NESAC-SR-277-2022 (Seasonal Landslide Inventory for NER - 2021),NESAC-SR-277-2022 (Seasonal Landslide Inventory for NER - 2021),82_DAYS_DIFF,36.72_KM,LOW,FALSE,DIFFERENT_EVENT,PROXIMAL_INDEPENDENT_EVENT,PROXIMAL_INDEPENDENT_EVENT: Independent slope occurrences separated by 36.7 km and 82 days. Roads: '' vs ''.
NEI-2021-SK-007,NEI-2021-SK-013,NESAC-SR-277-2022 (Seasonal Landslide Inventory for NER - 2021),NESAC-SR-277-2022 (Seasonal Landslide Inventory for NER - 2021),81_DAYS_DIFF,45.95_KM,LOW,FALSE,DIFFERENT_EVENT,PROXIMAL_INDEPENDENT_EVENT,PROXIMAL_INDEPENDENT_EVENT: Independent slope occurrences separated by 45.9 km and 81 days. Roads: '' vs 'NH 10'.
NEI-2021-SK-007,NEI-2021-SK-014,NESAC-SR-277-2022 (Seasonal Landslide Inventory for NER - 2021),NESAC-SR-277-2022 (Seasonal Landslide Inventory for NER - 2021),82_DAYS_DIFF,38.09_KM,LOW,FALSE,DIFFERENT_EVENT,PROXIMAL_INDEPENDENT_EVENT,PROXIMAL_INDEPENDENT_EVENT: Independent slope occurrences separated by 38.1 km and 82 days. Roads: '' vs 'Joerthang Legship Road -'.
NEI-2021-SK-007,NEI-2021-SK-015,NESAC-SR-277-2022 (Seasonal Landslide Inventory for NER - 2021),NESAC-SR-277-2022 (Seasonal Landslide Inventory for NER - 2021),54_DAYS_DIFF,31.98_KM,LOW,FALSE,DIFFERENT_EVENT,PROXIMAL_INDEPENDENT_EVENT,PROXIMAL_INDEPENDENT_EVENT: Independent slope occurrences separated by 32.0 km and 54 days. Roads: '' vs 'Joerthang Legship Road -'.
NEI-2021-SK-007,NEI-2021-SK-016,NESAC-SR-277-2022 (Seasonal Landslide Inventory for NER - 2021),NESAC-SR-277-2022 (Seasonal Landslide Inventory for NER - 2021),141_DAYS_DIFF,0.26_KM,HIGH,FALSE,DIFFERENT_EVENT,PROXIMAL_INDEPENDENT_EVENT,PROXIMAL_INDEPENDENT_EVENT: Independent slope occurrences separated by 0.3 km and 141 days. Roads: '' vs ''.
NEI-2021-SK-007,NEI-2021-SK-017,NESAC-SR-277-2022 (Seasonal Landslide Inventory for NER - 2021),NESAC-SR-277-2022 (Seasonal Landslide Inventory for NER - 2021),133_DAYS_DIFF,2.08_KM,MODERATE,FALSE,DIFFERENT_EVENT,PROXIMAL_INDEPENDENT_EVENT,PROXIMAL_INDEPENDENT_EVENT: Independent slope occurrences separated by 2.1 km and 133 days. Roads: '' vs ''.
NEI-2021-SK-007,NEI-2021-SK-018,NESAC-SR-277-2022 (Seasonal Landslide Inventory for NER - 2021),NESAC-SR-277-2022 (Seasonal Landslide Inventory for NER - 2021),52_DAYS_DIFF,44.90_KM,LOW,FALSE,DIFFERENT_EVENT,PROXIMAL_INDEPENDENT_EVENT,PROXIMAL_INDEPENDENT_EVENT: Independent slope occurrences separated by 44.9 km and 52 days. Roads: '' vs 'Bongten-Changay road'.
NEI-2021-SK-008,NEI-2021-SK-009,NESAC-SR-277-2022 (Seasonal Landslide Inventory for NER - 2021),NESAC-SR-277-2022 (Seasonal Landslide Inventory for NER - 2021),85_DAYS_DIFF,41.07_KM,LOW,FALSE,DIFFERENT_EVENT,PROXIMAL_INDEPENDENT_EVENT,PROXIMAL_INDEPENDENT_EVENT: Independent slope occurrences separated by 41.1 km and 85 days. Roads: '' vs ''.
NEI-2021-SK-008,NEI-2021-SK-010,NESAC-SR-277-2022 (Seasonal Landslide Inventory for NER - 2021),NESAC-SR-277-2022 (Seasonal Landslide Inventory for NER - 2021),51_DAYS_DIFF,22.49_KM,LOW,FALSE,DIFFERENT_EVENT,PROXIMAL_INDEPENDENT_EVENT,PROXIMAL_INDEPENDENT_EVENT: Independent slope occurrences separated by 22.5 km and 51 days. Roads: '' vs 'La turning-Basilakha Road'.
NEI-2021-SK-008,NEI-2021-SK-011,NESAC-SR-277-2022 (Seasonal Landslide Inventory for NER - 2021),NESAC-SR-277-2022 (Seasonal Landslide Inventory for NER - 2021),43_DAYS_DIFF,30.71_KM,LOW,FALSE,DIFFERENT_EVENT,PROXIMAL_INDEPENDENT_EVENT,PROXIMAL_INDEPENDENT_EVENT: Independent slope occurrences separated by 30.7 km and 43 days. Roads: '' vs ''.
NEI-2021-SK-008,NEI-2021-SK-012,NESAC-SR-277-2022 (Seasonal Landslide Inventory for NER - 2021),NESAC-SR-277-2022 (Seasonal Landslide Inventory for NER - 2021),42_DAYS_DIFF,13.92_KM,LOW,FALSE,DIFFERENT_EVENT,PROXIMAL_INDEPENDENT_EVENT,PROXIMAL_INDEPENDENT_EVENT: Independent slope occurrences separated by 13.9 km and 42 days. Roads: '' vs ''.
NEI-2021-SK-008,NEI-2021-SK-013,NESAC-SR-277-2022 (Seasonal Landslide Inventory for NER - 2021),NESAC-SR-277-2022 (Seasonal Landslide Inventory for NER - 2021),43_DAYS_DIFF,17.03_KM,MODERATE,FALSE,DIFFERENT_EVENT,PROXIMAL_INDEPENDENT_EVENT,PROXIMAL_INDEPENDENT_EVENT: Independent slope occurrences separated by 17.0 km and 43 days. Roads: '' vs 'NH 10'.
NEI-2021-SK-008,NEI-2021-SK-014,NESAC-SR-277-2022 (Seasonal Landslide Inventory for NER - 2021),NESAC-SR-277-2022 (Seasonal Landslide Inventory for NER - 2021),42_DAYS_DIFF,19.24_KM,LOW,FALSE,DIFFERENT_EVENT,PROXIMAL_INDEPENDENT_EVENT,PROXIMAL_INDEPENDENT_EVENT: Independent slope occurrences separated by 19.2 km and 42 days. Roads: '' vs 'Joerthang Legship Road -'.
NEI-2021-SK-008,NEI-2021-SK-015,NESAC-SR-277-2022 (Seasonal Landslide Inventory for NER - 2021),NESAC-SR-277-2022 (Seasonal Landslide Inventory for NER - 2021),70_DAYS_DIFF,21.24_KM,LOW,FALSE,DIFFERENT_EVENT,PROXIMAL_INDEPENDENT_EVENT,PROXIMAL_INDEPENDENT_EVENT: Independent slope occurrences separated by 21.2 km and 70 days. Roads: '' vs 'Joerthang Legship Road -'.
NEI-2021-SK-008,NEI-2021-SK-016,NESAC-SR-277-2022 (Seasonal Landslide Inventory for NER - 2021),NESAC-SR-277-2022 (Seasonal Landslide Inventory for NER - 2021),17_DAYS_DIFF,29.89_KM,LOW,FALSE,DIFFERENT_EVENT,PROXIMAL_INDEPENDENT_EVENT,PROXIMAL_INDEPENDENT_EVENT: Independent slope occurrences separated by 29.9 km and 17 days. Roads: '' vs ''.
NEI-2021-SK-008,NEI-2021-SK-017,NESAC-SR-277-2022 (Seasonal Landslide Inventory for NER - 2021),NESAC-SR-277-2022 (Seasonal Landslide Inventory for NER - 2021),9_DAYS_DIFF,31.42_KM,LOW,FALSE,DIFFERENT_EVENT,PROXIMAL_INDEPENDENT_EVENT,PROXIMAL_INDEPENDENT_EVENT: Independent slope occurrences separated by 31.4 km and 9 days. Roads: '' vs ''.
NEI-2021-SK-008,NEI-2021-SK-018,NESAC-SR-277-2022 (Seasonal Landslide Inventory for NER - 2021),NESAC-SR-277-2022 (Seasonal Landslide Inventory for NER - 2021),72_DAYS_DIFF,36.65_KM,LOW,FALSE,DIFFERENT_EVENT,PROXIMAL_INDEPENDENT_EVENT,PROXIMAL_INDEPENDENT_EVENT: Independent slope occurrences separated by 36.6 km and 72 days. Roads: '' vs 'Bongten-Changay road'.
NEI-2021-SK-009,NEI-2021-SK-010,NESAC-SR-277-2022 (Seasonal Landslide Inventory for NER - 2021),NESAC-SR-277-2022 (Seasonal Landslide Inventory for NER - 2021),136_DAYS_DIFF,18.68_KM,MODERATE,FALSE,DIFFERENT_EVENT,PROXIMAL_INDEPENDENT_EVENT,PROXIMAL_INDEPENDENT_EVENT: Independent slope occurrences separated by 18.7 km and 136 days. Roads: '' vs 'La turning-Basilakha Road'.
NEI-2021-SK-009,NEI-2021-SK-011,NESAC-SR-277-2022 (Seasonal Landslide Inventory for NER - 2021),NESAC-SR-277-2022 (Seasonal Landslide Inventory for NER - 2021),128_DAYS_DIFF,23.78_KM,MODERATE,FALSE,DIFFERENT_EVENT,PROXIMAL_INDEPENDENT_EVENT,PROXIMAL_INDEPENDENT_EVENT: Independent slope occurrences separated by 23.8 km and 128 days. Roads: '' vs ''.
NEI-2021-SK-009,NEI-2021-SK-012,NESAC-SR-277-2022 (Seasonal Landslide Inventory for NER - 2021),NESAC-SR-277-2022 (Seasonal Landslide Inventory for NER - 2021),127_DAYS_DIFF,49.52_KM,LOW,FALSE,DIFFERENT_EVENT,PROXIMAL_INDEPENDENT_EVENT,PROXIMAL_INDEPENDENT_EVENT: Independent slope occurrences separated by 49.5 km and 127 days. Roads: '' vs ''.
NEI-2021-SK-009,NEI-2021-SK-015,NESAC-SR-277-2022 (Seasonal Landslide Inventory for NER - 2021),NESAC-SR-277-2022 (Seasonal Landslide Inventory for NER - 2021),155_DAYS_DIFF,45.03_KM,LOW,FALSE,DIFFERENT_EVENT,PROXIMAL_INDEPENDENT_EVENT,PROXIMAL_INDEPENDENT_EVENT: Independent slope occurrences separated by 45.0 km and 155 days. Roads: '' vs 'Joerthang Legship Road -'.
NEI-2021-SK-009,NEI-2021-SK-016,NESAC-SR-277-2022 (Seasonal Landslide Inventory for NER - 2021),NESAC-SR-277-2022 (Seasonal Landslide Inventory for NER - 2021),68_DAYS_DIFF,12.91_KM,MODERATE,FALSE,DIFFERENT_EVENT,PROXIMAL_INDEPENDENT_EVENT,PROXIMAL_INDEPENDENT_EVENT: Independent slope occurrences separated by 12.9 km and 68 days. Roads: '' vs ''.
NEI-2021-SK-009,NEI-2021-SK-017,NESAC-SR-277-2022 (Seasonal Landslide Inventory for NER - 2021),NESAC-SR-277-2022 (Seasonal Landslide Inventory for NER - 2021),76_DAYS_DIFF,12.42_KM,MODERATE,FALSE,DIFFERENT_EVENT,PROXIMAL_INDEPENDENT_EVENT,PROXIMAL_INDEPENDENT_EVENT: Independent slope occurrences separated by 12.4 km and 76 days. Roads: '' vs ''.
NEI-2021-SK-010,NEI-2021-SK-011,NESAC-SR-277-2022 (Seasonal Landslide Inventory for NER - 2021),NESAC-SR-277-2022 (Seasonal Landslide Inventory for NER - 2021),8_DAYS_DIFF,16.42_KM,MODERATE,FALSE,DIFFERENT_EVENT,PROXIMAL_INDEPENDENT_EVENT,PROXIMAL_INDEPENDENT_EVENT: Independent slope occurrences separated by 16.4 km and 8 days. Roads: 'La turning-Basilakha Road' vs ''.
NEI-2021-SK-010,NEI-2021-SK-012,NESAC-SR-277-2022 (Seasonal Landslide Inventory for NER - 2021),NESAC-SR-277-2022 (Seasonal Landslide Inventory for NER - 2021),9_DAYS_DIFF,31.26_KM,LOW,FALSE,DIFFERENT_EVENT,PROXIMAL_INDEPENDENT_EVENT,PROXIMAL_INDEPENDENT_EVENT: Independent slope occurrences separated by 31.3 km and 9 days. Roads: 'La turning-Basilakha Road' vs ''.
NEI-2021-SK-010,NEI-2021-SK-013,NESAC-SR-277-2022 (Seasonal Landslide Inventory for NER - 2021),NESAC-SR-277-2022 (Seasonal Landslide Inventory for NER - 2021),8_DAYS_DIFF,38.38_KM,LOW,FALSE,DIFFERENT_EVENT,PROXIMAL_INDEPENDENT_EVENT,PROXIMAL_INDEPENDENT_EVENT: Independent slope occurrences separated by 38.4 km and 8 days. Roads: 'La turning-Basilakha Road' vs 'NH 10'.
NEI-2021-SK-010,NEI-2021-SK-014,NESAC-SR-277-2022 (Seasonal Landslide Inventory for NER - 2021),NESAC-SR-277-2022 (Seasonal Landslide Inventory for NER - 2021),9_DAYS_DIFF,33.60_KM,LOW,FALSE,DIFFERENT_EVENT,PROXIMAL_INDEPENDENT_EVENT,PROXIMAL_INDEPENDENT_EVENT: Independent slope occurrences separated by 33.6 km and 9 days. Roads: 'La turning-Basilakha Road' vs 'Joerthang Legship Road -'.
NEI-2021-SK-010,NEI-2021-SK-015,NESAC-SR-277-2022 (Seasonal Landslide Inventory for NER - 2021),NESAC-SR-277-2022 (Seasonal Landslide Inventory for NER - 2021),19_DAYS_DIFF,28.91_KM,LOW,FALSE,DIFFERENT_EVENT,PROXIMAL_INDEPENDENT_EVENT,PROXIMAL_INDEPENDENT_EVENT: Independent slope occurrences separated by 28.9 km and 19 days. Roads: 'La turning-Basilakha Road' vs 'Joerthang Legship Road -'.
NEI-2021-SK-010,NEI-2021-SK-016,NESAC-SR-277-2022 (Seasonal Landslide Inventory for NER - 2021),NESAC-SR-277-2022 (Seasonal Landslide Inventory for NER - 2021),68_DAYS_DIFF,8.04_KM,MODERATE,FALSE,DIFFERENT_EVENT,PROXIMAL_INDEPENDENT_EVENT,PROXIMAL_INDEPENDENT_EVENT: Independent slope occurrences separated by 8.0 km and 68 days. Roads: 'La turning-Basilakha Road' vs ''.
NEI-2021-SK-010,NEI-2021-SK-017,NESAC-SR-277-2022 (Seasonal Landslide Inventory for NER - 2021),NESAC-SR-277-2022 (Seasonal Landslide Inventory for NER - 2021),60_DAYS_DIFF,9.82_KM,MODERATE,FALSE,DIFFERENT_EVENT,PROXIMAL_INDEPENDENT_EVENT,PROXIMAL_INDEPENDENT_EVENT: Independent slope occurrences separated by 9.8 km and 60 days. Roads: 'La turning-Basilakha Road' vs ''.
NEI-2021-SK-010,NEI-2021-SK-018,NESAC-SR-277-2022 (Seasonal Landslide Inventory for NER - 2021),NESAC-SR-277-2022 (Seasonal Landslide Inventory for NER - 2021),21_DAYS_DIFF,43.46_KM,LOW,FALSE,DIFFERENT_EVENT,PROXIMAL_INDEPENDENT_EVENT,PROXIMAL_INDEPENDENT_EVENT: Independent slope occurrences separated by 43.5 km and 21 days. Roads: 'La turning-Basilakha Road' vs 'Bongten-Changay road'.
NEI-2021-SK-011,NEI-2021-SK-012,NESAC-SR-277-2022 (Seasonal Landslide Inventory for NER - 2021),NESAC-SR-277-2022 (Seasonal Landslide Inventory for NER - 2021),1_DAYS_DIFF,32.58_KM,LOW,FALSE,DIFFERENT_EVENT,PROXIMAL_INDEPENDENT_EVENT,PROXIMAL_INDEPENDENT_EVENT: Independent slope occurrences separated by 32.6 km and 1 days. Roads: '' vs ''.
NEI-2021-SK-011,NEI-2021-SK-013,NESAC-SR-277-2022 (Seasonal Landslide Inventory for NER - 2021),NESAC-SR-277-2022 (Seasonal Landslide Inventory for NER - 2021),EXACT_DATE,47.72_KM,LOW,FALSE,DIFFERENT_EVENT,MULTI_SLOPE_CORRIDOR_CLUSTER,MULTI_SLOPE_CORRIDOR_CLUSTER: Distinct slope failures triggered on same date along corridor (47.7 km apart; Loc A: 'Seley ward under Tumin Lingee Constituency' vs Loc B: 'Seti jhora Kalimpong near'). Roads: '' vs 'NH 10'.
NEI-2021-SK-011,NEI-2021-SK-014,NESAC-SR-277-2022 (Seasonal Landslide Inventory for NER - 2021),NESAC-SR-277-2022 (Seasonal Landslide Inventory for NER - 2021),1_DAYS_DIFF,31.93_KM,LOW,FALSE,DIFFERENT_EVENT,PROXIMAL_INDEPENDENT_EVENT,PROXIMAL_INDEPENDENT_EVENT: Independent slope occurrences separated by 31.9 km and 1 days. Roads: '' vs 'Joerthang Legship Road -'.
NEI-2021-SK-011,NEI-2021-SK-015,NESAC-SR-277-2022 (Seasonal Landslide Inventory for NER - 2021),NESAC-SR-277-2022 (Seasonal Landslide Inventory for NER - 2021),27_DAYS_DIFF,24.05_KM,LOW,FALSE,DIFFERENT_EVENT,PROXIMAL_INDEPENDENT_EVENT,PROXIMAL_INDEPENDENT_EVENT: Independent slope occurrences separated by 24.1 km and 27 days. Roads: '' vs 'Joerthang Legship Road -'.
NEI-2021-SK-011,NEI-2021-SK-016,NESAC-SR-277-2022 (Seasonal Landslide Inventory for NER - 2021),NESAC-SR-277-2022 (Seasonal Landslide Inventory for NER - 2021),60_DAYS_DIFF,12.87_KM,MODERATE,FALSE,DIFFERENT_EVENT,PROXIMAL_INDEPENDENT_EVENT,PROXIMAL_INDEPENDENT_EVENT: Independent slope occurrences separated by 12.9 km and 60 days. Roads: '' vs ''.
NEI-2021-SK-011,NEI-2021-SK-017,NESAC-SR-277-2022 (Seasonal Landslide Inventory for NER - 2021),NESAC-SR-277-2022 (Seasonal Landslide Inventory for NER - 2021),52_DAYS_DIFF,12.18_KM,MODERATE,FALSE,DIFFERENT_EVENT,PROXIMAL_INDEPENDENT_EVENT,PROXIMAL_INDEPENDENT_EVENT: Independent slope occurrences separated by 12.2 km and 52 days. Roads: '' vs ''.
NEI-2021-SK-011,NEI-2021-SK-018,NESAC-SR-277-2022 (Seasonal Landslide Inventory for NER - 2021),NESAC-SR-277-2022 (Seasonal Landslide Inventory for NER - 2021),29_DAYS_DIFF,34.07_KM,LOW,FALSE,DIFFERENT_EVENT,PROXIMAL_INDEPENDENT_EVENT,PROXIMAL_INDEPENDENT_EVENT: Independent slope occurrences separated by 34.1 km and 29 days. Roads: '' vs 'Bongten-Changay road'.
NEI-2021-SK-012,NEI-2021-SK-013,NESAC-SR-277-2022 (Seasonal Landslide Inventory for NER - 2021),NESAC-SR-277-2022 (Seasonal Landslide Inventory for NER - 2021),1_DAYS_DIFF,22.28_KM,LOW,FALSE,DIFFERENT_EVENT,PROXIMAL_INDEPENDENT_EVENT,PROXIMAL_INDEPENDENT_EVENT: Independent slope occurrences separated by 22.3 km and 1 days. Roads: '' vs 'NH 10'.
NEI-2021-SK-012,NEI-2021-SK-014,NESAC-SR-277-2022 (Seasonal Landslide Inventory for NER - 2021),NESAC-SR-277-2022 (Seasonal Landslide Inventory for NER - 2021),EXACT_DATE,5.96_KM,LOW,FALSE,DIFFERENT_EVENT,MULTI_SLOPE_CORRIDOR_CLUSTER,MULTI_SLOPE_CORRIDOR_CLUSTER: Distinct slope failures triggered on same date along corridor (6.0 km apart; Loc A: 'Between Melli and Jorethang' vs Loc B: 'Sisney Petrol Pump'). Roads: '' vs 'Joerthang Legship Road -'.
NEI-2021-SK-012,NEI-2021-SK-015,NESAC-SR-277-2022 (Seasonal Landslide Inventory for NER - 2021),NESAC-SR-277-2022 (Seasonal Landslide Inventory for NER - 2021),28_DAYS_DIFF,12.36_KM,LOW,FALSE,DIFFERENT_EVENT,PROXIMAL_INDEPENDENT_EVENT,PROXIMAL_INDEPENDENT_EVENT: Independent slope occurrences separated by 12.4 km and 28 days. Roads: '' vs 'Joerthang Legship Road -'.
NEI-2021-SK-012,NEI-2021-SK-016,NESAC-SR-277-2022 (Seasonal Landslide Inventory for NER - 2021),NESAC-SR-277-2022 (Seasonal Landslide Inventory for NER - 2021),59_DAYS_DIFF,36.94_KM,LOW,FALSE,DIFFERENT_EVENT,PROXIMAL_INDEPENDENT_EVENT,PROXIMAL_INDEPENDENT_EVENT: Independent slope occurrences separated by 36.9 km and 59 days. Roads: '' vs ''.
NEI-2021-SK-012,NEI-2021-SK-017,NESAC-SR-277-2022 (Seasonal Landslide Inventory for NER - 2021),NESAC-SR-277-2022 (Seasonal Landslide Inventory for NER - 2021),51_DAYS_DIFF,38.01_KM,LOW,FALSE,DIFFERENT_EVENT,PROXIMAL_INDEPENDENT_EVENT,PROXIMAL_INDEPENDENT_EVENT: Independent slope occurrences separated by 38.0 km and 51 days. Roads: '' vs ''.
NEI-2021-SK-012,NEI-2021-SK-018,NESAC-SR-277-2022 (Seasonal Landslide Inventory for NER - 2021),NESAC-SR-277-2022 (Seasonal Landslide Inventory for NER - 2021),30_DAYS_DIFF,24.74_KM,LOW,FALSE,DIFFERENT_EVENT,PROXIMAL_INDEPENDENT_EVENT,PROXIMAL_INDEPENDENT_EVENT: Independent slope occurrences separated by 24.7 km and 30 days. Roads: '' vs 'Bongten-Changay road'.
NEI-2021-SK-013,NEI-2021-SK-014,NESAC-SR-277-2022 (Seasonal Landslide Inventory for NER - 2021),NESAC-SR-277-2022 (Seasonal Landslide Inventory for NER - 2021),1_DAYS_DIFF,28.00_KM,LOW,FALSE,DIFFERENT_EVENT,PROXIMAL_INDEPENDENT_EVENT,PROXIMAL_INDEPENDENT_EVENT: Independent slope occurrences separated by 28.0 km and 1 days. Roads: 'NH 10' vs 'Joerthang Legship Road -'.
NEI-2021-SK-013,NEI-2021-SK-015,NESAC-SR-277-2022 (Seasonal Landslide Inventory for NER - 2021),NESAC-SR-277-2022 (Seasonal Landslide Inventory for NER - 2021),27_DAYS_DIFF,34.03_KM,LOW,FALSE,DIFFERENT_EVENT,PROXIMAL_INDEPENDENT_EVENT,PROXIMAL_INDEPENDENT_EVENT: Independent slope occurrences separated by 34.0 km and 27 days. Roads: 'NH 10' vs 'Joerthang Legship Road -'.
NEI-2021-SK-013,NEI-2021-SK-016,NESAC-SR-277-2022 (Seasonal Landslide Inventory for NER - 2021),NESAC-SR-277-2022 (Seasonal Landslide Inventory for NER - 2021),60_DAYS_DIFF,46.21_KM,LOW,FALSE,DIFFERENT_EVENT,PROXIMAL_INDEPENDENT_EVENT,PROXIMAL_INDEPENDENT_EVENT: Independent slope occurrences separated by 46.2 km and 60 days. Roads: 'NH 10' vs ''.
NEI-2021-SK-013,NEI-2021-SK-017,NESAC-SR-277-2022 (Seasonal Landslide Inventory for NER - 2021),NESAC-SR-277-2022 (Seasonal Landslide Inventory for NER - 2021),52_DAYS_DIFF,47.85_KM,LOW,FALSE,DIFFERENT_EVENT,PROXIMAL_INDEPENDENT_EVENT,PROXIMAL_INDEPENDENT_EVENT: Independent slope occurrences separated by 47.8 km and 52 days. Roads: 'NH 10' vs ''.
NEI-2021-SK-013,NEI-2021-SK-018,NESAC-SR-277-2022 (Seasonal Landslide Inventory for NER - 2021),NESAC-SR-277-2022 (Seasonal Landslide Inventory for NER - 2021),29_DAYS_DIFF,46.80_KM,LOW,FALSE,DIFFERENT_EVENT,PROXIMAL_INDEPENDENT_EVENT,PROXIMAL_INDEPENDENT_EVENT: Independent slope occurrences separated by 46.8 km and 29 days. Roads: 'NH 10' vs 'Bongten-Changay road'.
NEI-2021-SK-014,NEI-2021-SK-015,NESAC-SR-277-2022 (Seasonal Landslide Inventory for NER - 2021),NESAC-SR-277-2022 (Seasonal Landslide Inventory for NER - 2021),28_DAYS_DIFF,8.75_KM,MODERATE,FALSE,DIFFERENT_EVENT,PROXIMAL_INDEPENDENT_EVENT,PROXIMAL_INDEPENDENT_EVENT: Independent slope occurrences separated by 8.7 km and 28 days. Roads: 'Joerthang Legship Road -' vs 'Joerthang Legship Road -'.
NEI-2021-SK-014,NEI-2021-SK-016,NESAC-SR-277-2022 (Seasonal Landslide Inventory for NER - 2021),NESAC-SR-277-2022 (Seasonal Landslide Inventory for NER - 2021),59_DAYS_DIFF,38.29_KM,LOW,FALSE,DIFFERENT_EVENT,PROXIMAL_INDEPENDENT_EVENT,PROXIMAL_INDEPENDENT_EVENT: Independent slope occurrences separated by 38.3 km and 59 days. Roads: 'Joerthang Legship Road -' vs ''.
NEI-2021-SK-014,NEI-2021-SK-017,NESAC-SR-277-2022 (Seasonal Landslide Inventory for NER - 2021),NESAC-SR-277-2022 (Seasonal Landslide Inventory for NER - 2021),51_DAYS_DIFF,39.11_KM,LOW,FALSE,DIFFERENT_EVENT,PROXIMAL_INDEPENDENT_EVENT,PROXIMAL_INDEPENDENT_EVENT: Independent slope occurrences separated by 39.1 km and 51 days. Roads: 'Joerthang Legship Road -' vs ''.
NEI-2021-SK-014,NEI-2021-SK-018,NESAC-SR-277-2022 (Seasonal Landslide Inventory for NER - 2021),NESAC-SR-277-2022 (Seasonal Landslide Inventory for NER - 2021),30_DAYS_DIFF,18.84_KM,MODERATE,FALSE,DIFFERENT_EVENT,PROXIMAL_INDEPENDENT_EVENT,PROXIMAL_INDEPENDENT_EVENT: Independent slope occurrences separated by 18.8 km and 30 days. Roads: 'Joerthang Legship Road -' vs 'Bongten-Changay road'.
NEI-2021-SK-015,NEI-2021-SK-016,NESAC-SR-277-2022 (Seasonal Landslide Inventory for NER - 2021),NESAC-SR-277-2022 (Seasonal Landslide Inventory for NER - 2021),87_DAYS_DIFF,32.14_KM,LOW,FALSE,DIFFERENT_EVENT,PROXIMAL_INDEPENDENT_EVENT,PROXIMAL_INDEPENDENT_EVENT: Independent slope occurrences separated by 32.1 km and 87 days. Roads: 'Joerthang Legship Road -' vs ''.
NEI-2021-SK-015,NEI-2021-SK-017,NESAC-SR-277-2022 (Seasonal Landslide Inventory for NER - 2021),NESAC-SR-277-2022 (Seasonal Landslide Inventory for NER - 2021),79_DAYS_DIFF,32.68_KM,LOW,FALSE,DIFFERENT_EVENT,PROXIMAL_INDEPENDENT_EVENT,PROXIMAL_INDEPENDENT_EVENT: Independent slope occurrences separated by 32.7 km and 79 days. Roads: 'Joerthang Legship Road -' vs ''.
NEI-2021-SK-015,NEI-2021-SK-018,NESAC-SR-277-2022 (Seasonal Landslide Inventory for NER - 2021),NESAC-SR-277-2022 (Seasonal Landslide Inventory for NER - 2021),2_DAYS_DIFF,15.98_KM,MODERATE,FALSE,DIFFERENT_EVENT,PROXIMAL_INDEPENDENT_EVENT,PROXIMAL_INDEPENDENT_EVENT: Independent slope occurrences separated by 16.0 km and 2 days. Roads: 'Joerthang Legship Road -' vs 'Bongten-Changay road'.
NEI-2021-SK-015,NEI-2021-TR-001,NESAC-SR-277-2022 (Seasonal Landslide Inventory for NER - 2021),NESAC-SR-277-2022 (Seasonal Landslide Inventory for NER - 2021),1_DAYS_DIFF,545.13_KM,LOW,FALSE,DIFFERENT_EVENT,PROXIMAL_INDEPENDENT_EVENT,PROXIMAL_INDEPENDENT_EVENT: Independent slope occurrences separated by 545.1 km and 1 days. Roads: 'Joerthang Legship Road -' vs ''.
NEI-2021-SK-015,NEI-2021-TR-002,NESAC-SR-277-2022 (Seasonal Landslide Inventory for NER - 2021),NESAC-SR-277-2022 (Seasonal Landslide Inventory for NER - 2021),1_DAYS_DIFF,547.58_KM,LOW,FALSE,DIFFERENT_EVENT,PROXIMAL_INDEPENDENT_EVENT,PROXIMAL_INDEPENDENT_EVENT: Independent slope occurrences separated by 547.6 km and 1 days. Roads: 'Joerthang Legship Road -' vs ''.
NEI-2021-SK-016,NEI-2021-SK-017,NESAC-SR-277-2022 (Seasonal Landslide Inventory for NER - 2021),NESAC-SR-277-2022 (Seasonal Landslide Inventory for NER - 2021),8_DAYS_DIFF,1.84_KM,MODERATE,FALSE,DIFFERENT_EVENT,PROXIMAL_INDEPENDENT_EVENT,PROXIMAL_INDEPENDENT_EVENT: Independent slope occurrences separated by 1.8 km and 8 days. Roads: '' vs ''.
NEI-2021-SK-016,NEI-2021-SK-018,NESAC-SR-277-2022 (Seasonal Landslide Inventory for NER - 2021),NESAC-SR-277-2022 (Seasonal Landslide Inventory for NER - 2021),89_DAYS_DIFF,45.01_KM,LOW,FALSE,DIFFERENT_EVENT,PROXIMAL_INDEPENDENT_EVENT,PROXIMAL_INDEPENDENT_EVENT: Independent slope occurrences separated by 45.0 km and 89 days. Roads: '' vs 'Bongten-Changay road'.
NEI-2021-SK-017,NEI-2021-SK-018,NESAC-SR-277-2022 (Seasonal Landslide Inventory for NER - 2021),NESAC-SR-277-2022 (Seasonal Landslide Inventory for NER - 2021),81_DAYS_DIFF,45.08_KM,LOW,FALSE,DIFFERENT_EVENT,PROXIMAL_INDEPENDENT_EVENT,PROXIMAL_INDEPENDENT_EVENT: Independent slope occurrences separated by 45.1 km and 81 days. Roads: '' vs 'Bongten-Changay road'.
NEI-2021-TR-001,NEI-2021-TR-002,NESAC-SR-277-2022 (Seasonal Landslide Inventory for NER - 2021),NESAC-SR-277-2022 (Seasonal Landslide Inventory for NER - 2021),EXACT_DATE,2.45_KM,MODERATE,FALSE,DIFFERENT_EVENT,MULTI_SLOPE_CORRIDOR_CLUSTER,MULTI_SLOPE_CORRIDOR_CLUSTER: Distinct slope failures triggered on same date along corridor (2.4 km apart; Loc A: 'Sarsima of Belonia in South Tripura area' vs Loc B: 'Jharjhari Village'). Roads: '' vs ''.
