sample_id,label,sample_type,source,slide_no,feature_id,state_code,state,district,latitude,longitude,year,triggering,activity,geomorph,lithology,lulc,area_sqm,geometry_type
LS2014_000001,1,positive,bhuvan_2014,AR/TA/78M10/2014/13,,AR,Arunachal Pradesh,Tawang,27.5925,91.6087,2014,Rainfall,Active,Denudational Hills - Moderately Dissected (DHM),"Gneiss (Sela Group), Palaeoproterozoic",Evergreen / Semi evergreen,1796.0,MultiPolygon
LS2014_000002,1,positive,bhuvan_2014,AR/TA/78M10/2014/19,,AR,Arunachal Pradesh,Tawang,27.5463,91.6645,2014,Rainfall,Active,Denudational Hills - Moderately Dissected (DHM),Schist (Dirang Formation (Lumla Formation) Mesoproterozoic,Evergreen / Semi evergreen,3720.0,MultiPolygon
LS2014_000003,1,positive,bhuvan_2014,AR/TA/78M10/2014/22,,AR,Arunachal Pradesh,Tawang,27.5415,91.6846,2014,Rainfall,Active,Denudational Hills - Moderately Dissected (DHM),Schist (Dirang Formation (Lumla Formation) Mesoproterozoic,Evergreen / Semi evergreen,499.0,MultiPolygon
LS2014_000004,1,positive,bhuvan_2014,AR/TA/78M14/2014/16,,AR,Arunachal Pradesh,Tawang,27.5627,91.8233,2014,Rainfall,Active,Denudational Hills - Moderately Dissected (DHM),Granitoid Gneiss (Ziro Granite Gneiss),Scrub land,9400.0,MultiPolygon
LS2014_000005,1,positive,bhuvan_2014,AR/TA/78M14/2014/17,,AR,Arunachal Pradesh,Tawang,27.5597,91.906,2014,Rainfall,Active,Denudational Slope (DS),Granitoid Gneiss (Ziro Granite Gneiss),Scrub land,233.0,MultiPolygon
LS2014_000006,1,positive,bhuvan_2014,AR/WK/83B05/2014/383,,AR,Arunachal Pradesh,West Kameng,26.9691,92.4361,2014,Rainfall,Active,Structural Hills - Highly Dissected (SHH),Shaly sandstone (Siwalik Super Group),Evergreen / Semi evergreen,866.0,MultiPolygon
LS2014_000007,1,positive,bhuvan_2014,AR/WK/83B05/2014/389,,AR,Arunachal Pradesh,West Kameng,26.9659,92.4404,2014,Rainfall,Active,Structural Hills - Highly Dissected (SHH),Shaly sandstone (Siwalik Super Group),Evergreen / Semi evergreen,180.0,MultiPolygon
LS2014_000008,1,positive,bhuvan_2014,AR/WK/83B05/2014/391,,AR,Arunachal Pradesh,West Kameng,26.9653,92.4402,2014,Rainfall,Active,Structural Hills - Highly Dissected (SHH),Shaly sandstone (Siwalik Super Group),Evergreen / Semi evergreen,353.0,MultiPolygon
LS2014_000009,1,positive,bhuvan_2014,AR/WK/83B05/2014/399,,AR,Arunachal Pradesh,West Kameng,26.9622,92.3212,2014,Rainfall,Active,Structural Hills - Moderately Dissected (SHM),Sandstone with shales (Siwalik Super Group (Lower),Evergreen / Semi evergreen,1587.0,MultiPolygon
LS2014_000010,1,positive,bhuvan_2014,AR/WK/83B05/2014/401,,AR,Arunachal Pradesh,West Kameng,26.962,92.3148,2014,Rainfall,Active,Structural Hills - Less Dissected (SHL),Sandstone with shales (Siwalik Super Group (Lower),Evergreen / Semi evergreen,1517.0,MultiPolygon
LS2014_000011,1,positive,bhuvan_2014,AR/WK/83B05/2014/402,,AR,Arunachal Pradesh,West Kameng,26.9611,92.3712,2014,Rainfall,Active,Structural Hills - Less Dissected (SHL),Sandstone with shales (Siwalik Super Group (Lower),Evergreen / Semi evergreen,2296.0,MultiPolygon
LS2014_000012,1,positive,bhuvan_2014,AR/WK/83B05/2014/404,,AR,Arunachal Pradesh,West Kameng,26.9523,92.3855,2014,Rainfall,Active,Structural Hills - Highly Dissected (SHH),Shaly sandstone (Siwalik Super Group),Evergreen / Semi evergreen,395.0,MultiPolygon
LS2014_000013,1,positive,bhuvan_2014,AR/WK/83B05/2014/406,,AR,Arunachal Pradesh,West Kameng,26.9519,92.3083,2014,Rainfall,Active,Structural Hills - Highly Dissected (SHH),Shaly sandstone (Siwalik Super Group),Evergreen / Semi evergreen,987.0,MultiPolygon
LS2014_000014,1,positive,bhuvan_2014,AR/WK/83B05/2014/407,,AR,Arunachal Pradesh,West Kameng,26.9514,92.3359,2014,Rainfall,Active,Structural Hills - Moderately Dissected (SHM),Sandstone with shales (Siwalik Super Group (Lower),Evergreen / Semi evergreen,216.0,MultiPolygon
LS2014_000015,1,positive,bhuvan_2014,AR/WK/83B05/2014/408,,AR,Arunachal Pradesh,West Kameng,26.9513,92.3357,2014,Rainfall,Active,Structural Hills - Moderately Dissected (SHM),Sandstone with shales (Siwalik Super Group (Lower),Evergreen / Semi evergreen,1637.0,MultiPolygon
LS2014_000016,1,positive,bhuvan_2014,AR/WK/83B05/2014/409,,AR,Arunachal Pradesh,West Kameng,26.9505,92.3928,2014,Rainfall,Active,Structural Hills - Highly Dissected (SHH),Shaly sandstone (Siwalik Super Group),Evergreen / Semi evergreen,276.0,MultiPolygon
LS2014_000017,1,positive,bhuvan_2014,AR/WK/83B05/2014/410,,AR,Arunachal Pradesh,West Kameng,26.9503,92.3133,2014,Rainfall,Active,Structural Hills - Highly Dissected (SHH),Shaly sandstone (Siwalik Super Group),Evergreen / Semi evergreen,297.0,MultiPolygon
LS2014_000018,1,positive,bhuvan_2014,AR/WK/83B05/2014/411,,AR,Arunachal Pradesh,West Kameng,26.9495,92.3259,2014,Rainfall,Active,Denudational Slope (DS),Sandstone with shales (Siwalik Super Group (Lower),Evergreen / Semi evergreen,349.0,MultiPolygon
LS2014_000019,1,positive,bhuvan_2014,AR/WK/83B05/2014/412,,AR,Arunachal Pradesh,West Kameng,26.9466,92.3973,2014,Rainfall,Active,Structural Hills - Highly Dissected (SHH),Shaly sandstone (Siwalik Super Group),Evergreen / Semi evergreen,237.0,MultiPolygon
LS2014_000020,1,positive,bhuvan_2014,AR/WK/83B05/2014/413,,AR,Arunachal Pradesh,West Kameng,26.9466,92.3135,2014,Rainfall,Active,Structural Hills - Highly Dissected (SHH),Shaly sandstone (Siwalik Super Group),Evergreen / Semi evergreen,524.0,MultiPolygon
LS2014_000021,1,positive,bhuvan_2014,AR/WK/83B05/2014/414,,AR,Arunachal Pradesh,West Kameng,26.9443,92.3896,2014,Rainfall,Active,Structural Hills - Highly Dissected (SHH),Shaly sandstone (Siwalik Super Group),Evergreen / Semi evergreen,1653.0,MultiPolygon
LS2014_000022,1,positive,bhuvan_2014,AR/WK/83B05/2014/415,,AR,Arunachal Pradesh,West Kameng,26.9435,92.3407,2014,Rainfall,Active,Structural Hills - Highly Dissected (SHH),Shaly sandstone (Siwalik Super Group),Evergreen / Semi evergreen,402.0,MultiPolygon
LS2014_000023,1,positive,bhuvan_2014,AR/WK/83B05/2014/416,,AR,Arunachal Pradesh,West Kameng,26.9431,92.3536,2014,Rainfall,Active,Structural Hills - Highly Dissected (SHH),Shaly sandstone (Siwalik Super Group),Evergreen / Semi evergreen,131.0,MultiPolygon
LS2014_000024,1,positive,bhuvan_2014,AR/WK/83B05/2014/417,,AR,Arunachal Pradesh,West Kameng,26.9426,92.3583,2014,Rainfall,Active,Structural Hills - Highly Dissected (SHH),Shaly sandstone (Siwalik Super Group),Evergreen / Semi evergreen,219.0,MultiPolygon
LS2014_000025,1,positive,bhuvan_2014,AR/WK/83B05/2014/418,,AR,Arunachal Pradesh,West Kameng,26.942,92.3935,2014,Rainfall,Active,Valley (V),Shaly sandstone (Siwalik Super Group),Evergreen / Semi evergreen,459.0,MultiPolygon
LS2014_000026,1,positive,bhuvan_2014,AR/WK/83B05/2014/419,,AR,Arunachal Pradesh,West Kameng,26.9416,92.3591,2014,Rainfall,Active,Structural Hills - Highly Dissected (SHH),Shaly sandstone (Siwalik Super Group),Evergreen / Semi evergreen,200.0,MultiPolygon
LS2014_000027,1,positive,bhuvan_2014,AR/WK/83B05/2014/420,,AR,Arunachal Pradesh,West Kameng,26.9415,92.3493,2014,Rainfall,Active,Structural Hills - Highly Dissected (SHH),Shaly sandstone (Siwalik Super Group),Evergreen / Semi evergreen,362.0,MultiPolygon
LS2014_000028,1,positive,bhuvan_2014,AR/WK/83B05/2014/422,,AR,Arunachal Pradesh,West Kameng,26.9413,92.3925,2014,Rainfall,Active,Structural Hills - Highly Dissected (SHH),Shaly sandstone (Siwalik Super Group),Evergreen / Semi evergreen,274.0,MultiPolygon
LS2014_000029,1,positive,bhuvan_2014,AR/WK/83B05/2014/423,,AR,Arunachal Pradesh,West Kameng,26.9413,92.3919,2014,Rainfall,Active,Structural Hills - Highly Dissected (SHH),Shaly sandstone (Siwalik Super Group),Evergreen / Semi evergreen,876.0,MultiPolygon
LS2014_000030,1,positive,bhuvan_2014,AR/WK/83B05/2014/424,,AR,Arunachal Pradesh,West Kameng,26.9411,92.3952,2014,Rainfall,Active,Valley (V),Shaly sandstone (Siwalik Super Group),Evergreen / Semi evergreen,221.0,MultiPolygon
LS2014_000031,1,positive,bhuvan_2014,AR/WK/83B05/2014/425,,AR,Arunachal Pradesh,West Kameng,26.9405,92.3415,2014,Rainfall,Active,Structural Hills - Highly Dissected (SHH),Shaly sandstone (Siwalik Super Group),Evergreen / Semi evergreen,860.0,MultiPolygon
LS2014_000032,1,positive,bhuvan_2014,AR/WK/83B05/2014/426,,AR,Arunachal Pradesh,West Kameng,26.9397,92.3531,2014,Rainfall,Active,Structural Hills - Highly Dissected (SHH),Shaly sandstone (Siwalik Super Group),Evergreen / Semi evergreen,223.0,MultiPolygon
LS2014_000033,1,positive,bhuvan_2014,AR/WK/83B05/2014/428,,AR,Arunachal Pradesh,West Kameng,26.9378,92.3548,2014,Rainfall,Active,Structural Hills - Highly Dissected (SHH),Shaly sandstone (Siwalik Super Group),Evergreen / Semi evergreen,270.0,MultiPolygon
LS2014_000034,1,positive,bhuvan_2014,AR/WK/83B05/2014/432,,AR,Arunachal Pradesh,West Kameng,26.9326,92.3766,2014,Rainfall,Active,Structural Hills - Highly Dissected (SHH),Shaly sandstone (Siwalik Super Group),Evergreen / Semi evergreen,220.0,MultiPolygon
LS2014_000035,1,positive,bhuvan_2014,AR/WK/83B05/2014/439,,AR,Arunachal Pradesh,West Kameng,26.9299,92.3992,2014,Rainfall,Active,Structural Hills - Highly Dissected (SHH),"Cement assorted mixture of gravel, sand, silt&clay",Evergreen / Semi evergreen,276.0,MultiPolygon
LS2014_000036,1,positive,bhuvan_2014,AR/WK/83A04/2014/246,,AR,Arunachal Pradesh,West Kameng,27.0962,92.1149,2014,Rainfall,Active,Denudational Hills - Less Dissected (DHL),Granitoid Gneiss (Ziro Granite Gneiss),Evergreen / Semi evergreen,633.0,MultiPolygon
LS2014_000037,1,positive,bhuvan_2014,AR/WK/83A04/2014/247,,AR,Arunachal Pradesh,West Kameng,27.0931,92.1179,2014,Rainfall,Active,Denudational Hills - Less Dissected (DHL),Granitoid Gneiss (Ziro Granite Gneiss),Evergreen / Semi evergreen,5735.0,MultiPolygon
LS2014_000038,1,positive,bhuvan_2014,AR/WK/83A04/2014/155,,AR,Arunachal Pradesh,West Kameng,27.202,92.0841,2014,Rainfall,Active,Denudational Hills - Moderately Dissected (DHM),Schist (Dirang Formation (Lumla Formation) Mesoproterozoic,Evergreen / Semi evergreen,8986.0,MultiPolygon
LS2014_000039,1,positive,bhuvan_2014,AR/WK/83A04/2014/174,,AR,Arunachal Pradesh,West Kameng,27.1951,92.1511,2014,Rainfall,Active,Denudational Hills - Moderately Dissected (DHM),Schist (Dirang Formation (Lumla Formation) Mesoproterozoic,Evergreen / Semi evergreen,700.0,MultiPolygon
LS2014_000040,1,positive,bhuvan_2014,AR/WK/83A04/2014/176,,AR,Arunachal Pradesh,West Kameng,27.1938,92.1461,2014,Rainfall,Active,Denudational Hills - Moderately Dissected (DHM),Schist (Dirang Formation (Lumla Formation) Mesoproterozoic,Evergreen / Semi evergreen,2979.0,MultiPolygon
LS2014_000041,1,positive,bhuvan_2014,AR/WK/83A08/2014/248,,AR,Arunachal Pradesh,West Kameng,27.0912,92.326,2014,Rainfall,Active,Denudational Hills - Moderately Dissected (DHM),"Quartzite (Tenga Formation, Bomdila Group), Palaeoproterozoic",Evergreen / Semi evergreen,13973.0,MultiPolygon
LS2014_000042,1,positive,bhuvan_2014,AR/WK/83A08/2014/249,,AR,Arunachal Pradesh,West Kameng,27.0911,92.326,2014,Rainfall,Active,Denudational Hills - Moderately Dissected (DHM),"Quartzite (Tenga Formation, Bomdila Group), Palaeoproterozoic",Evergreen / Semi evergreen,5452.0,MultiPolygon
LS2014_000043,1,positive,bhuvan_2014,AR/WK/83A08/2014/250,,AR,Arunachal Pradesh,West Kameng,27.0911,92.326,2014,Rainfall,Active,Denudational Hills - Moderately Dissected (DHM),"Quartzite (Tenga Formation, Bomdila Group), Palaeoproterozoic",Evergreen / Semi evergreen,5452.0,MultiPolygon
LS2014_000044,1,positive,bhuvan_2014,AR/WK/83A08/2014/265,,AR,Arunachal Pradesh,West Kameng,27.0695,92.433,2014,Rainfall,Active,Denudational Hills - Moderately Dissected (DHM),Granitoid Gneiss (Ziro Granite Gneiss),Evergreen / Semi evergreen,1252.0,MultiPolygon
LS2014_000045,1,positive,bhuvan_2014,AR/WK/83A08/2014/267,,AR,Arunachal Pradesh,West Kameng,27.0668,92.4102,2014,Rainfall,Active,Denudational Hills - Moderately Dissected (DHM),Granitoid Gneiss (Ziro Granite Gneiss),Evergreen / Semi evergreen,649.0,MultiPolygon
LS2014_000046,1,positive,bhuvan_2014,AR/WK/83A08/2014/268,,AR,Arunachal Pradesh,West Kameng,27.0618,92.4144,2014,Rainfall,Active,Denudational Hills - Moderately Dissected (DHM),Granitoid Gneiss (Ziro Granite Gneiss),Evergreen / Semi evergreen,2620.0,MultiPolygon
LS2014_000047,1,positive,bhuvan_2014,AR/WK/83A08/2014/269,,AR,Arunachal Pradesh,West Kameng,27.0602,92.3901,2014,Rainfall,Active,Denudational Hills - Less Dissected (DHL),Granitoid Gneiss (Ziro Granite Gneiss),Evergreen / Semi evergreen,537.0,MultiPolygon
LS2014_000048,1,positive,bhuvan_2014,AR/WK/83A08/2014/270,,AR,Arunachal Pradesh,West Kameng,27.0562,92.4085,2014,Rainfall,Active,Denudational Hills - Moderately Dissected (DHM),Granitoid Gneiss (Ziro Granite Gneiss),Evergreen / Semi evergreen,434.0,MultiPolygon
LS2014_000049,1,positive,bhuvan_2014,AR/WK/83A08/2014/275,,AR,Arunachal Pradesh,West Kameng,27.0519,92.4425,2014,Rainfall,Active,Denudational Hills - Moderately Dissected (DHM),Granitoid Gneiss (Ziro Granite Gneiss),Evergreen / Semi evergreen,416.0,MultiPolygon
LS2014_000050,1,positive,bhuvan_2014,AR/WK/83A08/2014/280,,AR,Arunachal Pradesh,West Kameng,27.0439,92.3867,2014,Rainfall,Active,Denudational Hills - Moderately Dissected (DHM),Granitoid Gneiss (Ziro Granite Gneiss),Evergreen / Semi evergreen,1102.0,MultiPolygon
LS2014_000051,1,positive,bhuvan_2014,AR/WK/83A08/2014/284,,AR,Arunachal Pradesh,West Kameng,27.0387,92.3171,2014,Rainfall,Active,Denudational Hills - Moderately Dissected (DHM),Granitoid Gneiss (Ziro Granite Gneiss),Evergreen / Semi evergreen,1815.0,MultiPolygon
LS2014_000052,1,positive,bhuvan_2014,AR/WK/83A08/2014/285,,AR,Arunachal Pradesh,West Kameng,27.0345,92.3557,2014,Rainfall,Active,Denudational Hills - Moderately Dissected (DHM),Granitoid Gneiss (Ziro Granite Gneiss),Evergreen / Semi evergreen,308.0,MultiPolygon
LS2014_000053,1,positive,bhuvan_2014,AR/WK/83A08/2014/286,,AR,Arunachal Pradesh,West Kameng,27.0334,92.3323,2014,Rainfall,Active,Denudational Hills - Moderately Dissected (DHM),Granitoid Gneiss (Ziro Granite Gneiss),Evergreen / Semi evergreen,645.0,MultiPolygon
LS2014_000054,1,positive,bhuvan_2014,AR/WK/83A08/2014/287,,AR,Arunachal Pradesh,West Kameng,27.0328,92.425,2014,Rainfall,Active,Structural Hills - Moderately Dissected (SHM),"Shale (Bichom Formation, Gondwana Group)",Evergreen / Semi evergreen,273.0,MultiPolygon
LS2014_000055,1,positive,bhuvan_2014,AR/WK/83A08/2014/288,,AR,Arunachal Pradesh,West Kameng,27.0319,92.4197,2014,Rainfall,Active,Structural Hills - Moderately Dissected (SHM),"Shale (Bichom Formation, Gondwana Group)",Evergreen / Semi evergreen,1182.0,MultiPolygon
LS2014_000056,1,positive,bhuvan_2014,AR/WK/83A08/2014/289,,AR,Arunachal Pradesh,West Kameng,27.0316,92.3577,2014,Rainfall,Active,Denudational Hills - Moderately Dissected (DHM),Granitoid Gneiss (Ziro Granite Gneiss),Evergreen / Semi evergreen,400.0,MultiPolygon
LS2014_000057,1,positive,bhuvan_2014,AR/WK/83A08/2014/290,,AR,Arunachal Pradesh,West Kameng,27.0314,92.3684,2014,Rainfall,Active,Denudational Hills - Moderately Dissected (DHM),Granitoid Gneiss (Ziro Granite Gneiss),Evergreen / Semi evergreen,282.0,MultiPolygon
LS2014_000058,1,positive,bhuvan_2014,AR/WK/83A08/2014/291,,AR,Arunachal Pradesh,West Kameng,27.0307,92.3443,2014,Rainfall,Active,Denudational Hills - Moderately Dissected (DHM),Granitoid Gneiss (Ziro Granite Gneiss),Evergreen / Semi evergreen,1198.0,MultiPolygon
LS2014_000059,1,positive,bhuvan_2014,AR/WK/83A07/2014/39,,AR,Arunachal Pradesh,West Kameng,27.3414,92.3705,2014,Rainfall,Active,Denudational Hills - Moderately Dissected (DHM),Granitoid Gneiss (Ziro Granite Gneiss),Evergreen / Semi evergreen,9935.0,MultiPolygon
LS2014_000060,1,positive,bhuvan_2014,AR/WK/83A07/2014/40,,AR,Arunachal Pradesh,West Kameng,27.3404,92.3202,2014,Rainfall,Active,Denudational Hills - Less Dissected (DHL),Schist (Dirang Formation (Lumla Formation) Mesoproterozoic,Scrub land,3359.0,MultiPolygon
LS2014_000061,1,positive,bhuvan_2014,AR/WK/83A07/2014/12,,AR,Arunachal Pradesh,West Kameng,27.4605,92.4313,2014,Rainfall,Active,Denudational Hills - Moderately Dissected (DHM),Granites (Tourmaline Granite),Evergreen / Semi evergreen,1246.0,MultiPolygon
LS2014_000062,1,positive,bhuvan_2014,AR/WK/83A07/2014/14,,AR,Arunachal Pradesh,West Kameng,27.4321,92.4195,2014,Rainfall,Active,Denudational Hills - Moderately Dissected (DHM),Granitoid Gneiss (Ziro Granite Gneiss),Evergreen / Semi evergreen,634.0,MultiPolygon
LS2014_000063,1,positive,bhuvan_2014,AR/WK/83B09/2014/379,,AR,Arunachal Pradesh,West Kameng,26.9698,92.5603,2014,Rainfall,Active,Structural Hills - Highly Dissected (SHH),"Cement assorted mixture of gravel, sand, silt&clay",Evergreen / Semi evergreen,365.0,MultiPolygon
LS2014_000064,1,positive,bhuvan_2014,AR/WK/83B09/2014/381,,AR,Arunachal Pradesh,West Kameng,26.9695,92.5614,2014,Rainfall,Active,Structural Hills - Highly Dissected (SHH),"Cement assorted mixture of gravel, sand, silt&clay",Evergreen / Semi evergreen,379.0,MultiPolygon
LS2014_000065,1,positive,bhuvan_2014,AR/WK/83B09/2014/385,,AR,Arunachal Pradesh,West Kameng,26.9673,92.5962,2014,Rainfall,Active,Structural Hills - Highly Dissected (SHH),"Cement assorted mixture of gravel, sand, silt&clay",Evergreen / Semi evergreen,345.0,MultiPolygon
LS2014_000066,1,positive,bhuvan_2014,AR/WK/83B09/2014/386,,AR,Arunachal Pradesh,West Kameng,26.9672,92.5883,2014,Rainfall,Active,Structural Hills - Highly Dissected (SHH),"Cement assorted mixture of gravel, sand, silt&clay",Evergreen / Semi evergreen,474.0,MultiPolygon
LS2014_000067,1,positive,bhuvan_2014,AR/WK/83B09/2014/388,,AR,Arunachal Pradesh,West Kameng,26.9661,92.5814,2014,Rainfall,Active,Structural Hills - Highly Dissected (SHH),"Cement assorted mixture of gravel, sand, silt&clay",Evergreen / Semi evergreen,875.0,MultiPolygon
LS2014_000068,1,positive,bhuvan_2014,AR/WK/83B09/2014/390,,AR,Arunachal Pradesh,West Kameng,26.9654,92.5812,2014,Rainfall,Active,Structural Hills - Highly Dissected (SHH),"Cement assorted mixture of gravel, sand, silt&clay",Evergreen / Semi evergreen,175.0,MultiPolygon
LS2014_000069,1,positive,bhuvan_2014,AR/WK/83B09/2014/393,,AR,Arunachal Pradesh,West Kameng,26.9648,92.5854,2014,Rainfall,Active,Structural Hills - Highly Dissected (SHH),"Cement assorted mixture of gravel, sand, silt&clay",Evergreen / Semi evergreen,322.0,MultiPolygon
LS2014_000070,1,positive,bhuvan_2014,AR/EK/83A12/2014/147,,AR,Arunachal Pradesh,East Kameng,27.0866,92.6526,2014,Rainfall,Active,Structural Hills - Moderately Dissected (SHM),Sandstone with shales (Siwalik Super Group (Lower),Evergreen / Semi evergreen,3375.0,MultiPolygon
LS2014_000071,1,positive,bhuvan_2014,AR/EK/83A12/2014/150,,AR,Arunachal Pradesh,East Kameng,27.0853,92.6167,2014,Rainfall,Active,Structural Hills - Moderately Dissected (SHM),Sandstone with shale/coal bands (Bhareli Formation),Evergreen / Semi evergreen,301.0,MultiPolygon
LS2014_000072,1,positive,bhuvan_2014,AR/WK/83A12/2014/255,,AR,Arunachal Pradesh,West Kameng,27.0771,92.5866,2014,Rainfall,Active,Structural Hills - Moderately Dissected (SHM),Sandstone with shale/coal bands (Bhareli Formation),Evergreen / Semi evergreen,851.0,MultiPolygon
LS2014_000073,1,positive,bhuvan_2014,AR/WK/83A12/2014/259,,AR,Arunachal Pradesh,West Kameng,27.074,92.5875,2014,Rainfall,Active,Structural Hills - Moderately Dissected (SHM),Sandstone with shale/coal bands (Bhareli Formation),Evergreen / Semi evergreen,1007.0,MultiPolygon
LS2014_000074,1,positive,bhuvan_2014,AR/WK/83A12/2014/260,,AR,Arunachal Pradesh,West Kameng,27.0736,92.5866,2014,Rainfall,Active,Structural Hills - Moderately Dissected (SHM),Sandstone with shale/coal bands (Bhareli Formation),Evergreen / Semi evergreen,598.0,MultiPolygon
LS2014_000075,1,positive,bhuvan_2014,AR/EK/83A12/2014/162,,AR,Arunachal Pradesh,East Kameng,27.0728,92.6077,2014,Rainfall,Active,Structural Hills - Moderately Dissected (SHM),Sandstone with shale/coal bands (Bhareli Formation),Evergreen / Semi evergreen,3758.0,MultiPolygon
LS2014_000076,1,positive,bhuvan_2014,AR/EK/83A12/2014/163,,AR,Arunachal Pradesh,East Kameng,27.0721,92.5998,2014,Rainfall,Active,Structural Hills - Moderately Dissected (SHM),Sandstone with shale/coal bands (Bhareli Formation),Cuirrent Shifting Cultivation,1358.0,MultiPolygon
LS2014_000077,1,positive,bhuvan_2014,AR/EK/83A12/2014/164,,AR,Arunachal Pradesh,East Kameng,27.0715,92.5994,2014,Rainfall,Active,Structural Hills - Moderately Dissected (SHM),Sandstone with shale/coal bands (Bhareli Formation),Evergreen / Semi evergreen,829.0,MultiPolygon
LS2014_000078,1,positive,bhuvan_2014,AR/WK/83A12/2014/264,,AR,Arunachal Pradesh,West Kameng,27.0697,92.5859,2014,Rainfall,Active,Structural Hills - Moderately Dissected (SHM),Sandstone with shale/coal bands (Bhareli Formation),Evergreen / Semi evergreen,1283.0,MultiPolygon
LS2014_000079,1,positive,bhuvan_2014,AR/WK/83A12/2014/266,,AR,Arunachal Pradesh,West Kameng,27.0668,92.5829,2014,Rainfall,Active,Structural Hills - Moderately Dissected (SHM),Sandstone with shale/coal bands (Bhareli Formation),Evergreen / Semi evergreen,5281.0,MultiPolygon
LS2014_000080,1,positive,bhuvan_2014,AR/EK/83A12/2014/170,,AR,Arunachal Pradesh,East Kameng,27.0547,92.6143,2014,Rainfall,Active,Structural Hills - Moderately Dissected (SHM),Sandstone with shales (Siwalik Super Group (Lower),Evergreen / Semi evergreen,1025.0,MultiPolygon
LS2014_000081,1,positive,bhuvan_2014,AR/WK/83A12/2014/272,,AR,Arunachal Pradesh,West Kameng,27.0534,92.5792,2014,Rainfall,Active,Structural Hills - Moderately Dissected (SHM),Sandstone with shale/coal bands (Bhareli Formation),Evergreen / Semi evergreen,1187.0,MultiPolygon
LS2014_000082,1,positive,bhuvan_2014,AR/WK/83A12/2014/274,,AR,Arunachal Pradesh,West Kameng,27.0521,92.5653,2014,Rainfall,Active,Structural Hills - Moderately Dissected (SHM),Sandstone with shale/coal bands (Bhareli Formation),Evergreen / Semi evergreen,289.0,MultiPolygon
LS2014_000083,1,positive,bhuvan_2014,AR/WK/83A12/2014/276,,AR,Arunachal Pradesh,West Kameng,27.0507,92.589,2014,Rainfall,Active,Structural Hills - Moderately Dissected (SHM),Sandstone with shale/coal bands (Bhareli Formation),Evergreen / Semi evergreen,567.0,MultiPolygon
LS2014_000084,1,positive,bhuvan_2014,AR/WK/83A12/2014/277,,AR,Arunachal Pradesh,West Kameng,27.0507,92.5867,2014,Rainfall,Active,Structural Hills - Moderately Dissected (SHM),Sandstone with shale/coal bands (Bhareli Formation),River / Stream / Canals,293.0,MultiPolygon
LS2014_000085,1,positive,bhuvan_2014,AR/EK/83A12/2014/174,,AR,Arunachal Pradesh,East Kameng,27.0504,92.6895,2014,Rainfall,Active,Structural Hills - Highly Dissected (SHH),"Cement assorted mixture of gravel, sand, silt&clay",Evergreen / Semi evergreen,369.0,MultiPolygon
LS2014_000086,1,positive,bhuvan_2014,AR/WK/83A12/2014/279,,AR,Arunachal Pradesh,West Kameng,27.0463,92.5582,2014,Rainfall,Active,Structural Hills - Moderately Dissected (SHM),Sandstone with shale/coal bands (Bhareli Formation),Evergreen / Semi evergreen,2489.0,MultiPolygon
LS2014_000087,1,positive,bhuvan_2014,AR/EK/83A12/2014/177,,AR,Arunachal Pradesh,East Kameng,27.046,92.633,2014,Rainfall,Active,Structural Hills - Moderately Dissected (SHM),Shaly sandstone (Siwalik Super Group),Evergreen / Semi evergreen,399.0,MultiPolygon
LS2014_000088,1,positive,bhuvan_2014,AR/EK/83A12/2014/179,,AR,Arunachal Pradesh,East Kameng,27.0455,92.6579,2014,Rainfall,Active,Structural Hills - Highly Dissected (SHH),"Cement assorted mixture of gravel, sand, silt&clay",Evergreen / Semi evergreen,687.0,MultiPolygon
LS2014_000089,1,positive,bhuvan_2014,AR/EK/83A12/2014/183,,AR,Arunachal Pradesh,East Kameng,27.0409,92.6324,2014,Rainfall,Active,Structural Hills - Moderately Dissected (SHM),Shaly sandstone (Siwalik Super Group),Evergreen / Semi evergreen,578.0,MultiPolygon
LS2014_000090,1,positive,bhuvan_2014,AR/WK/83A12/2014/283,,AR,Arunachal Pradesh,West Kameng,27.0393,92.5763,2014,Rainfall,Active,Structural Hills - Moderately Dissected (SHM),Sandstone with shale/coal bands (Bhareli Formation),Evergreen / Semi evergreen,1744.0,MultiPolygon
LS2014_000091,1,positive,bhuvan_2014,AR/EK/83A12/2014/190,,AR,Arunachal Pradesh,East Kameng,27.0296,92.652,2014,Rainfall,Active,Structural Hills - Highly Dissected (SHH),"Cement assorted mixture of gravel, sand, silt&clay",Barren Rocky,1476.0,MultiPolygon
LS2014_000092,1,positive,bhuvan_2014,AR/WK/83A12/2014/117,,AR,Arunachal Pradesh,West Kameng,27.2163,92.6251,2014,Rainfall,Active,Denudational Hills - Moderately Dissected (DHM),"Quartzite (Tenga Formation, Bomdila Group), Palaeoproterozoic",Cuirrent Shifting Cultivation,950.0,MultiPolygon
LS2014_000093,1,positive,bhuvan_2014,AR/WK/83A12/2014/140,,AR,Arunachal Pradesh,West Kameng,27.2088,92.6097,2014,Rainfall,Active,Denudational Hills - Moderately Dissected (DHM),"Quartzite (Tenga Formation, Bomdila Group), Palaeoproterozoic",River / Stream / Canals,1355.0,MultiPolygon
LS2014_000094,1,positive,bhuvan_2014,AR/WK/83A12/2014/148,,AR,Arunachal Pradesh,West Kameng,27.2055,92.6039,2014,Rainfall,Active,Denudational Hills - Moderately Dissected (DHM),"Quartzite (Tenga Formation, Bomdila Group), Palaeoproterozoic",River / Stream / Canals,2273.0,MultiPolygon
LS2014_000095,1,positive,bhuvan_2014,AR/WK/83A12/2014/175,,AR,Arunachal Pradesh,West Kameng,27.1942,92.5656,2014,Rainfall,Active,Denudational Hills - Moderately Dissected (DHM),Granitoid Gneiss (Ziro Granite Gneiss),Evergreen / Semi evergreen,382.0,MultiPolygon
LS2014_000096,1,positive,bhuvan_2014,AR/WK/83A12/2014/184,,AR,Arunachal Pradesh,West Kameng,27.1911,92.5651,2014,Rainfall,Active,Denudational Hills - Moderately Dissected (DHM),Granitoid Gneiss (Ziro Granite Gneiss),Evergreen / Semi evergreen,241.0,MultiPolygon
LS2014_000097,1,positive,bhuvan_2014,AR/WK/83A12/2014/193,,AR,Arunachal Pradesh,West Kameng,27.1839,92.5551,2014,Rainfall,Active,Denudational Hills - Moderately Dissected (DHM),Granitoid Gneiss (Ziro Granite Gneiss),Evergreen / Semi evergreen,420.0,MultiPolygon
LS2014_000098,1,positive,bhuvan_2014,AR/WK/83A12/2014/195,,AR,Arunachal Pradesh,West Kameng,27.1824,92.6261,2014,Rainfall,Active,Denudational Hills - Moderately Dissected (DHM),Granitoid Gneiss (Ziro Granite Gneiss),Evergreen / Semi evergreen,385.0,MultiPolygon
LS2014_000099,1,positive,bhuvan_2014,AR/WK/83A12/2014/198,,AR,Arunachal Pradesh,West Kameng,27.1793,92.5842,2014,Rainfall,Active,Denudational Hills - Moderately Dissected (DHM),"Quartzite (Tenga Formation, Bomdila Group), Palaeoproterozoic",Scrub land,317.0,MultiPolygon
LS2014_000100,1,positive,bhuvan_2014,AR/WK/83A12/2014/199,,AR,Arunachal Pradesh,West Kameng,27.1786,92.5838,2014,Rainfall,Active,Denudational Hills - Moderately Dissected (DHM),"Quartzite (Tenga Formation, Bomdila Group), Palaeoproterozoic",Evergreen / Semi evergreen,1502.0,MultiPolygon
LS2014_000101,1,positive,bhuvan_2014,AR/WK/83A12/2014/200,,AR,Arunachal Pradesh,West Kameng,27.1784,92.5835,2014,Rainfall,Active,Denudational Hills - Moderately Dissected (DHM),"Quartzite (Tenga Formation, Bomdila Group), Palaeoproterozoic",Scrub land,881.0,MultiPolygon
LS2014_000102,1,positive,bhuvan_2014,AR/WK/83A12/2014/201,,AR,Arunachal Pradesh,West Kameng,27.1782,92.5778,2014,Rainfall,Active,Denudational Hills - Moderately Dissected (DHM),"Quartzite (Tenga Formation, Bomdila Group), Palaeoproterozoic",Scrub land,2125.0,MultiPolygon
LS2014_000103,1,positive,bhuvan_2014,AR/WK/83A12/2014/202,,AR,Arunachal Pradesh,West Kameng,27.1781,92.58,2014,Rainfall,Active,Denudational Hills - Moderately Dissected (DHM),"Quartzite (Tenga Formation, Bomdila Group), Palaeoproterozoic",Scrub land,1019.0,MultiPolygon
LS2014_000104,1,positive,bhuvan_2014,AR/WK/83A12/2014/203,,AR,Arunachal Pradesh,West Kameng,27.178,92.5797,2014,Rainfall,Active,Denudational Hills - Moderately Dissected (DHM),"Quartzite (Tenga Formation, Bomdila Group), Palaeoproterozoic",Scrub land,278.0,MultiPolygon
LS2014_000105,1,positive,bhuvan_2014,AR/WK/83A12/2014/204,,AR,Arunachal Pradesh,West Kameng,27.1779,92.5805,2014,Rainfall,Active,Denudational Hills - Moderately Dissected (DHM),"Quartzite (Tenga Formation, Bomdila Group), Palaeoproterozoic",Scrub land,615.0,MultiPolygon
LS2014_000106,1,positive,bhuvan_2014,AR/WK/83A12/2014/205,,AR,Arunachal Pradesh,West Kameng,27.1774,92.5813,2014,Rainfall,Active,Denudational Hills - Moderately Dissected (DHM),"Quartzite (Tenga Formation, Bomdila Group), Palaeoproterozoic",Scrub land,425.0,MultiPolygon
LS2014_000107,1,positive,bhuvan_2014,AR/WK/83A12/2014/206,,AR,Arunachal Pradesh,West Kameng,27.1762,92.5762,2014,Rainfall,Active,Denudational Hills - Moderately Dissected (DHM),"Quartzite (Tenga Formation, Bomdila Group), Palaeoproterozoic",Scrub land,508.0,MultiPolygon
LS2014_000108,1,positive,bhuvan_2014,AR/WK/83A12/2014/207,,AR,Arunachal Pradesh,West Kameng,27.1726,92.6054,2014,Rainfall,Active,Denudational Hills - Moderately Dissected (DHM),Granitoid Gneiss (Ziro Granite Gneiss),Evergreen / Semi evergreen,2380.0,MultiPolygon
LS2014_000109,1,positive,bhuvan_2014,AR/WK/83A12/2014/208,,AR,Arunachal Pradesh,West Kameng,27.1695,92.6323,2014,Rainfall,Active,Structural Hills - Moderately Dissected (SHM),"Shale (Bichom Formation, Gondwana Group)",Evergreen / Semi evergreen,839.0,MultiPolygon
LS2014_000110,1,positive,bhuvan_2014,AR/WK/83A12/2014/209,,AR,Arunachal Pradesh,West Kameng,27.1679,92.5601,2014,Rainfall,Active,Denudational Hills - Moderately Dissected (DHM),"Quartzite (Tenga Formation, Bomdila Group), Palaeoproterozoic",Evergreen / Semi evergreen,1137.0,MultiPolygon
LS2014_000111,1,positive,bhuvan_2014,AR/WK/83A12/2014/210,,AR,Arunachal Pradesh,West Kameng,27.1635,92.6111,2014,Rainfall,Active,Denudational Hills - Moderately Dissected (DHM),Granitoid Gneiss (Ziro Granite Gneiss),Evergreen / Semi evergreen,538.0,MultiPolygon
LS2014_000112,1,positive,bhuvan_2014,AR/WK/83A12/2014/211,,AR,Arunachal Pradesh,West Kameng,27.1633,92.5792,2014,Rainfall,Active,Denudational Hills - Moderately Dissected (DHM),Granitoid Gneiss (Ziro Granite Gneiss),Evergreen / Semi evergreen,6588.0,MultiPolygon
LS2014_000113,1,positive,bhuvan_2014,AR/WK/83A12/2014/212,,AR,Arunachal Pradesh,West Kameng,27.1607,92.6004,2014,Rainfall,Active,Denudational Hills - Moderately Dissected (DHM),Granitoid Gneiss (Ziro Granite Gneiss),Evergreen / Semi evergreen,705.0,MultiPolygon
LS2014_000114,1,positive,bhuvan_2014,AR/WK/83A12/2014/213,,AR,Arunachal Pradesh,West Kameng,27.1593,92.6221,2014,Rainfall,Active,Structural Hills - Moderately Dissected (SHM),"Shale (Bichom Formation, Gondwana Group)",Evergreen / Semi evergreen,766.0,MultiPolygon
LS2014_000115,1,positive,bhuvan_2014,AR/WK/83A12/2014/214,,AR,Arunachal Pradesh,West Kameng,27.1589,92.5677,2014,Rainfall,Active,Denudational Hills - Moderately Dissected (DHM),Granitoid Gneiss (Ziro Granite Gneiss),Evergreen / Semi evergreen,437.0,MultiPolygon
LS2014_000116,1,positive,bhuvan_2014,AR/WK/83A12/2014/215,,AR,Arunachal Pradesh,West Kameng,27.1569,92.5808,2014,Rainfall,Active,Denudational Hills - Moderately Dissected (DHM),Granitoid Gneiss (Ziro Granite Gneiss),Evergreen / Semi evergreen,877.0,MultiPolygon
LS2014_000117,1,positive,bhuvan_2014,AR/WK/83A12/2014/216,,AR,Arunachal Pradesh,West Kameng,27.154,92.6448,2014,Rainfall,Active,Structural Hills - Moderately Dissected (SHM),"Shale (Bichom Formation, Gondwana Group)",Evergreen / Semi evergreen,9280.0,MultiPolygon
LS2014_000118,1,positive,bhuvan_2014,AR/WK/83A12/2014/217,,AR,Arunachal Pradesh,West Kameng,27.1533,92.5949,2014,Rainfall,Active,Denudational Hills - Moderately Dissected (DHM),Granitoid Gneiss (Ziro Granite Gneiss),Evergreen / Semi evergreen,1521.0,MultiPolygon
LS2014_000119,1,positive,bhuvan_2014,AR/EK/83A16/2014/144,,AR,Arunachal Pradesh,East Kameng,27.0871,92.9302,2014,Rainfall,Active,Structural Hills - Moderately Dissected (SHM),Sandstone with shales (Siwalik Super Group (Lower),Evergreen / Semi evergreen,616.0,MultiPolygon
LS2014_000120,1,positive,bhuvan_2014,AR/EK/83A16/2014/145,,AR,Arunachal Pradesh,East Kameng,27.0871,92.9284,2014,Rainfall,Active,Structural Hills - Moderately Dissected (SHM),Sandstone with shales (Siwalik Super Group (Lower),River / Stream / Canals,700.0,MultiPolygon
LS2014_000121,1,positive,bhuvan_2014,AR/EK/83A16/2014/152,,AR,Arunachal Pradesh,East Kameng,27.0823,92.8251,2014,Rainfall,Active,Structural Hills - Moderately Dissected (SHM),Shaly sandstone (Siwalik Super Group),Evergreen / Semi evergreen,373.0,MultiPolygon
LS2014_000122,1,positive,bhuvan_2014,AR/EK/83A16/2014/153,,AR,Arunachal Pradesh,East Kameng,27.0822,92.8236,2014,Rainfall,Active,Structural Hills - Moderately Dissected (SHM),Shaly sandstone (Siwalik Super Group),Evergreen / Semi evergreen,1665.0,MultiPolygon
LS2014_000123,1,positive,bhuvan_2014,AR/EK/83A16/2014/155,,AR,Arunachal Pradesh,East Kameng,27.0794,92.8979,2014,Rainfall,Active,Structural Hills - Moderately Dissected (SHM),Sandstone with shales (Siwalik Super Group (Lower),Evergreen / Semi evergreen,1097.0,MultiPolygon
LS2014_000124,1,positive,bhuvan_2014,AR/EK/83A16/2014/156,,AR,Arunachal Pradesh,East Kameng,27.0782,92.8214,2014,Rainfall,Active,Structural Hills - Moderately Dissected (SHM),Shaly sandstone (Siwalik Super Group),Evergreen / Semi evergreen,4792.0,MultiPolygon
LS2014_000125,1,positive,bhuvan_2014,AR/EK/83A16/2014/157,,AR,Arunachal Pradesh,East Kameng,27.0768,92.8246,2014,Rainfall,Active,Structural Hills - Moderately Dissected (SHM),Shaly sandstone (Siwalik Super Group),Evergreen / Semi evergreen,676.0,MultiPolygon
LS2014_000126,1,positive,bhuvan_2014,AR/EK/83A16/2014/158,,AR,Arunachal Pradesh,East Kameng,27.0762,92.8443,2014,Rainfall,Active,Structural Hills - Moderately Dissected (SHM),Shaly sandstone (Siwalik Super Group),Evergreen / Semi evergreen,1362.0,MultiPolygon
LS2014_000127,1,positive,bhuvan_2014,AR/EK/83A16/2014/165,,AR,Arunachal Pradesh,East Kameng,27.0686,92.8156,2014,Rainfall,Active,Structural Hills - Moderately Dissected (SHM),Shaly sandstone (Siwalik Super Group),Barren Rocky,16925.0,MultiPolygon
LS2014_000128,1,positive,bhuvan_2014,AR/WK/83A16/2014/118,,AR,Arunachal Pradesh,West Kameng,27.2162,92.8361,2014,Rainfall,Active,Structural Hills - Moderately Dissected (SHM),"Shale (Bichom Formation, Gondwana Group)",Evergreen / Semi evergreen,288.0,MultiPolygon
LS2014_000129,1,positive,bhuvan_2014,AR/WK/83A16/2014/119,,AR,Arunachal Pradesh,West Kameng,27.2158,92.837,2014,Rainfall,Active,Structural Hills - Moderately Dissected (SHM),"Shale (Bichom Formation, Gondwana Group)",Evergreen / Semi evergreen,149.0,MultiPolygon
LS2014_000130,1,positive,bhuvan_2014,AR/WK/83A16/2014/120,,AR,Arunachal Pradesh,West Kameng,27.2132,92.829,2014,Rainfall,Active,Structural Hills - Moderately Dissected (SHM),Sandstone with shale/coal bands (Bhareli Formation),Evergreen / Semi evergreen,1544.0,MultiPolygon
LS2014_000131,1,positive,bhuvan_2014,AR/WK/83A16/2014/121,,AR,Arunachal Pradesh,West Kameng,27.2129,92.8353,2014,Rainfall,Active,Structural Hills - Moderately Dissected (SHM),Sandstone with shale/coal bands (Bhareli Formation),Evergreen / Semi evergreen,1372.0,MultiPolygon
LS2014_000132,1,positive,bhuvan_2014,AR/WK/83A16/2014/122,,AR,Arunachal Pradesh,West Kameng,27.2128,92.8553,2014,Rainfall,Active,Structural Hills - Moderately Dissected (SHM),Sandstone with shale/coal bands (Bhareli Formation),Evergreen / Semi evergreen,575.0,MultiPolygon
LS2014_000133,1,positive,bhuvan_2014,AR/WK/83A16/2014/123,,AR,Arunachal Pradesh,West Kameng,27.2127,92.8393,2014,Rainfall,Active,Structural Hills - Moderately Dissected (SHM),Sandstone with shale/coal bands (Bhareli Formation),Evergreen / Semi evergreen,453.0,MultiPolygon
LS2014_000134,1,positive,bhuvan_2014,AR/WK/83A16/2014/124,,AR,Arunachal Pradesh,West Kameng,27.2127,92.8337,2014,Rainfall,Active,Structural Hills - Moderately Dissected (SHM),Sandstone with shale/coal bands (Bhareli Formation),Evergreen / Semi evergreen,489.0,MultiPolygon
LS2014_000135,1,positive,bhuvan_2014,AR/WK/83A16/2014/125,,AR,Arunachal Pradesh,West Kameng,27.2124,92.8368,2014,Rainfall,Active,Structural Hills - Moderately Dissected (SHM),Sandstone with shale/coal bands (Bhareli Formation),Evergreen / Semi evergreen,2735.0,MultiPolygon
LS2014_000136,1,positive,bhuvan_2014,AR/WK/83A16/2014/126,,AR,Arunachal Pradesh,West Kameng,27.2124,92.8302,2014,Rainfall,Active,Structural Hills - Moderately Dissected (SHM),Sandstone with shale/coal bands (Bhareli Formation),Evergreen / Semi evergreen,17784.0,MultiPolygon
LS2014_000137,1,positive,bhuvan_2014,AR/WK/83A16/2014/127,,AR,Arunachal Pradesh,West Kameng,27.212,92.8554,2014,Rainfall,Active,Structural Hills - Moderately Dissected (SHM),Sandstone with shale/coal bands (Bhareli Formation),Evergreen / Semi evergreen,1700.0,MultiPolygon
LS2014_000138,1,positive,bhuvan_2014,AR/WK/83A16/2014/128,,AR,Arunachal Pradesh,West Kameng,27.212,92.8355,2014,Rainfall,Active,Structural Hills - Moderately Dissected (SHM),Sandstone with shale/coal bands (Bhareli Formation),Evergreen / Semi evergreen,479.0,MultiPolygon
LS2014_000139,1,positive,bhuvan_2014,AR/WK/83A16/2014/129,,AR,Arunachal Pradesh,West Kameng,27.2119,92.8373,2014,Rainfall,Active,Structural Hills - Moderately Dissected (SHM),Sandstone with shale/coal bands (Bhareli Formation),Evergreen / Semi evergreen,350.0,MultiPolygon
LS2014_000140,1,positive,bhuvan_2014,AR/WK/83A16/2014/130,,AR,Arunachal Pradesh,West Kameng,27.2116,92.8517,2014,Rainfall,Active,Structural Hills - Moderately Dissected (SHM),Sandstone with shale/coal bands (Bhareli Formation),Evergreen / Semi evergreen,1625.0,MultiPolygon
LS2014_000141,1,positive,bhuvan_2014,AR/WK/83A16/2014/131,,AR,Arunachal Pradesh,West Kameng,27.2115,92.8365,2014,Rainfall,Active,Structural Hills - Moderately Dissected (SHM),Sandstone with shale/coal bands (Bhareli Formation),Evergreen / Semi evergreen,457.0,MultiPolygon
LS2014_000142,1,positive,bhuvan_2014,AR/WK/83A16/2014/132,,AR,Arunachal Pradesh,West Kameng,27.2109,92.8539,2014,Rainfall,Active,Structural Hills - Moderately Dissected (SHM),Sandstone with shale/coal bands (Bhareli Formation),Evergreen / Semi evergreen,295.0,MultiPolygon
LS2014_000143,1,positive,bhuvan_2014,AR/WK/83A16/2014/133,,AR,Arunachal Pradesh,West Kameng,27.2106,92.8417,2014,Rainfall,Active,Structural Hills - Moderately Dissected (SHM),Sandstone with shale/coal bands (Bhareli Formation),Evergreen / Semi evergreen,317.0,MultiPolygon
LS2014_000144,1,positive,bhuvan_2014,AR/WK/83A16/2014/134,,AR,Arunachal Pradesh,West Kameng,27.2105,92.8355,2014,Rainfall,Active,Structural Hills - Moderately Dissected (SHM),Sandstone with shale/coal bands (Bhareli Formation),Evergreen / Semi evergreen,13274.0,MultiPolygon
LS2014_000145,1,positive,bhuvan_2014,AR/WK/83A16/2014/135,,AR,Arunachal Pradesh,West Kameng,27.2101,92.8547,2014,Rainfall,Active,Structural Hills - Moderately Dissected (SHM),Sandstone with shale/coal bands (Bhareli Formation),Evergreen / Semi evergreen,401.0,MultiPolygon
LS2014_000146,1,positive,bhuvan_2014,AR/WK/83A16/2014/136,,AR,Arunachal Pradesh,West Kameng,27.2095,92.8221,2014,Rainfall,Active,Structural Hills - Moderately Dissected (SHM),Sandstone with shale/coal bands (Bhareli Formation),Evergreen / Semi evergreen,1496.0,MultiPolygon
LS2014_000147,1,positive,bhuvan_2014,AR/WK/83A16/2014/137,,AR,Arunachal Pradesh,West Kameng,27.2093,92.854,2014,Rainfall,Active,Structural Hills - Moderately Dissected (SHM),Sandstone with shale/coal bands (Bhareli Formation),Evergreen / Semi evergreen,2726.0,MultiPolygon
LS2014_000148,1,positive,bhuvan_2014,AR/WK/83A16/2014/138,,AR,Arunachal Pradesh,West Kameng,27.2091,92.8359,2014,Rainfall,Active,Structural Hills - Moderately Dissected (SHM),Sandstone with shale/coal bands (Bhareli Formation),Evergreen / Semi evergreen,1835.0,MultiPolygon
LS2014_000149,1,positive,bhuvan_2014,AR/WK/83A16/2014/139,,AR,Arunachal Pradesh,West Kameng,27.209,92.8365,2014,Rainfall,Active,Structural Hills - Moderately Dissected (SHM),Sandstone with shale/coal bands (Bhareli Formation),Evergreen / Semi evergreen,673.0,MultiPolygon
LS2014_000150,1,positive,bhuvan_2014,AR/WK/83A16/2014/141,,AR,Arunachal Pradesh,West Kameng,27.2085,92.8359,2014,Rainfall,Active,Structural Hills - Moderately Dissected (SHM),Sandstone with shale/coal bands (Bhareli Formation),Evergreen / Semi evergreen,4471.0,MultiPolygon
LS2014_000151,1,positive,bhuvan_2014,AR/WK/83A16/2014/142,,AR,Arunachal Pradesh,West Kameng,27.2083,92.8537,2014,Rainfall,Active,Structural Hills - Moderately Dissected (SHM),Sandstone with shale/coal bands (Bhareli Formation),Evergreen / Semi evergreen,2646.0,MultiPolygon
LS2014_000152,1,positive,bhuvan_2014,AR/WK/83A16/2014/143,,AR,Arunachal Pradesh,West Kameng,27.2081,92.8233,2014,Rainfall,Active,Structural Hills - Moderately Dissected (SHM),Sandstone with shale/coal bands (Bhareli Formation),Evergreen / Semi evergreen,946.0,MultiPolygon
LS2014_000153,1,positive,bhuvan_2014,AR/WK/83A16/2014/144,,AR,Arunachal Pradesh,West Kameng,27.2077,92.8521,2014,Rainfall,Active,Structural Hills - Moderately Dissected (SHM),Sandstone with shale/coal bands (Bhareli Formation),Evergreen / Semi evergreen,6477.0,MultiPolygon
LS2014_000154,1,positive,bhuvan_2014,AR/WK/83A16/2014/145,,AR,Arunachal Pradesh,West Kameng,27.2075,92.8372,2014,Rainfall,Active,Structural Hills - Moderately Dissected (SHM),Sandstone with shale/coal bands (Bhareli Formation),Evergreen / Semi evergreen,2976.0,MultiPolygon
LS2014_000155,1,positive,bhuvan_2014,AR/WK/83A16/2014/146,,AR,Arunachal Pradesh,West Kameng,27.2074,92.8479,2014,Rainfall,Active,Structural Hills - Moderately Dissected (SHM),Sandstone with shale/coal bands (Bhareli Formation),Evergreen / Semi evergreen,932.0,MultiPolygon
LS2014_000156,1,positive,bhuvan_2014,AR/WK/83A16/2014/147,,AR,Arunachal Pradesh,West Kameng,27.2074,92.8366,2014,Rainfall,Active,Structural Hills - Moderately Dissected (SHM),Sandstone with shale/coal bands (Bhareli Formation),Evergreen / Semi evergreen,937.0,MultiPolygon
LS2014_000157,1,positive,bhuvan_2014,AR/WK/83A16/2014/149,,AR,Arunachal Pradesh,West Kameng,27.2046,92.8523,2014,Rainfall,Active,Structural Hills - Moderately Dissected (SHM),Sandstone with shale/coal bands (Bhareli Formation),Evergreen / Semi evergreen,387.0,MultiPolygon
LS2014_000158,1,positive,bhuvan_2014,AR/WK/83A16/2014/150,,AR,Arunachal Pradesh,West Kameng,27.2032,92.8371,2014,Rainfall,Active,Structural Hills - Moderately Dissected (SHM),Sandstone with shale/coal bands (Bhareli Formation),Evergreen / Semi evergreen,2706.0,MultiPolygon
LS2014_000159,1,positive,bhuvan_2014,AR/WK/83A16/2014/151,,AR,Arunachal Pradesh,West Kameng,27.2027,92.8175,2014,Rainfall,Active,Structural Hills - Moderately Dissected (SHM),Sandstone with shale/coal bands (Bhareli Formation),Evergreen / Semi evergreen,1067.0,MultiPolygon
LS2014_000160,1,positive,bhuvan_2014,AR/EK/83A16/2014/88,,AR,Arunachal Pradesh,East Kameng,27.2026,92.9356,2014,Rainfall,Active,Denudational Hills - Moderately Dissected (DHM),Granitoid Gneiss (Ziro Granite Gneiss),Evergreen / Semi evergreen,612.0,MultiPolygon
LS2014_000161,1,positive,bhuvan_2014,AR/WK/83A16/2014/152,,AR,Arunachal Pradesh,West Kameng,27.2025,92.817,2014,Rainfall,Active,Structural Hills - Moderately Dissected (SHM),Sandstone with shale/coal bands (Bhareli Formation),Evergreen / Semi evergreen,726.0,MultiPolygon
LS2014_000162,1,positive,bhuvan_2014,AR/WK/83A16/2014/153,,AR,Arunachal Pradesh,West Kameng,27.2024,92.8166,2014,Rainfall,Active,Structural Hills - Moderately Dissected (SHM),Sandstone with shale/coal bands (Bhareli Formation),Evergreen / Semi evergreen,720.0,MultiPolygon
LS2014_000163,1,positive,bhuvan_2014,AR/WK/83A16/2014/154,,AR,Arunachal Pradesh,West Kameng,27.2021,92.8197,2014,Rainfall,Active,Structural Hills - Moderately Dissected (SHM),Sandstone with shale/coal bands (Bhareli Formation),Evergreen / Semi evergreen,471.0,MultiPolygon
LS2014_000164,1,positive,bhuvan_2014,AR/WK/83A16/2014/156,,AR,Arunachal Pradesh,West Kameng,27.2014,92.8171,2014,Rainfall,Active,Structural Hills - Moderately Dissected (SHM),Sandstone with shale/coal bands (Bhareli Formation),Evergreen / Semi evergreen,1558.0,MultiPolygon
LS2014_000165,1,positive,bhuvan_2014,AR/WK/83A16/2014/157,,AR,Arunachal Pradesh,West Kameng,27.2013,92.8666,2014,Rainfall,Active,Structural Hills - Moderately Dissected (SHM),Sandstone with shale/coal bands (Bhareli Formation),Evergreen / Semi evergreen,2246.0,MultiPolygon
LS2014_000166,1,positive,bhuvan_2014,AR/WK/83A16/2014/158,,AR,Arunachal Pradesh,West Kameng,27.2012,92.8133,2014,Rainfall,Active,Structural Hills - Moderately Dissected (SHM),Sandstone with shale/coal bands (Bhareli Formation),Evergreen / Semi evergreen,694.0,MultiPolygon
LS2014_000167,1,positive,bhuvan_2014,AR/WK/83A16/2014/159,,AR,Arunachal Pradesh,West Kameng,27.2009,92.8265,2014,Rainfall,Active,Structural Hills - Moderately Dissected (SHM),Sandstone with shale/coal bands (Bhareli Formation),Evergreen / Semi evergreen,1167.0,MultiPolygon
LS2014_000168,1,positive,bhuvan_2014,AR/WK/83A16/2014/160,,AR,Arunachal Pradesh,West Kameng,27.2009,92.8131,2014,Rainfall,Active,Structural Hills - Moderately Dissected (SHM),Sandstone with shale/coal bands (Bhareli Formation),Evergreen / Semi evergreen,165.0,MultiPolygon
LS2014_000169,1,positive,bhuvan_2014,AR/WK/83A16/2014/161,,AR,Arunachal Pradesh,West Kameng,27.2005,92.8149,2014,Rainfall,Active,Structural Hills - Moderately Dissected (SHM),Sandstone with shale/coal bands (Bhareli Formation),Evergreen / Semi evergreen,2053.0,MultiPolygon
LS2014_000170,1,positive,bhuvan_2014,AR/WK/83A16/2014/162,,AR,Arunachal Pradesh,West Kameng,27.2002,92.8253,2014,Rainfall,Active,Structural Hills - Moderately Dissected (SHM),Sandstone with shale/coal bands (Bhareli Formation),Evergreen / Semi evergreen,4263.0,MultiPolygon
LS2014_000171,1,positive,bhuvan_2014,AR/WK/83A16/2014/163,,AR,Arunachal Pradesh,West Kameng,27.1994,92.8201,2014,Rainfall,Active,Structural Hills - Moderately Dissected (SHM),Sandstone with shale/coal bands (Bhareli Formation),Evergreen / Semi evergreen,1906.0,MultiPolygon
LS2014_000172,1,positive,bhuvan_2014,AR/WK/83A16/2014/164,,AR,Arunachal Pradesh,West Kameng,27.1994,92.8115,2014,Rainfall,Active,Structural Hills - Moderately Dissected (SHM),Sandstone with shale/coal bands (Bhareli Formation),Evergreen / Semi evergreen,660.0,MultiPolygon
LS2014_000173,1,positive,bhuvan_2014,AR/WK/83A16/2014/165,,AR,Arunachal Pradesh,West Kameng,27.1992,92.8166,2014,Rainfall,Active,Structural Hills - Moderately Dissected (SHM),Sandstone with shale/coal bands (Bhareli Formation),Evergreen / Semi evergreen,553.0,MultiPolygon
LS2014_000174,1,positive,bhuvan_2014,AR/WK/83A16/2014/166,,AR,Arunachal Pradesh,West Kameng,27.1991,92.8112,2014,Rainfall,Active,Structural Hills - Moderately Dissected (SHM),Sandstone with shale/coal bands (Bhareli Formation),Evergreen / Semi evergreen,383.0,MultiPolygon
LS2014_000175,1,positive,bhuvan_2014,AR/EK/83A16/2014/89,,AR,Arunachal Pradesh,East Kameng,27.198,92.9348,2014,Rainfall,Active,Denudational Hills - Moderately Dissected (DHM),Granitoid Gneiss (Ziro Granite Gneiss),River / Stream / Canals,3257.0,MultiPolygon
LS2014_000176,1,positive,bhuvan_2014,AR/WK/83A16/2014/168,,AR,Arunachal Pradesh,West Kameng,27.1964,92.8267,2014,Rainfall,Active,Structural Hills - Moderately Dissected (SHM),Sandstone with shale/coal bands (Bhareli Formation),Evergreen / Semi evergreen,1544.0,MultiPolygon
LS2014_000177,1,positive,bhuvan_2014,AR/WK/83A16/2014/171,,AR,Arunachal Pradesh,West Kameng,27.196,92.832,2014,Rainfall,Active,Structural Hills - Moderately Dissected (SHM),Sandstone with shale/coal bands (Bhareli Formation),Evergreen / Semi evergreen,1134.0,MultiPolygon
LS2014_000178,1,positive,bhuvan_2014,AR/WK/83A11/2014/42,,AR,Arunachal Pradesh,West Kameng,27.3272,92.6446,2014,Rainfall,Active,Denudational Hills - Moderately Dissected (DHM),Granitoid Gneiss (Ziro Granite Gneiss),Evergreen / Semi evergreen,337.0,MultiPolygon
LS2014_000179,1,positive,bhuvan_2014,AR/WK/83A11/2014/43,,AR,Arunachal Pradesh,West Kameng,27.327,92.6662,2014,Rainfall,Active,Denudational Hills - Less Dissected (DHL),"Quartzite (Tenga Formation, Bomdila Group), Palaeoproterozoic",Scrub Forest,1257.0,MultiPolygon
LS2014_000180,1,positive,bhuvan_2014,AR/WK/83A11/2014/44,,AR,Arunachal Pradesh,West Kameng,27.325,92.6776,2014,Rainfall,Active,Denudational Hills - Less Dissected (DHL),"Quartzite (Tenga Formation, Bomdila Group), Palaeoproterozoic",Evergreen / Semi evergreen,553.0,MultiPolygon
LS2014_000181,1,positive,bhuvan_2014,AR/WK/83A11/2014/45,,AR,Arunachal Pradesh,West Kameng,27.3232,92.6606,2014,Rainfall,Active,Denudational Hills - Less Dissected (DHL),"Quartzite (Tenga Formation, Bomdila Group), Palaeoproterozoic",Scrub Forest,1600.0,MultiPolygon
LS2014_000182,1,positive,bhuvan_2014,AR/WK/83A11/2014/46,,AR,Arunachal Pradesh,West Kameng,27.3218,92.6734,2014,Rainfall,Active,Denudational Hills - Less Dissected (DHL),"Quartzite (Tenga Formation, Bomdila Group), Palaeoproterozoic",Scrub Forest,267.0,MultiPolygon
LS2014_000183,1,positive,bhuvan_2014,AR/WK/83A11/2014/47,,AR,Arunachal Pradesh,West Kameng,27.3218,92.6616,2014,Rainfall,Active,Denudational Hills - Less Dissected (DHL),"Quartzite (Tenga Formation, Bomdila Group), Palaeoproterozoic",Scrub Forest,1388.0,MultiPolygon
LS2014_000184,1,positive,bhuvan_2014,AR/WK/83A11/2014/48,,AR,Arunachal Pradesh,West Kameng,27.3218,92.6582,2014,Rainfall,Active,Denudational Hills - Less Dissected (DHL),"Quartzite (Tenga Formation, Bomdila Group), Palaeoproterozoic",Scrub Forest,304.0,MultiPolygon
LS2014_000185,1,positive,bhuvan_2014,AR/WK/83A11/2014/49,,AR,Arunachal Pradesh,West Kameng,27.3218,92.6543,2014,Rainfall,Active,Denudational Hills - Less Dissected (DHL),"Quartzite (Tenga Formation, Bomdila Group), Palaeoproterozoic",Scrub Forest,674.0,MultiPolygon
LS2014_000186,1,positive,bhuvan_2014,AR/WK/83A11/2014/52,,AR,Arunachal Pradesh,West Kameng,27.2933,92.6732,2014,Rainfall,Active,Valley (V),"Quartzite (Tenga Formation, Bomdila Group), Palaeoproterozoic",Evergreen / Semi evergreen,965.0,MultiPolygon
LS2014_000187,1,positive,bhuvan_2014,AR/EK/83A15/2014/67,,AR,Arunachal Pradesh,East Kameng,27.344,92.8331,2014,Rainfall,Active,Denudational Hills - Moderately Dissected (DHM),"Quartzite (Tenga Formation, Bomdila Group), Palaeoproterozoic",Evergreen / Semi evergreen,1278.0,MultiPolygon
LS2014_000188,1,positive,bhuvan_2014,AR/EK/83A15/2014/69,,AR,Arunachal Pradesh,East Kameng,27.2794,92.9123,2014,Rainfall,Active,Denudational Hills - Moderately Dissected (DHM),"Quartzite (Tenga Formation, Bomdila Group), Palaeoproterozoic",Evergreen / Semi evergreen,213.0,MultiPolygon
LS2014_000189,1,positive,bhuvan_2014,AR/EK/83A15/2014/52,,AR,Arunachal Pradesh,East Kameng,27.4361,92.8378,2014,Rainfall,Active,Denudational Hills - Moderately Dissected (DHM),"Quartzite (Tenga Formation, Bomdila Group), Palaeoproterozoic",Evergreen / Semi evergreen,298.0,MultiPolygon
LS2014_000190,1,positive,bhuvan_2014,AR/EK/83A15/2014/53,,AR,Arunachal Pradesh,East Kameng,27.4345,92.8359,2014,Rainfall,Active,Denudational Hills - Moderately Dissected (DHM),"Quartzite (Tenga Formation, Bomdila Group), Palaeoproterozoic",Evergreen / Semi evergreen,881.0,MultiPolygon
LS2014_000191,1,positive,bhuvan_2014,AR/EK/83A15/2014/54,,AR,Arunachal Pradesh,East Kameng,27.4269,92.8551,2014,Rainfall,Active,Denudational Hills - Moderately Dissected (DHM),Granitoid Gneiss (Ziro Granite Gneiss),Evergreen / Semi evergreen,1229.0,MultiPolygon
LS2014_000192,1,positive,bhuvan_2014,AR/EK/83A15/2014/55,,AR,Arunachal Pradesh,East Kameng,27.4264,92.8566,2014,Rainfall,Active,Denudational Hills - Moderately Dissected (DHM),Granitoid Gneiss (Ziro Granite Gneiss),Evergreen / Semi evergreen,378.0,MultiPolygon
LS2014_000193,1,positive,bhuvan_2014,AR/EK/83A15/2014/56,,AR,Arunachal Pradesh,East Kameng,27.4064,92.8627,2014,Rainfall,Active,Denudational Hills - Moderately Dissected (DHM),Granitoid Gneiss (Ziro Granite Gneiss),Evergreen / Semi evergreen,1294.0,MultiPolygon
LS2014_000194,1,positive,bhuvan_2014,AR/EK/83A15/2014/57,,AR,Arunachal Pradesh,East Kameng,27.4059,92.9087,2014,Rainfall,Active,Denudational Hills - Moderately Dissected (DHM),Granitoid Gneiss (Ziro Granite Gneiss),Evergreen / Semi evergreen,715.0,MultiPolygon
LS2014_000195,1,positive,bhuvan_2014,AR/EK/83A14/2014/48,,AR,Arunachal Pradesh,East Kameng,27.5929,92.8104,2014,Rainfall,Active,Denudational Hills - Moderately Dissected (DHM),"Quartzite (Tenga Formation, Bomdila Group), Palaeoproterozoic",Evergreen / Semi evergreen,4162.0,MultiPolygon
LS2014_000196,1,positive,bhuvan_2014,AR/EK/83A14/2014/49,,AR,Arunachal Pradesh,East Kameng,27.5727,92.8453,2014,Rainfall,Active,Denudational Hills - Moderately Dissected (DHM),Granitoid Gneiss (Ziro Granite Gneiss),Evergreen / Semi evergreen,856.0,MultiPolygon
LS2014_000197,1,positive,bhuvan_2014,AR/EK/83A14/2014/34,,AR,Arunachal Pradesh,East Kameng,27.7194,92.8643,2014,Rainfall,Active,Denudational Hills - Moderately Dissected (DHM),Granitoid Gneiss (Ziro Granite Gneiss),Evergreen / Semi evergreen,466.0,MultiPolygon
LS2014_000198,1,positive,bhuvan_2014,AR/EK/83A14/2014/35,,AR,Arunachal Pradesh,East Kameng,27.7193,92.8622,2014,Rainfall,Active,Denudational Hills - Moderately Dissected (DHM),Granitoid Gneiss (Ziro Granite Gneiss),Evergreen / Semi evergreen,2112.0,MultiPolygon
LS2014_000199,1,positive,bhuvan_2014,AR/EK/83A14/2014/36,,AR,Arunachal Pradesh,East Kameng,27.7192,92.865,2014,Rainfall,Active,Denudational Hills - Moderately Dissected (DHM),Granitoid Gneiss (Ziro Granite Gneiss),Evergreen / Semi evergreen,879.0,MultiPolygon
LS2014_000200,1,positive,bhuvan_2014,AR/EK/83A14/2014/41,,AR,Arunachal Pradesh,East Kameng,27.711,92.859,2014,Rainfall,Active,Denudational Hills - Moderately Dissected (DHM),Granitoid Gneiss (Ziro Granite Gneiss),Evergreen / Semi evergreen,2132.0,MultiPolygon
LS2014_000201,1,positive,bhuvan_2014,AR/EK/83A14/2014/44,,AR,Arunachal Pradesh,East Kameng,27.6599,92.8665,2014,Rainfall,Active,Denudational Hills - Moderately Dissected (DHM),Granitoid Gneiss (Ziro Granite Gneiss),Evergreen / Semi evergreen,539.0,MultiPolygon
LS2014_000202,1,positive,bhuvan_2014,AR/EK/83A13/2014/10,,AR,Arunachal Pradesh,East Kameng,27.8425,92.9239,2014,Rainfall,Active,Denudational Hills - Moderately Dissected (DHM),Schist (Dirang Formation (Lumla Formation) Mesoproterozoic,Evergreen / Semi evergreen,10438.0,MultiPolygon
LS2014_000203,1,positive,bhuvan_2014,AR/EK/83A13/2014/11,,AR,Arunachal Pradesh,East Kameng,27.8409,92.9238,2014,Rainfall,Active,Denudational Hills - Moderately Dissected (DHM),Schist (Dirang Formation (Lumla Formation) Mesoproterozoic,Evergreen / Semi evergreen,1659.0,MultiPolygon
LS2014_000204,1,positive,bhuvan_2014,AR/EK/83A13/2014/19,,AR,Arunachal Pradesh,East Kameng,27.7851,92.8677,2014,Rainfall,Active,Denudational Hills - Less Dissected (DHL),Schist (Dirang Formation (Lumla Formation) Mesoproterozoic,Evergreen / Semi evergreen,2753.0,MultiPolygon
LS2014_000205,1,positive,bhuvan_2014,AR/EK/83F05/2014/228,,AR,Arunachal Pradesh,East Kameng,26.9686,93.343,2014,Rainfall,Active,Structural Hills - Moderately Dissected (SHM),Shaly sandstone (Siwalik Super Group),Evergreen / Semi evergreen,5569.0,MultiPolygon
LS2014_000206,1,positive,bhuvan_2014,AR/EK/83F05/2014/229,,AR,Arunachal Pradesh,East Kameng,26.9672,93.3162,2014,Rainfall,Active,Structural Hills - Moderately Dissected (SHM),Shaly sandstone (Siwalik Super Group),Evergreen / Semi evergreen,488.0,MultiPolygon
LS2014_000207,1,positive,bhuvan_2014,AR/EK/83F05/2014/231,,AR,Arunachal Pradesh,East Kameng,26.9664,93.3397,2014,Rainfall,Active,Structural Hills - Moderately Dissected (SHM),Shaly sandstone (Siwalik Super Group),Barren Rocky,1464.0,MultiPolygon
LS2014_000208,1,positive,bhuvan_2014,AR/EK/83F05/2014/236,,AR,Arunachal Pradesh,East Kameng,26.9634,93.3195,2014,Rainfall,Active,Structural Hills - Moderately Dissected (SHM),Shaly sandstone (Siwalik Super Group),Evergreen / Semi evergreen,1318.0,MultiPolygon
LS2014_000209,1,positive,bhuvan_2014,AR/EK/83E04/2014/176,,AR,Arunachal Pradesh,East Kameng,27.0465,93.0655,2014,Rainfall,Active,Structural Hills - Moderately Dissected (SHM),Sandstone with shales (Siwalik Super Group (Lower),Evergreen / Semi evergreen,560.0,MultiPolygon
LS2014_000210,1,positive,bhuvan_2014,AR/EK/83E04/2014/87,,AR,Arunachal Pradesh,East Kameng,27.2173,93.0921,2014,Rainfall,Active,Denudational Hills - Less Dissected (DHL),Granitoid Gneiss (Ziro Granite Gneiss),Evergreen / Semi evergreen,5515.0,MultiPolygon
LS2014_000211,1,positive,bhuvan_2014,AR/PA/83E08/2014/212,,AR,Arunachal Pradesh,Papumpare,27.0712,93.4409,2014,Rainfall,Active,Structural Hills - Moderately Dissected (SHM),Shaly sandstone (Siwalik Super Group),Evergreen / Semi evergreen,1106.0,MultiPolygon
LS2014_000212,1,positive,bhuvan_2014,AR/EK/83E08/2014/169,,AR,Arunachal Pradesh,East Kameng,27.0549,93.325,2014,Rainfall,Active,Structural Hills - Less Dissected (SHL),Shaly sandstone (Siwalik Super Group),Evergreen / Semi evergreen,307.0,MultiPolygon
LS2014_000213,1,positive,bhuvan_2014,AR/EK/83E08/2014/186,,AR,Arunachal Pradesh,East Kameng,27.0346,93.3241,2014,Rainfall,Active,Structural Hills - Highly Dissected (SHH),Shaly sandstone (Siwalik Super Group),Evergreen / Semi evergreen,517.0,MultiPolygon
LS2014_000214,1,positive,bhuvan_2014,AR/PA/83E08/2014/219,,AR,Arunachal Pradesh,Papumpare,27.0336,93.4332,2014,Rainfall,Active,Structural Hills - Less Dissected (SHL),Shaly sandstone (Siwalik Super Group),Evergreen / Semi evergreen,810.0,MultiPolygon
LS2014_000215,1,positive,bhuvan_2014,AR/PA/83E08/2014/221,,AR,Arunachal Pradesh,Papumpare,27.0293,93.3458,2014,Rainfall,Active,Structural Hills - Less Dissected (SHL),"Cement assorted mixture of gravel, sand, silt&clay",Evergreen / Semi evergreen,371.0,MultiPolygon
LS2014_000216,1,positive,bhuvan_2014,AR/PA/83E08/2014/140,,AR,Arunachal Pradesh,Papumpare,27.2172,93.3285,2014,Rainfall,Active,Denudational Hills - Moderately Dissected (DHM),Granitoid Gneiss (Ziro Granite Gneiss),Cuirrent Shifting Cultivation,4759.0,MultiPolygon
LS2014_000217,1,positive,bhuvan_2014,AR/EK/83E03/2014/68,,AR,Arunachal Pradesh,East Kameng,27.299,93.0971,2014,Rainfall,Active,Denudational Hills - Moderately Dissected (DHM),"Granites (Biotite Granite), Proterozoic",Evergreen / Semi evergreen,18245.0,MultiPolygon
LS2014_000218,1,positive,bhuvan_2014,AR/EK/83E01/2014/13,,AR,Arunachal Pradesh,East Kameng,27.8252,93.0642,2014,Rainfall,Active,Snow Cover (SC),Granitoid Gneiss (Ziro Granite Gneiss),Scrub land,306.0,MultiPolygon
LS2014_000219,1,positive,bhuvan_2014,AR/EK/83E01/2014/14,,AR,Arunachal Pradesh,East Kameng,27.825,93.0626,2014,Rainfall,Active,Denudational Hills - Moderately Dissected (DHM),Granitoid Gneiss (Ziro Granite Gneiss),Scrub land,126.0,MultiPolygon
LS2014_000220,1,positive,bhuvan_2014,AR/EK/83E01/2014/15,,AR,Arunachal Pradesh,East Kameng,27.8243,93.0624,2014,Rainfall,Active,Denudational Hills - Moderately Dissected (DHM),Granitoid Gneiss (Ziro Granite Gneiss),Scrub land,145.0,MultiPolygon
LS2014_000221,1,positive,bhuvan_2014,AR/KK/83E01/2014/17,,AR,Arunachal Pradesh,Kurung Kumey,27.968,93.0683,2014,Rainfall,Active,Denudational Hills - Moderately Dissected (DHM),Granitoid Gneiss (Ziro Granite Gneiss),Evergreen / Semi evergreen,313.0,MultiPolygon
LS2014_000222,1,positive,bhuvan_2014,AR/KK/83E01/2014/18,,AR,Arunachal Pradesh,Kurung Kumey,27.9663,93.0834,2014,Rainfall,Active,Denudational Hills - Moderately Dissected (DHM),Granitoid Gneiss (Ziro Granite Gneiss),Evergreen / Semi evergreen,1353.0,MultiPolygon
LS2014_000223,1,positive,bhuvan_2014,AR/KK/83E01/2014/19,,AR,Arunachal Pradesh,Kurung Kumey,27.9618,93.0565,2014,Rainfall,Active,Denudational Hills - Moderately Dissected (DHM),Granitoid Gneiss (Ziro Granite Gneiss),Cuirrent Shifting Cultivation,613.0,MultiPolygon
LS2014_000224,1,positive,bhuvan_2014,AR/KK/83E01/2014/21,,AR,Arunachal Pradesh,Kurung Kumey,27.9605,93.0563,2014,Rainfall,Active,Denudational Hills - Moderately Dissected (DHM),Granitoid Gneiss (Ziro Granite Gneiss),Cuirrent Shifting Cultivation,980.0,MultiPolygon
LS2014_000225,1,positive,bhuvan_2014,AR/KK/83E01/2014/22,,AR,Arunachal Pradesh,Kurung Kumey,27.9603,93.0782,2014,Rainfall,Active,Denudational Hills - Moderately Dissected (DHM),Granitoid Gneiss (Ziro Granite Gneiss),Evergreen / Semi evergreen,294.0,MultiPolygon
LS2014_000226,1,positive,bhuvan_2014,AR/PA/83F09/2014/288,,AR,Arunachal Pradesh,Papumpare,26.9677,93.5655,2014,Rainfall,Active,Structural Hills - Highly Dissected (SHH),"Cement assorted mixture of gravel, sand, silt&clay",Evergreen / Semi evergreen,421.0,MultiPolygon
LS2014_000227,1,positive,bhuvan_2014,AR/PA/83E12/2014/213,,AR,Arunachal Pradesh,Papumpare,27.0653,93.665,2014,Rainfall,Active,Structural Hills - Highly Dissected (SHH),"Cement assorted mixture of gravel, sand, silt&clay",Evergreen / Semi evergreen,1808.0,MultiPolygon
LS2014_000228,1,positive,bhuvan_2014,AR/PA/83E12/2014/216,,AR,Arunachal Pradesh,Papumpare,27.0585,93.6493,2014,Rainfall,Active,Structural Hills - Highly Dissected (SHH),"Cement assorted mixture of gravel, sand, silt&clay",Evergreen / Semi evergreen,397.0,MultiPolygon
LS2014_000229,1,positive,bhuvan_2014,AR/PA/83E12/2014/217,,AR,Arunachal Pradesh,Papumpare,27.0554,93.6477,2014,Rainfall,Active,Structural Hills - Highly Dissected (SHH),"Cement assorted mixture of gravel, sand, silt&clay",Evergreen / Semi evergreen,523.0,MultiPolygon
LS2014_000230,1,positive,bhuvan_2014,AR/PA/83E12/2014/144,,AR,Arunachal Pradesh,Papumpare,27.2131,93.5845,2014,Rainfall,Active,Denudational Hills - Moderately Dissected (DHM),Granitoid Gneiss (Ziro Granite Gneiss),Scrub Forest,546.0,MultiPolygon
LS2014_000231,1,positive,bhuvan_2014,AR/PA/83E12/2014/162,,AR,Arunachal Pradesh,Papumpare,27.1742,93.6854,2014,Rainfall,Active,Structural Hills - Moderately Dissected (SHM),Sandstone with shales (Siwalik Super Group (Lower),Evergreen / Semi evergreen,964.0,MultiPolygon
LS2014_000232,1,positive,bhuvan_2014,AR/PA/83E16/2014/143,,AR,Arunachal Pradesh,Papumpare,27.2142,93.8419,2014,Rainfall,Active,Structural Hills - Highly Dissected (SHH),"Cement assorted mixture of gravel, sand, silt&clay",Evergreen / Semi evergreen,269.0,MultiPolygon
LS2014_000233,1,positive,bhuvan_2014,AR/PA/83E16/2014/145,,AR,Arunachal Pradesh,Papumpare,27.213,93.874,2014,Rainfall,Active,Structural Hills - Highly Dissected (SHH),"Cement assorted mixture of gravel, sand, silt&clay",Evergreen / Semi evergreen,474.0,MultiPolygon
LS2014_000234,1,positive,bhuvan_2014,AR/PA/83E16/2014/147,,AR,Arunachal Pradesh,Papumpare,27.2097,93.8537,2014,Rainfall,Active,Structural Hills - Highly Dissected (SHH),"Cement assorted mixture of gravel, sand, silt&clay",Evergreen / Semi evergreen,308.0,MultiPolygon
LS2014_000235,1,positive,bhuvan_2014,AR/PA/83E16/2014/155,,AR,Arunachal Pradesh,Papumpare,27.1938,93.8345,2014,Rainfall,Active,Structural Hills - Highly Dissected (SHH),"Cement assorted mixture of gravel, sand, silt&clay",Evergreen / Semi evergreen,473.0,MultiPolygon
LS2014_000236,1,positive,bhuvan_2014,AR/PA/83E16/2014/156,,AR,Arunachal Pradesh,Papumpare,27.1909,93.8255,2014,Rainfall,Active,Structural Hills - Highly Dissected (SHH),"Cement assorted mixture of gravel, sand, silt&clay",Evergreen / Semi evergreen,314.0,MultiPolygon
LS2014_000237,1,positive,bhuvan_2014,AR/PA/83E16/2014/158,,AR,Arunachal Pradesh,Papumpare,27.1886,93.8089,2014,Rainfall,Active,Structural Hills - Highly Dissected (SHH),"Cement assorted mixture of gravel, sand, silt&clay",Evergreen / Semi evergreen,317.0,MultiPolygon
LS2014_000238,1,positive,bhuvan_2014,AR/PA/83E16/2014/159,,AR,Arunachal Pradesh,Papumpare,27.1829,93.8154,2014,Rainfall,Active,Structural Hills - Highly Dissected (SHH),"Cement assorted mixture of gravel, sand, silt&clay",Evergreen / Semi evergreen,1267.0,MultiPolygon
LS2014_000239,1,positive,bhuvan_2014,AR/PA/83E15/2014/65,,AR,Arunachal Pradesh,Papumpare,27.3322,93.8093,2014,Rainfall,Active,Denudational Hills - Moderately Dissected (DHM),Granitoid Gneiss (Ziro Granite Gneiss),Evergreen / Semi evergreen,1521.0,MultiPolygon
LS2014_000240,1,positive,bhuvan_2014,AR/PA/83E15/2014/75,,AR,Arunachal Pradesh,Papumpare,27.3186,93.9004,2014,Rainfall,Active,Structural Hills - Moderately Dissected (SHM),"Thick bedded quartzite (Miri Formation, Gondwana Group)",Evergreen / Semi evergreen,1586.0,MultiPolygon
LS2014_000241,1,positive,bhuvan_2014,AR/PA/83E15/2014/78,,AR,Arunachal Pradesh,Papumpare,27.3116,93.8509,2014,Rainfall,Active,Structural Hills - Moderately Dissected (SHM),"Thick bedded quartzite (Miri Formation, Gondwana Group)",Evergreen / Semi evergreen,2426.0,MultiPolygon
LS2014_000242,1,positive,bhuvan_2014,AR/PA/83E15/2014/79,,AR,Arunachal Pradesh,Papumpare,27.3108,93.9283,2014,Rainfall,Active,Structural Hills - Highly Dissected (SHH),Shaly sandstone (Siwalik Super Group),Evergreen / Semi evergreen,543.0,MultiPolygon
LS2014_000243,1,positive,bhuvan_2014,AR/PA/83E15/2014/82,,AR,Arunachal Pradesh,Papumpare,27.3052,93.9381,2014,Rainfall,Active,Structural Hills - Highly Dissected (SHH),Shaly sandstone (Siwalik Super Group),Evergreen / Semi evergreen,372.0,MultiPolygon
LS2014_000244,1,positive,bhuvan_2014,AR/PA/83E15/2014/84,,AR,Arunachal Pradesh,Papumpare,27.3042,93.937,2014,Rainfall,Active,Structural Hills - Highly Dissected (SHH),Shaly sandstone (Siwalik Super Group),Evergreen / Semi evergreen,349.0,MultiPolygon
LS2014_000245,1,positive,bhuvan_2014,AR/PA/83E15/2014/85,,AR,Arunachal Pradesh,Papumpare,27.3038,93.9397,2014,Rainfall,Active,Structural Hills - Highly Dissected (SHH),Shaly sandstone (Siwalik Super Group),Evergreen / Semi evergreen,815.0,MultiPolygon
LS2014_000246,1,positive,bhuvan_2014,AR/PA/83E15/2014/88,,AR,Arunachal Pradesh,Papumpare,27.2946,93.9425,2014,Rainfall,Active,Structural Hills - Highly Dissected (SHH),"Cement assorted mixture of gravel, sand, silt&clay",Evergreen / Semi evergreen,1139.0,MultiPolygon
LS2014_000247,1,positive,bhuvan_2014,AR/PA/83E15/2014/89,,AR,Arunachal Pradesh,Papumpare,27.2945,93.9254,2014,Rainfall,Active,Structural Hills - Highly Dissected (SHH),Shaly sandstone (Siwalik Super Group),Evergreen / Semi evergreen,1116.0,MultiPolygon
LS2014_000248,1,positive,bhuvan_2014,AR/PA/83E15/2014/90,,AR,Arunachal Pradesh,Papumpare,27.2914,93.9146,2014,Rainfall,Active,Structural Hills - Highly Dissected (SHH),Shaly sandstone (Siwalik Super Group),Evergreen / Semi evergreen,465.0,MultiPolygon
LS2014_000249,1,positive,bhuvan_2014,AR/PA/83E15/2014/94,,AR,Arunachal Pradesh,Papumpare,27.2871,93.8579,2014,Rainfall,Active,Structural Hills - Moderately Dissected (SHM),Sandstone with shales (Siwalik Super Group (Lower),Evergreen / Semi evergreen,2688.0,MultiPolygon
LS2014_000250,1,positive,bhuvan_2014,AR/PA/83E15/2014/96,,AR,Arunachal Pradesh,Papumpare,27.2868,93.8574,2014,Rainfall,Active,Structural Hills - Moderately Dissected (SHM),Sandstone with shales (Siwalik Super Group (Lower),Evergreen / Semi evergreen,4714.0,MultiPolygon
LS2014_000251,1,positive,bhuvan_2014,AR/PA/83E15/2014/97,,AR,Arunachal Pradesh,Papumpare,27.2862,93.8566,2014,Rainfall,Active,Structural Hills - Moderately Dissected (SHM),Sandstone with shales (Siwalik Super Group (Lower),Evergreen / Semi evergreen,5237.0,MultiPolygon
LS2014_000252,1,positive,bhuvan_2014,AR/PA/83E15/2014/16,,AR,Arunachal Pradesh,Papumpare,27.4263,93.9209,2014,Rainfall,Active,Denudational Hills - Moderately Dissected (DHM),Granitoid Gneiss (Ziro Granite Gneiss),Evergreen / Semi evergreen,612.0,MultiPolygon
LS2014_000253,1,positive,bhuvan_2014,AR/LB/83E10/2014/39,,AR,Arunachal Pradesh,Lower Subansiri,27.5894,93.6498,2014,Rainfall,Active,Structural Hills - Moderately Dissected (SHM),Granitoid Gneiss (Ziro Granite Gneiss),Evergreen / Semi evergreen,4189.0,MultiPolygon
LS2014_000254,1,positive,bhuvan_2014,AR/LB/83E10/2014/40,,AR,Arunachal Pradesh,Lower Subansiri,27.5812,93.6413,2014,Rainfall,Active,Structural Hills - Moderately Dissected (SHM),Granitoid Gneiss (Ziro Granite Gneiss),Evergreen / Semi evergreen,2297.0,MultiPolygon
LS2014_000255,1,positive,bhuvan_2014,AR/LB/83E10/2014/41,,AR,Arunachal Pradesh,Lower Subansiri,27.5811,93.6412,2014,Rainfall,Active,Structural Hills - Moderately Dissected (SHM),Granitoid Gneiss (Ziro Granite Gneiss),Evergreen / Semi evergreen,1489.0,MultiPolygon
LS2014_000256,1,positive,bhuvan_2014,AR/LB/83E14/2014/28,,AR,Arunachal Pradesh,Lower Subansiri,27.666,93.8231,2014,Rainfall,Active,Denudational Hills - Moderately Dissected (DHM),Granitoid Gneiss (Ziro Granite Gneiss),Scrub Forest,2371.0,MultiPolygon
LS2014_000257,1,positive,bhuvan_2014,AR/KK/83E09/2014/33,,AR,Arunachal Pradesh,Kurung Kumey,27.7844,93.6243,2014,Rainfall,Active,Denudational Hills - Moderately Dissected (DHM),"Quartzite (Tenga Formation, Bomdila Group), Palaeoproterozoic",Evergreen / Semi evergreen,1060.0,MultiPolygon
LS2014_000258,1,positive,bhuvan_2014,AR/KK/83E09/2014/13,,AR,Arunachal Pradesh,Kurung Kumey,27.9708,93.5801,2014,Rainfall,Active,Denudational Hills - Moderately Dissected (DHM),"Quartzite (Tenga Formation, Bomdila Group), Palaeoproterozoic",Scrub land,3919.0,MultiPolygon
LS2014_000259,1,positive,bhuvan_2014,AR/KK/83E09/2014/14,,AR,Arunachal Pradesh,Kurung Kumey,27.9708,93.5801,2014,Rainfall,Active,Denudational Hills - Moderately Dissected (DHM),"Quartzite (Tenga Formation, Bomdila Group), Palaeoproterozoic",Scrub land,3919.0,MultiPolygon
LS2014_000260,1,positive,bhuvan_2014,AR/LB/83E13/2014/4,,AR,Arunachal Pradesh,Lower Subansiri,27.8296,93.9316,2014,Rainfall,Active,Denudational Hills - Moderately Dissected (DHM),Granitoid Gneiss (Ziro Granite Gneiss),Evergreen / Semi evergreen,673.0,MultiPolygon
LS2014_000261,1,positive,bhuvan_2014,AR/KK/82H12/2014/8,,AR,Arunachal Pradesh,Kurung Kumey,28.0733,93.6522,2014,Rainfall,Active,Denudational Hills - Moderately Dissected (DHM),"Thick bedded dolomite (Dolomite, Chillepam Formation, Bomdila Group)",Evergreen / Semi evergreen,2113.0,MultiPolygon
LS2014_000262,1,positive,bhuvan_2014,AR/KK/82H12/2014/9,,AR,Arunachal Pradesh,Kurung Kumey,28.0664,93.6583,2014,Rainfall,Active,Denudational Hills - Moderately Dissected (DHM),"Thick bedded dolomite (Dolomite, Chillepam Formation, Bomdila Group)",Evergreen / Semi evergreen,988.0,MultiPolygon
LS2014_000263,1,positive,bhuvan_2014,AR/UB/82H15/2014/1,,AR,Arunachal Pradesh,Upper Subansiri,28.4309,93.8203,2014,Rainfall,Active,Denudational Hills - Moderately Dissected (DHM),"Gneiss (Sela Group), Palaeoproterozoic",Evergreen / Semi evergreen,2212.0,MultiPolygon
LS2014_000264,1,positive,bhuvan_2014,AR/UB/82H15/2014/3,,AR,Arunachal Pradesh,Upper Subansiri,28.4126,93.8355,2014,Rainfall,Active,Denudational Hills - Moderately Dissected (DHM),Schist (Dirang Formation (Lumla Formation) Mesoproterozoic,Evergreen / Semi evergreen,1058.0,MultiPolygon
LS2014_000265,1,positive,bhuvan_2014,AR/UB/82H15/2014/4,,AR,Arunachal Pradesh,Upper Subansiri,28.4124,93.8344,2014,Rainfall,Active,Denudational Hills - Moderately Dissected (DHM),Schist (Dirang Formation (Lumla Formation) Mesoproterozoic,Evergreen / Semi evergreen,2313.0,MultiPolygon
LS2014_000266,1,positive,bhuvan_2014,AR/UB/82H15/2014/8,,AR,Arunachal Pradesh,Upper Subansiri,28.4088,93.8401,2014,Rainfall,Active,Denudational Hills - Moderately Dissected (DHM),Schist (Dirang Formation (Lumla Formation) Mesoproterozoic,Evergreen / Semi evergreen,3411.0,MultiPolygon
LS2014_000267,1,positive,bhuvan_2014,AR/PA/83I03/2014/10,,AR,Arunachal Pradesh,Papumpare,27.4696,94.14,2014,Rainfall,Active,Structural Hills - Moderately Dissected (SHM),Shaly sandstone (Siwalik Super Group),Evergreen / Semi evergreen,520.0,MultiPolygon
LS2014_000268,1,positive,bhuvan_2014,AR/PA/83I03/2014/11,,AR,Arunachal Pradesh,Papumpare,27.464,94.1269,2014,Rainfall,Active,Structural Hills - Moderately Dissected (SHM),Shaly sandstone (Siwalik Super Group),Evergreen / Semi evergreen,424.0,MultiPolygon
LS2014_000269,1,positive,bhuvan_2014,AR/PA/83I03/2014/12,,AR,Arunachal Pradesh,Papumpare,27.4637,94.1267,2014,Rainfall,Active,Structural Hills - Moderately Dissected (SHM),Shaly sandstone (Siwalik Super Group),Evergreen / Semi evergreen,724.0,MultiPolygon
LS2014_000270,1,positive,bhuvan_2014,AR/PA/83I03/2014/13,,AR,Arunachal Pradesh,Papumpare,27.462,94.1031,2014,Rainfall,Active,Structural Hills - Moderately Dissected (SHM),Shaly sandstone (Siwalik Super Group),Evergreen / Semi evergreen,373.0,MultiPolygon
LS2014_000271,1,positive,bhuvan_2014,AR/PA/83I03/2014/14,,AR,Arunachal Pradesh,Papumpare,27.4618,94.1266,2014,Rainfall,Active,Structural Hills - Moderately Dissected (SHM),Shaly sandstone (Siwalik Super Group),Evergreen / Semi evergreen,659.0,MultiPolygon
LS2014_000272,1,positive,bhuvan_2014,AR/PA/83I03/2014/17,,AR,Arunachal Pradesh,Papumpare,27.4246,94.0986,2014,Rainfall,Active,Structural Hills - Highly Dissected (SHH),Shaly sandstone (Siwalik Super Group),Evergreen / Semi evergreen,202.0,MultiPolygon
LS2014_000273,1,positive,bhuvan_2014,AR/LB/83I02/2014/37,,AR,Arunachal Pradesh,Lower Subansiri,27.5897,94.1078,2014,Rainfall,Active,Structural Hills - Moderately Dissected (SHM),"Thick bedded quartzite (Miri Formation, Gondwana Group)",Evergreen / Semi evergreen,3646.0,MultiPolygon
LS2014_000274,1,positive,bhuvan_2014,AR/WS/83I06/2014/174,,AR,Arunachal Pradesh,West Siang,27.7173,94.4299,2014,Rainfall,Active,Structural Hills - Highly Dissected (SHH),Sandstone with shales (Siwalik Super Group (Lower),Evergreen / Semi evergreen,1041.0,MultiPolygon
LS2014_000275,1,positive,bhuvan_2014,AR/WS/83I06/2014/180,,AR,Arunachal Pradesh,West Siang,27.6958,94.3623,2014,Rainfall,Active,Structural Hills - Highly Dissected (SHH),Sandstone with shales (Siwalik Super Group (Lower),Evergreen / Semi evergreen,459.0,MultiPolygon
LS2014_000276,1,positive,bhuvan_2014,AR/WS/83I06/2014/181,,AR,Arunachal Pradesh,West Siang,27.6952,94.3602,2014,Rainfall,Active,Structural Hills - Highly Dissected (SHH),Sandstone with shales (Siwalik Super Group (Lower),Evergreen / Semi evergreen,1002.0,MultiPolygon
LS2014_000277,1,positive,bhuvan_2014,AR/WS/83I06/2014/185,,AR,Arunachal Pradesh,West Siang,27.6924,94.4261,2014,Rainfall,Active,Structural Hills - Moderately Dissected (SHM),Sandstone with shales (Siwalik Super Group (Lower),Cuirrent Shifting Cultivation,1084.0,MultiPolygon
LS2014_000278,1,positive,bhuvan_2014,AR/WS/83I06/2014/193,,AR,Arunachal Pradesh,West Siang,27.6859,94.3295,2014,Rainfall,Active,Structural Hills - Highly Dissected (SHH),Sandstone with shales (Siwalik Super Group (Lower),Evergreen / Semi evergreen,310.0,MultiPolygon
LS2014_000279,1,positive,bhuvan_2014,AR/WS/83I06/2014/194,,AR,Arunachal Pradesh,West Siang,27.6854,94.3825,2014,Rainfall,Active,Structural Hills - Moderately Dissected (SHM),Sandstone with shales (Siwalik Super Group (Lower),Evergreen / Semi evergreen,1078.0,MultiPolygon
LS2014_000280,1,positive,bhuvan_2014,AR/WS/83I06/2014/195,,AR,Arunachal Pradesh,West Siang,27.6854,94.3754,2014,Rainfall,Active,Structural Hills - Moderately Dissected (SHM),Sandstone with shales (Siwalik Super Group (Lower),Evergreen / Semi evergreen,482.0,MultiPolygon
LS2014_000281,1,positive,bhuvan_2014,AR/WS/83I06/2014/196,,AR,Arunachal Pradesh,West Siang,27.6849,94.4063,2014,Rainfall,Active,Structural Hills - Moderately Dissected (SHM),Sandstone with shales (Siwalik Super Group (Lower),Evergreen / Semi evergreen,444.0,MultiPolygon
LS2014_000282,1,positive,bhuvan_2014,AR/WS/83I06/2014/198,,AR,Arunachal Pradesh,West Siang,27.6834,94.4027,2014,Rainfall,Active,Structural Hills - Moderately Dissected (SHM),Sandstone with shales (Siwalik Super Group (Lower),Cuirrent Shifting Cultivation,1887.0,MultiPolygon
LS2014_000283,1,positive,bhuvan_2014,AR/WS/83I06/2014/200,,AR,Arunachal Pradesh,West Siang,27.6831,94.3758,2014,Rainfall,Active,Structural Hills - Moderately Dissected (SHM),Sandstone with shales (Siwalik Super Group (Lower),Evergreen / Semi evergreen,496.0,MultiPolygon
LS2014_000284,1,positive,bhuvan_2014,AR/WS/83I06/2014/207,,AR,Arunachal Pradesh,West Siang,27.6771,94.396,2014,Rainfall,Active,Structural Hills - Moderately Dissected (SHM),Sandstone with shales (Siwalik Super Group (Lower),Evergreen / Semi evergreen,2334.0,MultiPolygon
LS2014_000285,1,positive,bhuvan_2014,AR/LB/83I01/2014/5,,AR,Arunachal Pradesh,Lower Subansiri,27.8255,94.0802,2014,Rainfall,Active,Denudational Hills - Moderately Dissected (DHM),"Quartzite (Khetabari Formation, Bomdila Group)",Evergreen / Semi evergreen,902.0,MultiPolygon
LS2014_000286,1,positive,bhuvan_2014,AR/UB/83I01/2014/53,,AR,Arunachal Pradesh,Upper Subansiri,27.9373,94.0952,2014,Rainfall,Active,Denudational Hills - Moderately Dissected (DHM),Granitoid Gneiss (Ziro Granite Gneiss),Evergreen / Semi evergreen,375.0,MultiPolygon
LS2014_000287,1,positive,bhuvan_2014,AR/UB/83I05/2014/62,,AR,Arunachal Pradesh,Upper Subansiri,27.81,94.3199,2014,Rainfall,Active,Structural Hills - Moderately Dissected (SHM),"Thick bedded quartzite (Miri Formation, Gondwana Group)",Evergreen / Semi evergreen,315.0,MultiPolygon
LS2014_000288,1,positive,bhuvan_2014,AR/UB/83I05/2014/63,,AR,Arunachal Pradesh,Upper Subansiri,27.8099,94.3175,2014,Rainfall,Active,Structural Hills - Moderately Dissected (SHM),"Thick bedded quartzite (Miri Formation, Gondwana Group)",Evergreen / Semi evergreen,970.0,MultiPolygon
LS2014_000289,1,positive,bhuvan_2014,AR/UB/83I05/2014/64,,AR,Arunachal Pradesh,Upper Subansiri,27.7938,94.3138,2014,Rainfall,Active,Structural Hills - Moderately Dissected (SHM),"Thick bedded quartzite (Miri Formation, Gondwana Group)",Evergreen / Semi evergreen,281.0,MultiPolygon
LS2014_000290,1,positive,bhuvan_2014,AR/UB/82L04/2014/47,,AR,Arunachal Pradesh,Upper Subansiri,28.0915,94.1769,2014,Rainfall,Active,Denudational Hills - Moderately Dissected (DHM),"Quartzite (Tenga Formation, Bomdila Group), Palaeoproterozoic",Evergreen / Semi evergreen,1038.0,MultiPolygon
LS2014_000291,1,positive,bhuvan_2014,AR/UB/82L04/2014/49,,AR,Arunachal Pradesh,Upper Subansiri,28.0831,94.1855,2014,Rainfall,Active,Denudational Hills - Moderately Dissected (DHM),"Quartzite (Tenga Formation, Bomdila Group), Palaeoproterozoic",Evergreen / Semi evergreen,5143.0,MultiPolygon
LS2014_000292,1,positive,bhuvan_2014,AR/UB/82L04/2014/50,,AR,Arunachal Pradesh,Upper Subansiri,28.083,94.1842,2014,Rainfall,Active,Denudational Hills - Moderately Dissected (DHM),"Quartzite (Tenga Formation, Bomdila Group), Palaeoproterozoic",Evergreen / Semi evergreen,2640.0,MultiPolygon
LS2014_000293,1,positive,bhuvan_2014,AR/UB/82L04/2014/51,,AR,Arunachal Pradesh,Upper Subansiri,28.0748,94.1631,2014,Rainfall,Active,Denudational Hills - Moderately Dissected (DHM),"Quartzite (Tenga Formation, Bomdila Group), Palaeoproterozoic",Evergreen / Semi evergreen,4856.0,MultiPolygon
LS2014_000294,1,positive,bhuvan_2014,AR/UB/82L04/2014/39,,AR,Arunachal Pradesh,Upper Subansiri,28.1966,94.0756,2014,Rainfall,Active,Denudational Hills - Moderately Dissected (DHM),Schist (Dirang Formation (Lumla Formation) Mesoproterozoic,Evergreen / Semi evergreen,2240.0,MultiPolygon
LS2014_000295,1,positive,bhuvan_2014,AR/UB/82L03/2014/13,,AR,Arunachal Pradesh,Upper Subansiri,28.33,94.1302,2014,Rainfall,Active,Denudational Hills - Moderately Dissected (DHM),"Gneiss (Sela Group), Palaeoproterozoic",Evergreen / Semi evergreen,393.0,MultiPolygon
LS2014_000296,1,positive,bhuvan_2014,AR/UB/82L03/2014/14,,AR,Arunachal Pradesh,Upper Subansiri,28.3292,94.1297,2014,Rainfall,Active,Denudational Hills - Moderately Dissected (DHM),"Gneiss (Sela Group), Palaeoproterozoic",Evergreen / Semi evergreen,306.0,MultiPolygon
LS2014_000297,1,positive,bhuvan_2014,AR/UB/82L03/2014/15,,AR,Arunachal Pradesh,Upper Subansiri,28.3287,94.1041,2014,Rainfall,Active,Denudational Hills - Moderately Dissected (DHM),"Gneiss (Sela Group), Palaeoproterozoic",Evergreen / Semi evergreen,800.0,MultiPolygon
LS2014_000298,1,positive,bhuvan_2014,AR/UB/82L03/2014/16,,AR,Arunachal Pradesh,Upper Subansiri,28.3281,94.1001,2014,Rainfall,Active,Denudational Hills - Moderately Dissected (DHM),"Gneiss (Sela Group), Palaeoproterozoic",Evergreen / Semi evergreen,656.0,MultiPolygon
LS2014_000299,1,positive,bhuvan_2014,AR/UB/82L03/2014/17,,AR,Arunachal Pradesh,Upper Subansiri,28.3264,94.0923,2014,Rainfall,Active,Denudational Hills - Moderately Dissected (DHM),"Gneiss (Sela Group), Palaeoproterozoic",Evergreen / Semi evergreen,393.0,MultiPolygon
LS2014_000300,1,positive,bhuvan_2014,AR/UB/82L03/2014/18,,AR,Arunachal Pradesh,Upper Subansiri,28.3259,94.0919,2014,Rainfall,Active,Denudational Hills - Moderately Dissected (DHM),"Gneiss (Sela Group), Palaeoproterozoic",Evergreen / Semi evergreen,1094.0,MultiPolygon
LS2014_000301,1,positive,bhuvan_2014,AR/UB/82L03/2014/19,,AR,Arunachal Pradesh,Upper Subansiri,28.3251,94.093,2014,Rainfall,Active,Denudational Hills - Moderately Dissected (DHM),"Gneiss (Sela Group), Palaeoproterozoic",Evergreen / Semi evergreen,608.0,MultiPolygon
LS2014_000302,1,positive,bhuvan_2014,AR/UB/82L03/2014/21,,AR,Arunachal Pradesh,Upper Subansiri,28.3146,94.0794,2014,Rainfall,Active,Denudational Hills - Moderately Dissected (DHM),"Gneiss (Sela Group), Palaeoproterozoic",Evergreen / Semi evergreen,645.0,MultiPolygon
LS2014_000303,1,positive,bhuvan_2014,AR/UB/82L03/2014/22,,AR,Arunachal Pradesh,Upper Subansiri,28.3136,94.0795,2014,Rainfall,Active,Denudational Hills - Moderately Dissected (DHM),"Gneiss (Sela Group), Palaeoproterozoic",Evergreen / Semi evergreen,470.0,MultiPolygon
LS2014_000304,1,positive,bhuvan_2014,AR/UB/82L03/2014/23,,AR,Arunachal Pradesh,Upper Subansiri,28.3126,94.0775,2014,Rainfall,Active,Denudational Slope (DS),"Gneiss (Sela Group), Palaeoproterozoic",Evergreen / Semi evergreen,1933.0,MultiPolygon
LS2014_000305,1,positive,bhuvan_2014,AR/UB/82L03/2014/24,,AR,Arunachal Pradesh,Upper Subansiri,28.3095,94.0882,2014,Rainfall,Active,Denudational Hills - Moderately Dissected (DHM),"Gneiss (Sela Group), Palaeoproterozoic",Evergreen / Semi evergreen,2060.0,MultiPolygon
LS2014_000306,1,positive,bhuvan_2014,AR/UB/82L03/2014/25,,AR,Arunachal Pradesh,Upper Subansiri,28.3078,94.0875,2014,Rainfall,Active,Denudational Hills - Moderately Dissected (DHM),"Gneiss (Sela Group), Palaeoproterozoic",Evergreen / Semi evergreen,1038.0,MultiPolygon
LS2014_000307,1,positive,bhuvan_2014,AR/UB/82L03/2014/26,,AR,Arunachal Pradesh,Upper Subansiri,28.3076,94.0829,2014,Rainfall,Active,Denudational Hills - Moderately Dissected (DHM),"Gneiss (Sela Group), Palaeoproterozoic",Evergreen / Semi evergreen,1055.0,MultiPolygon
LS2014_000308,1,positive,bhuvan_2014,AR/UB/82L03/2014/27,,AR,Arunachal Pradesh,Upper Subansiri,28.3035,94.1706,2014,Rainfall,Active,Denudational Hills - Moderately Dissected (DHM),"Gneiss (Sela Group), Palaeoproterozoic",Evergreen / Semi evergreen,3173.0,MultiPolygon
LS2014_000309,1,positive,bhuvan_2014,AR/UB/82L03/2014/30,,AR,Arunachal Pradesh,Upper Subansiri,28.2889,94.1311,2014,Rainfall,Active,Denudational Hills - Moderately Dissected (DHM),"Gneiss (Sela Group), Palaeoproterozoic",Evergreen / Semi evergreen,475.0,MultiPolygon
LS2014_000310,1,positive,bhuvan_2014,AR/UB/82L03/2014/32,,AR,Arunachal Pradesh,Upper Subansiri,28.2884,94.1304,2014,Rainfall,Active,Denudational Hills - Moderately Dissected (DHM),"Gneiss (Sela Group), Palaeoproterozoic",Evergreen / Semi evergreen,1777.0,MultiPolygon
LS2014_000311,1,positive,bhuvan_2014,AR/WS/82L06/2014/17,,AR,Arunachal Pradesh,West Siang,28.5785,94.3874,2014,Rainfall,Active,Denudational Hills - Moderately Dissected (DHM),"Gneiss (Sela Group), Palaeoproterozoic",Scrub Forest,14583.0,MultiPolygon
LS2014_000312,1,positive,bhuvan_2014,AR/WS/82L06/2014/23,,AR,Arunachal Pradesh,West Siang,28.5498,94.398,2014,Rainfall,Active,Denudational Hills - Less Dissected (DHL),"Gneiss (Sela Group), Palaeoproterozoic",Scrub Forest,4242.0,MultiPolygon
LS2014_000313,1,positive,bhuvan_2014,AR/WS/82L06/2014/28,,AR,Arunachal Pradesh,West Siang,28.5343,94.3485,2014,Rainfall,Active,Denudational Hills - Less Dissected (DHL),"Gneiss (Sela Group), Palaeoproterozoic",Evergreen / Semi evergreen,3453.0,MultiPolygon
LS2014_000314,1,positive,bhuvan_2014,AR/WS/82L06/2014/30,,AR,Arunachal Pradesh,West Siang,28.5335,94.3524,2014,Rainfall,Active,Denudational Hills - Less Dissected (DHL),"Gneiss (Sela Group), Palaeoproterozoic",Evergreen / Semi evergreen,1902.0,MultiPolygon
LS2014_000315,1,positive,bhuvan_2014,AR/WS/82L06/2014/1,,AR,Arunachal Pradesh,West Siang,28.6962,94.4154,2014,Rainfall,Active,Denudational Hills - Less Dissected (DHL),"Gneiss (Sela Group), Palaeoproterozoic",Evergreen / Semi evergreen,3509.0,MultiPolygon
LS2014_000316,1,positive,bhuvan_2014,AR/US/82K08/2014/5,,AR,Arunachal Pradesh,Upper Siang,29.058,94.4396,2014,Rainfall,Active,Denudational Hills - Moderately Dissected (DHM),"Gneiss (Sela Group), Palaeoproterozoic",Evergreen / Semi evergreen,490.0,MultiPolygon
LS2014_000317,1,positive,bhuvan_2014,AR/US/82K08/2014/6,,AR,Arunachal Pradesh,Upper Siang,29.0513,94.4388,2014,Rainfall,Active,Denudational Hills - Moderately Dissected (DHM),"Gneiss (Sela Group), Palaeoproterozoic",Evergreen / Semi evergreen,1160.0,MultiPolygon
LS2014_000318,1,positive,bhuvan_2014,AR/WS/83I10/2014/173,,AR,Arunachal Pradesh,West Siang,27.7176,94.6615,2014,Rainfall,Active,Structural Hills - Highly Dissected (SHH),Shaly sandstone (Siwalik Super Group),Evergreen / Semi evergreen,188.0,MultiPolygon
LS2014_000319,1,positive,bhuvan_2014,AR/WS/83I10/2014/176,,AR,Arunachal Pradesh,West Siang,27.7076,94.5731,2014,Rainfall,Active,Structural Hills - Moderately Dissected (SHM),Sandstone with shales (Siwalik Super Group (Lower),Evergreen / Semi evergreen,974.0,MultiPolygon
LS2014_000320,1,positive,bhuvan_2014,AR/WS/83I10/2014/178,,AR,Arunachal Pradesh,West Siang,27.7003,94.6174,2014,Rainfall,Active,Structural Hills - Highly Dissected (SHH),Shaly sandstone (Siwalik Super Group),Evergreen / Semi evergreen,275.0,MultiPolygon
LS2014_000321,1,positive,bhuvan_2014,AR/WS/83I10/2014/184,,AR,Arunachal Pradesh,West Siang,27.6924,94.6466,2014,Rainfall,Active,Structural Hills - Highly Dissected (SHH),"Cement assorted mixture of gravel, sand, silt&clay",Evergreen / Semi evergreen,669.0,MultiPolygon
LS2014_000322,1,positive,bhuvan_2014,AR/WS/83I10/2014/187,,AR,Arunachal Pradesh,West Siang,27.6908,94.6811,2014,Rainfall,Active,Structural Hills - Highly Dissected (SHH),"Cement assorted mixture of gravel, sand, silt&clay",Evergreen / Semi evergreen,655.0,MultiPolygon
LS2014_000323,1,positive,bhuvan_2014,AR/WS/83I10/2014/188,,AR,Arunachal Pradesh,West Siang,27.6908,94.6736,2014,Rainfall,Active,Structural Hills - Highly Dissected (SHH),"Cement assorted mixture of gravel, sand, silt&clay",Evergreen / Semi evergreen,1310.0,MultiPolygon
LS2014_000324,1,positive,bhuvan_2014,AR/WS/83I10/2014/190,,AR,Arunachal Pradesh,West Siang,27.6904,94.6805,2014,Rainfall,Active,Structural Hills - Highly Dissected (SHH),"Cement assorted mixture of gravel, sand, silt&clay",Evergreen / Semi evergreen,1329.0,MultiPolygon
LS2014_000325,1,positive,bhuvan_2014,AR/WS/83I10/2014/197,,AR,Arunachal Pradesh,West Siang,27.6846,94.5621,2014,Rainfall,Active,Structural Hills - Highly Dissected (SHH),Shaly sandstone (Siwalik Super Group),Evergreen / Semi evergreen,430.0,MultiPolygon
LS2014_000326,1,positive,bhuvan_2014,AR/WS/83I10/2014/201,,AR,Arunachal Pradesh,West Siang,27.683,94.6058,2014,Rainfall,Active,Structural Hills - Highly Dissected (SHH),Shaly sandstone (Siwalik Super Group),Evergreen / Semi evergreen,417.0,MultiPolygon
LS2014_000327,1,positive,bhuvan_2014,AR/WS/83I10/2014/206,,AR,Arunachal Pradesh,West Siang,27.6788,94.56,2014,Rainfall,Active,Structural Hills - Highly Dissected (SHH),Shaly sandstone (Siwalik Super Group),Evergreen / Semi evergreen,5554.0,MultiPolygon
LS2014_000328,1,positive,bhuvan_2014,AR/WS/83I10/2014/213,,AR,Arunachal Pradesh,West Siang,27.667,94.6653,2014,Rainfall,Active,Structural Hills - Moderately Dissected (SHM),"Cement assorted mixture of gravel, sand, silt&clay",Evergreen / Semi evergreen,251.0,MultiPolygon
LS2014_000329,1,positive,bhuvan_2014,AR/WS/83I10/2014/215,,AR,Arunachal Pradesh,West Siang,27.6636,94.6628,2014,Rainfall,Active,Structural Hills - Moderately Dissected (SHM),"Cement assorted mixture of gravel, sand, silt&clay",Evergreen / Semi evergreen,151.0,MultiPolygon
LS2014_000330,1,positive,bhuvan_2014,AR/WS/83I10/2014/216,,AR,Arunachal Pradesh,West Siang,27.6598,94.6497,2014,Rainfall,Active,Structural Hills - Moderately Dissected (SHM),"Cement assorted mixture of gravel, sand, silt&clay",Evergreen / Semi evergreen,218.0,MultiPolygon
LS2014_000331,1,positive,bhuvan_2014,AR/WS/83I10/2014/217,,AR,Arunachal Pradesh,West Siang,27.6596,94.6592,2014,Rainfall,Active,Structural Hills - Moderately Dissected (SHM),"Cement assorted mixture of gravel, sand, silt&clay",Evergreen / Semi evergreen,456.0,MultiPolygon
LS2014_000332,1,positive,bhuvan_2014,AR/WS/83I10/2014/218,,AR,Arunachal Pradesh,West Siang,27.658,94.6648,2014,Rainfall,Active,Structural Hills - Moderately Dissected (SHM),"Cement assorted mixture of gravel, sand, silt&clay",Evergreen / Semi evergreen,328.0,MultiPolygon
LS2014_000333,1,positive,bhuvan_2014,AR/WS/83I10/2014/219,,AR,Arunachal Pradesh,West Siang,27.6575,94.6506,2014,Rainfall,Active,Structural Hills - Moderately Dissected (SHM),"Cement assorted mixture of gravel, sand, silt&clay",Evergreen / Semi evergreen,337.0,MultiPolygon
LS2014_000334,1,positive,bhuvan_2014,AR/WS/83I10/2014/220,,AR,Arunachal Pradesh,West Siang,27.6542,94.6501,2014,Rainfall,Active,Structural Hills - Moderately Dissected (SHM),"Cement assorted mixture of gravel, sand, silt&clay",Barren Rocky,12949.0,MultiPolygon
LS2014_000335,1,positive,bhuvan_2014,AR/WS/83I14/2014/172,,AR,Arunachal Pradesh,West Siang,27.718,94.8169,2014,Rainfall,Active,Structural Hills - Moderately Dissected (SHM),"Cement assorted mixture of gravel, sand, silt&clay",Evergreen / Semi evergreen,787.0,MultiPolygon
LS2014_000336,1,positive,bhuvan_2014,AR/WS/83I14/2014/177,,AR,Arunachal Pradesh,West Siang,27.7064,94.8095,2014,Rainfall,Active,Structural Hills - Moderately Dissected (SHM),"Cement assorted mixture of gravel, sand, silt&clay",Evergreen / Semi evergreen,813.0,MultiPolygon
LS2014_000337,1,positive,bhuvan_2014,AR/WS/83I09/2014/90,,AR,Arunachal Pradesh,West Siang,27.8223,94.6718,2014,Rainfall,Active,Structural Hills - Less Dissected (SHL),"Shale (Bichom Formation, Gondwana Group)",Evergreen / Semi evergreen,1756.0,MultiPolygon
LS2014_000338,1,positive,bhuvan_2014,AR/WS/83I09/2014/91,,AR,Arunachal Pradesh,West Siang,27.8218,94.6719,2014,Rainfall,Active,Structural Hills - Less Dissected (SHL),"Shale (Bichom Formation, Gondwana Group)",Evergreen / Semi evergreen,1593.0,MultiPolygon
LS2014_000339,1,positive,bhuvan_2014,AR/WS/83I09/2014/92,,AR,Arunachal Pradesh,West Siang,27.818,94.5946,2014,Rainfall,Active,Structural Hills - Less Dissected (SHL),Sandstone with shale/coal bands (Bhareli Formation),Evergreen / Semi evergreen,1814.0,MultiPolygon
LS2014_000340,1,positive,bhuvan_2014,AR/WS/83I09/2014/93,,AR,Arunachal Pradesh,West Siang,27.8085,94.5972,2014,Rainfall,Active,Structural Hills - Less Dissected (SHL),Sandstone with shale/coal bands (Bhareli Formation),Evergreen / Semi evergreen,716.0,MultiPolygon
LS2014_000341,1,positive,bhuvan_2014,AR/WS/83I09/2014/95,,AR,Arunachal Pradesh,West Siang,27.7974,94.5789,2014,Rainfall,Active,Structural Hills - Highly Dissected (SHH),Sandstone with shales (Siwalik Super Group (Lower),Evergreen / Semi evergreen,569.0,MultiPolygon
LS2014_000342,1,positive,bhuvan_2014,AR/WS/83I09/2014/97,,AR,Arunachal Pradesh,West Siang,27.7954,94.6034,2014,Rainfall,Active,Structural Hills - Highly Dissected (SHH),Sandstone with shales (Siwalik Super Group (Lower),Evergreen / Semi evergreen,318.0,MultiPolygon
LS2014_000343,1,positive,bhuvan_2014,AR/WS/83I09/2014/98,,AR,Arunachal Pradesh,West Siang,27.7953,94.5794,2014,Rainfall,Active,Structural Hills - Highly Dissected (SHH),Sandstone with shales (Siwalik Super Group (Lower),Evergreen / Semi evergreen,736.0,MultiPolygon
LS2014_000344,1,positive,bhuvan_2014,AR/WS/83I09/2014/99,,AR,Arunachal Pradesh,West Siang,27.7942,94.6028,2014,Rainfall,Active,Structural Hills - Highly Dissected (SHH),Sandstone with shales (Siwalik Super Group (Lower),Evergreen / Semi evergreen,1317.0,MultiPolygon
LS2014_000345,1,positive,bhuvan_2014,AR/WS/83I09/2014/100,,AR,Arunachal Pradesh,West Siang,27.7933,94.5923,2014,Rainfall,Active,Structural Hills - Highly Dissected (SHH),Sandstone with shales (Siwalik Super Group (Lower),Evergreen / Semi evergreen,200.0,MultiPolygon
LS2014_000346,1,positive,bhuvan_2014,AR/WS/83I09/2014/101,,AR,Arunachal Pradesh,West Siang,27.793,94.5717,2014,Rainfall,Active,Structural Hills - Highly Dissected (SHH),Sandstone with shales (Siwalik Super Group (Lower),Evergreen / Semi evergreen,1548.0,MultiPolygon
LS2014_000347,1,positive,bhuvan_2014,AR/WS/83I09/2014/103,,AR,Arunachal Pradesh,West Siang,27.7882,94.5633,2014,Rainfall,Active,Structural Hills - Highly Dissected (SHH),Sandstone with shales (Siwalik Super Group (Lower),Evergreen / Semi evergreen,601.0,MultiPolygon
LS2014_000348,1,positive,bhuvan_2014,AR/WS/83I09/2014/104,,AR,Arunachal Pradesh,West Siang,27.7881,94.5643,2014,Rainfall,Active,Structural Hills - Highly Dissected (SHH),Sandstone with shales (Siwalik Super Group (Lower),Evergreen / Semi evergreen,424.0,MultiPolygon
LS2014_000349,1,positive,bhuvan_2014,AR/WS/83I09/2014/105,,AR,Arunachal Pradesh,West Siang,27.7876,94.5922,2014,Rainfall,Active,Structural Hills - Highly Dissected (SHH),Sandstone with shales (Siwalik Super Group (Lower),Evergreen / Semi evergreen,257.0,MultiPolygon
LS2014_000350,1,positive,bhuvan_2014,AR/WS/83I09/2014/107,,AR,Arunachal Pradesh,West Siang,27.7853,94.5688,2014,Rainfall,Active,Structural Hills - Highly Dissected (SHH),Sandstone with shales (Siwalik Super Group (Lower),Cropland,1005.0,MultiPolygon
LS2014_000351,1,positive,bhuvan_2014,AR/WS/83I09/2014/110,,AR,Arunachal Pradesh,West Siang,27.7846,94.5614,2014,Rainfall,Active,Structural Hills - Highly Dissected (SHH),Sandstone with shales (Siwalik Super Group (Lower),Evergreen / Semi evergreen,1103.0,MultiPolygon
LS2014_000352,1,positive,bhuvan_2014,AR/WS/83I09/2014/66,,AR,Arunachal Pradesh,West Siang,27.9687,94.6507,2014,Rainfall,Active,Denudational Hills - Moderately Dissected (DHM),"Basalt (Abor Volcanics) , Palaeocene to Eocene",Evergreen / Semi evergreen,381.0,MultiPolygon
LS2014_000353,1,positive,bhuvan_2014,AR/WS/83I13/2014/89,,AR,Arunachal Pradesh,West Siang,27.8306,94.8885,2014,Rainfall,Active,Structural Hills - Moderately Dissected (SHM),Shaly sandstone (Siwalik Super Group),Evergreen / Semi evergreen,3677.0,MultiPolygon
LS2014_000354,1,positive,bhuvan_2014,AR/WS/83I13/2014/102,,AR,Arunachal Pradesh,West Siang,27.7888,94.8691,2014,Rainfall,Active,Structural Hills - Highly Dissected (SHH),Shaly sandstone (Siwalik Super Group),Evergreen / Semi evergreen,770.0,MultiPolygon
LS2014_000355,1,positive,bhuvan_2014,AR/ES/83I13/2014/441,,AR,Arunachal Pradesh,East Siang,27.7854,94.9169,2014,Rainfall,Active,Structural Hills - Moderately Dissected (SHM),"Cement assorted mixture of gravel, sand, silt&clay",Evergreen / Semi evergreen,2108.0,MultiPolygon
LS2014_000356,1,positive,bhuvan_2014,AR/ES/83I13/2014/443,,AR,Arunachal Pradesh,East Siang,27.7829,94.8992,2014,Rainfall,Active,Structural Hills - Moderately Dissected (SHM),"Cement assorted mixture of gravel, sand, silt&clay",Evergreen / Semi evergreen,1875.0,MultiPolygon
LS2014_000357,1,positive,bhuvan_2014,AR/WS/82L11/2014/45,,AR,Arunachal Pradesh,West Siang,28.4467,94.6805,2014,Rainfall,Active,Denudational Slope (DS),"Thick bedded quartzite (Miri Formation, Gondwana Group)",Evergreen / Semi evergreen,1966.0,MultiPolygon
LS2014_000358,1,positive,bhuvan_2014,AR/WS/82L11/2014/46,,AR,Arunachal Pradesh,West Siang,28.4302,94.6272,2014,Rainfall,Active,Denudational Hills - Moderately Dissected (DHM),"Quartzite (Khetabari Formation, Bomdila Group)",Evergreen / Semi evergreen,682.0,MultiPolygon
LS2014_000359,1,positive,bhuvan_2014,AR/WS/82L11/2014/47,,AR,Arunachal Pradesh,West Siang,28.43,94.6276,2014,Rainfall,Active,Denudational Hills - Moderately Dissected (DHM),"Quartzite (Khetabari Formation, Bomdila Group)",Evergreen / Semi evergreen,1322.0,MultiPolygon
LS2014_000360,1,positive,bhuvan_2014,AR/WS/82L11/2014/48,,AR,Arunachal Pradesh,West Siang,28.43,94.6254,2014,Rainfall,Active,Denudational Hills - Moderately Dissected (DHM),"Quartzite (Khetabari Formation, Bomdila Group)",Evergreen / Semi evergreen,273.0,MultiPolygon
LS2014_000361,1,positive,bhuvan_2014,AR/ES/82L15/2014/10,,AR,Arunachal Pradesh,East Siang,28.4429,94.8534,2014,Rainfall,Active,Denudational Slope (DS),"Quartzite (Tenga Formation, Bomdila Group), Palaeoproterozoic",Evergreen / Semi evergreen,446.0,MultiPolygon
LS2014_000362,1,positive,bhuvan_2014,AR/ES/82L15/2014/11,,AR,Arunachal Pradesh,East Siang,28.4429,94.8534,2014,Rainfall,Active,Denudational Slope (DS),"Quartzite (Tenga Formation, Bomdila Group), Palaeoproterozoic",Evergreen / Semi evergreen,446.0,MultiPolygon
LS2014_000363,1,positive,bhuvan_2014,AR/ES/82L15/2014/12,,AR,Arunachal Pradesh,East Siang,28.4146,94.9309,2014,Rainfall,Active,Denudational Hills - Moderately Dissected (DHM),"Basalt (Abor Volcanics) , Palaeocene to Eocene",Evergreen / Semi evergreen,146.0,MultiPolygon
LS2014_000364,1,positive,bhuvan_2014,AR/ES/82L15/2014/13,,AR,Arunachal Pradesh,East Siang,28.4146,94.9309,2014,Rainfall,Active,Denudational Hills - Moderately Dissected (DHM),"Basalt (Abor Volcanics) , Palaeocene to Eocene",Evergreen / Semi evergreen,146.0,MultiPolygon
LS2014_000365,1,positive,bhuvan_2014,AR/ES/82L15/2014/14,,AR,Arunachal Pradesh,East Siang,28.4143,94.9306,2014,Rainfall,Active,Denudational Hills - Moderately Dissected (DHM),"Basalt (Abor Volcanics) , Palaeocene to Eocene",Evergreen / Semi evergreen,332.0,MultiPolygon
LS2014_000366,1,positive,bhuvan_2014,AR/ES/82L15/2014/15,,AR,Arunachal Pradesh,East Siang,28.4143,94.9306,2014,Rainfall,Active,Denudational Hills - Moderately Dissected (DHM),"Basalt (Abor Volcanics) , Palaeocene to Eocene",Evergreen / Semi evergreen,332.0,MultiPolygon
LS2014_000367,1,positive,bhuvan_2014,AR/WS/82L10/2014/18,,AR,Arunachal Pradesh,West Siang,28.5712,94.6547,2014,Rainfall,Active,Denudational Hills - Less Dissected (DHL),"Quartzite (Tenga Formation, Bomdila Group), Palaeoproterozoic",Evergreen / Semi evergreen,1338.0,MultiPolygon
LS2014_000368,1,positive,bhuvan_2014,AR/WS/82L10/2014/25,,AR,Arunachal Pradesh,West Siang,28.5434,94.5839,2014,Rainfall,Active,Denudational Hills - Less Dissected (DHL),"Quartzite (Khetabari Formation, Bomdila Group)",Scrub land,3572.0,MultiPolygon
LS2014_000369,1,positive,bhuvan_2014,AR/WS/82L10/2014/31,,AR,Arunachal Pradesh,West Siang,28.5332,94.5877,2014,Rainfall,Active,Denudational Hills - Less Dissected (DHL),"Quartzite (Khetabari Formation, Bomdila Group)",Evergreen / Semi evergreen,2242.0,MultiPolygon
LS2014_000370,1,positive,bhuvan_2014,AR/WS/82L10/2014/33,,AR,Arunachal Pradesh,West Siang,28.5312,94.5966,2014,Rainfall,Active,Denudational Hills - Less Dissected (DHL),"Quartzite (Khetabari Formation, Bomdila Group)",Evergreen / Semi evergreen,1691.0,MultiPolygon
LS2014_000371,1,positive,bhuvan_2014,AR/WS/82L10/2014/2,,AR,Arunachal Pradesh,West Siang,28.6911,94.6776,2014,Rainfall,Active,Denudational Hills - Moderately Dissected (DHM),Granitoid Gneiss (Ziro Granite Gneiss),Evergreen / Semi evergreen,2272.0,MultiPolygon
LS2014_000372,1,positive,bhuvan_2014,AR/WS/82L10/2014/3,,AR,Arunachal Pradesh,West Siang,28.6903,94.6796,2014,Rainfall,Active,Denudational Hills - Moderately Dissected (DHM),Granitoid Gneiss (Ziro Granite Gneiss),Evergreen / Semi evergreen,3440.0,MultiPolygon
LS2014_000373,1,positive,bhuvan_2014,AR/US/82L14/2014/414,,AR,Arunachal Pradesh,Upper Siang,28.5866,94.8385,2014,Rainfall,Active,Denudational Hills - Moderately Dissected (DHM),"Quartzite (Tenga Formation, Bomdila Group), Palaeoproterozoic",Evergreen / Semi evergreen,511.0,MultiPolygon
LS2014_000374,1,positive,bhuvan_2014,AR/US/82L14/2014/415,,AR,Arunachal Pradesh,Upper Siang,28.5866,94.8385,2014,Rainfall,Active,Denudational Hills - Moderately Dissected (DHM),"Quartzite (Tenga Formation, Bomdila Group), Palaeoproterozoic",Evergreen / Semi evergreen,511.0,MultiPolygon
LS2014_000375,1,positive,bhuvan_2014,AR/US/82L14/2014/416,,AR,Arunachal Pradesh,Upper Siang,28.5846,94.8326,2014,Rainfall,Active,Denudational Hills - Moderately Dissected (DHM),"Quartzite (Tenga Formation, Bomdila Group), Palaeoproterozoic",Evergreen / Semi evergreen,2402.0,MultiPolygon
LS2014_000376,1,positive,bhuvan_2014,AR/US/82L14/2014/417,,AR,Arunachal Pradesh,Upper Siang,28.5846,94.8326,2014,Rainfall,Active,Denudational Hills - Moderately Dissected (DHM),"Quartzite (Tenga Formation, Bomdila Group), Palaeoproterozoic",Evergreen / Semi evergreen,2402.0,MultiPolygon
LS2014_000377,1,positive,bhuvan_2014,AR/US/82L14/2014/418,,AR,Arunachal Pradesh,Upper Siang,28.5844,94.835,2014,Rainfall,Active,Denudational Hills - Moderately Dissected (DHM),"Quartzite (Tenga Formation, Bomdila Group), Palaeoproterozoic",Evergreen / Semi evergreen,1812.0,MultiPolygon
LS2014_000378,1,positive,bhuvan_2014,AR/ES/82L14/2014/1,,AR,Arunachal Pradesh,East Siang,28.5602,94.8136,2014,Rainfall,Active,Denudational Hills - Moderately Dissected (DHM),"Quartzite (Tenga Formation, Bomdila Group), Palaeoproterozoic",Evergreen / Semi evergreen,890.0,MultiPolygon
LS2014_000379,1,positive,bhuvan_2014,AR/ES/82L14/2014/2,,AR,Arunachal Pradesh,East Siang,28.5602,94.8136,2014,Rainfall,Active,Denudational Hills - Moderately Dissected (DHM),"Quartzite (Tenga Formation, Bomdila Group), Palaeoproterozoic",Evergreen / Semi evergreen,890.0,MultiPolygon
LS2014_000380,1,positive,bhuvan_2014,AR/ES/82L14/2014/3,,AR,Arunachal Pradesh,East Siang,28.5493,94.815,2014,Rainfall,Active,Denudational Hills - Moderately Dissected (DHM),"Quartzite (Tenga Formation, Bomdila Group), Palaeoproterozoic",Evergreen / Semi evergreen,4937.0,MultiPolygon
LS2014_000381,1,positive,bhuvan_2014,AR/ES/82L14/2014/4,,AR,Arunachal Pradesh,East Siang,28.5493,94.815,2014,Rainfall,Active,Denudational Hills - Moderately Dissected (DHM),"Quartzite (Tenga Formation, Bomdila Group), Palaeoproterozoic",Evergreen / Semi evergreen,4937.0,MultiPolygon
LS2014_000382,1,positive,bhuvan_2014,AR/ES/82L14/2014/5,,AR,Arunachal Pradesh,East Siang,28.5478,94.8992,2014,Rainfall,Active,Denudational Hills - Moderately Dissected (DHM),"Basalt (Abor Volcanics) , Palaeocene to Eocene",Evergreen / Semi evergreen,4226.0,MultiPolygon
LS2014_000383,1,positive,bhuvan_2014,AR/ES/82L14/2014/6,,AR,Arunachal Pradesh,East Siang,28.5478,94.8992,2014,Rainfall,Active,Denudational Hills - Moderately Dissected (DHM),"Basalt (Abor Volcanics) , Palaeocene to Eocene",Evergreen / Semi evergreen,4226.0,MultiPolygon
LS2014_000384,1,positive,bhuvan_2014,AR/US/82L14/2014/372,,AR,Arunachal Pradesh,Upper Siang,28.7011,94.8909,2014,Rainfall,Active,Denudational Hills - Moderately Dissected (DHM),"Basalt (Abor Volcanics) , Palaeocene to Eocene",Evergreen / Semi evergreen,1781.0,MultiPolygon
LS2014_000385,1,positive,bhuvan_2014,AR/US/82L14/2014/373,,AR,Arunachal Pradesh,Upper Siang,28.7011,94.8909,2014,Rainfall,Active,Denudational Hills - Moderately Dissected (DHM),"Basalt (Abor Volcanics) , Palaeocene to Eocene",Evergreen / Semi evergreen,1781.0,MultiPolygon
LS2014_000386,1,positive,bhuvan_2014,AR/US/82L09/2014/193,,AR,Arunachal Pradesh,Upper Siang,28.8238,94.6271,2014,Rainfall,Active,Denudational Hills - Moderately Dissected (DHM),"Quartzite (Tenga Formation, Bomdila Group), Palaeoproterozoic",Evergreen / Semi evergreen,399.0,MultiPolygon
LS2014_000387,1,positive,bhuvan_2014,AR/US/82L09/2014/24,,AR,Arunachal Pradesh,Upper Siang,28.9453,94.5937,2014,Rainfall,Active,Denudational Hills - Moderately Dissected (DHM),"Gneiss (Sela Group), Palaeoproterozoic",Evergreen / Semi evergreen,3469.0,MultiPolygon
LS2014_000388,1,positive,bhuvan_2014,AR/US/82L09/2014/26,,AR,Arunachal Pradesh,Upper Siang,28.9348,94.6575,2014,Rainfall,Active,Denudational Hills - Moderately Dissected (DHM),"Quartzite (Tenga Formation, Bomdila Group), Palaeoproterozoic",Evergreen / Semi evergreen,3601.0,MultiPolygon
LS2014_000389,1,positive,bhuvan_2014,AR/US/82L09/2014/29,,AR,Arunachal Pradesh,Upper Siang,28.9194,94.6442,2014,Rainfall,Active,Denudational Hills - Moderately Dissected (DHM),"Quartzite (Tenga Formation, Bomdila Group), Palaeoproterozoic",Evergreen / Semi evergreen,221.0,MultiPolygon
LS2014_000390,1,positive,bhuvan_2014,AR/US/82L09/2014/30,,AR,Arunachal Pradesh,Upper Siang,28.9174,94.6927,2014,Rainfall,Active,Denudational Hills - Moderately Dissected (DHM),Schist (Yang Sang Chu Formation),Evergreen / Semi evergreen,1950.0,MultiPolygon
LS2014_000391,1,positive,bhuvan_2014,AR/US/82L09/2014/32,,AR,Arunachal Pradesh,Upper Siang,28.9142,94.653,2014,Rainfall,Active,Denudational Hills - Moderately Dissected (DHM),"Quartzite (Tenga Formation, Bomdila Group), Palaeoproterozoic",Evergreen / Semi evergreen,1494.0,MultiPolygon
LS2014_000392,1,positive,bhuvan_2014,AR/US/82L09/2014/33,,AR,Arunachal Pradesh,Upper Siang,28.9128,94.6608,2014,Rainfall,Active,Denudational Hills - Moderately Dissected (DHM),Granitoid Gneiss (Ziro Granite Gneiss),Evergreen / Semi evergreen,7610.0,MultiPolygon
LS2014_000393,1,positive,bhuvan_2014,AR/US/82L09/2014/34,,AR,Arunachal Pradesh,Upper Siang,28.9117,94.6047,2014,Rainfall,Active,Denudational Hills - Moderately Dissected (DHM),"Quartzite (Khetabari Formation, Bomdila Group)",Evergreen / Semi evergreen,2875.0,MultiPolygon
LS2014_000394,1,positive,bhuvan_2014,AR/US/82L13/2014/114,,AR,Arunachal Pradesh,Upper Siang,28.8452,94.9396,2014,Rainfall,Active,Denudational Hills - Moderately Dissected (DHM),Granitoid Gneiss (Ziro Granite Gneiss),Evergreen / Semi evergreen,3659.0,MultiPolygon
LS2014_000395,1,positive,bhuvan_2014,AR/US/82L13/2014/120,,AR,Arunachal Pradesh,Upper Siang,28.8441,94.9357,2014,Rainfall,Active,Denudational Hills - Moderately Dissected (DHM),Granitoid Gneiss (Ziro Granite Gneiss),Evergreen / Semi evergreen,341.0,MultiPolygon
LS2014_000396,1,positive,bhuvan_2014,AR/US/82L13/2014/122,,AR,Arunachal Pradesh,Upper Siang,28.842,94.8281,2014,Rainfall,Active,Denudational Hills - Moderately Dissected (DHM),"Basalt (Abor Volcanics) , Palaeocene to Eocene",Evergreen / Semi evergreen,1580.0,MultiPolygon
LS2014_000397,1,positive,bhuvan_2014,AR/US/82L13/2014/124,,AR,Arunachal Pradesh,Upper Siang,28.8412,94.9423,2014,Rainfall,Active,Denudational Hills - Moderately Dissected (DHM),Granitoid Gneiss (Ziro Granite Gneiss),Evergreen / Semi evergreen,822.0,MultiPolygon
LS2014_000398,1,positive,bhuvan_2014,AR/US/82L13/2014/126,,AR,Arunachal Pradesh,Upper Siang,28.8399,94.9392,2014,Rainfall,Active,Denudational Hills - Moderately Dissected (DHM),Granitoid Gneiss (Ziro Granite Gneiss),Evergreen / Semi evergreen,787.0,MultiPolygon
LS2014_000399,1,positive,bhuvan_2014,AR/US/82L13/2014/127,,AR,Arunachal Pradesh,Upper Siang,28.8398,94.8776,2014,Rainfall,Active,Denudational Hills - Moderately Dissected (DHM),Granitoid Gneiss (Ziro Granite Gneiss),Evergreen / Semi evergreen,437.0,MultiPolygon
LS2014_000400,1,positive,bhuvan_2014,AR/US/82L13/2014/128,,AR,Arunachal Pradesh,Upper Siang,28.8396,94.8776,2014,Rainfall,Active,Denudational Hills - Moderately Dissected (DHM),Granitoid Gneiss (Ziro Granite Gneiss),Evergreen / Semi evergreen,148.0,MultiPolygon
LS2014_000401,1,positive,bhuvan_2014,AR/US/82L13/2014/134,,AR,Arunachal Pradesh,Upper Siang,28.839,94.8225,2014,Rainfall,Active,Denudational Hills - Moderately Dissected (DHM),"Basalt (Abor Volcanics) , Palaeocene to Eocene",Evergreen / Semi evergreen,1173.0,MultiPolygon
LS2014_000402,1,positive,bhuvan_2014,AR/US/82L13/2014/137,,AR,Arunachal Pradesh,Upper Siang,28.8386,94.9357,2014,Rainfall,Active,Denudational Hills - Moderately Dissected (DHM),Granitoid Gneiss (Ziro Granite Gneiss),Evergreen / Semi evergreen,299.0,MultiPolygon
LS2014_000403,1,positive,bhuvan_2014,AR/US/82L13/2014/138,,AR,Arunachal Pradesh,Upper Siang,28.8385,94.8229,2014,Rainfall,Active,Denudational Hills - Moderately Dissected (DHM),"Basalt (Abor Volcanics) , Palaeocene to Eocene",Evergreen / Semi evergreen,350.0,MultiPolygon
LS2014_000404,1,positive,bhuvan_2014,AR/US/82L13/2014/141,,AR,Arunachal Pradesh,Upper Siang,28.8368,94.8879,2014,Rainfall,Active,Denudational Hills - Moderately Dissected (DHM),Granitoid Gneiss (Ziro Granite Gneiss),Evergreen / Semi evergreen,3234.0,MultiPolygon
LS2014_000405,1,positive,bhuvan_2014,AR/US/82L13/2014/142,,AR,Arunachal Pradesh,Upper Siang,28.8366,94.9349,2014,Rainfall,Active,Denudational Hills - Moderately Dissected (DHM),Granitoid Gneiss (Ziro Granite Gneiss),Evergreen / Semi evergreen,3661.0,MultiPolygon
LS2014_000406,1,positive,bhuvan_2014,AR/US/82L13/2014/145,,AR,Arunachal Pradesh,Upper Siang,28.8365,94.9373,2014,Rainfall,Active,Denudational Hills - Moderately Dissected (DHM),Granitoid Gneiss (Ziro Granite Gneiss),Evergreen / Semi evergreen,744.0,MultiPolygon
LS2014_000407,1,positive,bhuvan_2014,AR/US/82L13/2014/149,,AR,Arunachal Pradesh,Upper Siang,28.8357,94.8204,2014,Rainfall,Active,Denudational Hills - Moderately Dissected (DHM),"Basalt (Abor Volcanics) , Palaeocene to Eocene",Evergreen / Semi evergreen,527.0,MultiPolygon
LS2014_000408,1,positive,bhuvan_2014,AR/US/82L13/2014/150,,AR,Arunachal Pradesh,Upper Siang,28.835,94.9184,2014,Rainfall,Active,Denudational Hills - Moderately Dissected (DHM),Granitoid Gneiss (Ziro Granite Gneiss),Evergreen / Semi evergreen,911.0,MultiPolygon
LS2014_000409,1,positive,bhuvan_2014,AR/US/82L13/2014/155,,AR,Arunachal Pradesh,Upper Siang,28.833,94.9127,2014,Rainfall,Active,Denudational Hills - Moderately Dissected (DHM),Granitoid Gneiss (Ziro Granite Gneiss),Evergreen / Semi evergreen,3072.0,MultiPolygon
LS2014_000410,1,positive,bhuvan_2014,AR/US/82L13/2014/158,,AR,Arunachal Pradesh,Upper Siang,28.8305,94.9272,2014,Rainfall,Active,Denudational Hills - Moderately Dissected (DHM),Granitoid Gneiss (Ziro Granite Gneiss),Evergreen / Semi evergreen,1269.0,MultiPolygon
LS2014_000411,1,positive,bhuvan_2014,AR/US/82L13/2014/159,,AR,Arunachal Pradesh,Upper Siang,28.8296,94.9273,2014,Rainfall,Active,Denudational Hills - Moderately Dissected (DHM),Granitoid Gneiss (Ziro Granite Gneiss),Evergreen / Semi evergreen,272.0,MultiPolygon
LS2014_000412,1,positive,bhuvan_2014,AR/US/82L13/2014/161,,AR,Arunachal Pradesh,Upper Siang,28.8286,94.9296,2014,Rainfall,Active,Denudational Hills - Moderately Dissected (DHM),Granitoid Gneiss (Ziro Granite Gneiss),Evergreen / Semi evergreen,3396.0,MultiPolygon
LS2014_000413,1,positive,bhuvan_2014,AR/US/82L13/2014/162,,AR,Arunachal Pradesh,Upper Siang,28.8286,94.8892,2014,Rainfall,Active,River Terrace (RT),Alluvium - Gravel Dominant (Older Alluvium),Evergreen / Semi evergreen,304.0,MultiPolygon
LS2014_000414,1,positive,bhuvan_2014,AR/US/82L13/2014/163,,AR,Arunachal Pradesh,Upper Siang,28.8285,94.9227,2014,Rainfall,Active,Denudational Hills - Moderately Dissected (DHM),Granitoid Gneiss (Ziro Granite Gneiss),Evergreen / Semi evergreen,189.0,MultiPolygon
LS2014_000415,1,positive,bhuvan_2014,AR/US/82L13/2014/164,,AR,Arunachal Pradesh,Upper Siang,28.8283,94.9234,2014,Rainfall,Active,Denudational Hills - Moderately Dissected (DHM),Granitoid Gneiss (Ziro Granite Gneiss),Evergreen / Semi evergreen,561.0,MultiPolygon
LS2014_000416,1,positive,bhuvan_2014,AR/US/82L13/2014/165,,AR,Arunachal Pradesh,Upper Siang,28.8277,94.942,2014,Rainfall,Active,Denudational Hills - Moderately Dissected (DHM),Granitoid Gneiss (Ziro Granite Gneiss),Evergreen / Semi evergreen,1553.0,MultiPolygon
LS2014_000417,1,positive,bhuvan_2014,AR/US/82L13/2014/166,,AR,Arunachal Pradesh,Upper Siang,28.8277,94.9239,2014,Rainfall,Active,Denudational Hills - Moderately Dissected (DHM),Granitoid Gneiss (Ziro Granite Gneiss),Evergreen / Semi evergreen,2270.0,MultiPolygon
LS2014_000418,1,positive,bhuvan_2014,AR/US/82L13/2014/167,,AR,Arunachal Pradesh,Upper Siang,28.8277,94.9207,2014,Rainfall,Active,Denudational Hills - Moderately Dissected (DHM),Granitoid Gneiss (Ziro Granite Gneiss),Evergreen / Semi evergreen,375.0,MultiPolygon
LS2014_000419,1,positive,bhuvan_2014,AR/US/82L13/2014/168,,AR,Arunachal Pradesh,Upper Siang,28.8276,94.9251,2014,Rainfall,Active,Denudational Hills - Moderately Dissected (DHM),Granitoid Gneiss (Ziro Granite Gneiss),Evergreen / Semi evergreen,2990.0,MultiPolygon
LS2014_000420,1,positive,bhuvan_2014,AR/US/82L13/2014/169,,AR,Arunachal Pradesh,Upper Siang,28.8274,94.9291,2014,Rainfall,Active,Denudational Hills - Moderately Dissected (DHM),Granitoid Gneiss (Ziro Granite Gneiss),Evergreen / Semi evergreen,8014.0,MultiPolygon
LS2014_000421,1,positive,bhuvan_2014,AR/US/82L13/2014/170,,AR,Arunachal Pradesh,Upper Siang,28.8272,94.8358,2014,Rainfall,Active,Valley (V),"Basalt (Abor Volcanics) , Palaeocene to Eocene",Evergreen / Semi evergreen,699.0,MultiPolygon
LS2014_000422,1,positive,bhuvan_2014,AR/US/82L13/2014/172,,AR,Arunachal Pradesh,Upper Siang,28.8271,94.8364,2014,Rainfall,Active,Valley (V),"Basalt (Abor Volcanics) , Palaeocene to Eocene",Evergreen / Semi evergreen,2833.0,MultiPolygon
LS2014_000423,1,positive,bhuvan_2014,AR/US/82L13/2014/173,,AR,Arunachal Pradesh,Upper Siang,28.827,94.9398,2014,Rainfall,Active,Denudational Hills - Moderately Dissected (DHM),Granitoid Gneiss (Ziro Granite Gneiss),Evergreen / Semi evergreen,3685.0,MultiPolygon
LS2014_000424,1,positive,bhuvan_2014,AR/US/82L13/2014/175,,AR,Arunachal Pradesh,Upper Siang,28.8269,94.8747,2014,Rainfall,Active,Denudational Hills - Moderately Dissected (DHM),Granitoid Gneiss (Ziro Granite Gneiss),Evergreen / Semi evergreen,30758.0,MultiPolygon
LS2014_000425,1,positive,bhuvan_2014,AR/US/82L13/2014/176,,AR,Arunachal Pradesh,Upper Siang,28.8269,94.8732,2014,Rainfall,Active,Denudational Hills - Moderately Dissected (DHM),Granitoid Gneiss (Ziro Granite Gneiss),Evergreen / Semi evergreen,1505.0,MultiPolygon
LS2014_000426,1,positive,bhuvan_2014,AR/US/82L13/2014/177,,AR,Arunachal Pradesh,Upper Siang,28.8268,94.9071,2014,Rainfall,Active,Denudational Hills - Moderately Dissected (DHM),Granitoid Gneiss (Ziro Granite Gneiss),Evergreen / Semi evergreen,3423.0,MultiPolygon
LS2014_000427,1,positive,bhuvan_2014,AR/US/82L13/2014/178,,AR,Arunachal Pradesh,Upper Siang,28.8264,94.9264,2014,Rainfall,Active,Denudational Hills - Moderately Dissected (DHM),Granitoid Gneiss (Ziro Granite Gneiss),Evergreen / Semi evergreen,485.0,MultiPolygon
LS2014_000428,1,positive,bhuvan_2014,AR/US/82L13/2014/179,,AR,Arunachal Pradesh,Upper Siang,28.8264,94.9234,2014,Rainfall,Active,Denudational Hills - Moderately Dissected (DHM),Granitoid Gneiss (Ziro Granite Gneiss),Evergreen / Semi evergreen,15038.0,MultiPolygon
LS2014_000429,1,positive,bhuvan_2014,AR/US/82L13/2014/181,,AR,Arunachal Pradesh,Upper Siang,28.8256,94.9403,2014,Rainfall,Active,Denudational Hills - Moderately Dissected (DHM),Granitoid Gneiss (Ziro Granite Gneiss),Evergreen / Semi evergreen,1781.0,MultiPolygon
LS2014_000430,1,positive,bhuvan_2014,AR/US/82L13/2014/183,,AR,Arunachal Pradesh,Upper Siang,28.8251,94.9206,2014,Rainfall,Active,Denudational Hills - Moderately Dissected (DHM),Granitoid Gneiss (Ziro Granite Gneiss),Evergreen / Semi evergreen,495.0,MultiPolygon
LS2014_000431,1,positive,bhuvan_2014,AR/US/82L13/2014/184,,AR,Arunachal Pradesh,Upper Siang,28.825,94.9277,2014,Rainfall,Active,Denudational Hills - Moderately Dissected (DHM),Granitoid Gneiss (Ziro Granite Gneiss),Evergreen / Semi evergreen,1776.0,MultiPolygon
LS2014_000432,1,positive,bhuvan_2014,AR/US/82L13/2014/186,,AR,Arunachal Pradesh,Upper Siang,28.8249,94.9389,2014,Rainfall,Active,Denudational Hills - Moderately Dissected (DHM),Granitoid Gneiss (Ziro Granite Gneiss),Evergreen / Semi evergreen,67847.0,MultiPolygon
LS2014_000433,1,positive,bhuvan_2014,AR/US/82L13/2014/187,,AR,Arunachal Pradesh,Upper Siang,28.8246,94.9295,2014,Rainfall,Active,Denudational Hills - Moderately Dissected (DHM),Granitoid Gneiss (Ziro Granite Gneiss),Evergreen / Semi evergreen,1104.0,MultiPolygon
LS2014_000434,1,positive,bhuvan_2014,AR/US/82L13/2014/188,,AR,Arunachal Pradesh,Upper Siang,28.8245,94.9224,2014,Rainfall,Active,Denudational Hills - Moderately Dissected (DHM),Granitoid Gneiss (Ziro Granite Gneiss),Evergreen / Semi evergreen,580.0,MultiPolygon
LS2014_000435,1,positive,bhuvan_2014,AR/US/82L13/2014/190,,AR,Arunachal Pradesh,Upper Siang,28.8244,94.9411,2014,Rainfall,Active,Denudational Hills - Moderately Dissected (DHM),Granitoid Gneiss (Ziro Granite Gneiss),Evergreen / Semi evergreen,603.0,MultiPolygon
LS2014_000436,1,positive,bhuvan_2014,AR/US/82L13/2014/191,,AR,Arunachal Pradesh,Upper Siang,28.8242,94.9231,2014,Rainfall,Active,Denudational Hills - Moderately Dissected (DHM),Granitoid Gneiss (Ziro Granite Gneiss),Evergreen / Semi evergreen,367.0,MultiPolygon
LS2014_000437,1,positive,bhuvan_2014,AR/US/82L13/2014/192,,AR,Arunachal Pradesh,Upper Siang,28.8242,94.9225,2014,Rainfall,Active,Denudational Hills - Moderately Dissected (DHM),Granitoid Gneiss (Ziro Granite Gneiss),Evergreen / Semi evergreen,862.0,MultiPolygon
LS2014_000438,1,positive,bhuvan_2014,AR/US/82L13/2014/194,,AR,Arunachal Pradesh,Upper Siang,28.8237,94.9207,2014,Rainfall,Active,Denudational Hills - Moderately Dissected (DHM),Granitoid Gneiss (Ziro Granite Gneiss),Evergreen / Semi evergreen,2893.0,MultiPolygon
LS2014_000439,1,positive,bhuvan_2014,AR/US/82L13/2014/195,,AR,Arunachal Pradesh,Upper Siang,28.8231,94.8494,2014,Rainfall,Active,Denudational Hills - Less Dissected (DHL),"Basalt (Abor Volcanics) , Palaeocene to Eocene",Scrub Forest,111.0,MultiPolygon
LS2014_000440,1,positive,bhuvan_2014,AR/US/82L13/2014/197,,AR,Arunachal Pradesh,Upper Siang,28.823,94.8497,2014,Rainfall,Active,Denudational Hills - Less Dissected (DHL),"Basalt (Abor Volcanics) , Palaeocene to Eocene",Evergreen / Semi evergreen,221.0,MultiPolygon
LS2014_000441,1,positive,bhuvan_2014,AR/US/82L13/2014/198,,AR,Arunachal Pradesh,Upper Siang,28.8228,94.9197,2014,Rainfall,Active,Denudational Hills - Moderately Dissected (DHM),Granitoid Gneiss (Ziro Granite Gneiss),Evergreen / Semi evergreen,261.0,MultiPolygon
LS2014_000442,1,positive,bhuvan_2014,AR/US/82L13/2014/202,,AR,Arunachal Pradesh,Upper Siang,28.8215,94.9205,2014,Rainfall,Active,Denudational Hills - Moderately Dissected (DHM),Granitoid Gneiss (Ziro Granite Gneiss),Evergreen / Semi evergreen,481.0,MultiPolygon
LS2014_000443,1,positive,bhuvan_2014,AR/US/82L13/2014/203,,AR,Arunachal Pradesh,Upper Siang,28.8214,94.9414,2014,Rainfall,Active,Denudational Hills - Moderately Dissected (DHM),Granitoid Gneiss (Ziro Granite Gneiss),Evergreen / Semi evergreen,360.0,MultiPolygon
LS2014_000444,1,positive,bhuvan_2014,AR/US/82L13/2014/31,,AR,Arunachal Pradesh,Upper Siang,28.9148,94.9228,2014,Rainfall,Active,Denudational Hills - Moderately Dissected (DHM),Schist (Yang Sang Chu Formation),Evergreen / Semi evergreen,590.0,MultiPolygon
LS2014_000445,1,positive,bhuvan_2014,AR/US/82L13/2014/35,,AR,Arunachal Pradesh,Upper Siang,28.9115,94.9267,2014,Rainfall,Active,Denudational Hills - Moderately Dissected (DHM),Schist (Yang Sang Chu Formation),Evergreen / Semi evergreen,825.0,MultiPolygon
LS2014_000446,1,positive,bhuvan_2014,AR/US/82K12/2014/7,,AR,Arunachal Pradesh,Upper Siang,29.0333,94.5614,2014,Rainfall,Active,Denudational Hills - Moderately Dissected (DHM),Schist (Yang Sang Chu Formation),Evergreen / Semi evergreen,1810.0,MultiPolygon
LS2014_000447,1,positive,bhuvan_2014,AR/TI/83N05/2014/11,,AR,Arunachal Pradesh,Tirap,26.8006,95.3939,2014,Rainfall,Active,Structural Hills - Highly Dissected (SHH),"Sandstone with shale and coal bands (Barail Group), Oligocene",Evergreen / Semi evergreen,336.0,MultiPolygon
LS2014_000448,1,positive,bhuvan_2014,AR/TI/83M08/2014/5,,AR,Arunachal Pradesh,Tirap,27.0523,95.3471,2014,Rainfall,Active,Structural Hills - Moderately Dissected (SHM),"Quartzite (Tenga Formation), Palaeoproterozoic",Evergreen / Semi evergreen,1656.0,MultiPolygon
LS2014_000449,1,positive,bhuvan_2014,AR/ES/83M01/2014/418,,AR,Arunachal Pradesh,East Siang,27.8448,95.1302,2014,Rainfall,Active,Structural Hills - Moderately Dissected (SHM),"Cement assorted mixture of gravel, sand, silt&clay",Evergreen / Semi evergreen,2453.0,MultiPolygon
LS2014_000450,1,positive,bhuvan_2014,AR/ES/83M01/2014/419,,AR,Arunachal Pradesh,East Siang,27.8447,95.1289,2014,Rainfall,Active,Structural Hills - Moderately Dissected (SHM),"Cement assorted mixture of gravel, sand, silt&clay",Cuirrent Shifting Cultivation,203.0,MultiPolygon
LS2014_000451,1,positive,bhuvan_2014,AR/ES/83M01/2014/420,,AR,Arunachal Pradesh,East Siang,27.8439,95.1311,2014,Rainfall,Active,Structural Hills - Moderately Dissected (SHM),"Cement assorted mixture of gravel, sand, silt&clay",Evergreen / Semi evergreen,1202.0,MultiPolygon
LS2014_000452,1,positive,bhuvan_2014,AR/ES/83M01/2014/421,,AR,Arunachal Pradesh,East Siang,27.8432,95.116,2014,Rainfall,Active,Structural Hills - Moderately Dissected (SHM),"Cement assorted mixture of gravel, sand, silt&clay",Evergreen / Semi evergreen,1610.0,MultiPolygon
LS2014_000453,1,positive,bhuvan_2014,AR/ES/83M01/2014/423,,AR,Arunachal Pradesh,East Siang,27.8423,95.0873,2014,Rainfall,Active,Structural Hills - Moderately Dissected (SHM),"Cement assorted mixture of gravel, sand, silt&clay",Evergreen / Semi evergreen,305.0,MultiPolygon
LS2014_000454,1,positive,bhuvan_2014,AR/ES/83M01/2014/426,,AR,Arunachal Pradesh,East Siang,27.828,95.0954,2014,Rainfall,Active,Structural Hills - Moderately Dissected (SHM),"Cement assorted mixture of gravel, sand, silt&clay",Evergreen / Semi evergreen,1957.0,MultiPolygon
LS2014_000455,1,positive,bhuvan_2014,AR/ES/83M01/2014/427,,AR,Arunachal Pradesh,East Siang,27.8272,95.0947,2014,Rainfall,Active,Structural Hills - Moderately Dissected (SHM),"Cement assorted mixture of gravel, sand, silt&clay",Evergreen / Semi evergreen,1570.0,MultiPolygon
LS2014_000456,1,positive,bhuvan_2014,AR/ES/83M01/2014/428,,AR,Arunachal Pradesh,East Siang,27.8248,95.0898,2014,Rainfall,Active,Structural Hills - Moderately Dissected (SHM),"Cement assorted mixture of gravel, sand, silt&clay",Evergreen / Semi evergreen,2177.0,MultiPolygon
LS2014_000457,1,positive,bhuvan_2014,AR/ES/83M01/2014/435,,AR,Arunachal Pradesh,East Siang,27.8221,95.0854,2014,Rainfall,Active,Structural Hills - Moderately Dissected (SHM),"Cement assorted mixture of gravel, sand, silt&clay",Evergreen / Semi evergreen,857.0,MultiPolygon
LS2014_000458,1,positive,bhuvan_2014,AR/ES/83M01/2014/293,,AR,Arunachal Pradesh,East Siang,27.9682,95.1565,2014,Rainfall,Active,Structural Hills - Highly Dissected (SHH),Shaly sandstone (Siwalik Super Group),Evergreen / Semi evergreen,189.0,MultiPolygon
LS2014_000459,1,positive,bhuvan_2014,AR/ES/83M01/2014/294,,AR,Arunachal Pradesh,East Siang,27.9676,95.153,2014,Rainfall,Active,Structural Hills - Highly Dissected (SHH),Shaly sandstone (Siwalik Super Group),Evergreen / Semi evergreen,151.0,MultiPolygon
LS2014_000460,1,positive,bhuvan_2014,AR/ES/83M01/2014/295,,AR,Arunachal Pradesh,East Siang,27.9675,95.1527,2014,Rainfall,Active,Structural Hills - Highly Dissected (SHH),Shaly sandstone (Siwalik Super Group),Evergreen / Semi evergreen,173.0,MultiPolygon
LS2014_000461,1,positive,bhuvan_2014,AR/ES/83M01/2014/299,,AR,Arunachal Pradesh,East Siang,27.9654,95.1495,2014,Rainfall,Active,Structural Hills - Highly Dissected (SHH),Shaly sandstone (Siwalik Super Group),Evergreen / Semi evergreen,504.0,MultiPolygon
LS2014_000462,1,positive,bhuvan_2014,AR/ES/83M01/2014/300,,AR,Arunachal Pradesh,East Siang,27.9651,95.1391,2014,Rainfall,Active,Structural Hills - Highly Dissected (SHH),Shaly sandstone (Siwalik Super Group),Evergreen / Semi evergreen,195.0,MultiPolygon
LS2014_000463,1,positive,bhuvan_2014,AR/ES/83M01/2014/301,,AR,Arunachal Pradesh,East Siang,27.9648,95.1403,2014,Rainfall,Active,Structural Hills - Highly Dissected (SHH),Shaly sandstone (Siwalik Super Group),Evergreen / Semi evergreen,628.0,MultiPolygon
LS2014_000464,1,positive,bhuvan_2014,AR/ES/83M01/2014/302,,AR,Arunachal Pradesh,East Siang,27.963,95.11,2014,Rainfall,Active,Structural Hills - Highly Dissected (SHH),Shaly sandstone (Siwalik Super Group),Evergreen / Semi evergreen,491.0,MultiPolygon
LS2014_000465,1,positive,bhuvan_2014,AR/ES/83M01/2014/303,,AR,Arunachal Pradesh,East Siang,27.9576,95.0757,2014,Rainfall,Active,Structural Hills - Moderately Dissected (SHM),Sandstone with shales (Siwalik Super Group (Lower),Evergreen / Semi evergreen,261.0,MultiPolygon
LS2014_000466,1,positive,bhuvan_2014,AR/ES/83M01/2014/305,,AR,Arunachal Pradesh,East Siang,27.957,95.0761,2014,Rainfall,Active,Structural Hills - Moderately Dissected (SHM),Sandstone with shales (Siwalik Super Group (Lower),Evergreen / Semi evergreen,604.0,MultiPolygon
LS2014_000467,1,positive,bhuvan_2014,AR/ES/83M01/2014/306,,AR,Arunachal Pradesh,East Siang,27.9562,95.0824,2014,Rainfall,Active,Structural Hills - Highly Dissected (SHH),Shaly sandstone (Siwalik Super Group),Evergreen / Semi evergreen,637.0,MultiPolygon
LS2014_000468,1,positive,bhuvan_2014,AR/ES/83M01/2014/307,,AR,Arunachal Pradesh,East Siang,27.9557,95.1426,2014,Rainfall,Active,Structural Hills - Highly Dissected (SHH),Shaly sandstone (Siwalik Super Group),Evergreen / Semi evergreen,393.0,MultiPolygon
LS2014_000469,1,positive,bhuvan_2014,AR/ES/83M01/2014/308,,AR,Arunachal Pradesh,East Siang,27.9537,95.0754,2014,Rainfall,Active,Structural Hills - Highly Dissected (SHH),Shaly sandstone (Siwalik Super Group),Evergreen / Semi evergreen,293.0,MultiPolygon
LS2014_000470,1,positive,bhuvan_2014,AR/ES/83M01/2014/309,,AR,Arunachal Pradesh,East Siang,27.9535,95.0749,2014,Rainfall,Active,Structural Hills - Highly Dissected (SHH),Shaly sandstone (Siwalik Super Group),Evergreen / Semi evergreen,227.0,MultiPolygon
LS2014_000471,1,positive,bhuvan_2014,AR/ES/83M01/2014/312,,AR,Arunachal Pradesh,East Siang,27.9517,95.0759,2014,Rainfall,Active,Structural Hills - Highly Dissected (SHH),Shaly sandstone (Siwalik Super Group),Evergreen / Semi evergreen,739.0,MultiPolygon
LS2014_000472,1,positive,bhuvan_2014,AR/ES/83M01/2014/316,,AR,Arunachal Pradesh,East Siang,27.9486,95.1454,2014,Rainfall,Active,Structural Hills - Highly Dissected (SHH),Shaly sandstone (Siwalik Super Group),Evergreen / Semi evergreen,294.0,MultiPolygon
LS2014_000473,1,positive,bhuvan_2014,AR/ES/83M01/2014/317,,AR,Arunachal Pradesh,East Siang,27.9485,95.1456,2014,Rainfall,Active,Structural Hills - Highly Dissected (SHH),Shaly sandstone (Siwalik Super Group),Evergreen / Semi evergreen,181.0,MultiPolygon
LS2014_000474,1,positive,bhuvan_2014,AR/ES/83M01/2014/318,,AR,Arunachal Pradesh,East Siang,27.9468,95.1203,2014,Rainfall,Active,Structural Hills - Highly Dissected (SHH),Shaly sandstone (Siwalik Super Group),Evergreen / Semi evergreen,768.0,MultiPolygon
LS2014_000475,1,positive,bhuvan_2014,AR/ES/83M01/2014/320,,AR,Arunachal Pradesh,East Siang,27.9449,95.1194,2014,Rainfall,Active,Valley (V),Shaly sandstone (Siwalik Super Group),Cropland,3803.0,MultiPolygon
LS2014_000476,1,positive,bhuvan_2014,AR/ES/83M01/2014/324,,AR,Arunachal Pradesh,East Siang,27.9405,95.1017,2014,Rainfall,Active,Structural Hills - Highly Dissected (SHH),Shaly sandstone (Siwalik Super Group),Evergreen / Semi evergreen,586.0,MultiPolygon
LS2014_000477,1,positive,bhuvan_2014,AR/ES/83M01/2014/328,,AR,Arunachal Pradesh,East Siang,27.9132,95.0917,2014,Rainfall,Active,Structural Hills - Highly Dissected (SHH),"Cement assorted mixture of gravel, sand, silt&clay",Evergreen / Semi evergreen,198.0,MultiPolygon
LS2014_000478,1,positive,bhuvan_2014,AR/ES/83M01/2014/329,,AR,Arunachal Pradesh,East Siang,27.9121,95.0951,2014,Rainfall,Active,Structural Hills - Highly Dissected (SHH),"Cement assorted mixture of gravel, sand, silt&clay",Evergreen / Semi evergreen,626.0,MultiPolygon
LS2014_000479,1,positive,bhuvan_2014,AR/ES/83M01/2014/330,,AR,Arunachal Pradesh,East Siang,27.9074,95.1208,2014,Rainfall,Active,Structural Hills - Highly Dissected (SHH),"Cement assorted mixture of gravel, sand, silt&clay",Evergreen / Semi evergreen,229.0,MultiPolygon
LS2014_000480,1,positive,bhuvan_2014,AR/ES/83M01/2014/331,,AR,Arunachal Pradesh,East Siang,27.9073,95.1365,2014,Rainfall,Active,Structural Hills - Highly Dissected (SHH),"Cement assorted mixture of gravel, sand, silt&clay",Evergreen / Semi evergreen,460.0,MultiPolygon
LS2014_000481,1,positive,bhuvan_2014,AR/ES/83M01/2014/332,,AR,Arunachal Pradesh,East Siang,27.9071,95.1355,2014,Rainfall,Active,Structural Hills - Highly Dissected (SHH),"Cement assorted mixture of gravel, sand, silt&clay",Evergreen / Semi evergreen,366.0,MultiPolygon
LS2014_000482,1,positive,bhuvan_2014,AR/ES/83M01/2014/333,,AR,Arunachal Pradesh,East Siang,27.907,95.1325,2014,Rainfall,Active,Structural Hills - Highly Dissected (SHH),"Cement assorted mixture of gravel, sand, silt&clay",Evergreen / Semi evergreen,228.0,MultiPolygon
LS2014_000483,1,positive,bhuvan_2014,AR/ES/83M01/2014/334,,AR,Arunachal Pradesh,East Siang,27.9068,95.1337,2014,Rainfall,Active,Structural Hills - Highly Dissected (SHH),"Cement assorted mixture of gravel, sand, silt&clay",Evergreen / Semi evergreen,1044.0,MultiPolygon
LS2014_000484,1,positive,bhuvan_2014,AR/ES/83M01/2014/335,,AR,Arunachal Pradesh,East Siang,27.9068,95.1252,2014,Rainfall,Active,Structural Hills - Highly Dissected (SHH),"Cement assorted mixture of gravel, sand, silt&clay",Evergreen / Semi evergreen,136.0,MultiPolygon
LS2014_000485,1,positive,bhuvan_2014,AR/ES/83M01/2014/336,,AR,Arunachal Pradesh,East Siang,27.9057,95.0654,2014,Rainfall,Active,Structural Hills - Highly Dissected (SHH),Shaly sandstone (Siwalik Super Group),Evergreen / Semi evergreen,844.0,MultiPolygon
LS2014_000486,1,positive,bhuvan_2014,AR/ES/82P04/2014/122,,AR,Arunachal Pradesh,East Siang,28.0844,95.0883,2014,Rainfall,Active,Denudational Hills - Moderately Dissected (DHM),"Quartzite (Tenga Formation, Bomdila Group), Palaeoproterozoic",Evergreen / Semi evergreen,2275.0,MultiPolygon
LS2014_000487,1,positive,bhuvan_2014,AR/ES/82P04/2014/123,,AR,Arunachal Pradesh,East Siang,28.0844,95.0883,2014,Rainfall,Active,Denudational Hills - Moderately Dissected (DHM),"Quartzite (Tenga Formation, Bomdila Group), Palaeoproterozoic",Evergreen / Semi evergreen,2275.0,MultiPolygon
LS2014_000488,1,positive,bhuvan_2014,AR/ES/82P04/2014/124,,AR,Arunachal Pradesh,East Siang,28.0657,95.0996,2014,Rainfall,Active,Denudational Hills - Moderately Dissected (DHM),"Quartzite (Tenga Formation, Bomdila Group), Palaeoproterozoic",Evergreen / Semi evergreen,798.0,MultiPolygon
LS2014_000489,1,positive,bhuvan_2014,AR/ES/82P04/2014/125,,AR,Arunachal Pradesh,East Siang,28.0657,95.0996,2014,Rainfall,Active,Denudational Hills - Moderately Dissected (DHM),"Quartzite (Tenga Formation, Bomdila Group), Palaeoproterozoic",Evergreen / Semi evergreen,798.0,MultiPolygon
LS2014_000490,1,positive,bhuvan_2014,AR/ES/82P04/2014/138,,AR,Arunachal Pradesh,East Siang,28.0441,95.1625,2014,Rainfall,Active,Denudational Hills - Moderately Dissected (DHM),"Quartzite (Tenga Formation, Bomdila Group), Palaeoproterozoic",Evergreen / Semi evergreen,1393.0,MultiPolygon
LS2014_000491,1,positive,bhuvan_2014,AR/ES/82P04/2014/139,,AR,Arunachal Pradesh,East Siang,28.0441,95.1625,2014,Rainfall,Active,Denudational Hills - Moderately Dissected (DHM),"Quartzite (Tenga Formation, Bomdila Group), Palaeoproterozoic",Evergreen / Semi evergreen,1393.0,MultiPolygon
LS2014_000492,1,positive,bhuvan_2014,AR/ES/82P04/2014/144,,AR,Arunachal Pradesh,East Siang,28.0358,95.1345,2014,Rainfall,Active,Denudational Hills - Moderately Dissected (DHM),"Quartzite (Tenga Formation, Bomdila Group), Palaeoproterozoic",Evergreen / Semi evergreen,1189.0,MultiPolygon
LS2014_000493,1,positive,bhuvan_2014,AR/ES/82P04/2014/145,,AR,Arunachal Pradesh,East Siang,28.0358,95.1345,2014,Rainfall,Active,Denudational Hills - Moderately Dissected (DHM),"Quartzite (Tenga Formation, Bomdila Group), Palaeoproterozoic",Evergreen / Semi evergreen,1189.0,MultiPolygon
LS2014_000494,1,positive,bhuvan_2014,AR/ES/82P04/2014/48,,AR,Arunachal Pradesh,East Siang,28.2192,95.1322,2014,Rainfall,Active,Denudational Hills - Moderately Dissected (DHM),"Basalt (Abor Volcanics) , Palaeocene to Eocene",Evergreen / Semi evergreen,299.0,MultiPolygon
LS2014_000495,1,positive,bhuvan_2014,AR/ES/82P04/2014/57,,AR,Arunachal Pradesh,East Siang,28.2111,95.1092,2014,Rainfall,Active,Denudational Hills - Moderately Dissected (DHM),"Basalt (Abor Volcanics) , Palaeocene to Eocene",Evergreen / Semi evergreen,282.0,MultiPolygon
LS2014_000496,1,positive,bhuvan_2014,AR/US/82P04/2014/443,,AR,Arunachal Pradesh,Upper Siang,28.2061,95.1489,2014,Rainfall,Active,Denudational Hills - Moderately Dissected (DHM),"Basalt (Abor Volcanics) , Palaeocene to Eocene",Evergreen / Semi evergreen,1185.0,MultiPolygon
LS2014_000497,1,positive,bhuvan_2014,AR/ES/82P04/2014/61,,AR,Arunachal Pradesh,East Siang,28.1958,95.0576,2014,Rainfall,Active,Denudational Hills - Moderately Dissected (DHM),"Basalt (Abor Volcanics) , Palaeocene to Eocene",Evergreen / Semi evergreen,444.0,MultiPolygon
LS2014_000498,1,positive,bhuvan_2014,AR/ES/82P04/2014/63,,AR,Arunachal Pradesh,East Siang,28.1915,95.1727,2014,Rainfall,Active,Denudational Hills - Moderately Dissected (DHM),"Basalt (Abor Volcanics) , Palaeocene to Eocene",Evergreen / Semi evergreen,411.0,MultiPolygon
LS2014_000499,1,positive,bhuvan_2014,AR/US/82P04/2014/446,,AR,Arunachal Pradesh,Upper Siang,28.1903,95.1893,2014,Rainfall,Active,Denudational Hills - Moderately Dissected (DHM),"Basalt (Abor Volcanics) , Palaeocene to Eocene",Evergreen / Semi evergreen,836.0,MultiPolygon
LS2014_000500,1,positive,bhuvan_2014,AR/ES/82P04/2014/73,,AR,Arunachal Pradesh,East Siang,28.1803,95.1101,2014,Rainfall,Active,Denudational Hills - Moderately Dissected (DHM),"Basalt (Abor Volcanics) , Palaeocene to Eocene",Evergreen / Semi evergreen,585.0,MultiPolygon
LS2014_000501,1,positive,bhuvan_2014,AR/ES/82P04/2014/76,,AR,Arunachal Pradesh,East Siang,28.1776,95.1747,2014,Rainfall,Active,Denudational Hills - Moderately Dissected (DHM),"Basalt (Abor Volcanics) , Palaeocene to Eocene",Evergreen / Semi evergreen,240.0,MultiPolygon
LS2014_000502,1,positive,bhuvan_2014,AR/ES/82P04/2014/77,,AR,Arunachal Pradesh,East Siang,28.1774,95.1767,2014,Rainfall,Active,Denudational Hills - Moderately Dissected (DHM),"Basalt (Abor Volcanics) , Palaeocene to Eocene",Evergreen / Semi evergreen,244.0,MultiPolygon
LS2014_000503,1,positive,bhuvan_2014,AR/ES/82P04/2014/86,,AR,Arunachal Pradesh,East Siang,28.1566,95.1896,2014,Rainfall,Active,Denudational Hills - Moderately Dissected (DHM),"Quartzite (Tenga Formation, Bomdila Group), Palaeoproterozoic",Evergreen / Semi evergreen,2573.0,MultiPolygon
LS2014_000504,1,positive,bhuvan_2014,AR/ES/82P04/2014/87,,AR,Arunachal Pradesh,East Siang,28.1566,95.1896,2014,Rainfall,Active,Denudational Hills - Moderately Dissected (DHM),"Quartzite (Tenga Formation, Bomdila Group), Palaeoproterozoic",Evergreen / Semi evergreen,2573.0,MultiPolygon
LS2014_000505,1,positive,bhuvan_2014,AR/ES/82P08/2014/50,,AR,Arunachal Pradesh,East Siang,28.2184,95.3179,2014,Rainfall,Active,Denudational Hills - Moderately Dissected (DHM),"Quartzite (Tenga Formation, Bomdila Group), Palaeoproterozoic",Evergreen / Semi evergreen,394.0,MultiPolygon
LS2014_000506,1,positive,bhuvan_2014,AR/ES/82P08/2014/51,,AR,Arunachal Pradesh,East Siang,28.2176,95.3929,2014,Rainfall,Active,Denudational Hills - Moderately Dissected (DHM),"Quartzite (Tenga Formation, Bomdila Group), Palaeoproterozoic",Scrub land,282.0,MultiPolygon
LS2014_000507,1,positive,bhuvan_2014,AR/ES/82P08/2014/64,,AR,Arunachal Pradesh,East Siang,28.1892,95.3199,2014,Rainfall,Active,Denudational Hills - Moderately Dissected (DHM),"Quartzite (Tenga Formation, Bomdila Group), Palaeoproterozoic",Evergreen / Semi evergreen,714.0,MultiPolygon
LS2014_000508,1,positive,bhuvan_2014,AR/ES/82P08/2014/65,,AR,Arunachal Pradesh,East Siang,28.1878,95.4095,2014,Rainfall,Active,Denudational Hills - Moderately Dissected (DHM),"Quartzite (Tenga Formation, Bomdila Group), Palaeoproterozoic",Evergreen / Semi evergreen,1407.0,MultiPolygon
LS2014_000509,1,positive,bhuvan_2014,AR/ES/82P08/2014/66,,AR,Arunachal Pradesh,East Siang,28.1871,95.3535,2014,Rainfall,Active,Denudational Hills - Moderately Dissected (DHM),"Quartzite (Tenga Formation, Bomdila Group), Palaeoproterozoic",Evergreen / Semi evergreen,268.0,MultiPolygon
LS2014_000510,1,positive,bhuvan_2014,AR/ES/82P08/2014/67,,AR,Arunachal Pradesh,East Siang,28.1865,95.3596,2014,Rainfall,Active,Denudational Hills - Moderately Dissected (DHM),"Quartzite (Tenga Formation, Bomdila Group), Palaeoproterozoic",Barren Rocky,1671.0,MultiPolygon
LS2014_000511,1,positive,bhuvan_2014,AR/ES/82P08/2014/68,,AR,Arunachal Pradesh,East Siang,28.1865,95.3423,2014,Rainfall,Active,Denudational Hills - Moderately Dissected (DHM),"Quartzite (Tenga Formation, Bomdila Group), Palaeoproterozoic",Scrub land,1347.0,MultiPolygon
LS2014_000512,1,positive,bhuvan_2014,AR/ES/82P08/2014/69,,AR,Arunachal Pradesh,East Siang,28.1851,95.4193,2014,Rainfall,Active,Denudational Hills - Highly Dissected (DHH),"Quartzite (Tenga Formation, Bomdila Group), Palaeoproterozoic",Evergreen / Semi evergreen,430.0,MultiPolygon
LS2014_000513,1,positive,bhuvan_2014,AR/ES/82P08/2014/70,,AR,Arunachal Pradesh,East Siang,28.1835,95.3789,2014,Rainfall,Active,Denudational Hills - Moderately Dissected (DHM),"Quartzite (Tenga Formation, Bomdila Group), Palaeoproterozoic",Evergreen / Semi evergreen,534.0,MultiPolygon
LS2014_000514,1,positive,bhuvan_2014,AR/ES/82P08/2014/72,,AR,Arunachal Pradesh,East Siang,28.183,95.3472,2014,Rainfall,Active,Denudational Hills - Moderately Dissected (DHM),"Quartzite (Tenga Formation, Bomdila Group), Palaeoproterozoic",Evergreen / Semi evergreen,1300.0,MultiPolygon
LS2014_000515,1,positive,bhuvan_2014,AR/ES/82P08/2014/75,,AR,Arunachal Pradesh,East Siang,28.1778,95.3381,2014,Rainfall,Active,Denudational Hills - Moderately Dissected (DHM),"Quartzite (Tenga Formation, Bomdila Group), Palaeoproterozoic",Evergreen / Semi evergreen,410.0,MultiPolygon
LS2014_000516,1,positive,bhuvan_2014,AR/ES/82P08/2014/83,,AR,Arunachal Pradesh,East Siang,28.164,95.3263,2014,Rainfall,Active,Denudational Hills - Moderately Dissected (DHM),"Basalt (Abor Volcanics) , Palaeocene to Eocene",Evergreen / Semi evergreen,1003.0,MultiPolygon
LS2014_000517,1,positive,bhuvan_2014,AR/ES/82P08/2014/88,,AR,Arunachal Pradesh,East Siang,28.1551,95.3278,2014,Rainfall,Active,Denudational Hills - Moderately Dissected (DHM),"Basalt (Abor Volcanics) , Palaeocene to Eocene",Evergreen / Semi evergreen,413.0,MultiPolygon
LS2014_000518,1,positive,bhuvan_2014,AR/ES/82P08/2014/89,,AR,Arunachal Pradesh,East Siang,28.1542,95.3327,2014,Rainfall,Active,Denudational Hills - Moderately Dissected (DHM),"Basalt (Abor Volcanics) , Palaeocene to Eocene",Evergreen / Semi evergreen,249.0,MultiPolygon
LS2014_000519,1,positive,bhuvan_2014,AR/ES/82P08/2014/90,,AR,Arunachal Pradesh,East Siang,28.154,95.3342,2014,Rainfall,Active,Denudational Hills - Moderately Dissected (DHM),"Basalt (Abor Volcanics) , Palaeocene to Eocene",Evergreen / Semi evergreen,413.0,MultiPolygon
LS2014_000520,1,positive,bhuvan_2014,AR/ES/82P08/2014/91,,AR,Arunachal Pradesh,East Siang,28.1532,95.3144,2014,Rainfall,Active,Denudational Hills - Moderately Dissected (DHM),"Basalt (Abor Volcanics) , Palaeocene to Eocene",Evergreen / Semi evergreen,784.0,MultiPolygon
LS2014_000521,1,positive,bhuvan_2014,AR/ES/82P07/2014/23,,AR,Arunachal Pradesh,East Siang,28.3048,95.3985,2014,Rainfall,Active,Denudational Hills - Moderately Dissected (DHM),"Quartzite (Tenga Formation, Bomdila Group), Palaeoproterozoic",Scrub land,10222.0,MultiPolygon
LS2014_000522,1,positive,bhuvan_2014,AR/ES/82P07/2014/24,,AR,Arunachal Pradesh,East Siang,28.3048,95.3985,2014,Rainfall,Active,Denudational Hills - Moderately Dissected (DHM),"Quartzite (Tenga Formation, Bomdila Group), Palaeoproterozoic",Scrub land,10222.0,MultiPolygon
LS2014_000523,1,positive,bhuvan_2014,AR/ES/82P07/2014/25,,AR,Arunachal Pradesh,East Siang,28.3013,95.4172,2014,Rainfall,Active,Denudational Hills - Moderately Dissected (DHM),"Quartzite (Tenga Formation, Bomdila Group), Palaeoproterozoic",Scrub land,2056.0,MultiPolygon
LS2014_000524,1,positive,bhuvan_2014,AR/ES/82P07/2014/26,,AR,Arunachal Pradesh,East Siang,28.3013,95.4172,2014,Rainfall,Active,Denudational Hills - Moderately Dissected (DHM),"Quartzite (Tenga Formation, Bomdila Group), Palaeoproterozoic",Scrub land,2056.0,MultiPolygon
LS2014_000525,1,positive,bhuvan_2014,AR/US/82P02/2014/420,,AR,Arunachal Pradesh,Upper Siang,28.5307,95.1738,2014,Rainfall,Active,Denudational Hills - Less Dissected (DHL),"Shale (Geku Formation, Yinkiong Group)",Evergreen / Semi evergreen,1671.0,MultiPolygon
LS2014_000526,1,positive,bhuvan_2014,AR/US/82P02/2014/374,,AR,Arunachal Pradesh,Upper Siang,28.7006,95.0986,2014,Rainfall,Active,Denudational Hills - Moderately Dissected (DHM),"Quartzite (Tenga Formation, Bomdila Group), Palaeoproterozoic",Evergreen / Semi evergreen,1472.0,MultiPolygon
LS2014_000527,1,positive,bhuvan_2014,AR/US/82P02/2014/375,,AR,Arunachal Pradesh,Upper Siang,28.7006,95.0986,2014,Rainfall,Active,Denudational Hills - Moderately Dissected (DHM),"Quartzite (Tenga Formation, Bomdila Group), Palaeoproterozoic",Evergreen / Semi evergreen,1472.0,MultiPolygon
LS2014_000528,1,positive,bhuvan_2014,AR/US/82P02/2014/376,,AR,Arunachal Pradesh,Upper Siang,28.6967,95.1442,2014,Rainfall,Active,Denudational Hills - Moderately Dissected (DHM),Granitoid Gneiss (Ziro Granite Gneiss),Grass / Grazing,7597.0,MultiPolygon
LS2014_000529,1,positive,bhuvan_2014,AR/US/82P02/2014/377,,AR,Arunachal Pradesh,Upper Siang,28.6967,95.1442,2014,Rainfall,Active,Denudational Hills - Moderately Dissected (DHM),Granitoid Gneiss (Ziro Granite Gneiss),Grass / Grazing,7597.0,MultiPolygon
LS2014_000530,1,positive,bhuvan_2014,AR/US/82P02/2014/388,,AR,Arunachal Pradesh,Upper Siang,28.6702,95.1456,2014,Rainfall,Active,Denudational Hills - Moderately Dissected (DHM),Granitoid Gneiss (Ziro Granite Gneiss),Evergreen / Semi evergreen,3474.0,MultiPolygon
LS2014_000531,1,positive,bhuvan_2014,AR/US/82P02/2014/389,,AR,Arunachal Pradesh,Upper Siang,28.6702,95.1456,2014,Rainfall,Active,Denudational Hills - Moderately Dissected (DHM),Granitoid Gneiss (Ziro Granite Gneiss),Evergreen / Semi evergreen,3474.0,MultiPolygon
LS2014_000532,1,positive,bhuvan_2014,AR/US/82P01/2014/286,,AR,Arunachal Pradesh,Upper Siang,28.7903,95.1602,2014,Rainfall,Active,Denudational Hills - Moderately Dissected (DHM),Schist (Yang Sang Chu Formation),Evergreen / Semi evergreen,872.0,MultiPolygon
LS2014_000533,1,positive,bhuvan_2014,AR/US/82P01/2014/17,,AR,Arunachal Pradesh,Upper Siang,28.9556,95.1766,2014,Rainfall,Active,Denudational Hills - Moderately Dissected (DHM),Granitoid Gneiss (Lohit Granitoid Complex),Evergreen / Semi evergreen,3380.0,MultiPolygon
LS2014_000534,1,positive,bhuvan_2014,AR/US/82O04/2014/8,,AR,Arunachal Pradesh,Upper Siang,29.0304,95.1406,2014,Rainfall,Active,Denudational Hills - Less Dissected (DHL),Granitoid Gneiss (Lohit Granitoid Complex),Evergreen / Semi evergreen,2140.0,MultiPolygon
LS2014_000535,1,positive,bhuvan_2014,AR/CH/83M12/2014/138,,AR,Arunachal Pradesh,Changlang,27.05,95.6881,2014,Rainfall,Active,Structural Hills - Highly Dissected (SHH),Shale with Sanstone (Disang Group),Cuirrent Shifting Cultivation,960.0,MultiPolygon
LS2014_000536,1,positive,bhuvan_2014,AR/CH/83M12/2014/139,,AR,Arunachal Pradesh,Changlang,27.0455,95.6626,2014,Rainfall,Active,Structural Hills - Highly Dissected (SHH),Shale with Sanstone (Disang Group),Evergreen / Semi evergreen,357.0,MultiPolygon
LS2014_000537,1,positive,bhuvan_2014,AR/CH/83M12/2014/140,,AR,Arunachal Pradesh,Changlang,27.0451,95.6675,2014,Rainfall,Active,Structural Hills - Highly Dissected (SHH),Shale with Sanstone (Disang Group),Evergreen / Semi evergreen,524.0,MultiPolygon
LS2014_000538,1,positive,bhuvan_2014,AR/CH/83M12/2014/141,,AR,Arunachal Pradesh,Changlang,27.0437,95.6617,2014,Rainfall,Active,Structural Hills - Highly Dissected (SHH),Shale with Sanstone (Disang Group),Evergreen / Semi evergreen,678.0,MultiPolygon
LS2014_000539,1,positive,bhuvan_2014,AR/CH/83M12/2014/142,,AR,Arunachal Pradesh,Changlang,27.0433,95.6834,2014,Rainfall,Active,Structural Hills - Highly Dissected (SHH),Shale with Sanstone (Disang Group),Evergreen / Semi evergreen,360.0,MultiPolygon
LS2014_000540,1,positive,bhuvan_2014,AR/CH/83M12/2014/143,,AR,Arunachal Pradesh,Changlang,27.0432,95.6657,2014,Rainfall,Active,Structural Hills - Highly Dissected (SHH),Shale with Sanstone (Disang Group),Evergreen / Semi evergreen,640.0,MultiPolygon
LS2014_000541,1,positive,bhuvan_2014,AR/CH/83M12/2014/144,,AR,Arunachal Pradesh,Changlang,27.0426,95.6621,2014,Rainfall,Active,Structural Hills - Highly Dissected (SHH),Shale with Sanstone (Disang Group),Evergreen / Semi evergreen,340.0,MultiPolygon
LS2014_000542,1,positive,bhuvan_2014,AR/CH/83M12/2014/145,,AR,Arunachal Pradesh,Changlang,27.0402,95.6827,2014,Rainfall,Active,Structural Hills - Highly Dissected (SHH),Shale with Sanstone (Disang Group),Evergreen / Semi evergreen,240.0,MultiPolygon
LS2014_000543,1,positive,bhuvan_2014,AR/CH/83M12/2014/146,,AR,Arunachal Pradesh,Changlang,27.0389,95.6833,2014,Rainfall,Active,Structural Hills - Highly Dissected (SHH),Shale with Sanstone (Disang Group),Evergreen / Semi evergreen,337.0,MultiPolygon
LS2014_000544,1,positive,bhuvan_2014,AR/CH/83M12/2014/147,,AR,Arunachal Pradesh,Changlang,27.0388,95.6841,2014,Rainfall,Active,Structural Hills - Highly Dissected (SHH),Shale with Sanstone (Disang Group),Evergreen / Semi evergreen,481.0,MultiPolygon
LS2014_000545,1,positive,bhuvan_2014,AR/CH/83M12/2014/148,,AR,Arunachal Pradesh,Changlang,27.0376,95.6788,2014,Rainfall,Active,Structural Hills - Highly Dissected (SHH),Shale with Sanstone (Disang Group),Evergreen / Semi evergreen,390.0,MultiPolygon
LS2014_000546,1,positive,bhuvan_2014,AR/CH/83M12/2014/149,,AR,Arunachal Pradesh,Changlang,27.0349,95.6783,2014,Rainfall,Active,Structural Hills - Highly Dissected (SHH),Shale with Sanstone (Disang Group),Evergreen / Semi evergreen,572.0,MultiPolygon
LS2014_000547,1,positive,bhuvan_2014,AR/CH/83M12/2014/150,,AR,Arunachal Pradesh,Changlang,27.0308,95.6764,2014,Rainfall,Active,Structural Hills - Highly Dissected (SHH),Shale with Sanstone (Disang Group),Evergreen / Semi evergreen,549.0,MultiPolygon
LS2014_000548,1,positive,bhuvan_2014,AR/CH/83M16/2014/135,,AR,Arunachal Pradesh,Changlang,27.0857,95.9211,2014,Rainfall,Active,Structural Hills - Highly Dissected (SHH),"Sandstone with shale and coal bands (Barail Group), Oligocene",Scrub Forest,250.0,MultiPolygon
LS2014_000549,1,positive,bhuvan_2014,AR/CH/83M16/2014/136,,AR,Arunachal Pradesh,Changlang,27.0837,95.9206,2014,Rainfall,Active,Structural Hills - Highly Dissected (SHH),"Sandstone with shale and coal bands (Barail Group), Oligocene",Evergreen / Semi evergreen,529.0,MultiPolygon
LS2014_000550,1,positive,bhuvan_2014,AR/CH/83M16/2014/123,,AR,Arunachal Pradesh,Changlang,27.2174,95.8625,2014,Rainfall,Active,Structural Hills - Moderately Dissected (SHM),"Sandstone with shale and coal bands (Barail Group), Oligocene",River / Stream / Canals,1990.0,MultiPolygon
LS2014_000551,1,positive,bhuvan_2014,AR/CH/83M16/2014/124,,AR,Arunachal Pradesh,Changlang,27.2058,95.9165,2014,Rainfall,Active,River Terrace (RT),Alluvium - Gravel Dominant (Older Alluvium),Cuirrent Shifting Cultivation,2081.0,MultiPolygon
LS2014_000552,1,positive,bhuvan_2014,AR/CH/83M16/2014/125,,AR,Arunachal Pradesh,Changlang,27.2039,95.8847,2014,Rainfall,Active,Structural Hills - Moderately Dissected (SHM),Shale with Sanstone (Disang Group),Evergreen / Semi evergreen,1975.0,MultiPolygon
LS2014_000553,1,positive,bhuvan_2014,AR/CH/83M16/2014/126,,AR,Arunachal Pradesh,Changlang,27.2023,95.8809,2014,Rainfall,Active,Structural Hills - Moderately Dissected (SHM),Shale with Sanstone (Disang Group),Evergreen / Semi evergreen,4749.0,MultiPolygon
LS2014_000554,1,positive,bhuvan_2014,AR/CH/83M16/2014/127,,AR,Arunachal Pradesh,Changlang,27.2021,95.8545,2014,Rainfall,Active,River Terrace (RT),Alluvium - Gravel Dominant (Older Alluvium),Scrub Forest,1786.0,MultiPolygon
LS2014_000555,1,positive,bhuvan_2014,AR/CH/83M16/2014/128,,AR,Arunachal Pradesh,Changlang,27.2001,95.8539,2014,Rainfall,Active,River Terrace (RT),Alluvium - Gravel Dominant (Older Alluvium),Cropland,2766.0,MultiPolygon
LS2014_000556,1,positive,bhuvan_2014,AR/DV/82P16/2014/105,,AR,Arunachal Pradesh,Lower Dibang Valley,28.1861,95.9413,2014,Rainfall,Active,Denudational Hills - Moderately Dissected (DHM),Ultramafic rocks (Tiding Serpentinite),Evergreen / Semi evergreen,4287.0,MultiPolygon
LS2014_000557,1,positive,bhuvan_2014,AR/DV/82P16/2014/108,,AR,Arunachal Pradesh,Lower Dibang Valley,28.1777,95.9314,2014,Rainfall,Active,Denudational Hills - Moderately Dissected (DHM),Ultramafic rocks (Tiding Serpentinite),Scrub land,5042.0,MultiPolygon
LS2014_000558,1,positive,bhuvan_2014,AR/DV/82P16/2014/109,,AR,Arunachal Pradesh,Lower Dibang Valley,28.1762,95.8379,2014,Rainfall,Active,Piedmont Alluvium - Moderate (PAM),Alluvium - Gravel Dominant (Older Alluvium),Evergreen / Semi evergreen,2770.0,MultiPolygon
LS2014_000559,1,positive,bhuvan_2014,AR/DV/82P16/2014/110,,AR,Arunachal Pradesh,Lower Dibang Valley,28.1752,95.8522,2014,Rainfall,Active,Denudational Hills - Less Dissected (DHL),Granitoid Gneiss (Ziro Granite Gneiss),Evergreen / Semi evergreen,1289.0,MultiPolygon
LS2014_000560,1,positive,bhuvan_2014,AR/DV/82P16/2014/111,,AR,Arunachal Pradesh,Lower Dibang Valley,28.1652,95.8565,2014,Rainfall,Active,Piedmont Alluvium - Moderate (PAM),Alluvium - Gravel Dominant (Older Alluvium),River / Stream / Canals,3477.0,MultiPolygon
LS2014_000561,1,positive,bhuvan_2014,AR/DV/82P11/2014/67,,AR,Arunachal Pradesh,Lower Dibang Valley,28.3025,95.6089,2014,Rainfall,Active,Denudational Hills - Less Dissected (DHL),"Thick bedded quartzite (Miri Formation, Gondwana Group)",Evergreen / Semi evergreen,1640.0,MultiPolygon
LS2014_000562,1,positive,bhuvan_2014,AR/DV/82P11/2014/70,,AR,Arunachal Pradesh,Lower Dibang Valley,28.301,95.6053,2014,Rainfall,Active,Denudational Hills - Less Dissected (DHL),"Thick bedded quartzite (Miri Formation, Gondwana Group)",Barren Rocky,1281.0,MultiPolygon
LS2014_000563,1,positive,bhuvan_2014,AR/DV/82P11/2014/71,,AR,Arunachal Pradesh,Lower Dibang Valley,28.3008,95.609,2014,Rainfall,Active,Denudational Hills - Less Dissected (DHL),"Thick bedded quartzite (Miri Formation, Gondwana Group)",Evergreen / Semi evergreen,1790.0,MultiPolygon
LS2014_000564,1,positive,bhuvan_2014,AR/DV/82P11/2014/72,,AR,Arunachal Pradesh,Lower Dibang Valley,28.2985,95.6128,2014,Rainfall,Active,Denudational Hills - Less Dissected (DHL),"Thick bedded quartzite (Miri Formation, Gondwana Group)",Evergreen / Semi evergreen,332.0,MultiPolygon
LS2014_000565,1,positive,bhuvan_2014,AR/DV/82P11/2014/77,,AR,Arunachal Pradesh,Lower Dibang Valley,28.2812,95.5787,2014,Rainfall,Active,Denudational Hills - Less Dissected (DHL),"Thick bedded quartzite (Miri Formation, Gondwana Group)",Evergreen / Semi evergreen,287.0,MultiPolygon
LS2014_000566,1,positive,bhuvan_2014,AR/DV/82P11/2014/79,,AR,Arunachal Pradesh,Lower Dibang Valley,28.2807,95.5787,2014,Rainfall,Active,Denudational Hills - Less Dissected (DHL),"Thick bedded quartzite (Miri Formation, Gondwana Group)",Evergreen / Semi evergreen,264.0,MultiPolygon
LS2014_000567,1,positive,bhuvan_2014,AR/DV/82P11/2014/11,,AR,Arunachal Pradesh,Lower Dibang Valley,28.4485,95.5681,2014,Rainfall,Active,Denudational Hills - Moderately Dissected (DHM),Granitoid Gneiss (Ziro Granite Gneiss),Evergreen / Semi evergreen,629.0,MultiPolygon
LS2014_000568,1,positive,bhuvan_2014,AR/DV/82P11/2014/15,,AR,Arunachal Pradesh,Lower Dibang Valley,28.4427,95.6174,2014,Rainfall,Active,Denudational Hills - Moderately Dissected (DHM),Granitoid Gneiss (Ziro Granite Gneiss),Evergreen / Semi evergreen,2584.0,MultiPolygon
LS2014_000569,1,positive,bhuvan_2014,AR/DV/82P11/2014/19,,AR,Arunachal Pradesh,Lower Dibang Valley,28.4351,95.6352,2014,Rainfall,Active,Denudational Hills - Moderately Dissected (DHM),Granitoid Gneiss (Ziro Granite Gneiss),Evergreen / Semi evergreen,872.0,MultiPolygon
LS2014_000570,1,positive,bhuvan_2014,AR/DV/82P11/2014/20,,AR,Arunachal Pradesh,Lower Dibang Valley,28.4281,95.614,2014,Rainfall,Active,Denudational Hills - Moderately Dissected (DHM),Granitoid Gneiss (Ziro Granite Gneiss),Evergreen / Semi evergreen,2336.0,MultiPolygon
LS2014_000571,1,positive,bhuvan_2014,AR/DV/82P11/2014/21,,AR,Arunachal Pradesh,Lower Dibang Valley,28.4211,95.5865,2014,Rainfall,Active,Denudational Hills - Moderately Dissected (DHM),Granitoid Gneiss (Ziro Granite Gneiss),Evergreen / Semi evergreen,429.0,MultiPolygon
LS2014_000572,1,positive,bhuvan_2014,AR/DV/82P11/2014/22,,AR,Arunachal Pradesh,Lower Dibang Valley,28.4181,95.663,2014,Rainfall,Active,Denudational Hills - Moderately Dissected (DHM),Granitoid Gneiss (Ziro Granite Gneiss),Evergreen / Semi evergreen,2127.0,MultiPolygon
LS2014_000573,1,positive,bhuvan_2014,AR/DV/82P15/2014/54,,AR,Arunachal Pradesh,Lower Dibang Valley,28.3395,95.8977,2014,Rainfall,Active,Denudational Hills - Moderately Dissected (DHM),Basalt (Tuting Metavolcanics),Scrub Forest,6557.0,MultiPolygon
LS2014_000574,1,positive,bhuvan_2014,AR/DV/82P15/2014/57,,AR,Arunachal Pradesh,Lower Dibang Valley,28.3293,95.8285,2014,Rainfall,Active,Denudational Hills - Moderately Dissected (DHM),Ultramafic rocks (Tiding Serpentinite),Scrub land,1220.0,MultiPolygon
LS2014_000575,1,positive,bhuvan_2014,AR/DV/82P15/2014/60,,AR,Arunachal Pradesh,Lower Dibang Valley,28.3273,95.8509,2014,Rainfall,Active,Denudational Hills - Moderately Dissected (DHM),Ultramafic rocks (Tiding Serpentinite),Scrub land,20444.0,MultiPolygon
LS2014_000576,1,positive,bhuvan_2014,AR/DV/82P15/2014/62,,AR,Arunachal Pradesh,Lower Dibang Valley,28.3176,95.9011,2014,Rainfall,Active,Denudational Hills - Moderately Dissected (DHM),Basalt (Tuting Metavolcanics),Scrub land,594.0,MultiPolygon
LS2014_000577,1,positive,bhuvan_2014,AR/DV/82P15/2014/63,,AR,Arunachal Pradesh,Lower Dibang Valley,28.3172,95.9019,2014,Rainfall,Active,Denudational Hills - Moderately Dissected (DHM),Basalt (Tuting Metavolcanics),Scrub land,717.0,MultiPolygon
LS2014_000578,1,positive,bhuvan_2014,AR/DV/82P15/2014/64,,AR,Arunachal Pradesh,Lower Dibang Valley,28.3169,95.9023,2014,Rainfall,Active,Denudational Hills - Moderately Dissected (DHM),Basalt (Tuting Metavolcanics),Scrub land,1317.0,MultiPolygon
LS2014_000579,1,positive,bhuvan_2014,AR/DV/82P15/2014/66,,AR,Arunachal Pradesh,Lower Dibang Valley,28.3057,95.8877,2014,Rainfall,Active,Denudational Hills - Moderately Dissected (DHM),Basalt (Tuting Metavolcanics),Evergreen / Semi evergreen,527.0,MultiPolygon
LS2014_000580,1,positive,bhuvan_2014,AR/DV/82P15/2014/74,,AR,Arunachal Pradesh,Lower Dibang Valley,28.2951,95.8273,2014,Rainfall,Active,Denudational Hills - Moderately Dissected (DHM),Granitoid Gneiss (Ziro Granite Gneiss),Scrub land,4919.0,MultiPolygon
LS2014_000581,1,positive,bhuvan_2014,AR/DV/82P15/2014/78,,AR,Arunachal Pradesh,Lower Dibang Valley,28.2811,95.8549,2014,Rainfall,Active,Denudational Hills - Moderately Dissected (DHM),Ultramafic rocks (Tiding Serpentinite),Scrub land,1261.0,MultiPolygon
LS2014_000582,1,positive,bhuvan_2014,AR/DV/82P15/2014/80,,AR,Arunachal Pradesh,Lower Dibang Valley,28.2788,95.8236,2014,Rainfall,Active,Denudational Hills - Moderately Dissected (DHM),Granitoid Gneiss (Ziro Granite Gneiss),Evergreen / Semi evergreen,1343.0,MultiPolygon
LS2014_000583,1,positive,bhuvan_2014,AR/UD/82P15/2014/23,,AR,Arunachal Pradesh,Dibang Valley,28.4259,95.9227,2014,Rainfall,Active,Denudational Hills - Less Dissected (DHL),Basalt (Tuting Metavolcanics),Barren Rocky,1255.0,MultiPolygon
LS2014_000584,1,positive,bhuvan_2014,AR/UD/82P10/2014/13,,AR,Arunachal Pradesh,Dibang Valley,28.5922,95.646,2014,Rainfall,Active,Denudational Hills - Highly Dissected (DHH),Granitoid Gneiss (Lohit Granitoid Complex),Evergreen / Semi evergreen,374.0,MultiPolygon
LS2014_000585,1,positive,bhuvan_2014,AR/CH/92A03/2014/101,,AR,Arunachal Pradesh,Changlang,27.4204,96.1756,2014,Rainfall,Active,Hill Slope (HS),"Quartzite (Tenga Formation), Palaeoproterozoic",Evergreen / Semi evergreen,2770.0,MultiPolygon
LS2014_000586,1,positive,bhuvan_2014,AR/CH/92A07/2014/72,,AR,Arunachal Pradesh,Changlang,27.4643,96.4034,2014,Rainfall,Active,Structural Hills - Moderately Dissected (SHM),Quartzite (Tenga Formation),Evergreen / Semi evergreen,5061.0,MultiPolygon
LS2014_000587,1,positive,bhuvan_2014,AR/CH/92A07/2014/85,,AR,Arunachal Pradesh,Changlang,27.4539,96.3773,2014,Rainfall,Active,Structural Hills - Moderately Dissected (SHM),Quartzite (Tenga Formation),Evergreen / Semi evergreen,397.0,MultiPolygon
LS2014_000588,1,positive,bhuvan_2014,AR/CH/92A02/2014/18,,AR,Arunachal Pradesh,Changlang,27.5802,96.1929,2014,Rainfall,Active,Structural Hills - Highly Dissected (SHH),Pebble bed (Dihing Formation),Evergreen / Semi evergreen,1133.0,MultiPolygon
LS2014_000589,1,positive,bhuvan_2014,AR/CH/92A02/2014/28,,AR,Arunachal Pradesh,Changlang,27.5696,96.1466,2014,Rainfall,Active,Structural Hills - Highly Dissected (SHH),Pebble bed (Dihing Formation),Evergreen / Semi evergreen,1081.0,MultiPolygon
LS2014_000590,1,positive,bhuvan_2014,AR/CH/92A02/2014/29,,AR,Arunachal Pradesh,Changlang,27.5694,96.1472,2014,Rainfall,Active,Structural Hills - Highly Dissected (SHH),Pebble bed (Dihing Formation),Evergreen / Semi evergreen,391.0,MultiPolygon
LS2014_000591,1,positive,bhuvan_2014,AR/CH/92A02/2014/32,,AR,Arunachal Pradesh,Changlang,27.5622,96.1876,2014,Rainfall,Active,Structural Hills - Highly Dissected (SHH),Pebble bed (Dihing Formation),Evergreen / Semi evergreen,1158.0,MultiPolygon
LS2014_000592,1,positive,bhuvan_2014,AR/CH/92A02/2014/33,,AR,Arunachal Pradesh,Changlang,27.5618,96.1783,2014,Rainfall,Active,Structural Hills - Highly Dissected (SHH),Pebble bed (Dihing Formation),Evergreen / Semi evergreen,644.0,MultiPolygon
LS2014_000593,1,positive,bhuvan_2014,AR/CH/92A02/2014/37,,AR,Arunachal Pradesh,Changlang,27.5508,96.1852,2014,Rainfall,Active,Structural Hills - Highly Dissected (SHH),Pebble bed (Dihing Formation),Evergreen / Semi evergreen,385.0,MultiPolygon
LS2014_000594,1,positive,bhuvan_2014,AR/CH/92A02/2014/38,,AR,Arunachal Pradesh,Changlang,27.5508,96.1733,2014,Rainfall,Active,Structural Hills - Highly Dissected (SHH),Pebble bed (Dihing Formation),Evergreen / Semi evergreen,3297.0,MultiPolygon
LS2014_000595,1,positive,bhuvan_2014,AR/CH/92A02/2014/39,,AR,Arunachal Pradesh,Changlang,27.5506,96.1849,2014,Rainfall,Active,Structural Hills - Highly Dissected (SHH),Pebble bed (Dihing Formation),Evergreen / Semi evergreen,520.0,MultiPolygon
LS2014_000596,1,positive,bhuvan_2014,AR/EL/92A06/2014/296,,AR,Arunachal Pradesh,Lohit,27.721,96.3771,2014,Rainfall,Active,Denudational Hills - Moderately Dissected (DHM),"Quartzite (Tenga Formation, Bomdila Group), Palaeoproterozoic",Evergreen / Semi evergreen,2359.0,MultiPolygon
LS2014_000597,1,positive,bhuvan_2014,AR/EL/92A06/2014/301,,AR,Arunachal Pradesh,Lohit,27.7203,96.3749,2014,Rainfall,Active,Denudational Hills - Moderately Dissected (DHM),"Quartzite (Tenga Formation, Bomdila Group), Palaeoproterozoic",Evergreen / Semi evergreen,391.0,MultiPolygon
LS2014_000598,1,positive,bhuvan_2014,AR/EL/92A06/2014/304,,AR,Arunachal Pradesh,Lohit,27.7188,96.3981,2014,Rainfall,Active,Denudational Hills - Moderately Dissected (DHM),"Quartzite (Tenga Formation, Bomdila Group), Palaeoproterozoic",Evergreen / Semi evergreen,604.0,MultiPolygon
LS2014_000599,1,positive,bhuvan_2014,AR/EL/92A06/2014/305,,AR,Arunachal Pradesh,Lohit,27.7188,96.397,2014,Rainfall,Active,Denudational Hills - Moderately Dissected (DHM),"Quartzite (Tenga Formation, Bomdila Group), Palaeoproterozoic",Evergreen / Semi evergreen,518.0,MultiPolygon
LS2014_000600,1,positive,bhuvan_2014,AR/EL/92A06/2014/306,,AR,Arunachal Pradesh,Lohit,27.7178,96.3983,2014,Rainfall,Active,Denudational Hills - Moderately Dissected (DHM),"Quartzite (Tenga Formation, Bomdila Group), Palaeoproterozoic",Evergreen / Semi evergreen,2011.0,MultiPolygon
LS2014_000601,1,positive,bhuvan_2014,AR/EL/92A06/2014/307,,AR,Arunachal Pradesh,Lohit,27.7177,96.4009,2014,Rainfall,Active,Denudational Hills - Moderately Dissected (DHM),"Quartzite (Tenga Formation, Bomdila Group), Palaeoproterozoic",Evergreen / Semi evergreen,750.0,MultiPolygon
LS2014_000602,1,positive,bhuvan_2014,AR/EL/92A06/2014/308,,AR,Arunachal Pradesh,Lohit,27.7176,96.3998,2014,Rainfall,Active,Denudational Hills - Moderately Dissected (DHM),"Quartzite (Tenga Formation, Bomdila Group), Palaeoproterozoic",Evergreen / Semi evergreen,517.0,MultiPolygon
LS2014_000603,1,positive,bhuvan_2014,AR/EL/92A06/2014/309,,AR,Arunachal Pradesh,Lohit,27.7174,96.4001,2014,Rainfall,Active,Denudational Hills - Moderately Dissected (DHM),"Quartzite (Tenga Formation, Bomdila Group), Palaeoproterozoic",Evergreen / Semi evergreen,335.0,MultiPolygon
LS2014_000604,1,positive,bhuvan_2014,AR/EL/92A06/2014/310,,AR,Arunachal Pradesh,Lohit,27.7157,96.3949,2014,Rainfall,Active,Denudational Hills - Moderately Dissected (DHM),"Quartzite (Tenga Formation, Bomdila Group), Palaeoproterozoic",Evergreen / Semi evergreen,8077.0,MultiPolygon
LS2014_000605,1,positive,bhuvan_2014,AR/EL/92A06/2014/311,,AR,Arunachal Pradesh,Lohit,27.7134,96.4282,2014,Rainfall,Active,Denudational Hills - Moderately Dissected (DHM),Basalt (Tuting Metavolcanics),Evergreen / Semi evergreen,737.0,MultiPolygon
LS2014_000606,1,positive,bhuvan_2014,AR/EL/92A06/2014/312,,AR,Arunachal Pradesh,Lohit,27.7117,96.3934,2014,Rainfall,Active,Denudational Hills - Moderately Dissected (DHM),"Quartzite (Tenga Formation, Bomdila Group), Palaeoproterozoic",Evergreen / Semi evergreen,493.0,MultiPolygon
LS2014_000607,1,positive,bhuvan_2014,AR/EL/92A06/2014/313,,AR,Arunachal Pradesh,Lohit,27.7066,96.3879,2014,Rainfall,Active,Denudational Hills - Moderately Dissected (DHM),"Quartzite (Tenga Formation, Bomdila Group), Palaeoproterozoic",Evergreen / Semi evergreen,5381.0,MultiPolygon
LS2014_000608,1,positive,bhuvan_2014,AR/EL/92A06/2014/314,,AR,Arunachal Pradesh,Lohit,27.703,96.3669,2014,Rainfall,Active,Denudational Hills - Moderately Dissected (DHM),"Quartzite (Tenga Formation, Bomdila Group), Palaeoproterozoic",Evergreen / Semi evergreen,466.0,MultiPolygon
LS2014_000609,1,positive,bhuvan_2014,AR/EL/92A06/2014/315,,AR,Arunachal Pradesh,Lohit,27.702,96.3692,2014,Rainfall,Active,Denudational Hills - Moderately Dissected (DHM),"Quartzite (Tenga Formation, Bomdila Group), Palaeoproterozoic",Evergreen / Semi evergreen,1103.0,MultiPolygon
LS2014_000610,1,positive,bhuvan_2014,AR/EL/92A06/2014/316,,AR,Arunachal Pradesh,Lohit,27.6985,96.3624,2014,Rainfall,Active,Denudational Hills - Moderately Dissected (DHM),"Quartzite (Tenga Formation, Bomdila Group), Palaeoproterozoic",Evergreen / Semi evergreen,1137.0,MultiPolygon
LS2014_000611,1,positive,bhuvan_2014,AR/EL/92A06/2014/317,,AR,Arunachal Pradesh,Lohit,27.6968,96.3455,2014,Rainfall,Active,Denudational Hills - Moderately Dissected (DHM),"Quartzite (Tenga Formation, Bomdila Group), Palaeoproterozoic",Evergreen / Semi evergreen,625.0,MultiPolygon
LS2014_000612,1,positive,bhuvan_2014,AR/EL/92A06/2014/318,,AR,Arunachal Pradesh,Lohit,27.6958,96.3752,2014,Rainfall,Active,Denudational Hills - Moderately Dissected (DHM),"Quartzite (Tenga Formation, Bomdila Group), Palaeoproterozoic",Evergreen / Semi evergreen,1639.0,MultiPolygon
LS2014_000613,1,positive,bhuvan_2014,AR/EL/92A06/2014/319,,AR,Arunachal Pradesh,Lohit,27.6958,96.3698,2014,Rainfall,Active,Denudational Hills - Moderately Dissected (DHM),"Quartzite (Tenga Formation, Bomdila Group), Palaeoproterozoic",Evergreen / Semi evergreen,13354.0,MultiPolygon
LS2014_000614,1,positive,bhuvan_2014,AR/EL/92A06/2014/320,,AR,Arunachal Pradesh,Lohit,27.6904,96.35,2014,Rainfall,Active,Denudational Hills - Moderately Dissected (DHM),"Quartzite (Tenga Formation, Bomdila Group), Palaeoproterozoic",Evergreen / Semi evergreen,764.0,MultiPolygon
LS2014_000615,1,positive,bhuvan_2014,AR/EL/92A06/2014/321,,AR,Arunachal Pradesh,Lohit,27.6899,96.3466,2014,Rainfall,Active,Denudational Hills - Moderately Dissected (DHM),"Quartzite (Tenga Formation, Bomdila Group), Palaeoproterozoic",Evergreen / Semi evergreen,2844.0,MultiPolygon
LS2014_000616,1,positive,bhuvan_2014,AR/EL/92A06/2014/322,,AR,Arunachal Pradesh,Lohit,27.6893,96.3488,2014,Rainfall,Active,Denudational Hills - Moderately Dissected (DHM),"Quartzite (Tenga Formation, Bomdila Group), Palaeoproterozoic",Evergreen / Semi evergreen,961.0,MultiPolygon
LS2014_000617,1,positive,bhuvan_2014,AR/EL/92A06/2014/323,,AR,Arunachal Pradesh,Lohit,27.6803,96.3482,2014,Rainfall,Active,Denudational Hills - Moderately Dissected (DHM),"Quartzite (Tenga Formation, Bomdila Group), Palaeoproterozoic",Barren Rocky,9532.0,MultiPolygon
LS2014_000618,1,positive,bhuvan_2014,AR/EL/92A05/2014/92,,AR,Arunachal Pradesh,Lohit,27.845,96.4043,2014,Rainfall,Active,Denudational Hills - Moderately Dissected (DHM),Basalt (Tuting Metavolcanics),Evergreen / Semi evergreen,8302.0,MultiPolygon
LS2014_000619,1,positive,bhuvan_2014,AR/EL/92A05/2014/93,,AR,Arunachal Pradesh,Lohit,27.8445,96.3915,2014,Rainfall,Active,Denudational Hills - Moderately Dissected (DHM),Basalt (Tuting Metavolcanics),Evergreen / Semi evergreen,986.0,MultiPolygon
LS2014_000620,1,positive,bhuvan_2014,AR/EL/92A05/2014/94,,AR,Arunachal Pradesh,Lohit,27.8444,96.4301,2014,Rainfall,Active,Denudational Hills - Moderately Dissected (DHM),Ultramafic rocks (Tiding Serpentinite),Evergreen / Semi evergreen,517.0,MultiPolygon
LS2014_000621,1,positive,bhuvan_2014,AR/EL/92A05/2014/95,,AR,Arunachal Pradesh,Lohit,27.8442,96.3942,2014,Rainfall,Active,Denudational Hills - Moderately Dissected (DHM),Basalt (Tuting Metavolcanics),Evergreen / Semi evergreen,1620.0,MultiPolygon
LS2014_000622,1,positive,bhuvan_2014,AR/EL/92A05/2014/96,,AR,Arunachal Pradesh,Lohit,27.8441,96.4341,2014,Rainfall,Active,Denudational Hills - Moderately Dissected (DHM),Ultramafic rocks (Tiding Serpentinite),Evergreen / Semi evergreen,7989.0,MultiPolygon
LS2014_000623,1,positive,bhuvan_2014,AR/EL/92A05/2014/97,,AR,Arunachal Pradesh,Lohit,27.8436,96.4131,2014,Rainfall,Active,Denudational Hills - Moderately Dissected (DHM),Basalt (Tuting Metavolcanics),Evergreen / Semi evergreen,2373.0,MultiPolygon
LS2014_000624,1,positive,bhuvan_2014,AR/EL/92A05/2014/98,,AR,Arunachal Pradesh,Lohit,27.8434,96.4059,2014,Rainfall,Active,Denudational Hills - Moderately Dissected (DHM),Basalt (Tuting Metavolcanics),Evergreen / Semi evergreen,4494.0,MultiPolygon
LS2014_000625,1,positive,bhuvan_2014,AR/EL/92A05/2014/99,,AR,Arunachal Pradesh,Lohit,27.843,96.3929,2014,Rainfall,Active,Denudational Hills - Moderately Dissected (DHM),Basalt (Tuting Metavolcanics),Evergreen / Semi evergreen,469.0,MultiPolygon
LS2014_000626,1,positive,bhuvan_2014,AR/EL/92A05/2014/100,,AR,Arunachal Pradesh,Lohit,27.8408,96.4093,2014,Rainfall,Active,Denudational Hills - Moderately Dissected (DHM),Basalt (Tuting Metavolcanics),Evergreen / Semi evergreen,1094.0,MultiPolygon
LS2014_000627,1,positive,bhuvan_2014,AR/EL/92A05/2014/101,,AR,Arunachal Pradesh,Lohit,27.8398,96.3918,2014,Rainfall,Active,Denudational Hills - Moderately Dissected (DHM),Basalt (Tuting Metavolcanics),Evergreen / Semi evergreen,1058.0,MultiPolygon
LS2014_000628,1,positive,bhuvan_2014,AR/EL/92A05/2014/102,,AR,Arunachal Pradesh,Lohit,27.8337,96.4034,2014,Rainfall,Active,Denudational Hills - Moderately Dissected (DHM),Basalt (Tuting Metavolcanics),Evergreen / Semi evergreen,1741.0,MultiPolygon
LS2014_000629,1,positive,bhuvan_2014,AR/EL/92A05/2014/103,,AR,Arunachal Pradesh,Lohit,27.8329,96.412,2014,Rainfall,Active,Denudational Hills - Moderately Dissected (DHM),Basalt (Tuting Metavolcanics),Evergreen / Semi evergreen,3364.0,MultiPolygon
LS2014_000630,1,positive,bhuvan_2014,AR/EL/92A05/2014/104,,AR,Arunachal Pradesh,Lohit,27.8324,96.4138,2014,Rainfall,Active,Denudational Hills - Moderately Dissected (DHM),Basalt (Tuting Metavolcanics),Evergreen / Semi evergreen,5519.0,MultiPolygon
LS2014_000631,1,positive,bhuvan_2014,AR/EL/92A05/2014/105,,AR,Arunachal Pradesh,Lohit,27.8312,96.4066,2014,Rainfall,Active,Denudational Hills - Moderately Dissected (DHM),Basalt (Tuting Metavolcanics),Evergreen / Semi evergreen,4121.0,MultiPolygon
LS2014_000632,1,positive,bhuvan_2014,AR/EL/92A05/2014/107,,AR,Arunachal Pradesh,Lohit,27.8233,96.4081,2014,Rainfall,Active,Denudational Hills - Moderately Dissected (DHM),Basalt (Tuting Metavolcanics),Evergreen / Semi evergreen,1073.0,MultiPolygon
LS2014_000633,1,positive,bhuvan_2014,AR/EL/92A05/2014/108,,AR,Arunachal Pradesh,Lohit,27.8228,96.4087,2014,Rainfall,Active,Denudational Hills - Moderately Dissected (DHM),Basalt (Tuting Metavolcanics),Evergreen / Semi evergreen,1311.0,MultiPolygon
LS2014_000634,1,positive,bhuvan_2014,AR/EL/92A05/2014/109,,AR,Arunachal Pradesh,Lohit,27.8157,96.3716,2014,Rainfall,Active,Denudational Hills - Moderately Dissected (DHM),"Quartzite (Tenga Formation, Bomdila Group), Palaeoproterozoic",Evergreen / Semi evergreen,702.0,MultiPolygon
LS2014_000635,1,positive,bhuvan_2014,AR/EL/92A05/2014/110,,AR,Arunachal Pradesh,Lohit,27.7996,96.4,2014,Rainfall,Active,Valley (V),Basalt (Tuting Metavolcanics),Evergreen / Semi evergreen,1837.0,MultiPolygon
LS2014_000636,1,positive,bhuvan_2014,AR/EL/92A05/2014/111,,AR,Arunachal Pradesh,Lohit,27.7943,96.3732,2014,Rainfall,Active,Denudational Hills - Moderately Dissected (DHM),"Quartzite (Tenga Formation, Bomdila Group), Palaeoproterozoic",Evergreen / Semi evergreen,1142.0,MultiPolygon
LS2014_000637,1,positive,bhuvan_2014,AR/EL/92A05/2014/112,,AR,Arunachal Pradesh,Lohit,27.7942,96.3834,2014,Rainfall,Active,Denudational Hills - Moderately Dissected (DHM),"Quartzite (Tenga Formation, Bomdila Group), Palaeoproterozoic",Evergreen / Semi evergreen,4492.0,MultiPolygon
LS2014_000638,1,positive,bhuvan_2014,AR/EL/92A05/2014/113,,AR,Arunachal Pradesh,Lohit,27.7923,96.3767,2014,Rainfall,Active,Denudational Hills - Moderately Dissected (DHM),"Quartzite (Tenga Formation, Bomdila Group), Palaeoproterozoic",Evergreen / Semi evergreen,520.0,MultiPolygon
LS2014_000639,1,positive,bhuvan_2014,AR/EL/92A05/2014/114,,AR,Arunachal Pradesh,Lohit,27.7878,96.3773,2014,Rainfall,Active,Denudational Hills - Moderately Dissected (DHM),"Quartzite (Tenga Formation, Bomdila Group), Palaeoproterozoic",Barren Rocky,2686.0,MultiPolygon
LS2014_000640,1,positive,bhuvan_2014,AR/EL/92A05/2014/115,,AR,Arunachal Pradesh,Lohit,27.7868,96.3539,2014,Rainfall,Active,Piedmont Alluvium - Moderate (PAM),Alluvium - Gravel Dominant (Older Alluvium),Evergreen / Semi evergreen,1796.0,MultiPolygon
LS2014_000641,1,positive,bhuvan_2014,AR/EL/92A05/2014/116,,AR,Arunachal Pradesh,Lohit,27.7866,96.3923,2014,Rainfall,Active,Denudational Hills - Moderately Dissected (DHM),"Quartzite (Tenga Formation, Bomdila Group), Palaeoproterozoic",Evergreen / Semi evergreen,1444.0,MultiPolygon
LS2014_000642,1,positive,bhuvan_2014,AR/EL/92A05/2014/117,,AR,Arunachal Pradesh,Lohit,27.7866,96.3898,2014,Rainfall,Active,Denudational Hills - Moderately Dissected (DHM),"Quartzite (Tenga Formation, Bomdila Group), Palaeoproterozoic",Evergreen / Semi evergreen,1825.0,MultiPolygon
LS2014_000643,1,positive,bhuvan_2014,AR/EL/92A05/2014/118,,AR,Arunachal Pradesh,Lohit,27.7864,96.3557,2014,Rainfall,Active,Piedmont Alluvium - Moderate (PAM),Alluvium - Gravel Dominant (Older Alluvium),Evergreen / Semi evergreen,751.0,MultiPolygon
LS2014_000644,1,positive,bhuvan_2014,AR/EL/92A05/2014/119,,AR,Arunachal Pradesh,Lohit,27.7862,96.3911,2014,Rainfall,Active,Denudational Hills - Moderately Dissected (DHM),"Quartzite (Tenga Formation, Bomdila Group), Palaeoproterozoic",Evergreen / Semi evergreen,443.0,MultiPolygon
LS2014_000645,1,positive,bhuvan_2014,AR/EL/92A05/2014/120,,AR,Arunachal Pradesh,Lohit,27.7858,96.3552,2014,Rainfall,Active,Piedmont Alluvium - Moderate (PAM),Alluvium - Gravel Dominant (Older Alluvium),Rural,549.0,MultiPolygon
LS2014_000646,1,positive,bhuvan_2014,AR/EL/92A05/2014/121,,AR,Arunachal Pradesh,Lohit,27.7857,96.3803,2014,Rainfall,Active,Denudational Hills - Moderately Dissected (DHM),"Quartzite (Tenga Formation, Bomdila Group), Palaeoproterozoic",Evergreen / Semi evergreen,8275.0,MultiPolygon
LS2014_000647,1,positive,bhuvan_2014,AR/EL/92A05/2014/122,,AR,Arunachal Pradesh,Lohit,27.7854,96.395,2014,Rainfall,Active,Denudational Hills - Moderately Dissected (DHM),"Quartzite (Tenga Formation, Bomdila Group), Palaeoproterozoic",Evergreen / Semi evergreen,1191.0,MultiPolygon
LS2014_000648,1,positive,bhuvan_2014,AR/EL/92A05/2014/123,,AR,Arunachal Pradesh,Lohit,27.7847,96.3602,2014,Rainfall,Active,Denudational Hills - Moderately Dissected (DHM),"Quartzite (Tenga Formation, Bomdila Group), Palaeoproterozoic",Evergreen / Semi evergreen,933.0,MultiPolygon
LS2014_000649,1,positive,bhuvan_2014,AR/EL/92A05/2014/124,,AR,Arunachal Pradesh,Lohit,27.7845,96.3612,2014,Rainfall,Active,Denudational Hills - Moderately Dissected (DHM),"Quartzite (Tenga Formation, Bomdila Group), Palaeoproterozoic",Evergreen / Semi evergreen,2508.0,MultiPolygon
LS2014_000650,1,positive,bhuvan_2014,AR/EL/92A05/2014/125,,AR,Arunachal Pradesh,Lohit,27.7843,96.3912,2014,Rainfall,Active,Denudational Hills - Moderately Dissected (DHM),"Quartzite (Tenga Formation, Bomdila Group), Palaeoproterozoic",Evergreen / Semi evergreen,721.0,MultiPolygon
LS2014_000651,1,positive,bhuvan_2014,AR/EL/92A05/2014/126,,AR,Arunachal Pradesh,Lohit,27.7843,96.391,2014,Rainfall,Active,Denudational Hills - Moderately Dissected (DHM),"Quartzite (Tenga Formation, Bomdila Group), Palaeoproterozoic",Evergreen / Semi evergreen,348.0,MultiPolygon
LS2014_000652,1,positive,bhuvan_2014,AR/EL/92A05/2014/127,,AR,Arunachal Pradesh,Lohit,27.7842,96.3915,2014,Rainfall,Active,Denudational Hills - Moderately Dissected (DHM),"Quartzite (Tenga Formation, Bomdila Group), Palaeoproterozoic",Evergreen / Semi evergreen,1353.0,MultiPolygon
LS2014_000653,1,positive,bhuvan_2014,AR/EL/92A05/2014/128,,AR,Arunachal Pradesh,Lohit,27.7841,96.3587,2014,Rainfall,Active,Denudational Hills - Moderately Dissected (DHM),"Quartzite (Tenga Formation, Bomdila Group), Palaeoproterozoic",Evergreen / Semi evergreen,1370.0,MultiPolygon
LS2014_000654,1,positive,bhuvan_2014,AR/EL/92A05/2014/129,,AR,Arunachal Pradesh,Lohit,27.781,96.3688,2014,Rainfall,Active,Denudational Hills - Moderately Dissected (DHM),"Quartzite (Tenga Formation, Bomdila Group), Palaeoproterozoic",Evergreen / Semi evergreen,1508.0,MultiPolygon
LS2014_000655,1,positive,bhuvan_2014,AR/EL/92A05/2014/130,,AR,Arunachal Pradesh,Lohit,27.7801,96.3729,2014,Rainfall,Active,Denudational Hills - Moderately Dissected (DHM),"Quartzite (Tenga Formation, Bomdila Group), Palaeoproterozoic",Evergreen / Semi evergreen,2046.0,MultiPolygon
LS2014_000656,1,positive,bhuvan_2014,AR/EL/92A05/2014/131,,AR,Arunachal Pradesh,Lohit,27.7795,96.3696,2014,Rainfall,Active,Denudational Hills - Moderately Dissected (DHM),"Quartzite (Tenga Formation, Bomdila Group), Palaeoproterozoic",Evergreen / Semi evergreen,1852.0,MultiPolygon
LS2014_000657,1,positive,bhuvan_2014,AR/AJ/92A05/2014/37,,AR,Arunachal Pradesh,Anjaw,27.961,96.4294,2014,Rainfall,Active,Denudational Hills - Moderately Dissected (DHM),Basalt (Tuting Metavolcanics),Evergreen / Semi evergreen,18198.0,MultiPolygon
LS2014_000658,1,positive,bhuvan_2014,AR/EL/92A05/2014/49,,AR,Arunachal Pradesh,Lohit,27.9384,96.3373,2014,Rainfall,Active,Denudational Hills - Moderately Dissected (DHM),Schist (Yang Sang Chu Formation),Evergreen / Semi evergreen,894.0,MultiPolygon
LS2014_000659,1,positive,bhuvan_2014,AR/EL/92A05/2014/52,,AR,Arunachal Pradesh,Lohit,27.9347,96.3744,2014,Rainfall,Active,Denudational Hills - Moderately Dissected (DHM),Basalt (Tuting Metavolcanics),Evergreen / Semi evergreen,1581.0,MultiPolygon
LS2014_000660,1,positive,bhuvan_2014,AR/EL/92A05/2014/53,,AR,Arunachal Pradesh,Lohit,27.9338,96.3727,2014,Rainfall,Active,Denudational Hills - Moderately Dissected (DHM),Basalt (Tuting Metavolcanics),Evergreen / Semi evergreen,854.0,MultiPolygon
LS2014_000661,1,positive,bhuvan_2014,AR/EL/92A05/2014/54,,AR,Arunachal Pradesh,Lohit,27.9322,96.3785,2014,Rainfall,Active,Denudational Hills - Moderately Dissected (DHM),Basalt (Tuting Metavolcanics),Evergreen / Semi evergreen,416.0,MultiPolygon
LS2014_000662,1,positive,bhuvan_2014,AR/EL/92A05/2014/55,,AR,Arunachal Pradesh,Lohit,27.9311,96.3303,2014,Rainfall,Active,Denudational Hills - Moderately Dissected (DHM),Schist (Yang Sang Chu Formation),Evergreen / Semi evergreen,862.0,MultiPolygon
LS2014_000663,1,positive,bhuvan_2014,AR/AJ/92A05/2014/42,,AR,Arunachal Pradesh,Anjaw,27.9269,96.4429,2014,Rainfall,Active,Denudational Hills - Moderately Dissected (DHM),Basalt (Tuting Metavolcanics),Scrub Forest,3711.0,MultiPolygon
LS2014_000664,1,positive,bhuvan_2014,AR/EL/92A05/2014/56,,AR,Arunachal Pradesh,Lohit,27.9215,96.3495,2014,Rainfall,Active,Denudational Hills - Moderately Dissected (DHM),Schist (Yang Sang Chu Formation),Evergreen / Semi evergreen,1327.0,MultiPolygon
LS2014_000665,1,positive,bhuvan_2014,AR/EL/92A05/2014/57,,AR,Arunachal Pradesh,Lohit,27.9212,96.347,2014,Rainfall,Active,Denudational Hills - Moderately Dissected (DHM),Schist (Yang Sang Chu Formation),Barren Rocky,1897.0,MultiPolygon
LS2014_000666,1,positive,bhuvan_2014,AR/EL/92A05/2014/58,,AR,Arunachal Pradesh,Lohit,27.9175,96.3345,2014,Rainfall,Active,Denudational Hills - Moderately Dissected (DHM),"Quartzite (Tenga Formation, Bomdila Group), Palaeoproterozoic",Evergreen / Semi evergreen,1350.0,MultiPolygon
LS2014_000667,1,positive,bhuvan_2014,AR/EL/92A05/2014/59,,AR,Arunachal Pradesh,Lohit,27.917,96.33,2014,Rainfall,Active,Denudational Hills - Moderately Dissected (DHM),"Quartzite (Tenga Formation, Bomdila Group), Palaeoproterozoic",Evergreen / Semi evergreen,4196.0,MultiPolygon
LS2014_000668,1,positive,bhuvan_2014,AR/EL/92A05/2014/61,,AR,Arunachal Pradesh,Lohit,27.9164,96.3251,2014,Rainfall,Active,Denudational Hills - Moderately Dissected (DHM),"Quartzite (Tenga Formation, Bomdila Group), Palaeoproterozoic",Evergreen / Semi evergreen,1851.0,MultiPolygon
LS2014_000669,1,positive,bhuvan_2014,AR/EL/92A05/2014/62,,AR,Arunachal Pradesh,Lohit,27.9161,96.339,2014,Rainfall,Active,Denudational Hills - Moderately Dissected (DHM),"Quartzite (Tenga Formation, Bomdila Group), Palaeoproterozoic",Evergreen / Semi evergreen,1204.0,MultiPolygon
LS2014_000670,1,positive,bhuvan_2014,AR/EL/92A05/2014/66,,AR,Arunachal Pradesh,Lohit,27.9121,96.3596,2014,Rainfall,Active,Denudational Hills - Moderately Dissected (DHM),Schist (Yang Sang Chu Formation),Evergreen / Semi evergreen,1109.0,MultiPolygon
LS2014_000671,1,positive,bhuvan_2014,AR/EL/92A05/2014/68,,AR,Arunachal Pradesh,Lohit,27.9066,96.3498,2014,Rainfall,Active,Denudational Hills - Moderately Dissected (DHM),Schist (Yang Sang Chu Formation),Evergreen / Semi evergreen,830.0,MultiPolygon
LS2014_000672,1,positive,bhuvan_2014,AR/EL/92A05/2014/69,,AR,Arunachal Pradesh,Lohit,27.9055,96.3329,2014,Rainfall,Active,Denudational Hills - Moderately Dissected (DHM),"Quartzite (Tenga Formation, Bomdila Group), Palaeoproterozoic",Barren Rocky,1432.0,MultiPolygon
LS2014_000673,1,positive,bhuvan_2014,AR/EL/92A05/2014/70,,AR,Arunachal Pradesh,Lohit,27.9052,96.345,2014,Rainfall,Active,Denudational Hills - Moderately Dissected (DHM),Schist (Yang Sang Chu Formation),Barren Rocky,4684.0,MultiPolygon
LS2014_000674,1,positive,bhuvan_2014,AR/EL/91D04/2014/18,,AR,Arunachal Pradesh,Lohit,28.091,96.1573,2014,Rainfall,Active,Denudational Hills - Moderately Dissected (DHM),Basalt (Tuting Metavolcanics),Evergreen / Semi evergreen,949.0,MultiPolygon
LS2014_000675,1,positive,bhuvan_2014,AR/EL/91D04/2014/19,,AR,Arunachal Pradesh,Lohit,28.0536,96.1223,2014,Rainfall,Active,Denudational Slope (DS),"Quartzite (Tenga Formation, Bomdila Group), Palaeoproterozoic",Evergreen / Semi evergreen,320.0,MultiPolygon
LS2014_000676,1,positive,bhuvan_2014,AR/EL/91D04/2014/21,,AR,Arunachal Pradesh,Lohit,28.0442,96.1873,2014,Rainfall,Active,Denudational Hills - Moderately Dissected (DHM),Basalt (Tuting Metavolcanics),Barren Rocky,741.0,MultiPolygon
LS2014_000677,1,positive,bhuvan_2014,AR/EL/91D04/2014/23,,AR,Arunachal Pradesh,Lohit,28.0398,96.1675,2014,Rainfall,Active,Denudational Hills - Less Dissected (DHL),"Quartzite (Tenga Formation, Bomdila Group), Palaeoproterozoic",Evergreen / Semi evergreen,1706.0,MultiPolygon
LS2014_000678,1,positive,bhuvan_2014,AR/EL/91D04/2014/24,,AR,Arunachal Pradesh,Lohit,28.0379,96.1886,2014,Rainfall,Active,Denudational Hills - Moderately Dissected (DHM),Basalt (Tuting Metavolcanics),Evergreen / Semi evergreen,7557.0,MultiPolygon
LS2014_000679,1,positive,bhuvan_2014,AR/EL/91D04/2014/25,,AR,Arunachal Pradesh,Lohit,28.037,96.1832,2014,Rainfall,Active,Denudational Hills - Less Dissected (DHL),"Quartzite (Tenga Formation, Bomdila Group), Palaeoproterozoic",Evergreen / Semi evergreen,17876.0,MultiPolygon
LS2014_000680,1,positive,bhuvan_2014,AR/DV/91D04/2014/101,,AR,Arunachal Pradesh,Lower Dibang Valley,28.1975,96.1378,2014,Rainfall,Active,Denudational Hills - Moderately Dissected (DHM),Basalt (Tuting Metavolcanics),Evergreen / Semi evergreen,4716.0,MultiPolygon
LS2014_000681,1,positive,bhuvan_2014,AR/DV/91D04/2014/102,,AR,Arunachal Pradesh,Lower Dibang Valley,28.1967,96.1636,2014,Rainfall,Active,Denudational Hills - Moderately Dissected (DHM),Basalt (Tuting Metavolcanics),Evergreen / Semi evergreen,4430.0,MultiPolygon
LS2014_000682,1,positive,bhuvan_2014,AR/EL/91D04/2014/1,,AR,Arunachal Pradesh,Lohit,28.1923,96.181,2014,Rainfall,Active,Denudational Hills - Moderately Dissected (DHM),Basalt (Tuting Metavolcanics),Evergreen / Semi evergreen,697.0,MultiPolygon
LS2014_000683,1,positive,bhuvan_2014,AR/EL/91D04/2014/2,,AR,Arunachal Pradesh,Lohit,28.1889,96.1034,2014,Rainfall,Active,Denudational Hills - Less Dissected (DHL),Basalt (Tuting Metavolcanics),Barren Rocky,19595.0,MultiPolygon
LS2014_000684,1,positive,bhuvan_2014,AR/EL/91D04/2014/3,,AR,Arunachal Pradesh,Lohit,28.1888,96.0855,2014,Rainfall,Active,Denudational Hills - Less Dissected (DHL),Basalt (Tuting Metavolcanics),Evergreen / Semi evergreen,799.0,MultiPolygon
LS2014_000685,1,positive,bhuvan_2014,AR/DV/91D04/2014/104,,AR,Arunachal Pradesh,Lower Dibang Valley,28.188,96.1603,2014,Rainfall,Active,Denudational Hills - Moderately Dissected (DHM),Basalt (Tuting Metavolcanics),Evergreen / Semi evergreen,1577.0,MultiPolygon
LS2014_000686,1,positive,bhuvan_2014,AR/DV/91D04/2014/106,,AR,Arunachal Pradesh,Lower Dibang Valley,28.1838,96.137,2014,Rainfall,Active,Denudational Hills - Moderately Dissected (DHM),Basalt (Tuting Metavolcanics),Evergreen / Semi evergreen,3954.0,MultiPolygon
LS2014_000687,1,positive,bhuvan_2014,AR/DV/91D04/2014/107,,AR,Arunachal Pradesh,Lower Dibang Valley,28.183,96.1155,2014,Rainfall,Active,Denudational Hills - Less Dissected (DHL),Basalt (Tuting Metavolcanics),Evergreen / Semi evergreen,3092.0,MultiPolygon
LS2014_000688,1,positive,bhuvan_2014,AR/EL/91D04/2014/4,,AR,Arunachal Pradesh,Lohit,28.1577,96.1572,2014,Rainfall,Active,Denudational Hills - Moderately Dissected (DHM),Basalt (Tuting Metavolcanics),Evergreen / Semi evergreen,4131.0,MultiPolygon
LS2014_000689,1,positive,bhuvan_2014,AR/AJ/91D08/2014/24,,AR,Arunachal Pradesh,Anjaw,28.0661,96.3114,2014,Rainfall,Active,Denudational Hills - Moderately Dissected (DHM),Ultramafic rocks (Tiding Serpentinite),Barren Rocky,4637.0,MultiPolygon
LS2014_000690,1,positive,bhuvan_2014,AR/AJ/91D08/2014/25,,AR,Arunachal Pradesh,Anjaw,28.0653,96.3107,2014,Rainfall,Active,Denudational Hills - Moderately Dissected (DHM),Ultramafic rocks (Tiding Serpentinite),Barren Rocky,1959.0,MultiPolygon
LS2014_000691,1,positive,bhuvan_2014,AR/AJ/91D08/2014/29,,AR,Arunachal Pradesh,Anjaw,28.0504,96.328,2014,Rainfall,Active,Denudational Hills - Moderately Dissected (DHM),Ultramafic rocks (Tiding Serpentinite),Evergreen / Semi evergreen,654.0,MultiPolygon
LS2014_000692,1,positive,bhuvan_2014,AR/AJ/91D08/2014/8,,AR,Arunachal Pradesh,Anjaw,28.1833,96.4432,2014,Rainfall,Active,Denudational Hills - Moderately Dissected (DHM),Schist (Etalin Formation),Evergreen / Semi evergreen,1145.0,MultiPolygon
LS2014_000693,1,positive,bhuvan_2014,AR/DV/91D03/2014/75,,AR,Arunachal Pradesh,Lower Dibang Valley,28.2845,96.0983,2014,Rainfall,Active,Denudational Hills - Less Dissected (DHL),Basalt (Tuting Metavolcanics),Evergreen / Semi evergreen,483.0,MultiPolygon
LS2014_000694,1,positive,bhuvan_2014,AR/DV/91D03/2014/76,,AR,Arunachal Pradesh,Lower Dibang Valley,28.284,96.0988,2014,Rainfall,Active,Denudational Hills - Less Dissected (DHL),Basalt (Tuting Metavolcanics),Evergreen / Semi evergreen,4568.0,MultiPolygon
LS2014_000695,1,positive,bhuvan_2014,AR/UD/91D02/2014/14,,AR,Arunachal Pradesh,Dibang Valley,28.5822,96.1466,2014,Rainfall,Active,Denudational Hills - Highly Dissected (DHH),Granitoid Gneiss (Lohit Granitoid Complex),Evergreen / Semi evergreen,1941.0,MultiPolygon
LS2014_000696,1,positive,bhuvan_2014,AR/CH/92A11/2014/69,,AR,Arunachal Pradesh,Changlang,27.4665,96.6445,2014,Rainfall,Active,Denudational Hills - Less Dissected (DHL),Pebble bed (Dihing Formation),Evergreen / Semi evergreen,1096.0,MultiPolygon
LS2014_000697,1,positive,bhuvan_2014,AR/CH/92A11/2014/70,,AR,Arunachal Pradesh,Changlang,27.4664,96.645,2014,Rainfall,Active,Denudational Hills - Less Dissected (DHL),Pebble bed (Dihing Formation),Evergreen / Semi evergreen,914.0,MultiPolygon
LS2014_000698,1,positive,bhuvan_2014,AR/CH/92A11/2014/71,,AR,Arunachal Pradesh,Changlang,27.4653,96.6579,2014,Rainfall,Active,Denudational Hills - Less Dissected (DHL),Pebble bed (Dihing Formation),Evergreen / Semi evergreen,539.0,MultiPolygon
LS2014_000699,1,positive,bhuvan_2014,AR/CH/92A11/2014/73,,AR,Arunachal Pradesh,Changlang,27.4615,96.662,2014,Rainfall,Active,Denudational Hills - Less Dissected (DHL),Pebble bed (Dihing Formation),Evergreen / Semi evergreen,2269.0,MultiPolygon
LS2014_000700,1,positive,bhuvan_2014,AR/CH/92A11/2014/74,,AR,Arunachal Pradesh,Changlang,27.4612,96.6631,2014,Rainfall,Active,Denudational Hills - Less Dissected (DHL),Pebble bed (Dihing Formation),Evergreen / Semi evergreen,356.0,MultiPolygon
LS2014_000701,1,positive,bhuvan_2014,AR/CH/92A11/2014/75,,AR,Arunachal Pradesh,Changlang,27.4607,96.6663,2014,Rainfall,Active,Denudational Hills - Less Dissected (DHL),Pebble bed (Dihing Formation),Evergreen / Semi evergreen,1715.0,MultiPolygon
LS2014_000702,1,positive,bhuvan_2014,AR/CH/92A11/2014/77,,AR,Arunachal Pradesh,Changlang,27.4603,96.6655,2014,Rainfall,Active,Denudational Hills - Less Dissected (DHL),Pebble bed (Dihing Formation),Evergreen / Semi evergreen,330.0,MultiPolygon
LS2014_000703,1,positive,bhuvan_2014,AR/CH/92A11/2014/78,,AR,Arunachal Pradesh,Changlang,27.4602,96.6682,2014,Rainfall,Active,Denudational Hills - Less Dissected (DHL),Pebble bed (Dihing Formation),Evergreen / Semi evergreen,1642.0,MultiPolygon
LS2014_000704,1,positive,bhuvan_2014,AR/CH/92A11/2014/80,,AR,Arunachal Pradesh,Changlang,27.4598,96.6705,2014,Rainfall,Active,Denudational Hills - Less Dissected (DHL),Pebble bed (Dihing Formation),Evergreen / Semi evergreen,609.0,MultiPolygon
LS2014_000705,1,positive,bhuvan_2014,AR/CH/92A11/2014/81,,AR,Arunachal Pradesh,Changlang,27.4591,96.679,2014,Rainfall,Active,Denudational Hills - Less Dissected (DHL),Pebble bed (Dihing Formation),Evergreen / Semi evergreen,402.0,MultiPolygon
LS2014_000706,1,positive,bhuvan_2014,AR/CH/92A11/2014/86,,AR,Arunachal Pradesh,Changlang,27.4537,96.6732,2014,Rainfall,Active,Valley (V),Quartzite (Tenga Formation),Evergreen / Semi evergreen,2679.0,MultiPolygon
LS2014_000707,1,positive,bhuvan_2014,AR/CH/92A11/2014/91,,AR,Arunachal Pradesh,Changlang,27.4492,96.6895,2014,Rainfall,Active,Denudational Hills - Less Dissected (DHL),Pebble bed (Dihing Formation),Evergreen / Semi evergreen,444.0,MultiPolygon
LS2014_000708,1,positive,bhuvan_2014,AR/CH/92A10/2014/13,,AR,Arunachal Pradesh,Changlang,27.5862,96.5985,2014,Rainfall,Active,Denudational Hills - Less Dissected (DHL),Basalt (Tuting Metavolcanics),Barren Rocky,1992.0,MultiPolygon
LS2014_000709,1,positive,bhuvan_2014,AR/CH/92A10/2014/14,,AR,Arunachal Pradesh,Changlang,27.5859,96.596,2014,Rainfall,Active,Denudational Hills - Less Dissected (DHL),Basalt (Tuting Metavolcanics),Barren Rocky,5093.0,MultiPolygon
LS2014_000710,1,positive,bhuvan_2014,AR/CH/92A10/2014/16,,AR,Arunachal Pradesh,Changlang,27.5844,96.5702,2014,Rainfall,Active,Denudational Hills - Less Dissected (DHL),Basalt (Tuting Metavolcanics),Evergreen / Semi evergreen,1084.0,MultiPolygon
LS2014_000711,1,positive,bhuvan_2014,AR/CH/92A10/2014/20,,AR,Arunachal Pradesh,Changlang,27.5793,96.5903,2014,Rainfall,Active,Denudational Hills - Less Dissected (DHL),Basalt (Tuting Metavolcanics),Barren Rocky,893.0,MultiPolygon
LS2014_000712,1,positive,bhuvan_2014,AR/CH/92A10/2014/21,,AR,Arunachal Pradesh,Changlang,27.579,96.5914,2014,Rainfall,Active,Denudational Hills - Less Dissected (DHL),Basalt (Tuting Metavolcanics),Barren Rocky,1042.0,MultiPolygon
LS2014_000713,1,positive,bhuvan_2014,AR/CH/92A10/2014/23,,AR,Arunachal Pradesh,Changlang,27.577,96.5562,2014,Rainfall,Active,Denudational Hills - Less Dissected (DHL),Basalt (Tuting Metavolcanics),Evergreen / Semi evergreen,1089.0,MultiPolygon
LS2014_000714,1,positive,bhuvan_2014,AR/CH/92A10/2014/24,,AR,Arunachal Pradesh,Changlang,27.5753,96.6075,2014,Rainfall,Active,Denudational Hills - Less Dissected (DHL),Basalt (Tuting Metavolcanics),Evergreen / Semi evergreen,854.0,MultiPolygon
LS2014_000715,1,positive,bhuvan_2014,AR/CH/92A10/2014/25,,AR,Arunachal Pradesh,Changlang,27.5751,96.586,2014,Rainfall,Active,Denudational Hills - Less Dissected (DHL),Basalt (Tuting Metavolcanics),Evergreen / Semi evergreen,10657.0,MultiPolygon
LS2014_000716,1,positive,bhuvan_2014,AR/CH/92A10/2014/27,,AR,Arunachal Pradesh,Changlang,27.5721,96.6193,2014,Rainfall,Active,Denudational Hills - Less Dissected (DHL),Basalt (Tuting Metavolcanics),Evergreen / Semi evergreen,1585.0,MultiPolygon
LS2014_000717,1,positive,bhuvan_2014,AR/CH/92A10/2014/30,,AR,Arunachal Pradesh,Changlang,27.5661,96.5975,2014,Rainfall,Active,Denudational Hills - Less Dissected (DHL),Pebble bed (Dihing Formation),Scrub land,20803.0,MultiPolygon
LS2014_000718,1,positive,bhuvan_2014,AR/CH/92A10/2014/31,,AR,Arunachal Pradesh,Changlang,27.5633,96.6024,2014,Rainfall,Active,Denudational Hills - Less Dissected (DHL),Pebble bed (Dihing Formation),Scrub land,9619.0,MultiPolygon
LS2014_000719,1,positive,bhuvan_2014,AR/CH/92A10/2014/44,,AR,Arunachal Pradesh,Changlang,27.5388,96.6681,2014,Rainfall,Active,Denudational Hills - Moderately Dissected (DHM),Basalt (Tuting Metavolcanics),Evergreen / Semi evergreen,3528.0,MultiPolygon
LS2014_000720,1,positive,bhuvan_2014,AR/AJ/91D12/2014/26,,AR,Arunachal Pradesh,Anjaw,28.063,96.6826,2014,Rainfall,Active,Denudational Hills - Moderately Dissected (DHM),Granitoid Gneiss (Lohit Granitoid Complex),Evergreen / Semi evergreen,608.0,MultiPolygon
LS2014_000721,1,positive,bhuvan_2014,AR/AJ/91D12/2014/27,,AR,Arunachal Pradesh,Anjaw,28.063,96.6823,2014,Rainfall,Active,Denudational Hills - Moderately Dissected (DHM),Granitoid Gneiss (Lohit Granitoid Complex),Evergreen / Semi evergreen,483.0,MultiPolygon
LS2014_000722,1,positive,bhuvan_2014,AR/AJ/91D12/2014/10,,AR,Arunachal Pradesh,Anjaw,28.1628,96.578,2014,Rainfall,Active,Denudational Hills - Moderately Dissected (DHM),Schist (Etalin Formation),Evergreen / Semi evergreen,1256.0,MultiPolygon
LS2014_000723,1,positive,bhuvan_2014,AR/AJ/91D12/2014/11,,AR,Arunachal Pradesh,Anjaw,28.1622,96.5792,2014,Rainfall,Active,Denudational Hills - Moderately Dissected (DHM),Schist (Etalin Formation),Evergreen / Semi evergreen,768.0,MultiPolygon
LS2014_000724,1,positive,bhuvan_2014,AS/DU/78K02/2014/1,,AS,Assam,Dhuburi,25.613,90.0162,2014,Rainfall,Active,Denudational Hills Moderately Dissected (DHM),"Coarse sandstone, siltstone, clay and marl",Deciduous,455.0,MultiPolygon
LS2014_000725,1,positive,bhuvan_2014,AS/GP/78J12/2014/32,,AS,Assam,Goalpara,26.0055,90.5113,2014,Rainfall,Active,Residual Hills,Gneissic Group of rocks,Deciduous,571.0,MultiPolygon
LS2014_000726,1,positive,bhuvan_2014,AS/GP/78J12/2014/33,,AS,Assam,Goalpara,26.005,90.5112,2014,Rainfall,Active,Residual Hills,Gneissic Group of rocks,Deciduous,1947.0,MultiPolygon
LS2014_000727,1,positive,bhuvan_2014,AS/GP/78J12/2014/34,,AS,Assam,Goalpara,26.0044,90.5211,2014,Rainfall,Active,Residual Hills,Gneissic Group of rocks,Deciduous,326.0,MultiPolygon
LS2014_000728,1,positive,bhuvan_2014,AS/GP/78J12/2014/35,,AS,Assam,Goalpara,26.0035,90.5195,2014,Rainfall,Active,Residual Hills,Gneissic Group of rocks,Deciduous,438.0,MultiPolygon
LS2014_000729,1,positive,bhuvan_2014,AS/GP/78K09/2014/37,,AS,Assam,Goalpara,25.9943,90.5995,2014,Rainfall,Active,Residual Hills,Gneissic Group of rocks,Deciduous,574.0,MultiPolygon
LS2014_000730,1,positive,bhuvan_2014,AS/GP/78K09/2014/40,,AS,Assam,Goalpara,25.9912,90.5992,2014,Rainfall,Active,Residual Hills,Gneissic Group of rocks,Deciduous,961.0,MultiPolygon
LS2014_000731,1,positive,bhuvan_2014,AS/GP/78K09/2014/41,,AS,Assam,Goalpara,25.9906,90.5997,2014,Rainfall,Active,Residual Hills,Gneissic Group of rocks,Deciduous,1625.0,MultiPolygon
LS2014_000732,1,positive,bhuvan_2014,AS/GP/78K09/2014/45,,AS,Assam,Goalpara,25.9834,90.5893,2014,Rainfall,Active,Residual Hills,Gneissic Group of rocks,Deciduous,390.0,MultiPolygon
LS2014_000733,1,positive,bhuvan_2014,AS/GP/78K09/2014/46,,AS,Assam,Goalpara,25.9818,90.5961,2014,Rainfall,Active,Residual Hills,Gneissic Group of rocks,Deciduous,4082.0,MultiPolygon
LS2014_000734,1,positive,bhuvan_2014,AS/GP/78K09/2014/49,,AS,Assam,Goalpara,25.981,90.5985,2014,Rainfall,Active,Residual Hills,Gneissic Group of rocks,Deciduous,3076.0,MultiPolygon
LS2014_000735,1,positive,bhuvan_2014,AS/GP/78K09/2014/50,,AS,Assam,Goalpara,25.9806,90.5981,2014,Rainfall,Active,Residual Hills,Gneissic Group of rocks,Deciduous,2914.0,MultiPolygon
LS2014_000736,1,positive,bhuvan_2014,AS/GP/78K09/2014/54,,AS,Assam,Goalpara,25.9763,90.593,2014,Rainfall,Active,Residual Hills,Gneissic Group of rocks,Deciduous,406.0,MultiPolygon
LS2014_000737,1,positive,bhuvan_2014,AS/GP/78K09/2014/55,,AS,Assam,Goalpara,25.976,90.5929,2014,Rainfall,Active,Residual Hills,Gneissic Group of rocks,Deciduous,932.0,MultiPolygon
LS2014_000738,1,positive,bhuvan_2014,AS/GP/78K09/2014/58,,AS,Assam,Goalpara,25.9706,90.596,2014,Rainfall,Active,Residual Hills,Gneissic Group of rocks,Deciduous,646.0,MultiPolygon
LS2014_000739,1,positive,bhuvan_2014,AS/GP/78K09/2014/59,,AS,Assam,Goalpara,25.9705,90.5951,2014,Rainfall,Active,Residual Hills,Gneissic Group of rocks,Deciduous,861.0,MultiPolygon
LS2014_000740,1,positive,bhuvan_2014,AS/GP/78K09/2014/63,,AS,Assam,Goalpara,25.967,90.587,2014,Rainfall,Active,Residual Hills,Gneissic Group of rocks,Deciduous,491.0,MultiPolygon
LS2014_000741,1,positive,bhuvan_2014,AS/GP/78K09/2014/64,,AS,Assam,Goalpara,25.966,90.5873,2014,Rainfall,Active,Residual Hills,Gneissic Group of rocks,Deciduous,612.0,MultiPolygon
LS2014_000742,1,positive,bhuvan_2014,AS/GP/78K09/2014/65,,AS,Assam,Goalpara,25.966,90.5858,2014,Rainfall,Active,Residual Hills,Gneissic Group of rocks,Deciduous,534.0,MultiPolygon
LS2014_000743,1,positive,bhuvan_2014,AS/GP/78K09/2014/68,,AS,Assam,Goalpara,25.9644,90.5792,2014,Rainfall,Active,Residual Hills,Gneissic Group of rocks,Deciduous,294.0,MultiPolygon
LS2014_000744,1,positive,bhuvan_2014,AS/GP/78K09/2014/69,,AS,Assam,Goalpara,25.9635,90.5908,2014,Rainfall,Active,Residual Hills,Gneissic Group of rocks,Deciduous,652.0,MultiPolygon
LS2014_000745,1,positive,bhuvan_2014,AS/GP/78K09/2014/71,,AS,Assam,Goalpara,25.9629,90.591,2014,Rainfall,Active,Residual Hills,Gneissic Group of rocks,Deciduous,344.0,MultiPolygon
LS2014_000746,1,positive,bhuvan_2014,AS/GP/78K09/2014/73,,AS,Assam,Goalpara,25.9617,90.598,2014,Rainfall,Active,Residual Hills,Gneissic Group of rocks,Deciduous,561.0,MultiPolygon
LS2014_000747,1,positive,bhuvan_2014,AS/GP/78K09/2014/75,,AS,Assam,Goalpara,25.9531,90.5745,2014,Rainfall,Active,Residual Hills,Gneissic Group of rocks,Deciduous,1555.0,MultiPolygon
LS2014_000748,1,positive,bhuvan_2014,AS/GP/78K09/2014/76,,AS,Assam,Goalpara,25.9505,90.576,2014,Rainfall,Active,Denudational Hills-less dissected(DHL),"Gneiss, Archaean to Proterozoic, Basement Genessic Complex of Meghalaya",Deciduous,672.0,MultiPolygon
LS2014_000749,1,positive,bhuvan_2014,AS/GP/78K09/2014/77,,AS,Assam,Goalpara,25.948,90.572,2014,Rainfall,Active,Valley Fill - Shallow,Gneissic Group of rocks,Deciduous,838.0,MultiPolygon
LS2014_000750,1,positive,bhuvan_2014,AS/GP/78K09/2014/78,,AS,Assam,Goalpara,25.9477,90.5737,2014,Rainfall,Active,Denudational Hills-less dissected(DHL),"Gneiss, Archaean to Proterozoic, Basement Genessic Complex of Meghalaya",Cropland,1066.0,MultiPolygon
LS2014_000751,1,positive,bhuvan_2014,AS/BO/78J11/2014/1,,AS,Assam,Bongaigaon,26.3628,90.55,2014,Rainfall,Active,Residual Hills,Gneissic Group of rocks,Deciduous,801.0,MultiPolygon
LS2014_000752,1,positive,bhuvan_2014,AS/BO/78J11/2014/2,,AS,Assam,Bongaigaon,26.3626,90.5464,2014,Rainfall,Active,Alluvial Plain Younger Deep,Alluvium - sand / silt dominant,Deciduous,693.0,MultiPolygon
LS2014_000753,1,positive,bhuvan_2014,AS/BO/78J11/2014/3,,AS,Assam,Bongaigaon,26.3556,90.5499,2014,Rainfall,Active,Residual Hills,Gneissic Group of rocks,Deciduous,433.0,MultiPolygon
LS2014_000754,1,positive,bhuvan_2014,AS/BO/78J11/2014/4,,AS,Assam,Bongaigaon,26.3471,90.5445,2014,Rainfall,Active,Residual Hills,Gneissic Group of rocks,Deciduous,348.0,MultiPolygon
LS2014_000755,1,positive,bhuvan_2014,AS/BO/78J11/2014/5,,AS,Assam,Bongaigaon,26.3418,90.5439,2014,Rainfall,Active,Residual Hills,Gneissic Group of rocks,Deciduous,499.0,MultiPolygon
LS2014_000756,1,positive,bhuvan_2014,AS/BO/78J11/2014/6,,AS,Assam,Bongaigaon,26.3327,90.5326,2014,Rainfall,Active,Residual Hills,Gneissic Group of rocks,Deciduous,376.0,MultiPolygon
LS2014_000757,1,positive,bhuvan_2014,AS/BO/78J11/2014/7,,AS,Assam,Bongaigaon,26.3308,90.5382,2014,Rainfall,Active,Residual Hills,Gneissic Group of rocks,Deciduous,358.0,MultiPolygon
LS2014_000758,1,positive,bhuvan_2014,AS/BO/78J11/2014/8,,AS,Assam,Bongaigaon,26.3248,90.5156,2014,Rainfall,Active,Residual Hills,Gneissic Group of rocks,Deciduous,323.0,MultiPolygon
LS2014_000759,1,positive,bhuvan_2014,AS/BO/78J11/2014/9,,AS,Assam,Bongaigaon,26.3245,90.5154,2014,Rainfall,Active,Residual Hills,Gneissic Group of rocks,Deciduous,431.0,MultiPolygon
LS2014_000760,1,positive,bhuvan_2014,AS/BO/78J11/2014/10,,AS,Assam,Bongaigaon,26.3233,90.5185,2014,Rainfall,Active,Residual Hills,Gneissic Group of rocks,Deciduous,789.0,MultiPolygon
LS2014_000761,1,positive,bhuvan_2014,AS/BO/78J11/2014/11,,AS,Assam,Bongaigaon,26.3205,90.5233,2014,Rainfall,Active,Residual Hills,Gneissic Group of rocks,Deciduous,723.0,MultiPolygon
LS2014_000762,1,positive,bhuvan_2014,AS/BO/78J11/2014/12,,AS,Assam,Bongaigaon,26.3137,90.5166,2014,Rainfall,Active,Residual Hills,Gneissic Group of rocks,Deciduous,473.0,MultiPolygon
LS2014_000763,1,positive,bhuvan_2014,AS/KU/78O01/2014/236,,AS,Assam,Kamrup,25.8259,91.0659,2014,Rainfall,Active,Denudational Hills Moderately dissected,Gneissic Group of rocks,Deciduous,2668.0,MultiPolygon
LS2014_000764,1,positive,bhuvan_2014,AS/KU/78O01/2014/238,,AS,Assam,Kamrup,25.8239,91.0669,2014,Rainfall,Active,Denudational Hills - Moderately Dissected (DHM),"Gneiss, Archaean to Proterozoic, Basement Genessic Complex of Meghalaya",Deciduous,2879.0,MultiPolygon
LS2014_000765,1,positive,bhuvan_2014,AS/KU/78O05/2014/30,,AS,Assam,Kamrup,25.9957,91.3379,2014,Rainfall,Active,Denudational Hills Moderately dissected,Gneissic Group of rocks,Evergreen / Semi evergreen,1265.0,MultiPolygon
LS2014_000766,1,positive,bhuvan_2014,AS/KU/78O05/2014/31,,AS,Assam,Kamrup,25.9954,91.3384,2014,Rainfall,Active,Denudational Hills Moderately dissected,Gneissic Group of rocks,Evergreen / Semi evergreen,1524.0,MultiPolygon
LS2014_000767,1,positive,bhuvan_2014,AS/KU/78O05/2014/32,,AS,Assam,Kamrup,25.9939,91.346,2014,Rainfall,Active,Denudational Hills Moderately dissected,Gneissic Group of rocks,Evergreen / Semi evergreen,793.0,MultiPolygon
LS2014_000768,1,positive,bhuvan_2014,AS/KU/78O05/2014/33,,AS,Assam,Kamrup,25.9936,91.347,2014,Rainfall,Active,Denudational Hills Moderately dissected,Gneissic Group of rocks,Evergreen / Semi evergreen,794.0,MultiPolygon
LS2014_000769,1,positive,bhuvan_2014,AS/KU/78O05/2014/34,,AS,Assam,Kamrup,25.9913,91.3494,2014,Rainfall,Active,Denudational Hills Moderately dissected,Gneissic Group of rocks,Evergreen / Semi evergreen,399.0,MultiPolygon
LS2014_000770,1,positive,bhuvan_2014,AS/KU/78O05/2014/37,,AS,Assam,Kamrup,25.9798,91.3503,2014,Rainfall,Active,Denudational Hills Moderately dissected,Gneissic Group of rocks,Evergreen / Semi evergreen,1561.0,MultiPolygon
LS2014_000771,1,positive,bhuvan_2014,AS/KU/78O05/2014/41,,AS,Assam,Kamrup,25.9741,91.3526,2014,Rainfall,Active,Denudational Hills Moderately dissected,Gneissic Group of rocks,Evergreen / Semi evergreen,2141.0,MultiPolygon
LS2014_000772,1,positive,bhuvan_2014,AS/KU/78O05/2014/44,,AS,Assam,Kamrup,25.9655,91.3801,2014,Rainfall,Active,Denudational Hills Moderately dissected,Gneissic Group of rocks,Evergreen / Semi evergreen,177.0,MultiPolygon
LS2014_000773,1,positive,bhuvan_2014,AS/KU/78O05/2014/45,,AS,Assam,Kamrup,25.9651,91.3779,2014,Rainfall,Active,Denudational Hills Moderately dissected,Gneissic Group of rocks,Evergreen / Semi evergreen,1049.0,MultiPolygon
LS2014_000774,1,positive,bhuvan_2014,AS/KU/78O05/2014/46,,AS,Assam,Kamrup,25.9641,91.378,2014,Rainfall,Active,Denudational Hills Moderately dissected,Gneissic Group of rocks,Evergreen / Semi evergreen,856.0,MultiPolygon
LS2014_000775,1,positive,bhuvan_2014,AS/KU/78O05/2014/47,,AS,Assam,Kamrup,25.964,91.3783,2014,Rainfall,Active,Denudational Hills Moderately dissected,Gneissic Group of rocks,Evergreen / Semi evergreen,389.0,MultiPolygon
LS2014_000776,1,positive,bhuvan_2014,AS/KU/78O05/2014/48,,AS,Assam,Kamrup,25.9597,91.3541,2014,Rainfall,Active,Denudational Hills Moderately dissected,Gneissic Group of rocks,Scrub Forest,1552.0,MultiPolygon
LS2014_000777,1,positive,bhuvan_2014,AS/KU/78O05/2014/49,,AS,Assam,Kamrup,25.9596,91.3652,2014,Rainfall,Active,Denudational Hills Moderately dissected,Gneissic Group of rocks,Evergreen / Semi evergreen,936.0,MultiPolygon
LS2014_000778,1,positive,bhuvan_2014,AS/KU/78O05/2014/50,,AS,Assam,Kamrup,25.9592,91.3702,2014,Rainfall,Active,Denudational Hills Moderately dissected,Gneissic Group of rocks,Evergreen / Semi evergreen,1384.0,MultiPolygon
LS2014_000779,1,positive,bhuvan_2014,AS/KU/78O05/2014/51,,AS,Assam,Kamrup,25.9587,91.3403,2014,Rainfall,Active,Denudational Hills Moderately dissected,Gneissic Group of rocks,Evergreen / Semi evergreen,977.0,MultiPolygon
LS2014_000780,1,positive,bhuvan_2014,AS/KU/78O05/2014/52,,AS,Assam,Kamrup,25.9543,91.3531,2014,Rainfall,Active,Denudational Hills Moderately dissected,Gneissic Group of rocks,Scrub Forest,842.0,MultiPolygon
LS2014_000781,1,positive,bhuvan_2014,AS/KU/78O05/2014/53,,AS,Assam,Kamrup,25.9542,91.3339,2014,Rainfall,Active,Denudational Hills Moderately dissected,Gneissic Group of rocks,Evergreen / Semi evergreen,704.0,MultiPolygon
LS2014_000782,1,positive,bhuvan_2014,AS/KU/78O05/2014/54,,AS,Assam,Kamrup,25.9511,91.336,2014,Rainfall,Active,Denudational Hills Moderately dissected,Gneissic Group of rocks,Scrub Forest,972.0,MultiPolygon
LS2014_000783,1,positive,bhuvan_2014,AS/KU/78O05/2014/55,,AS,Assam,Kamrup,25.9491,91.3549,2014,Rainfall,Active,Denudational Hills Moderately dissected,Gneissic Group of rocks,Scrub Forest,825.0,MultiPolygon
LS2014_000784,1,positive,bhuvan_2014,AS/KU/78O05/2014/56,,AS,Assam,Kamrup,25.9333,91.3322,2014,Rainfall,Active,Denudational Hills Moderately dissected,Gneissic Group of rocks,Evergreen / Semi evergreen,1002.0,MultiPolygon
LS2014_000785,1,positive,bhuvan_2014,AS/KU/78O05/2014/57,,AS,Assam,Kamrup,25.9313,91.3344,2014,Rainfall,Active,Denudational Hills Moderately dissected,Gneissic Group of rocks,Evergreen / Semi evergreen,1142.0,MultiPolygon
LS2014_000786,1,positive,bhuvan_2014,AS/KU/78O05/2014/58,,AS,Assam,Kamrup,25.9299,91.3416,2014,Rainfall,Active,Denudational Hills Moderately dissected,Gneissic Group of rocks,Evergreen / Semi evergreen,720.0,MultiPolygon
LS2014_000787,1,positive,bhuvan_2014,AS/KU/78O05/2014/59,,AS,Assam,Kamrup,25.929,91.3299,2014,Rainfall,Active,Denudational Hills Moderately dissected,Gneissic Group of rocks,Evergreen / Semi evergreen,560.0,MultiPolygon
LS2014_000788,1,positive,bhuvan_2014,AS/KU/78O05/2014/61,,AS,Assam,Kamrup,25.9241,91.3238,2014,Rainfall,Active,Denudational Hills Moderately dissected,Gneissic Group of rocks,Evergreen / Semi evergreen,936.0,MultiPolygon
LS2014_000789,1,positive,bhuvan_2014,AS/KU/78O05/2014/63,,AS,Assam,Kamrup,25.9223,91.3258,2014,Rainfall,Active,Denudational Hills Moderately dissected,Gneissic Group of rocks,Evergreen / Semi evergreen,547.0,MultiPolygon
LS2014_000790,1,positive,bhuvan_2014,AS/KU/78O05/2014/65,,AS,Assam,Kamrup,25.9196,91.3482,2014,Rainfall,Active,Denudational Hills Moderately dissected,Gneissic Group of rocks,Evergreen / Semi evergreen,526.0,MultiPolygon
LS2014_000791,1,positive,bhuvan_2014,AS/KU/78O05/2014/69,,AS,Assam,Kamrup,25.9184,91.4177,2014,Rainfall,Active,Denudational Hills Moderately dissected,Gneissic Group of rocks,Deciduous,925.0,MultiPolygon
LS2014_000792,1,positive,bhuvan_2014,AS/KU/78O09/2014/36,,AS,Assam,Kamrup,25.9806,91.6787,2014,Rainfall,Active,Denudational Hills Moderately dissected,Gneissic Group of rocks,Evergreen / Semi evergreen,701.0,MultiPolygon
LS2014_000793,1,positive,bhuvan_2014,AS/KU/78O09/2014/38,,AS,Assam,Kamrup,25.977,91.6863,2014,Rainfall,Active,Denudational Hills Moderately dissected,Gneissic Group of rocks,Evergreen / Semi evergreen,370.0,MultiPolygon
LS2014_000794,1,positive,bhuvan_2014,AS/KU/78O09/2014/39,,AS,Assam,Kamrup,25.9768,91.6753,2014,Rainfall,Active,Denudational Hills Moderately dissected,Gneissic Group of rocks,Evergreen / Semi evergreen,522.0,MultiPolygon
LS2014_000795,1,positive,bhuvan_2014,AS/KU/78O09/2014/40,,AS,Assam,Kamrup,25.9759,91.68,2014,Rainfall,Active,Denudational Hills Moderately dissected,Gneissic Group of rocks,Evergreen / Semi evergreen,355.0,MultiPolygon
LS2014_000796,1,positive,bhuvan_2014,AS/KU/78O09/2014/42,,AS,Assam,Kamrup,25.9713,91.6905,2014,Rainfall,Active,Denudational Hills Moderately dissected,Gneissic Group of rocks,Evergreen / Semi evergreen,536.0,MultiPolygon
LS2014_000797,1,positive,bhuvan_2014,AS/KU/78O09/2014/43,,AS,Assam,Kamrup,25.9663,91.6713,2014,Rainfall,Active,Denudational Hills Moderately dissected,Gneissic Group of rocks,Evergreen / Semi evergreen,691.0,MultiPolygon
LS2014_000798,1,positive,bhuvan_2014,AS/KG/83C05/2014/61,,AS,Assam,Karbi Anglong,25.7987,92.2711,2014,Rainfall,Active,Denudational Hill Less dissected,Quartzite,Evergreen / Semi evergreen,435.0,MultiPolygon
LS2014_000799,1,positive,bhuvan_2014,AS/KG/83C05/2014/64,,AS,Assam,Karbi Anglong,25.7831,92.3262,2014,Rainfall,Active,Denudational Hill Less dissected,Quartzite,Scrub land,1123.0,MultiPolygon
LS2014_000800,1,positive,bhuvan_2014,AS/KU/78N16/2014/1,,AS,Assam,Kamrup,26.1923,91.9244,2014,Rainfall,Active,Denudational Hills Moderately dissected,Gneissic Group of rocks,Evergreen / Semi evergreen,427.0,MultiPolygon
LS2014_000801,1,positive,bhuvan_2014,AS/KU/78N16/2014/2,,AS,Assam,Kamrup,26.192,91.9248,2014,Rainfall,Active,Denudational Hills Moderately dissected,Gneissic Group of rocks,Evergreen / Semi evergreen,248.0,MultiPolygon
LS2014_000802,1,positive,bhuvan_2014,AS/KU/78N16/2014/4,,AS,Assam,Kamrup,26.1908,91.9417,2014,Rainfall,Active,Denudational Hills Moderately dissected,Gneissic Group of rocks,Evergreen / Semi evergreen,751.0,MultiPolygon
LS2014_000803,1,positive,bhuvan_2014,AS/KU/78N16/2014/5,,AS,Assam,Kamrup,26.1876,91.9458,2014,Rainfall,Active,Denudational Hills Moderately dissected,Gneissic Group of rocks,Evergreen / Semi evergreen,429.0,MultiPolygon
LS2014_000804,1,positive,bhuvan_2014,AS/KU/78N16/2014/6,,AS,Assam,Kamrup,26.1848,91.9354,2014,Rainfall,Active,Denudational Hills Moderately dissected,Gneissic Group of rocks,Evergreen / Semi evergreen,493.0,MultiPolygon
LS2014_000805,1,positive,bhuvan_2014,AS/KU/78N16/2014/7,,AS,Assam,Kamrup,26.1759,91.95,2014,Rainfall,Active,Denudational Hills Moderately dissected,Gneissic Group of rocks,Deciduous,633.0,MultiPolygon
LS2014_000806,1,positive,bhuvan_2014,AS/KU/78N16/2014/8,,AS,Assam,Kamrup,26.135,91.937,2014,Rainfall,Active,Denudational Hills Moderately dissected,Gneissic Group of rocks,Deciduous,1018.0,MultiPolygon
LS2014_000807,1,positive,bhuvan_2014,AS/HA/83D11/2014/7,,AS,Assam,Hailakandi,24.2558,92.5614,2014,Rainfall,Active,Valley Fill - Shallow,Shale,Evergreen / Semi evergreen,515.0,MultiPolygon
LS2014_000808,1,positive,bhuvan_2014,AS/HA/83D11/2014/8,,AS,Assam,Hailakandi,24.2527,92.5468,2014,Rainfall,Active,Valley Fill - Shallow,Shale,Evergreen / Semi evergreen,1121.0,MultiPolygon
LS2014_000809,1,positive,bhuvan_2014,AS/CA/83D14/2014/261,,AS,Assam,Cachar,24.5165,92.9095,2014,Rainfall,Active,Structural Hills Highly dissected,Shale,Evergreen / Semi evergreen,292.0,MultiPolygon
LS2014_000810,1,positive,bhuvan_2014,AS/CA/83D14/2014/267,,AS,Assam,Cachar,24.5161,92.91,2014,Rainfall,Active,Structural Hills Highly dissected,Shale,Evergreen / Semi evergreen,857.0,MultiPolygon
LS2014_000811,1,positive,bhuvan_2014,AS/CA/83D14/2014/272,,AS,Assam,Cachar,24.5139,92.9054,2014,Rainfall,Active,Structural Hills Highly dissected,Shale,Evergreen / Semi evergreen,239.0,MultiPolygon
LS2014_000812,1,positive,bhuvan_2014,AS/CA/83D14/2014/273,,AS,Assam,Cachar,24.5137,92.9103,2014,Rainfall,Active,Structural Hills Highly dissected,Shale,Evergreen / Semi evergreen,277.0,MultiPolygon
LS2014_000813,1,positive,bhuvan_2014,AS/CA/83D14/2014/275,,AS,Assam,Cachar,24.513,92.9065,2014,Rainfall,Active,Structural Hills Highly dissected,Shale,Evergreen / Semi evergreen,211.0,MultiPolygon
LS2014_000814,1,positive,bhuvan_2014,AS/CA/83D14/2014/277,,AS,Assam,Cachar,24.5128,92.909,2014,Rainfall,Active,Structural Hills Highly dissected,Shale,Evergreen / Semi evergreen,223.0,MultiPolygon
LS2014_000815,1,positive,bhuvan_2014,AS/CA/83D14/2014/278,,AS,Assam,Cachar,24.5127,92.8936,2014,Rainfall,Active,Structural Hills Highly dissected,Shale,Evergreen / Semi evergreen,118.0,MultiPolygon
LS2014_000816,1,positive,bhuvan_2014,AS/CA/83D14/2014/279,,AS,Assam,Cachar,24.5127,92.8932,2014,Rainfall,Active,Structural Hills Highly dissected,Shale,Evergreen / Semi evergreen,138.0,MultiPolygon
LS2014_000817,1,positive,bhuvan_2014,AS/CA/83D14/2014/280,,AS,Assam,Cachar,24.5127,92.8924,2014,Rainfall,Active,Structural Hills Highly dissected,Shale,Evergreen / Semi evergreen,442.0,MultiPolygon
LS2014_000818,1,positive,bhuvan_2014,AS/CA/83D14/2014/281,,AS,Assam,Cachar,24.5126,92.8917,2014,Rainfall,Active,Structural Hills Highly dissected,Shale,Evergreen / Semi evergreen,414.0,MultiPolygon
LS2014_000819,1,positive,bhuvan_2014,AS/CA/83D14/2014/284,,AS,Assam,Cachar,24.5121,92.8965,2014,Rainfall,Active,Structural Hills Highly dissected,Shale,Evergreen / Semi evergreen,207.0,MultiPolygon
LS2014_000820,1,positive,bhuvan_2014,AS/CA/83D14/2014/290,,AS,Assam,Cachar,24.5112,92.9082,2014,Rainfall,Active,Structural Hills Highly dissected,Shale,Evergreen / Semi evergreen,190.0,MultiPolygon
LS2014_000821,1,positive,bhuvan_2014,AS/CA/83D14/2014/291,,AS,Assam,Cachar,24.511,92.9072,2014,Rainfall,Active,Structural Hills Highly dissected,Shale,Evergreen / Semi evergreen,202.0,MultiPolygon
LS2014_000822,1,positive,bhuvan_2014,AS/CA/83D14/2014/293,,AS,Assam,Cachar,24.5106,92.9331,2014,Rainfall,Active,Structural Hills Moderately dissected,Sandstone,Evergreen / Semi evergreen,130.0,MultiPolygon
LS2014_000823,1,positive,bhuvan_2014,AS/CA/83D14/2014/294,,AS,Assam,Cachar,24.5104,92.9072,2014,Rainfall,Active,Structural Hills Highly dissected,Shale,Evergreen / Semi evergreen,157.0,MultiPolygon
LS2014_000824,1,positive,bhuvan_2014,AS/CA/83D14/2014/297,,AS,Assam,Cachar,24.5101,92.9106,2014,Rainfall,Active,Structural Hills Highly dissected,Shale,Evergreen / Semi evergreen,317.0,MultiPolygon
LS2014_000825,1,positive,bhuvan_2014,AS/CA/83D14/2014/298,,AS,Assam,Cachar,24.51,92.9103,2014,Rainfall,Active,Structural Hills Highly dissected,Shale,Evergreen / Semi evergreen,165.0,MultiPolygon
LS2014_000826,1,positive,bhuvan_2014,AS/CA/83D14/2014/300,,AS,Assam,Cachar,24.509,92.8883,2014,Rainfall,Active,Structural Hills Highly dissected,Shale,Evergreen / Semi evergreen,1360.0,MultiPolygon
LS2014_000827,1,positive,bhuvan_2014,AS/CA/83D14/2014/301,,AS,Assam,Cachar,24.5087,92.9065,2014,Rainfall,Active,Structural Hills Highly dissected,Shale,Evergreen / Semi evergreen,324.0,MultiPolygon
LS2014_000828,1,positive,bhuvan_2014,AS/CA/83D14/2014/302,,AS,Assam,Cachar,24.5086,92.9183,2014,Rainfall,Active,Structural Hills Moderately dissected,Sandstone,Scrub Forest,268.0,MultiPolygon
LS2014_000829,1,positive,bhuvan_2014,AS/CA/83D14/2014/303,,AS,Assam,Cachar,24.5085,92.892,2014,Rainfall,Active,Structural Hills Highly dissected,Shale,Evergreen / Semi evergreen,288.0,MultiPolygon
LS2014_000830,1,positive,bhuvan_2014,AS/CA/83D14/2014/304,,AS,Assam,Cachar,24.5084,92.8834,2014,Rainfall,Active,Structural Hills Highly dissected,Shale,Evergreen / Semi evergreen,199.0,MultiPolygon
LS2014_000831,1,positive,bhuvan_2014,AS/CA/83D14/2014/305,,AS,Assam,Cachar,24.5081,92.8919,2014,Rainfall,Active,Structural Hills Highly dissected,Shale,Evergreen / Semi evergreen,296.0,MultiPolygon
LS2014_000832,1,positive,bhuvan_2014,AS/CA/83D14/2014/306,,AS,Assam,Cachar,24.508,92.8914,2014,Rainfall,Active,Structural Hills Highly dissected,Shale,Evergreen / Semi evergreen,244.0,MultiPolygon
LS2014_000833,1,positive,bhuvan_2014,AS/CA/83D14/2014/309,,AS,Assam,Cachar,24.5071,92.8834,2014,Rainfall,Active,Structural Hills Highly dissected,Shale,Evergreen / Semi evergreen,330.0,MultiPolygon
LS2014_000834,1,positive,bhuvan_2014,AS/CA/83D14/2014/310,,AS,Assam,Cachar,24.507,92.8809,2014,Rainfall,Active,Structural Hills Highly dissected,Shale,Evergreen / Semi evergreen,320.0,MultiPolygon
LS2014_000835,1,positive,bhuvan_2014,AS/CA/83D14/2014/311,,AS,Assam,Cachar,24.5063,92.8835,2014,Rainfall,Active,Structural Hills Highly dissected,Shale,Evergreen / Semi evergreen,690.0,MultiPolygon
LS2014_000836,1,positive,bhuvan_2014,AS/CA/83D14/2014/312,,AS,Assam,Cachar,24.5062,92.8799,2014,Rainfall,Active,Structural Hills Highly dissected,Shale,Evergreen / Semi evergreen,404.0,MultiPolygon
LS2014_000837,1,positive,bhuvan_2014,AS/CA/83D14/2014/313,,AS,Assam,Cachar,24.5061,92.9298,2014,Rainfall,Active,Structural Hills Moderately dissected,Sandstone,Evergreen / Semi evergreen,201.0,MultiPolygon
LS2014_000838,1,positive,bhuvan_2014,AS/CA/83D14/2014/314,,AS,Assam,Cachar,24.5061,92.9208,2014,Rainfall,Active,Structural Hills Moderately dissected,Sandstone,Evergreen / Semi evergreen,248.0,MultiPolygon
LS2014_000839,1,positive,bhuvan_2014,AS/CA/83D14/2014/317,,AS,Assam,Cachar,24.5056,92.8774,2014,Rainfall,Active,Structural Hills Highly dissected,Shale,Evergreen / Semi evergreen,957.0,MultiPolygon
LS2014_000840,1,positive,bhuvan_2014,AS/CA/83D14/2014/318,,AS,Assam,Cachar,24.5055,92.8771,2014,Rainfall,Active,Structural Hills Highly dissected,Shale,Evergreen / Semi evergreen,639.0,MultiPolygon
LS2014_000841,1,positive,bhuvan_2014,AS/CA/83D14/2014/319,,AS,Assam,Cachar,24.5053,92.8984,2014,Rainfall,Active,Structural Hills Highly dissected,Shale,Evergreen / Semi evergreen,191.0,MultiPolygon
LS2014_000842,1,positive,bhuvan_2014,AS/CA/83D14/2014/320,,AS,Assam,Cachar,24.5052,92.898,2014,Rainfall,Active,Structural Hills Highly dissected,Shale,Evergreen / Semi evergreen,277.0,MultiPolygon
LS2014_000843,1,positive,bhuvan_2014,AS/CA/83D14/2014/322,,AS,Assam,Cachar,24.5051,92.8992,2014,Rainfall,Active,Structural Hills Highly dissected,Shale,Evergreen / Semi evergreen,218.0,MultiPolygon
LS2014_000844,1,positive,bhuvan_2014,AS/CA/83D14/2014/324,,AS,Assam,Cachar,24.5048,92.9097,2014,Rainfall,Active,Structural Hills Moderately dissected,Sandstone,Evergreen / Semi evergreen,209.0,MultiPolygon
LS2014_000845,1,positive,bhuvan_2014,AS/CA/83D14/2014/325,,AS,Assam,Cachar,24.5046,92.8971,2014,Rainfall,Active,Structural Hills Highly dissected,Shale,Evergreen / Semi evergreen,159.0,MultiPolygon
LS2014_000846,1,positive,bhuvan_2014,AS/CA/83D14/2014/328,,AS,Assam,Cachar,24.5043,92.9142,2014,Rainfall,Active,Structural Hills Moderately dissected,Sandstone,Evergreen / Semi evergreen,105.0,MultiPolygon
LS2014_000847,1,positive,bhuvan_2014,AS/CA/83D14/2014/329,,AS,Assam,Cachar,24.5042,92.8791,2014,Rainfall,Active,Structural Hills Highly dissected,Shale,Evergreen / Semi evergreen,250.0,MultiPolygon
LS2014_000848,1,positive,bhuvan_2014,AS/CA/83D14/2014/330,,AS,Assam,Cachar,24.5041,92.8793,2014,Rainfall,Active,Structural Hills Highly dissected,Shale,Evergreen / Semi evergreen,711.0,MultiPolygon
LS2014_000849,1,positive,bhuvan_2014,AS/CA/83D14/2014/331,,AS,Assam,Cachar,24.5038,92.8956,2014,Rainfall,Active,Structural Hills Highly dissected,Shale,Cuirrent Shifting Cultivation,987.0,MultiPolygon
LS2014_000850,1,positive,bhuvan_2014,AS/CA/83D14/2014/332,,AS,Assam,Cachar,24.5037,92.9105,2014,Rainfall,Active,Structural Hills Moderately dissected,Sandstone,Evergreen / Semi evergreen,469.0,MultiPolygon
LS2014_000851,1,positive,bhuvan_2014,AS/CA/83D14/2014/333,,AS,Assam,Cachar,24.5036,92.8967,2014,Rainfall,Active,Structural Hills Highly dissected,Shale,Evergreen / Semi evergreen,105.0,MultiPolygon
LS2014_000852,1,positive,bhuvan_2014,AS/CA/83D14/2014/334,,AS,Assam,Cachar,24.5035,92.8986,2014,Rainfall,Active,Structural Hills Highly dissected,Shale,Evergreen / Semi evergreen,129.0,MultiPolygon
LS2014_000853,1,positive,bhuvan_2014,AS/CA/83D14/2014/335,,AS,Assam,Cachar,24.5032,92.8946,2014,Rainfall,Active,Structural Hills Highly dissected,Shale,Cuirrent Shifting Cultivation,219.0,MultiPolygon
LS2014_000854,1,positive,bhuvan_2014,AS/CA/83D14/2014/336,,AS,Assam,Cachar,24.5029,92.9144,2014,Rainfall,Active,Structural Hills Moderately dissected,Sandstone,Evergreen / Semi evergreen,100.0,MultiPolygon
LS2014_000855,1,positive,bhuvan_2014,AS/CA/83D14/2014/337,,AS,Assam,Cachar,24.5028,92.894,2014,Rainfall,Active,Structural Hills Highly dissected,Shale,Cuirrent Shifting Cultivation,132.0,MultiPolygon
LS2014_000856,1,positive,bhuvan_2014,AS/CA/83D14/2014/338,,AS,Assam,Cachar,24.5027,92.9305,2014,Rainfall,Active,Structural Hills Moderately dissected,Sandstone,Evergreen / Semi evergreen,315.0,MultiPolygon
LS2014_000857,1,positive,bhuvan_2014,AS/CA/83D14/2014/341,,AS,Assam,Cachar,24.502,92.883,2014,Rainfall,Active,Structural Hills Highly dissected,Shale,Evergreen / Semi evergreen,204.0,MultiPolygon
LS2014_000858,1,positive,bhuvan_2014,AS/CA/83D14/2014/342,,AS,Assam,Cachar,24.5019,92.9182,2014,Rainfall,Active,Structural Hills Moderately dissected,Sandstone,Evergreen / Semi evergreen,333.0,MultiPolygon
LS2014_000859,1,positive,bhuvan_2014,AS/CA/83C12/2014/14,,AS,Assam,Cachar,25.0429,92.5079,2014,Rainfall,Active,Structural Hills Moderately dissected,Sandstone with shale,Evergreen / Semi evergreen,1657.0,MultiPolygon
LS2014_000860,1,positive,bhuvan_2014,AS/CA/83C12/2014/16,,AS,Assam,Cachar,25.0404,92.5387,2014,Rainfall,Active,Structural Hills Moderately dissected,Sandstone with shale,Evergreen / Semi evergreen,872.0,MultiPolygon
LS2014_000861,1,positive,bhuvan_2014,AS/CA/83C12/2014/17,,AS,Assam,Cachar,25.04,92.6305,2014,Rainfall,Active,Structural Hills Moderately dissected,Sandstone with shale,Evergreen / Semi evergreen,542.0,MultiPolygon
LS2014_000862,1,positive,bhuvan_2014,AS/CA/83C12/2014/18,,AS,Assam,Cachar,25.04,92.5374,2014,Rainfall,Active,Structural Hills Moderately dissected,Sandstone with shale,Evergreen / Semi evergreen,470.0,MultiPolygon
LS2014_000863,1,positive,bhuvan_2014,AS/CA/83C12/2014/19,,AS,Assam,Cachar,25.0379,92.6162,2014,Rainfall,Active,Structural Hills Moderately dissected,Sandstone with shale,Evergreen / Semi evergreen,778.0,MultiPolygon
LS2014_000864,1,positive,bhuvan_2014,AS/CA/83C12/2014/24,,AS,Assam,Cachar,25.0344,92.6204,2014,Rainfall,Active,Structural Hills Moderately dissected,Sandstone with shale,Evergreen / Semi evergreen,475.0,MultiPolygon
LS2014_000865,1,positive,bhuvan_2014,AS/CA/83C12/2014/27,,AS,Assam,Cachar,25.032,92.5292,2014,Rainfall,Active,Structural Hills Highly dissected,Shaly sandstone,Evergreen / Semi evergreen,929.0,MultiPolygon
LS2014_000866,1,positive,bhuvan_2014,AS/CA/83C08/2014/28,,AS,Assam,Cachar,25.032,92.4946,2014,Rainfall,Active,Structural Hills Highly dissected,Shaly sandstone,Evergreen / Semi evergreen,651.0,MultiPolygon
LS2014_000867,1,positive,bhuvan_2014,AS/CA/83C12/2014/32,,AS,Assam,Cachar,25.0302,92.6245,2014,Rainfall,Active,Structural Hills Highly dissected,Shaly sandstone,Evergreen / Semi evergreen,855.0,MultiPolygon
LS2014_000868,1,positive,bhuvan_2014,AS/CA/83C12/2014/34,,AS,Assam,Cachar,25.0288,92.6207,2014,Rainfall,Active,Structural Hills Highly dissected,Shaly sandstone,Evergreen / Semi evergreen,828.0,MultiPolygon
LS2014_000869,1,positive,bhuvan_2014,AS/CA/83C12/2014/35,,AS,Assam,Cachar,25.0285,92.5101,2014,Rainfall,Active,Structural Hills Highly dissected,Shaly sandstone,Evergreen / Semi evergreen,1407.0,MultiPolygon
LS2014_000870,1,positive,bhuvan_2014,AS/CA/83C12/2014/37,,AS,Assam,Cachar,25.0284,92.5033,2014,Rainfall,Active,Structural Hills Highly dissected,Shaly sandstone,Evergreen / Semi evergreen,659.0,MultiPolygon
LS2014_000871,1,positive,bhuvan_2014,AS/CA/83C12/2014/41,,AS,Assam,Cachar,25.0275,92.6234,2014,Rainfall,Active,Structural Hills Highly dissected,Shaly sandstone,Evergreen / Semi evergreen,279.0,MultiPolygon
LS2014_000872,1,positive,bhuvan_2014,AS/CA/83C12/2014/43,,AS,Assam,Cachar,25.0263,92.6224,2014,Rainfall,Active,Structural Hills Highly dissected,Shaly sandstone,Evergreen / Semi evergreen,1011.0,MultiPolygon
LS2014_000873,1,positive,bhuvan_2014,AS/CA/83C12/2014/50,,AS,Assam,Cachar,25.0246,92.5123,2014,Rainfall,Active,Structural Hills Highly dissected,Shaly sandstone,Evergreen / Semi evergreen,462.0,MultiPolygon
LS2014_000874,1,positive,bhuvan_2014,AS/CA/83C08/2014/55,,AS,Assam,Cachar,25.0233,92.4915,2014,Rainfall,Active,Structural Hills Highly dissected,Shale,Plantation,686.0,MultiPolygon
LS2014_000875,1,positive,bhuvan_2014,AS/CA/83C12/2014/59,,AS,Assam,Cachar,25.0226,92.5005,2014,Rainfall,Active,Structural Hills Highly dissected,Shale,Evergreen / Semi evergreen,443.0,MultiPolygon
LS2014_000876,1,positive,bhuvan_2014,AS/CA/83C12/2014/61,,AS,Assam,Cachar,25.0217,92.6365,2014,Rainfall,Active,Structural Hills Highly dissected,Shaly sandstone,Evergreen / Semi evergreen,561.0,MultiPolygon
LS2014_000877,1,positive,bhuvan_2014,AS/CA/83C12/2014/63,,AS,Assam,Cachar,25.0204,92.5792,2014,Rainfall,Active,Structural Hills Highly dissected,Shaly sandstone,Evergreen / Semi evergreen,650.0,MultiPolygon
LS2014_000878,1,positive,bhuvan_2014,AS/CA/83C12/2014/65,,AS,Assam,Cachar,25.0192,92.5433,2014,Rainfall,Active,Structural Hills Highly dissected,Shaly sandstone,Evergreen / Semi evergreen,723.0,MultiPolygon
LS2014_000879,1,positive,bhuvan_2014,AS/CA/83C12/2014/69,,AS,Assam,Cachar,25.0179,92.584,2014,Rainfall,Active,Structural Hills Highly dissected,Shale,Evergreen / Semi evergreen,674.0,MultiPolygon
LS2014_000880,1,positive,bhuvan_2014,AS/CA/83C12/2014/73,,AS,Assam,Cachar,25.0107,92.5424,2014,Rainfall,Active,Structural Hills Highly dissected,Shale,Plantation,844.0,MultiPolygon
LS2014_000881,1,positive,bhuvan_2014,AS/CA/83C12/2014/74,,AS,Assam,Cachar,25.0098,92.5846,2014,Rainfall,Active,Structural Hills Highly dissected,Shale,Evergreen / Semi evergreen,198.0,MultiPolygon
LS2014_000882,1,positive,bhuvan_2014,AS/CA/83C12/2014/80,,AS,Assam,Cachar,25.007,92.5783,2014,Rainfall,Active,Structural Hills Highly dissected,Shale,Evergreen / Semi evergreen,1746.0,MultiPolygon
LS2014_000883,1,positive,bhuvan_2014,AS/CA/83C12/2014/84,,AS,Assam,Cachar,25.0031,92.6237,2014,Rainfall,Active,Structural Hills Highly dissected,Shaly sandstone,Evergreen / Semi evergreen,564.0,MultiPolygon
LS2014_000884,1,positive,bhuvan_2014,AS/CA/83D09/2014/95,,AS,Assam,Cachar,24.9935,92.6393,2014,Rainfall,Active,Structural Hills Highly dissected,Shaly sandstone,Evergreen / Semi evergreen,961.0,MultiPolygon
LS2014_000885,1,positive,bhuvan_2014,AS/CA/83D09/2014/98,,AS,Assam,Cachar,24.9929,92.6357,2014,Rainfall,Active,Structural Hills Highly dissected,Shaly sandstone,Evergreen / Semi evergreen,888.0,MultiPolygon
LS2014_000886,1,positive,bhuvan_2014,AS/CA/83D09/2014/105,,AS,Assam,Cachar,24.9876,92.6202,2014,Rainfall,Active,Structural Hills Highly dissected,Shaly sandstone,Evergreen / Semi evergreen,886.0,MultiPolygon
LS2014_000887,1,positive,bhuvan_2014,AS/CA/83C16/2014/9,,AS,Assam,Cachar,25.0669,92.9109,2014,Rainfall,Active,Structural Hills Moderately dissected,Sandstone with shale,Evergreen / Semi evergreen,3024.0,MultiPolygon
LS2014_000888,1,positive,bhuvan_2014,AS/CA/83C16/2014/10,,AS,Assam,Cachar,25.0584,92.8733,2014,Rainfall,Active,Structural Hills Moderately dissected,Sandstone with shale,Evergreen / Semi evergreen,524.0,MultiPolygon
LS2014_000889,1,positive,bhuvan_2014,AS/CA/83C16/2014/11,,AS,Assam,Cachar,25.0559,92.8187,2014,Rainfall,Active,Structural Hills Moderately dissected,Sandstone with shale,Evergreen / Semi evergreen,560.0,MultiPolygon
LS2014_000890,1,positive,bhuvan_2014,AS/CA/83C16/2014/13,,AS,Assam,Cachar,25.0472,92.8387,2014,Rainfall,Active,Structural Hills Moderately dissected,Sandstone with shale,Evergreen / Semi evergreen,381.0,MultiPolygon
LS2014_000891,1,positive,bhuvan_2014,AS/CA/83C16/2014/15,,AS,Assam,Cachar,25.0423,92.8457,2014,Rainfall,Active,Structural Hills Moderately dissected,Sandstone with shale,Evergreen / Semi evergreen,756.0,MultiPolygon
LS2014_000892,1,positive,bhuvan_2014,AS/CA/83C16/2014/20,,AS,Assam,Cachar,25.037,92.8283,2014,Rainfall,Active,Structural Hills Moderately dissected,Sandstone with shale,Evergreen / Semi evergreen,999.0,MultiPolygon
LS2014_000893,1,positive,bhuvan_2014,AS/CA/83C16/2014/21,,AS,Assam,Cachar,25.0366,92.8698,2014,Rainfall,Active,Structural Hills Highly dissected,Shaly sandstone,Evergreen / Semi evergreen,675.0,MultiPolygon
LS2014_000894,1,positive,bhuvan_2014,AS/CA/83C16/2014/25,,AS,Assam,Cachar,25.0336,92.8814,2014,Rainfall,Active,Structural Hills Highly dissected,Shaly sandstone,Evergreen / Semi evergreen,441.0,MultiPolygon
LS2014_000895,1,positive,bhuvan_2014,AS/CA/83C16/2014/26,,AS,Assam,Cachar,25.032,92.8926,2014,Rainfall,Active,Structural Hills Highly dissected,Shale,Evergreen / Semi evergreen,279.0,MultiPolygon
LS2014_000896,1,positive,bhuvan_2014,AS/CA/83C16/2014/29,,AS,Assam,Cachar,25.0319,92.7988,2014,Rainfall,Active,Structural Hills Moderately dissected,Sandstone with shale,Evergreen / Semi evergreen,1106.0,MultiPolygon
LS2014_000897,1,positive,bhuvan_2014,AS/CA/83C16/2014/30,,AS,Assam,Cachar,25.0311,92.8975,2014,Rainfall,Active,Structural Hills Highly dissected,Shale,Evergreen / Semi evergreen,473.0,MultiPolygon
LS2014_000898,1,positive,bhuvan_2014,AS/CA/83C16/2014/33,,AS,Assam,Cachar,25.0289,92.7957,2014,Rainfall,Active,Structural Hills Moderately dissected,Sandstone with shale,Evergreen / Semi evergreen,1238.0,MultiPolygon
LS2014_000899,1,positive,bhuvan_2014,AS/CA/83C16/2014/36,,AS,Assam,Cachar,25.0284,92.8386,2014,Rainfall,Active,Structural Hills Moderately dissected,Sandstone with shale,Evergreen / Semi evergreen,927.0,MultiPolygon
LS2014_000900,1,positive,bhuvan_2014,AS/CA/83C16/2014/39,,AS,Assam,Cachar,25.028,92.8738,2014,Rainfall,Active,Structural Hills Highly dissected,Shaly sandstone,Evergreen / Semi evergreen,686.0,MultiPolygon
LS2014_000901,1,positive,bhuvan_2014,AS/CA/83C16/2014/40,,AS,Assam,Cachar,25.0279,92.8383,2014,Rainfall,Active,Structural Hills Moderately dissected,Sandstone with shale,Evergreen / Semi evergreen,516.0,MultiPolygon
LS2014_000902,1,positive,bhuvan_2014,AS/CA/83C16/2014/44,,AS,Assam,Cachar,25.0254,92.8164,2014,Rainfall,Active,Structural Hills Moderately dissected,Sandstone with shale,Evergreen / Semi evergreen,484.0,MultiPolygon
LS2014_000903,1,positive,bhuvan_2014,AS/CA/83C16/2014/46,,AS,Assam,Cachar,25.0249,92.8872,2014,Rainfall,Active,Structural Hills Highly dissected,Shale,Evergreen / Semi evergreen,2722.0,MultiPolygon
LS2014_000904,1,positive,bhuvan_2014,AS/CA/83C16/2014/54,,AS,Assam,Cachar,25.0234,92.891,2014,Rainfall,Active,Structural Hills Moderately dissected,Sandstone,Evergreen / Semi evergreen,910.0,MultiPolygon
LS2014_000905,1,positive,bhuvan_2014,AS/CA/83C16/2014/57,,AS,Assam,Cachar,25.0229,92.884,2014,Rainfall,Active,Structural Hills Moderately dissected,Sandstone,Evergreen / Semi evergreen,1231.0,MultiPolygon
LS2014_000906,1,positive,bhuvan_2014,AS/CA/83C16/2014/60,,AS,Assam,Cachar,25.0225,92.8848,2014,Rainfall,Active,Structural Hills Moderately dissected,Sandstone,Evergreen / Semi evergreen,2799.0,MultiPolygon
LS2014_000907,1,positive,bhuvan_2014,AS/CA/83C16/2014/62,,AS,Assam,Cachar,25.0214,92.8451,2014,Rainfall,Active,Structural Hills Highly dissected,Shaly sandstone,Evergreen / Semi evergreen,1536.0,MultiPolygon
LS2014_000908,1,positive,bhuvan_2014,AS/CA/83C16/2014/68,,AS,Assam,Cachar,25.0179,92.9194,2014,Rainfall,Active,Structural Hills Moderately dissected,Sandstone,Evergreen / Semi evergreen,759.0,MultiPolygon
LS2014_000909,1,positive,bhuvan_2014,AS/CA/83C16/2014/70,,AS,Assam,Cachar,25.0168,92.7774,2014,Rainfall,Active,Structural Hills Moderately dissected,Sandstone with shale,Evergreen / Semi evergreen,2356.0,MultiPolygon
LS2014_000910,1,positive,bhuvan_2014,AS/CA/83C16/2014/77,,AS,Assam,Cachar,25.0082,92.8742,2014,Rainfall,Active,Structural Hills Moderately dissected,Sandstone,Evergreen / Semi evergreen,534.0,MultiPolygon
LS2014_000911,1,positive,bhuvan_2014,AS/CA/83C16/2014/86,,AS,Assam,Cachar,25.001,92.8546,2014,Rainfall,Active,Structural Hills Highly dissected,Shale,Evergreen / Semi evergreen,420.0,MultiPolygon
LS2014_000912,1,positive,bhuvan_2014,AS/CA/83C16/2014/87,,AS,Assam,Cachar,25.0009,92.8146,2014,Rainfall,Active,Structural Hills Highly dissected,Shaly sandstone,Evergreen / Semi evergreen,817.0,MultiPolygon
LS2014_000913,1,positive,bhuvan_2014,AS/CA/83C16/2014/88,,AS,Assam,Cachar,25.0003,92.795,2014,Rainfall,Active,Structural Hills Highly dissected,Shaly sandstone,Evergreen / Semi evergreen,509.0,MultiPolygon
LS2014_000914,1,positive,bhuvan_2014,AS/CA/83D13/2014/89,,AS,Assam,Cachar,24.9994,92.7916,2014,Rainfall,Active,Structural Hills Highly dissected,Shaly sandstone,Evergreen / Semi evergreen,1079.0,MultiPolygon
LS2014_000915,1,positive,bhuvan_2014,AS/CA/83D13/2014/90,,AS,Assam,Cachar,24.9989,92.8173,2014,Rainfall,Active,Structural Hills Highly dissected,Shaly sandstone,Evergreen / Semi evergreen,810.0,MultiPolygon
LS2014_000916,1,positive,bhuvan_2014,AS/CA/83D13/2014/91,,AS,Assam,Cachar,24.9971,92.8511,2014,Rainfall,Active,Structural Hills Highly dissected,Shale,Evergreen / Semi evergreen,443.0,MultiPolygon
LS2014_000917,1,positive,bhuvan_2014,AS/CA/83D13/2014/94,,AS,Assam,Cachar,24.9946,92.8301,2014,Rainfall,Active,Structural Hills Highly dissected,Shale,Evergreen / Semi evergreen,1124.0,MultiPolygon
LS2014_000918,1,positive,bhuvan_2014,AS/CA/83D13/2014/96,,AS,Assam,Cachar,24.9929,92.8273,2014,Rainfall,Active,Structural Hills Highly dissected,Shale,Evergreen / Semi evergreen,480.0,MultiPolygon
LS2014_000919,1,positive,bhuvan_2014,AS/CA/83D13/2014/100,,AS,Assam,Cachar,24.9914,92.807,2014,Rainfall,Active,Structural Hills Highly dissected,Shale,Evergreen / Semi evergreen,1906.0,MultiPolygon
LS2014_000920,1,positive,bhuvan_2014,AS/CA/83D13/2014/102,,AS,Assam,Cachar,24.9906,92.8093,2014,Rainfall,Active,Structural Hills Highly dissected,Shale,Evergreen / Semi evergreen,1102.0,MultiPolygon
LS2014_000921,1,positive,bhuvan_2014,AS/CA/83D13/2014/107,,AS,Assam,Cachar,24.9851,92.9149,2014,Rainfall,Active,Structural Hills Highly dissected,Shaly sandstone,Evergreen / Semi evergreen,857.0,MultiPolygon
LS2014_000922,1,positive,bhuvan_2014,AS/CA/83D13/2014/108,,AS,Assam,Cachar,24.9825,92.8029,2014,Rainfall,Active,Structural Hills Highly dissected,Shale,Evergreen / Semi evergreen,731.0,MultiPolygon
LS2014_000923,1,positive,bhuvan_2014,AS/CA/83D13/2014/109,,AS,Assam,Cachar,24.9823,92.9219,2014,Rainfall,Active,Structural Hills Highly dissected,Shaly sandstone,Evergreen / Semi evergreen,714.0,MultiPolygon
LS2014_000924,1,positive,bhuvan_2014,AS/CA/83D13/2014/111,,AS,Assam,Cachar,24.9816,92.7991,2014,Rainfall,Active,Structural Hills Highly dissected,Shale,Evergreen / Semi evergreen,493.0,MultiPolygon
LS2014_000925,1,positive,bhuvan_2014,AS/CA/83D13/2014/748,,AS,Assam,Cachar,24.9823,92.9219,2014,Rainfall,Active,Structural Hills Highly dissected,Shaly sandstone,Evergreen / Semi evergreen,714.0,MultiPolygon
LS2014_000926,1,positive,bhuvan_2014,AS/NC/83C15/2014/14,,AS,Assam,North Cachar Hills,25.3706,92.9046,2014,Rainfall,Active,Denudational Hills Moderately dissected,Sandstone with shale,Deciduous,3165.0,MultiPolygon
LS2014_000927,1,positive,bhuvan_2014,AS/NC/83C15/2014/15,,AS,Assam,North Cachar Hills,25.3689,92.9144,2014,Rainfall,Active,Denudational Hills Moderately dissected,Sandstone with shale,Deciduous,4203.0,MultiPolygon
LS2014_000928,1,positive,bhuvan_2014,AS/KG/83C09/2014/62,,AS,Assam,Karbi Anglong,25.7839,92.6155,2014,Rainfall,Active,Denudational Hills Moderately dissected,Gneissic Group of rocks,Evergreen / Semi evergreen,627.0,MultiPolygon
LS2014_000929,1,positive,bhuvan_2014,AS/KG/83C09/2014/63,,AS,Assam,Karbi Anglong,25.7834,92.6159,2014,Rainfall,Active,Denudational Hills Moderately dissected,Gneissic Group of rocks,Evergreen / Semi evergreen,504.0,MultiPolygon
LS2014_000930,1,positive,bhuvan_2014,AS/KG/83C09/2014/65,,AS,Assam,Karbi Anglong,25.7772,92.6401,2014,Rainfall,Active,Denudational Hills Moderately dissected,Gneissic Group of rocks,Evergreen / Semi evergreen,819.0,MultiPolygon
LS2014_000931,1,positive,bhuvan_2014,AS/KG/83C09/2014/67,,AS,Assam,Karbi Anglong,25.7738,92.6402,2014,Rainfall,Active,Denudational Hills Moderately dissected,Gneissic Group of rocks,Evergreen / Semi evergreen,524.0,MultiPolygon
LS2014_000932,1,positive,bhuvan_2014,AS/NC/83C14/2014/1,,AS,Assam,North Cachar Hills,25.643,92.8514,2014,Rainfall,Active,Denudational Hills Moderately dissected,"Shale with sandatone, limestone and coal bands",Deciduous,1589.0,MultiPolygon
LS2014_000933,1,positive,bhuvan_2014,AS/NC/83C14/2014/2,,AS,Assam,North Cachar Hills,25.6318,92.8591,2014,Rainfall,Active,Denudational Hills Moderately dissected,"Shale with sandatone, limestone and coal bands",Scrub land,1554.0,MultiPolygon
LS2014_000934,1,positive,bhuvan_2014,AS/NC/83C14/2014/3,,AS,Assam,North Cachar Hills,25.6233,92.8586,2014,Rainfall,Active,Denudational Hills Moderately dissected,"Shale with sandatone, limestone and coal bands",Scrub land,529.0,MultiPolygon
LS2014_000935,1,positive,bhuvan_2014,AS/NC/83C14/2014/4,,AS,Assam,North Cachar Hills,25.6128,92.8828,2014,Rainfall,Active,Denudational Hills Moderately dissected,"Shale with sandatone, limestone and coal bands",Scrub land,719.0,MultiPolygon
LS2014_000936,1,positive,bhuvan_2014,AS/NC/83C14/2014/6,,AS,Assam,North Cachar Hills,25.5471,92.9237,2014,Rainfall,Active,Denudational Hills Moderately dissected,Sandstone with shale,Scrub land,881.0,MultiPolygon
LS2014_000937,1,positive,bhuvan_2014,AS/KG/83C13/2014/70,,AS,Assam,Karbi Anglong,25.7542,92.8422,2014,Rainfall,Active,Denudational Hills Moderately dissected,Gneissic Group of rocks,Deciduous,903.0,MultiPolygon
LS2014_000938,1,positive,bhuvan_2014,AS/KG/83C13/2014/71,,AS,Assam,Karbi Anglong,25.7532,92.8399,2014,Rainfall,Active,Denudational Hills Moderately dissected,Gneissic Group of rocks,Cropland,1091.0,MultiPolygon
LS2014_000939,1,positive,bhuvan_2014,AS/KG/83C13/2014/72,,AS,Assam,Karbi Anglong,25.7532,92.8388,2014,Rainfall,Active,Denudational Hills Moderately dissected,Gneissic Group of rocks,Cropland,831.0,MultiPolygon
LS2014_000940,1,positive,bhuvan_2014,AS/KG/83B12/2014/36,,AS,Assam,Karbi Anglong,26.0142,92.5094,2014,Rainfall,Active,Denudational Hill Less dissected,Quartzite,Deciduous,895.0,MultiPolygon
LS2014_000941,1,positive,bhuvan_2014,AS/KG/83B08/2014/37,,AS,Assam,Karbi Anglong,26.0125,92.4899,2014,Rainfall,Active,Denudational Hill Less dissected,Quartzite,Deciduous,332.0,MultiPolygon
LS2014_000942,1,positive,bhuvan_2014,AS/KG/83B08/2014/38,,AS,Assam,Karbi Anglong,26.0115,92.4897,2014,Rainfall,Active,Denudational Hill Less dissected,Quartzite,Deciduous,317.0,MultiPolygon
LS2014_000943,1,positive,bhuvan_2014,AS/KG/83B12/2014/39,,AS,Assam,Karbi Anglong,26.0108,92.5058,2014,Rainfall,Active,Denudational Hill Less dissected,Quartzite,Deciduous,354.0,MultiPolygon
LS2014_000944,1,positive,bhuvan_2014,AS/KG/83B12/2014/40,,AS,Assam,Karbi Anglong,26.0103,92.5132,2014,Rainfall,Active,Denudational Hill Less dissected,Quartzite,Deciduous,1162.0,MultiPolygon
LS2014_000945,1,positive,bhuvan_2014,AS/KG/83B12/2014/41,,AS,Assam,Karbi Anglong,26.01,92.5138,2014,Rainfall,Active,Denudational Hill Less dissected,Quartzite,Deciduous,1061.0,MultiPolygon
LS2014_000946,1,positive,bhuvan_2014,AS/KG/83B12/2014/42,,AS,Assam,Karbi Anglong,26.0095,92.5123,2014,Rainfall,Active,Denudational Hill Less dissected,Quartzite,Deciduous,670.0,MultiPolygon
LS2014_000947,1,positive,bhuvan_2014,AS/KG/83B12/2014/43,,AS,Assam,Karbi Anglong,26.0089,92.5138,2014,Rainfall,Active,Denudational Hill Less dissected,Quartzite,Deciduous,472.0,MultiPolygon
LS2014_000948,1,positive,bhuvan_2014,AS/KG/83B12/2014/44,,AS,Assam,Karbi Anglong,26.0067,92.5401,2014,Rainfall,Active,Denudational Hill Less dissected,Quartzite,Deciduous,1536.0,MultiPolygon
LS2014_000949,1,positive,bhuvan_2014,AS/KG/83B12/2014/45,,AS,Assam,Karbi Anglong,26.0067,92.51,2014,Rainfall,Active,Denudational Hill Less dissected,Quartzite,Deciduous,822.0,MultiPolygon
LS2014_000950,1,positive,bhuvan_2014,AS/KG/83B12/2014/46,,AS,Assam,Karbi Anglong,26.0065,92.5404,2014,Rainfall,Active,Denudational Hill Less dissected,Quartzite,Deciduous,1079.0,MultiPolygon
LS2014_000951,1,positive,bhuvan_2014,AS/KG/83C09/2014/47,,AS,Assam,Karbi Anglong,25.9961,92.5242,2014,Rainfall,Active,Denudational Hill Less dissected,Quartzite,Scrub land,619.0,MultiPolygon
LS2014_000952,1,positive,bhuvan_2014,AS/KG/83C05/2014/48,,AS,Assam,Karbi Anglong,25.9958,92.4956,2014,Rainfall,Active,Denudational Hill Less dissected,Quartzite,Evergreen / Semi evergreen,2660.0,MultiPolygon
LS2014_000953,1,positive,bhuvan_2014,AS/KG/83C09/2014/49,,AS,Assam,Karbi Anglong,25.9512,92.5312,2014,Rainfall,Active,Denudational Hills Moderately dissected,Gneissic Group of rocks,Deciduous,695.0,MultiPolygon
LS2014_000954,1,positive,bhuvan_2014,AS/KG/83B08/2014/1,,AS,Assam,Karbi Anglong,26.1477,92.4893,2014,Rainfall,Active,Denudational Hill Less dissected,Quartzite,Deciduous,395.0,MultiPolygon
LS2014_000955,1,positive,bhuvan_2014,AS/KG/83B12/2014/2,,AS,Assam,Karbi Anglong,26.1354,92.5103,2014,Rainfall,Active,Denudational Hill Less dissected,Quartzite,Deciduous,314.0,MultiPolygon
LS2014_000956,1,positive,bhuvan_2014,AS/KG/83B08/2014/16,,AS,Assam,Karbi Anglong,26.1179,92.4952,2014,Rainfall,Active,Denudational Hill Less dissected,Quartzite,Deciduous,480.0,MultiPolygon
LS2014_000957,1,positive,bhuvan_2014,AS/KG/83B08/2014/18,,AS,Assam,Karbi Anglong,26.1167,92.4955,2014,Rainfall,Active,Denudational Hill Less dissected,Quartzite,Deciduous,505.0,MultiPolygon
LS2014_000958,1,positive,bhuvan_2014,AS/KG/83B08/2014/20,,AS,Assam,Karbi Anglong,26.1148,92.4941,2014,Rainfall,Active,Denudational Hill Less dissected,Quartzite,Deciduous,963.0,MultiPolygon
LS2014_000959,1,positive,bhuvan_2014,AS/KG/83B08/2014/23,,AS,Assam,Karbi Anglong,26.113,92.4858,2014,Rainfall,Active,Denudational Hill Less dissected,Quartzite,Deciduous,1035.0,MultiPolygon
LS2014_000960,1,positive,bhuvan_2014,AS/CA/83H02/2014/184,,AS,Assam,Cachar,24.7002,93.0794,2014,Rainfall,Active,Structural Hills Highly dissected,Shale,Evergreen / Semi evergreen,1089.0,MultiPolygon
LS2014_000961,1,positive,bhuvan_2014,AS/CA/83H02/2014/185,,AS,Assam,Cachar,24.6979,93.078,2014,Rainfall,Active,Structural Hills Highly dissected,Shale,Evergreen / Semi evergreen,994.0,MultiPolygon
LS2014_000962,1,positive,bhuvan_2014,AS/CA/83H02/2014/186,,AS,Assam,Cachar,24.6898,93.085,2014,Rainfall,Active,Structural Hills Highly dissected,Shale,Evergreen / Semi evergreen,604.0,MultiPolygon
LS2014_000963,1,positive,bhuvan_2014,AS/CA/83H01/2014/133,,AS,Assam,Cachar,24.7946,93.0722,2014,Rainfall,Active,Denudational Hills Moderately dissected,Sandstone,Deciduous,581.0,MultiPolygon
LS2014_000964,1,positive,bhuvan_2014,AS/NC/83G04/2014/35,,AS,Assam,North Cachar Hills,25.0656,93.1437,2014,Rainfall,Active,Structural Hills Highly dissected,Shaly sandstone,Deciduous,980.0,MultiPolygon
LS2014_000965,1,positive,bhuvan_2014,AS/NC/83G04/2014/36,,AS,Assam,North Cachar Hills,25.0608,93.1594,2014,Rainfall,Active,Structural Hills Highly dissected,Shaly sandstone,Deciduous,1015.0,MultiPolygon
LS2014_000966,1,positive,bhuvan_2014,AS/NC/83G04/2014/37,,AS,Assam,North Cachar Hills,25.0607,93.1587,2014,Rainfall,Active,Structural Hills Highly dissected,Shaly sandstone,Deciduous,330.0,MultiPolygon
LS2014_000967,1,positive,bhuvan_2014,AS/NC/83G04/2014/39,,AS,Assam,North Cachar Hills,25.0466,93.2031,2014,Rainfall,Active,Structural Hills Moderately dissected,Sandstone with shale,Scrub Forest,1600.0,MultiPolygon
LS2014_000968,1,positive,bhuvan_2014,AS/NC/83G04/2014/41,,AS,Assam,North Cachar Hills,25.029,93.2124,2014,Rainfall,Active,Structural Hills Highly dissected,Shale,Scrub land,3034.0,MultiPolygon
LS2014_000969,1,positive,bhuvan_2014,AS/NC/83G04/2014/42,,AS,Assam,North Cachar Hills,25.0184,93.0968,2014,Rainfall,Active,Structural Hills Moderately dissected,Sandstone with shale,Evergreen / Semi evergreen,2092.0,MultiPolygon
LS2014_000970,1,positive,bhuvan_2014,AS/NC/83G04/2014/18,,AS,Assam,North Cachar Hills,25.1984,93.1854,2014,Rainfall,Active,Structural Hills Moderately dissected,Shale with sandstone,Deciduous,1214.0,MultiPolygon
LS2014_000971,1,positive,bhuvan_2014,AS/NC/83G04/2014/19,,AS,Assam,North Cachar Hills,25.1851,93.1514,2014,Rainfall,Active,Structural Hills Moderately dissected,Shale with sandstone,Deciduous,1403.0,MultiPolygon
LS2014_000972,1,positive,bhuvan_2014,AS/NC/83G03/2014/10,,AS,Assam,North Cachar Hills,25.4079,93.1115,2014,Rainfall,Active,Denudational Hills Moderately dissected,Sandstone with shale,Scrub Forest,2292.0,MultiPolygon
LS2014_000973,1,positive,bhuvan_2014,AS/NC/83G03/2014/11,,AS,Assam,North Cachar Hills,25.4071,93.1108,2014,Rainfall,Active,Denudational Hills Moderately dissected,Sandstone with shale,Scrub Forest,1849.0,MultiPolygon
LS2014_000974,1,positive,bhuvan_2014,AS/NC/83G03/2014/12,,AS,Assam,North Cachar Hills,25.3978,93.0809,2014,Rainfall,Active,Denudational Hills Moderately dissected,Sandstone with shale,Scrub land,4732.0,MultiPolygon
LS2014_000975,1,positive,bhuvan_2014,AS/NC/83G07/2014/13,,AS,Assam,North Cachar Hills,25.3711,93.4058,2014,Rainfall,Active,Structural Hills Moderately dissected,Shale with sandstone,Deciduous,853.0,MultiPolygon
LS2014_000976,1,positive,bhuvan_2014,ML/WG/78K03/2014/1454,,ML,Meghalaya,West Garo Hills,25.4369,90.0127,2014,Rainfall,Active,Denudational Hills highly Dissected (DHH),"Coarse sandstone, siltstone, clay and marl",Deciduous,0.0,MultiPolygon
LS2014_000977,1,positive,bhuvan_2014,ML/WG/78K03/2014/1455,,ML,Meghalaya,West Garo Hills,25.4362,90.0066,2014,Rainfall,Active,Denudational Hills highly Dissected (DHH),"Coarse sandstone, siltstone, clay and marl",Deciduous,0.0,MultiPolygon
LS2014_000978,1,positive,bhuvan_2014,ML/WG/78K03/2014/1456,,ML,Meghalaya,West Garo Hills,25.4357,90.0061,2014,Rainfall,Active,Denudational Hills highly Dissected (DHH),"Coarse sandstone, siltstone, clay and marl",Deciduous,0.0,MultiPolygon
LS2014_000979,1,positive,bhuvan_2014,ML/WG/78K03/2014/1457,,ML,Meghalaya,West Garo Hills,25.4341,90.0068,2014,Rainfall,Active,Denudational Hills highly Dissected (DHH),"Coarse sandstone, siltstone, clay and marl",Deciduous,0.0,MultiPolygon
LS2014_000980,1,positive,bhuvan_2014,ML/WG/78G15/2014/1425,,ML,Meghalaya,West Garo Hills,25.4859,89.9616,2014,Rainfall,Active,Valley Fill- Moderate- (VFM),"Alluvium-sand , silt & clay alternating bands, Holocene",Cropland,1256.0,MultiPolygon
LS2014_000981,1,positive,bhuvan_2014,ML/WG/78G15/2014/1426,,ML,Meghalaya,West Garo Hills,25.4856,89.9625,2014,Rainfall,Active,Valley Fill- Moderate- (VFM),"Alluvium-sand , silt & clay alternating bands, Holocene",Cropland,1768.0,MultiPolygon
LS2014_000982,1,positive,bhuvan_2014,ML/WG/78G15/2014/1427,,ML,Meghalaya,West Garo Hills,25.4816,89.9823,2014,Rainfall,Active,Denudational Hills highly Dissected (DHH),"Coarse sandstone, siltstone, clay and marl",Scrub land,459.0,MultiPolygon
LS2014_000983,1,positive,bhuvan_2014,ML/WG/78K03/2014/1428,,ML,Meghalaya,West Garo Hills,25.4807,90.032,2014,Rainfall,Active,Denudational Hills highly Dissected (DHH),"Coarse sandstone, siltstone, clay and marl",Deciduous,0.0,MultiPolygon
LS2014_000984,1,positive,bhuvan_2014,ML/WG/78K03/2014/1429,,ML,Meghalaya,West Garo Hills,25.4799,90.0311,2014,Rainfall,Active,Denudational Hills highly Dissected (DHH),"Coarse sandstone, siltstone, clay and marl",Deciduous,0.0,MultiPolygon
LS2014_000985,1,positive,bhuvan_2014,ML/WG/78G15/2014/1430,,ML,Meghalaya,West Garo Hills,25.4794,89.9897,2014,Rainfall,Active,Denudational Hills highly Dissected (DHH),"Coarse sandstone, siltstone, clay and marl",Deciduous,384.0,MultiPolygon
LS2014_000986,1,positive,bhuvan_2014,ML/WG/78K03/2014/1431,,ML,Meghalaya,West Garo Hills,25.4784,90.0339,2014,Rainfall,Active,Denudational Hills highly Dissected (DHH),"Coarse sandstone, siltstone, clay and marl",Deciduous,0.0,MultiPolygon
LS2014_000987,1,positive,bhuvan_2014,ML/WG/78K03/2014/1432,,ML,Meghalaya,West Garo Hills,25.4783,90.0338,2014,Rainfall,Active,Denudational Hills highly Dissected (DHH),"Coarse sandstone, siltstone, clay and marl",Deciduous,0.0,MultiPolygon
LS2014_000988,1,positive,bhuvan_2014,ML/WG/78K03/2014/1433,,ML,Meghalaya,West Garo Hills,25.4776,90.0301,2014,Rainfall,Active,Denudational Hills highly Dissected (DHH),"Coarse sandstone, siltstone, clay and marl",Cropland,1185.0,MultiPolygon
LS2014_000989,1,positive,bhuvan_2014,ML/WG/78G15/2014/1434,,ML,Meghalaya,West Garo Hills,25.4757,89.9895,2014,Rainfall,Active,Valley Fill- Moderate- (VFM),"Alluvium-sand , silt & clay alternating bands, Holocene",Deciduous,528.0,MultiPolygon
LS2014_000990,1,positive,bhuvan_2014,ML/WG/78G15/2014/1437,,ML,Meghalaya,West Garo Hills,25.4744,89.9751,2014,Rainfall,Active,Denudational Hills highly Dissected (DHH),"Coarse sandstone, siltstone, clay and marl",Deciduous,389.0,MultiPolygon
LS2014_000991,1,positive,bhuvan_2014,ML/WG/78G15/2014/1438,,ML,Meghalaya,West Garo Hills,25.474,89.9914,2014,Rainfall,Active,Denudational Hills highly Dissected (DHH),"Coarse sandstone, siltstone, clay and marl",Deciduous,1143.0,MultiPolygon
LS2014_000992,1,positive,bhuvan_2014,ML/WG/78G15/2014/1447,,ML,Meghalaya,West Garo Hills,25.4696,89.992,2014,Rainfall,Active,Denudational Hills highly Dissected (DHH),"Coarse sandstone, siltstone, clay and marl",Deciduous,635.0,MultiPolygon
LS2014_000993,1,positive,bhuvan_2014,ML/WG/78K03/2014/1448,,ML,Meghalaya,West Garo Hills,25.4651,90.0124,2014,Rainfall,Active,Denudational Hills highly Dissected (DHH),"Coarse sandstone, siltstone, clay and marl",Deciduous,761.0,MultiPolygon
LS2014_000994,1,positive,bhuvan_2014,ML/WG/78K03/2014/1449,,ML,Meghalaya,West Garo Hills,25.465,90.012,2014,Rainfall,Active,Denudational Hills highly Dissected (DHH),"Coarse sandstone, siltstone, clay and marl",Deciduous,658.0,MultiPolygon
LS2014_000995,1,positive,bhuvan_2014,ML/WG/78K03/2014/1450,,ML,Meghalaya,West Garo Hills,25.465,90.0115,2014,Rainfall,Active,Denudational Hills highly Dissected (DHH),"Coarse sandstone, siltstone, clay and marl",Deciduous,589.0,MultiPolygon
LS2014_000996,1,positive,bhuvan_2014,ML/WG/78K03/2014/1451,,ML,Meghalaya,West Garo Hills,25.4648,90.011,2014,Rainfall,Active,Denudational Hills highly Dissected (DHH),"Coarse sandstone, siltstone, clay and marl",Deciduous,1330.0,MultiPolygon
LS2014_000997,1,positive,bhuvan_2014,ML/WG/78G15/2014/1452,,ML,Meghalaya,West Garo Hills,25.4643,89.9817,2014,Rainfall,Active,Denudational Hills highly Dissected (DHH),"Coarse sandstone, siltstone, clay and marl",Deciduous,1526.0,MultiPolygon
LS2014_000998,1,positive,bhuvan_2014,ML/WG/78G14/2014/1303,,ML,Meghalaya,West Garo Hills,25.5372,89.8879,2014,Rainfall,Active,Denudational Hills Moderately Dissected (DHM),"Mottled clay, felspathic sandstone and conglomerate",Cropland,882.0,MultiPolygon
LS2014_000999,1,positive,bhuvan_2014,ML/WG/78G14/2014/1305,,ML,Meghalaya,West Garo Hills,25.5317,89.8892,2014,Rainfall,Active,Valley Fill- Moderate- (VFM),"Alluvium-sand , silt & clay alternating bands, Holocene",Cropland,658.0,MultiPolygon
LS2014_001000,1,positive,bhuvan_2014,ML/WG/78G14/2014/1307,,ML,Meghalaya,West Garo Hills,25.5313,89.8904,2014,Rainfall,Active,Valley Fill- Moderate- (VFM),"Alluvium-sand , silt & clay alternating bands, Holocene",Cropland,1672.0,MultiPolygon
LS2014_001001,1,positive,bhuvan_2014,ML/WG/78G14/2014/1314,,ML,Meghalaya,West Garo Hills,25.5294,89.8925,2014,Rainfall,Active,Valley Fill- Moderate- (VFM),"Alluvium-sand , silt & clay alternating bands, Holocene",Cropland,2419.0,MultiPolygon
LS2014_001002,1,positive,bhuvan_2014,ML/WG/78K02/2014/1308,,ML,Meghalaya,West Garo Hills,25.531,90.0193,2014,Rainfall,Active,Denudational Hills highly Dissected (DHH),"Coarse sandstone, siltstone, clay and marl",Plantation,454.0,MultiPolygon
LS2014_001003,1,positive,bhuvan_2014,ML/WG/78K02/2014/1309,,ML,Meghalaya,West Garo Hills,25.5306,90.0195,2014,Rainfall,Active,Denudational Hills highly Dissected (DHH),"Coarse sandstone, siltstone, clay and marl",Plantation,337.0,MultiPolygon
LS2014_001004,1,positive,bhuvan_2014,ML/WG/78K02/2014/1310,,ML,Meghalaya,West Garo Hills,25.5304,90.0184,2014,Rainfall,Active,Denudational Hills highly Dissected (DHH),"Coarse sandstone, siltstone, clay and marl",Plantation,509.0,MultiPolygon
LS2014_001005,1,positive,bhuvan_2014,ML/WG/78K02/2014/1311,,ML,Meghalaya,West Garo Hills,25.5303,90.0193,2014,Rainfall,Active,Denudational Hills highly Dissected (DHH),"Coarse sandstone, siltstone, clay and marl",Plantation,127.0,MultiPolygon
LS2014_001006,1,positive,bhuvan_2014,ML/WG/78K02/2014/1316,,ML,Meghalaya,West Garo Hills,25.5286,90.0177,2014,Rainfall,Active,Denudational Hills highly Dissected (DHH),"Coarse sandstone, siltstone, clay and marl",Deciduous,820.0,MultiPolygon
LS2014_001007,1,positive,bhuvan_2014,ML/WG/78K02/2014/1317,,ML,Meghalaya,West Garo Hills,25.5276,90.0179,2014,Rainfall,Active,Denudational Hills highly Dissected (DHH),"Coarse sandstone, siltstone, clay and marl",Deciduous,293.0,MultiPolygon
LS2014_001008,1,positive,bhuvan_2014,ML/WG/78K02/2014/1318,,ML,Meghalaya,West Garo Hills,25.5275,90.0174,2014,Rainfall,Active,Denudational Hills highly Dissected (DHH),"Coarse sandstone, siltstone, clay and marl",Deciduous,1373.0,MultiPolygon
LS2014_001009,1,positive,bhuvan_2014,ML/WG/78K02/2014/1319,,ML,Meghalaya,West Garo Hills,25.5274,90.0183,2014,Rainfall,Active,Denudational Hills highly Dissected (DHH),"Coarse sandstone, siltstone, clay and marl",Deciduous,152.0,MultiPolygon
LS2014_001010,1,positive,bhuvan_2014,ML/WG/78K02/2014/1320,,ML,Meghalaya,West Garo Hills,25.5272,90.0175,2014,Rainfall,Active,Denudational Hills highly Dissected (DHH),"Coarse sandstone, siltstone, clay and marl",Deciduous,1373.0,MultiPolygon
LS2014_001011,1,positive,bhuvan_2014,ML/WG/78K02/2014/1321,,ML,Meghalaya,West Garo Hills,25.5268,90.0171,2014,Rainfall,Active,Denudational Hills highly Dissected (DHH),"Coarse sandstone, siltstone, clay and marl",Deciduous,759.0,MultiPolygon
LS2014_001012,1,positive,bhuvan_2014,ML/WG/78K02/2014/1322,,ML,Meghalaya,West Garo Hills,25.5264,90.0166,2014,Rainfall,Active,Denudational Hills highly Dissected (DHH),"Coarse sandstone, siltstone, clay and marl",Deciduous,1266.0,MultiPolygon
LS2014_001013,1,positive,bhuvan_2014,ML/WG/78K02/2014/1323,,ML,Meghalaya,West Garo Hills,25.5261,90.0165,2014,Rainfall,Active,Denudational Hills highly Dissected (DHH),"Coarse sandstone, siltstone, clay and marl",Deciduous,260.0,MultiPolygon
LS2014_001014,1,positive,bhuvan_2014,ML/WG/78K02/2014/1325,,ML,Meghalaya,West Garo Hills,25.5248,90.0032,2014,Rainfall,Active,Valley Fill- Moderate- (VFM),"Alluvium-sand , silt & clay alternating bands, Holocene",Deciduous,0.0,MultiPolygon
LS2014_001015,1,positive,bhuvan_2014,ML/WG/78K02/2014/1327,,ML,Meghalaya,West Garo Hills,25.5245,90.0033,2014,Rainfall,Active,Valley Fill- Moderate- (VFM),"Alluvium-sand , silt & clay alternating bands, Holocene",Deciduous,0.0,MultiPolygon
LS2014_001016,1,positive,bhuvan_2014,ML/WG/78K02/2014/1330,,ML,Meghalaya,West Garo Hills,25.5238,90.003,2014,Rainfall,Active,Valley Fill- Moderate- (VFM),"Alluvium-sand , silt & clay alternating bands, Holocene",Deciduous,0.0,MultiPolygon
LS2014_001017,1,positive,bhuvan_2014,ML/WG/78K02/2014/1331,,ML,Meghalaya,West Garo Hills,25.5225,90.0236,2014,Rainfall,Active,Denudational Hills highly Dissected (DHH),"Coarse sandstone, siltstone, clay and marl",Deciduous,1219.0,MultiPolygon
LS2014_001018,1,positive,bhuvan_2014,ML/WG/78K02/2014/1332,,ML,Meghalaya,West Garo Hills,25.5222,90.0235,2014,Rainfall,Active,Denudational Hills highly Dissected (DHH),"Coarse sandstone, siltstone, clay and marl",Deciduous,1219.0,MultiPolygon
LS2014_001019,1,positive,bhuvan_2014,ML/WG/78K02/2014/1334,,ML,Meghalaya,West Garo Hills,25.5209,90.0197,2014,Rainfall,Active,Denudational Hills highly Dissected (DHH),"Coarse sandstone, siltstone, clay and marl",Deciduous,620.0,MultiPolygon
LS2014_001020,1,positive,bhuvan_2014,ML/WG/78K02/2014/1335,,ML,Meghalaya,West Garo Hills,25.5207,90.0065,2014,Rainfall,Active,Denudational Hills highly Dissected (DHH),"Coarse sandstone, siltstone, clay and marl",Scrub Forest,348.0,MultiPolygon
LS2014_001021,1,positive,bhuvan_2014,ML/WG/78K02/2014/1336,,ML,Meghalaya,West Garo Hills,25.5201,90.0067,2014,Rainfall,Active,Denudational Hills highly Dissected (DHH),"Coarse sandstone, siltstone, clay and marl",Scrub Forest,128.0,MultiPolygon
LS2014_001022,1,positive,bhuvan_2014,ML/WG/78K02/2014/1337,,ML,Meghalaya,West Garo Hills,25.52,90.0196,2014,Rainfall,Active,Denudational Hills highly Dissected (DHH),"Coarse sandstone, siltstone, clay and marl",Deciduous,1175.0,MultiPolygon
LS2014_001023,1,positive,bhuvan_2014,ML/WG/78K02/2014/1338,,ML,Meghalaya,West Garo Hills,25.5198,90.0073,2014,Rainfall,Active,Denudational Hills highly Dissected (DHH),"Coarse sandstone, siltstone, clay and marl",Plantation,182.0,MultiPolygon
LS2014_001024,1,positive,bhuvan_2014,ML/WG/78K02/2014/1339,,ML,Meghalaya,West Garo Hills,25.5196,90.0067,2014,Rainfall,Active,Denudational Hills highly Dissected (DHH),"Coarse sandstone, siltstone, clay and marl",Deciduous,416.0,MultiPolygon
LS2014_001025,1,positive,bhuvan_2014,ML/WG/78K02/2014/1340,,ML,Meghalaya,West Garo Hills,25.5195,90.0077,2014,Rainfall,Active,Denudational Hills highly Dissected (DHH),"Coarse sandstone, siltstone, clay and marl",Plantation,1047.0,MultiPolygon
LS2014_001026,1,positive,bhuvan_2014,ML/WG/78K02/2014/1341,,ML,Meghalaya,West Garo Hills,25.5194,90.0243,2014,Rainfall,Active,Denudational Hills highly Dissected (DHH),"Coarse sandstone, siltstone, clay and marl",Plantation,327.0,MultiPolygon
LS2014_001027,1,positive,bhuvan_2014,ML/WG/78K02/2014/1342,,ML,Meghalaya,West Garo Hills,25.5194,90.0071,2014,Rainfall,Active,Denudational Hills highly Dissected (DHH),"Coarse sandstone, siltstone, clay and marl",Deciduous,852.0,MultiPolygon
LS2014_001028,1,positive,bhuvan_2014,ML/WG/78K02/2014/1343,,ML,Meghalaya,West Garo Hills,25.5193,90.0068,2014,Rainfall,Active,Denudational Hills highly Dissected (DHH),"Coarse sandstone, siltstone, clay and marl",Deciduous,852.0,MultiPolygon
LS2014_001029,1,positive,bhuvan_2014,ML/WG/78K02/2014/1344,,ML,Meghalaya,West Garo Hills,25.5178,90.0232,2014,Rainfall,Active,Denudational Hills highly Dissected (DHH),"Coarse sandstone, siltstone, clay and marl",Cropland,1272.0,MultiPolygon
LS2014_001030,1,positive,bhuvan_2014,ML/WG/78K02/2014/1345,,ML,Meghalaya,West Garo Hills,25.5176,90.0054,2014,Rainfall,Active,Denudational Hills highly Dissected (DHH),"Coarse sandstone, siltstone, clay and marl",Deciduous,161.0,MultiPolygon
LS2014_001031,1,positive,bhuvan_2014,ML/WG/78K02/2014/1346,,ML,Meghalaya,West Garo Hills,25.5176,90.0051,2014,Rainfall,Active,Denudational Hills highly Dissected (DHH),"Coarse sandstone, siltstone, clay and marl",Deciduous,292.0,MultiPolygon
LS2014_001032,1,positive,bhuvan_2014,ML/WG/78K02/2014/1347,,ML,Meghalaya,West Garo Hills,25.5176,90.0048,2014,Rainfall,Active,Denudational Hills highly Dissected (DHH),"Coarse sandstone, siltstone, clay and marl",Deciduous,256.0,MultiPolygon
LS2014_001033,1,positive,bhuvan_2014,ML/WG/78K02/2014/1348,,ML,Meghalaya,West Garo Hills,25.5175,90.0039,2014,Rainfall,Active,Denudational Hills highly Dissected (DHH),"Coarse sandstone, siltstone, clay and marl",Deciduous,1714.0,MultiPolygon
LS2014_001034,1,positive,bhuvan_2014,ML/WG/78K02/2014/1349,,ML,Meghalaya,West Garo Hills,25.517,90.0116,2014,Rainfall,Active,Denudational Hills highly Dissected (DHH),"Coarse sandstone, siltstone, clay and marl",Plantation,0.0,MultiPolygon
LS2014_001035,1,positive,bhuvan_2014,ML/WG/78K02/2014/1350,,ML,Meghalaya,West Garo Hills,25.5167,90.0049,2014,Rainfall,Active,Denudational Hills highly Dissected (DHH),"Coarse sandstone, siltstone, clay and marl",Deciduous,134.0,MultiPolygon
LS2014_001036,1,positive,bhuvan_2014,ML/WG/78K02/2014/1351,,ML,Meghalaya,West Garo Hills,25.5166,90.0046,2014,Rainfall,Active,Denudational Hills highly Dissected (DHH),"Coarse sandstone, siltstone, clay and marl",Deciduous,484.0,MultiPolygon
LS2014_001037,1,positive,bhuvan_2014,ML/WG/78K02/2014/1352,,ML,Meghalaya,West Garo Hills,25.5166,90.004,2014,Rainfall,Active,Denudational Hills highly Dissected (DHH),"Coarse sandstone, siltstone, clay and marl",Deciduous,917.0,MultiPolygon
LS2014_001038,1,positive,bhuvan_2014,ML/WG/78K02/2014/1354,,ML,Meghalaya,West Garo Hills,25.5164,90.0268,2014,Rainfall,Active,Denudational Hills highly Dissected (DHH),"Coarse sandstone, siltstone, clay and marl",Plantation,676.0,MultiPolygon
LS2014_001039,1,positive,bhuvan_2014,ML/WG/78K02/2014/1355,,ML,Meghalaya,West Garo Hills,25.5163,90.0058,2014,Rainfall,Active,Denudational Hills highly Dissected (DHH),"Coarse sandstone, siltstone, clay and marl",Deciduous,563.0,MultiPolygon
LS2014_001040,1,positive,bhuvan_2014,ML/WG/78K02/2014/1356,,ML,Meghalaya,West Garo Hills,25.5152,90.0136,2014,Rainfall,Active,Denudational Hills highly Dissected (DHH),"Coarse sandstone, siltstone, clay and marl",Plantation,575.0,MultiPolygon
LS2014_001041,1,positive,bhuvan_2014,ML/WG/78K02/2014/1357,,ML,Meghalaya,West Garo Hills,25.5149,90.0291,2014,Rainfall,Active,Denudational Hills highly Dissected (DHH),"Coarse sandstone, siltstone, clay and marl",Deciduous,388.0,MultiPolygon
LS2014_001042,1,positive,bhuvan_2014,ML/WG/78K02/2014/1358,,ML,Meghalaya,West Garo Hills,25.5149,90.0132,2014,Rainfall,Active,Denudational Hills highly Dissected (DHH),"Coarse sandstone, siltstone, clay and marl",Plantation,665.0,MultiPolygon
LS2014_001043,1,positive,bhuvan_2014,ML/WG/78K02/2014/1360,,ML,Meghalaya,West Garo Hills,25.5139,90.0284,2014,Rainfall,Active,Denudational Hills highly Dissected (DHH),"Coarse sandstone, siltstone, clay and marl",Deciduous,1521.0,MultiPolygon
LS2014_001044,1,positive,bhuvan_2014,ML/WG/78K02/2014/1361,,ML,Meghalaya,West Garo Hills,25.5132,90.0035,2014,Rainfall,Active,Denudational Hills highly Dissected (DHH),"Coarse sandstone, siltstone, clay and marl",Deciduous,117.0,MultiPolygon
LS2014_001045,1,positive,bhuvan_2014,ML/WG/78K02/2014/1362,,ML,Meghalaya,West Garo Hills,25.5132,90.0034,2014,Rainfall,Active,Denudational Hills highly Dissected (DHH),"Coarse sandstone, siltstone, clay and marl",Deciduous,117.0,MultiPolygon
LS2014_001046,1,positive,bhuvan_2014,ML/WG/78K02/2014/1363,,ML,Meghalaya,West Garo Hills,25.5131,90.0037,2014,Rainfall,Active,Denudational Hills highly Dissected (DHH),"Coarse sandstone, siltstone, clay and marl",Deciduous,117.0,MultiPolygon
LS2014_001047,1,positive,bhuvan_2014,ML/WG/78K02/2014/1364,,ML,Meghalaya,West Garo Hills,25.5131,90.0035,2014,Rainfall,Active,Denudational Hills highly Dissected (DHH),"Coarse sandstone, siltstone, clay and marl",Deciduous,117.0,MultiPolygon
LS2014_001048,1,positive,bhuvan_2014,ML/WG/78K02/2014/1013,,ML,Meghalaya,West Garo Hills,25.637,90.0246,2014,Rainfall,Active,Denudational Hills Moderately Dissected (DHM),"Coarse sandstone, siltstone, clay and marl",Deciduous,245.0,MultiPolygon
LS2014_001049,1,positive,bhuvan_2014,ML/WG/78K02/2014/1025,,ML,Meghalaya,West Garo Hills,25.6352,90.014,2014,Rainfall,Active,Denudational Hills Moderately Dissected (DHM),"Coarse sandstone, siltstone, clay and marl",Scrub land,752.0,MultiPolygon
LS2014_001050,1,positive,bhuvan_2014,ML/WG/78K02/2014/1028,,ML,Meghalaya,West Garo Hills,25.6348,90.0131,2014,Rainfall,Active,Denudational Hills Moderately Dissected (DHM),"Coarse sandstone, siltstone, clay and marl",Deciduous,1761.0,MultiPolygon
LS2014_001051,1,positive,bhuvan_2014,ML/WG/78K02/2014/1031,,ML,Meghalaya,West Garo Hills,25.6345,90.0136,2014,Rainfall,Active,Denudational Hills Moderately Dissected (DHM),"Coarse sandstone, siltstone, clay and marl",Scrub land,724.0,MultiPolygon
LS2014_001052,1,positive,bhuvan_2014,ML/WG/78K02/2014/1038,,ML,Meghalaya,West Garo Hills,25.6338,90.0148,2014,Rainfall,Active,Denudational Hills Moderately Dissected (DHM),"Coarse sandstone, siltstone, clay and marl",Scrub land,581.0,MultiPolygon
LS2014_001053,1,positive,bhuvan_2014,ML/WG/78K02/2014/1039,,ML,Meghalaya,West Garo Hills,25.6336,90.0121,2014,Rainfall,Active,Denudational Hills Moderately Dissected (DHM),"Coarse sandstone, siltstone, clay and marl",Deciduous,2893.0,MultiPolygon
LS2014_001054,1,positive,bhuvan_2014,ML/WG/78K02/2014/1041,,ML,Meghalaya,West Garo Hills,25.6334,90.0135,2014,Rainfall,Active,Denudational Hills Moderately Dissected (DHM),"Coarse sandstone, siltstone, clay and marl",Deciduous,1300.0,MultiPolygon
LS2014_001055,1,positive,bhuvan_2014,ML/WG/78K02/2014/1045,,ML,Meghalaya,West Garo Hills,25.633,90.0105,2014,Rainfall,Active,Denudational Hills Moderately Dissected (DHM),"Coarse sandstone, siltstone, clay and marl",Deciduous,1188.0,MultiPolygon
LS2014_001056,1,positive,bhuvan_2014,ML/WG/78K02/2014/1056,,ML,Meghalaya,West Garo Hills,25.6307,90.0265,2014,Rainfall,Active,Denudational Hills Moderately Dissected (DHM),"Coarse sandstone, siltstone, clay and marl",Deciduous,668.0,MultiPolygon
LS2014_001057,1,positive,bhuvan_2014,ML/WG/78K02/2014/1057,,ML,Meghalaya,West Garo Hills,25.6307,90.0262,2014,Rainfall,Active,Denudational Hills Moderately Dissected (DHM),"Coarse sandstone, siltstone, clay and marl",Deciduous,668.0,MultiPolygon
LS2014_001058,1,positive,bhuvan_2014,ML/WG/78K02/2014/1063,,ML,Meghalaya,West Garo Hills,25.6297,90.0102,2014,Rainfall,Active,Denudational Hills Moderately Dissected (DHM),"Coarse sandstone, siltstone, clay and marl",Deciduous,507.0,MultiPolygon
LS2014_001059,1,positive,bhuvan_2014,ML/WG/78K02/2014/1069,,ML,Meghalaya,West Garo Hills,25.6281,90.0083,2014,Rainfall,Active,Denudational Hills Moderately Dissected (DHM),"Coarse sandstone, siltstone, clay and marl",Deciduous,505.0,MultiPolygon
LS2014_001060,1,positive,bhuvan_2014,ML/WG/78K02/2014/1073,,ML,Meghalaya,West Garo Hills,25.6276,90.0107,2014,Rainfall,Active,Denudational Hills Moderately Dissected (DHM),"Coarse sandstone, siltstone, clay and marl",Deciduous,429.0,MultiPolygon
LS2014_001061,1,positive,bhuvan_2014,ML/WG/78K02/2014/1076,,ML,Meghalaya,West Garo Hills,25.6272,90.0142,2014,Rainfall,Active,Denudational Hills Moderately Dissected (DHM),"Coarse sandstone, siltstone, clay and marl",Deciduous,201.0,MultiPolygon
LS2014_001062,1,positive,bhuvan_2014,ML/WG/78K02/2014/1078,,ML,Meghalaya,West Garo Hills,25.627,90.0142,2014,Rainfall,Active,Denudational Hills Moderately Dissected (DHM),"Coarse sandstone, siltstone, clay and marl",Deciduous,201.0,MultiPolygon
LS2014_001063,1,positive,bhuvan_2014,ML/WG/78K02/2014/1080,,ML,Meghalaya,West Garo Hills,25.6265,90.005,2014,Rainfall,Active,Denudational Hills Moderately Dissected (DHM),"Coarse sandstone, siltstone, clay and marl",Deciduous,2958.0,MultiPolygon
LS2014_001064,1,positive,bhuvan_2014,ML/WG/78K02/2014/1090,,ML,Meghalaya,West Garo Hills,25.6255,90.0113,2014,Rainfall,Active,Denudational Hills Moderately Dissected (DHM),"Coarse sandstone, siltstone, clay and marl",Deciduous,594.0,MultiPolygon
LS2014_001065,1,positive,bhuvan_2014,ML/WG/78K02/2014/1116,,ML,Meghalaya,West Garo Hills,25.6218,90.0125,2014,Rainfall,Active,Denudational Hills Moderately Dissected (DHM),"Coarse sandstone, siltstone, clay and marl",Deciduous,791.0,MultiPolygon
LS2014_001066,1,positive,bhuvan_2014,ML/WG/78K02/2014/206,,ML,Meghalaya,West Garo Hills,25.7212,90.0204,2014,Rainfall,Active,Denudational Hills highly Dissected (DHH),"Coarse sandstone, siltstone, clay and marl",Scrub land,481.0,MultiPolygon
LS2014_001067,1,positive,bhuvan_2014,ML/WG/78K02/2014/210,,ML,Meghalaya,West Garo Hills,25.7209,90.0195,2014,Rainfall,Active,Denudational Hills highly Dissected (DHH),"Coarse sandstone, siltstone, clay and marl",Deciduous,2217.0,MultiPolygon
LS2014_001068,1,positive,bhuvan_2014,ML/WG/78K02/2014/216,,ML,Meghalaya,West Garo Hills,25.7205,90.0297,2014,Rainfall,Active,Denudational Hills highly Dissected (DHH),"Coarse sandstone, siltstone, clay and marl",Deciduous,402.0,MultiPolygon
LS2014_001069,1,positive,bhuvan_2014,ML/WG/78K02/2014/217,,ML,Meghalaya,West Garo Hills,25.7204,90.0299,2014,Rainfall,Active,Denudational Hills highly Dissected (DHH),"Coarse sandstone, siltstone, clay and marl",Deciduous,319.0,MultiPolygon
LS2014_001070,1,positive,bhuvan_2014,ML/WG/78K02/2014/237,,ML,Meghalaya,West Garo Hills,25.7188,90.0317,2014,Rainfall,Active,Denudational Hills highly Dissected (DHH),"Coarse sandstone, siltstone, clay and marl",Deciduous,248.0,MultiPolygon
LS2014_001071,1,positive,bhuvan_2014,ML/WG/78K02/2014/272,,ML,Meghalaya,West Garo Hills,25.713,90.0197,2014,Rainfall,Active,Denudational Hills highly Dissected (DHH),"Coarse sandstone, siltstone, clay and marl",Scrub land,484.0,MultiPolygon
LS2014_001072,1,positive,bhuvan_2014,ML/WG/78K01/2014/1,,ML,Meghalaya,West Garo Hills,25.8796,90.0249,2014,Rainfall,Active,Alluvium Plain Younger Deep(AYD),"Alluvium  - Sand, Silt dominant",Cropland,2277.0,MultiPolygon
LS2014_001073,1,positive,bhuvan_2014,ML/WG/78K01/2014/2,,ML,Meghalaya,West Garo Hills,25.8767,90.029,2014,Rainfall,Active,Alluvium Plain Younger Deep(AYD),"Alluvium  - Sand, Silt dominant",Cropland,504.0,MultiPolygon
LS2014_001074,1,positive,bhuvan_2014,ML/WG/78K01/2014/3,,ML,Meghalaya,West Garo Hills,25.8764,90.0292,2014,Rainfall,Active,Alluvium Plain Younger Deep(AYD),"Alluvium  - Sand, Silt dominant",Cropland,482.0,MultiPolygon
LS2014_001075,1,positive,bhuvan_2014,ML/SG/78K08/2014/27,,ML,Meghalaya,South Garo Hills,25.2339,90.2553,2014,Rainfall,Active,Denudational Hills highly Dissected (DHH),"Coarse sandstone, siltstone, clay and marl",Cropland,923.0,MultiPolygon
LS2014_001076,1,positive,bhuvan_2014,ML/SG/78K08/2014/28,,ML,Meghalaya,South Garo Hills,25.232,90.2581,2014,Rainfall,Active,Denudational Hills highly Dissected (DHH),"Coarse sandstone, siltstone, clay and marl",Rural,536.0,MultiPolygon
LS2014_001077,1,positive,bhuvan_2014,ML/SG/78K08/2014/33,,ML,Meghalaya,South Garo Hills,25.2171,90.2666,2014,Rainfall,Active,Denudational Hills highly Dissected (DHH),"Coarse sandstone, siltstone, clay and marl",Cropland,524.0,MultiPolygon
LS2014_001078,1,positive,bhuvan_2014,ML/SG/78K08/2014/34,,ML,Meghalaya,South Garo Hills,25.2157,90.2657,2014,Rainfall,Active,Denudational Hills highly Dissected (DHH),"Coarse sandstone, siltstone, clay and marl",Deciduous,354.0,MultiPolygon
LS2014_001079,1,positive,bhuvan_2014,ML/SG/78K08/2014/35,,ML,Meghalaya,South Garo Hills,25.215,90.2654,2014,Rainfall,Active,Denudational Hills highly Dissected (DHH),"Coarse sandstone, siltstone, clay and marl",Deciduous,957.0,MultiPolygon
LS2014_001080,1,positive,bhuvan_2014,ML/WG/78K02/2014/1304,,ML,Meghalaya,West Garo Hills,25.5346,90.1298,2014,Rainfall,Active,Denudational Hills Moderately Dissected (DHM),"Coarse, felspathic sandstone, pebble, conglomerate,clay,silty,fossiliferrous limestone",Deciduous,759.0,MultiPolygon
LS2014_001081,1,positive,bhuvan_2014,ML/WG/78K02/2014/1306,,ML,Meghalaya,West Garo Hills,25.5316,90.0994,2014,Rainfall,Active,Denudational Hills Moderately Dissected (DHM),"Coarse, felspathic sandstone, pebble, conglomerate,clay,silty,fossiliferrous limestone",Deciduous,0.0,MultiPolygon
LS2014_001082,1,positive,bhuvan_2014,ML/WG/78K02/2014/1315,,ML,Meghalaya,West Garo Hills,25.5293,90.1435,2014,Rainfall,Active,Denudational Hills Moderately Dissected (DHM),"Coarse, felspathic sandstone, pebble, conglomerate,clay,silty,fossiliferrous limestone",Deciduous,640.0,MultiPolygon
LS2014_001083,1,positive,bhuvan_2014,ML/WG/78K02/2014/1324,,ML,Meghalaya,West Garo Hills,25.526,90.1456,2014,Rainfall,Active,Denudational Hills Moderately Dissected (DHM),"Coarse, felspathic sandstone, pebble, conglomerate,clay,silty,fossiliferrous limestone",Deciduous,235.0,MultiPolygon
LS2014_001084,1,positive,bhuvan_2014,ML/WG/78K02/2014/1326,,ML,Meghalaya,West Garo Hills,25.5245,90.1214,2014,Rainfall,Active,Denudational Hills Moderately Dissected (DHM),"Coarse, felspathic sandstone, pebble, conglomerate,clay,silty,fossiliferrous limestone",Plantation,0.0,MultiPolygon
LS2014_001085,1,positive,bhuvan_2014,ML/WG/78K02/2014/1359,,ML,Meghalaya,West Garo Hills,25.5146,90.1036,2014,Rainfall,Active,Denudational Hills Moderately Dissected (DHM),"Coarse, felspathic sandstone, pebble, conglomerate,clay,silty,fossiliferrous limestone",Plantation,199.0,MultiPolygon
LS2014_001086,1,positive,bhuvan_2014,ML/WG/78K02/2014/1251,,ML,Meghalaya,West Garo Hills,25.5882,90.1023,2014,Rainfall,Active,Structural Hills - Highly Dissected (SHH),"Shale with sandatone, limestone and coal bands(Jaintia Gr)",Deciduous,395.0,MultiPolygon
LS2014_001087,1,positive,bhuvan_2014,ML/WG/78K02/2014/1255,,ML,Meghalaya,West Garo Hills,25.587,90.1002,2014,Rainfall,Active,Structural Hills - Highly Dissected (SHH),"Shale with sandatone, limestone and coal bands(Jaintia Gr)",Deciduous,374.0,MultiPolygon
LS2014_001088,1,positive,bhuvan_2014,ML/WG/78K02/2014/1256,,ML,Meghalaya,West Garo Hills,25.5856,90.1039,2014,Rainfall,Active,Structural Hills - Highly Dissected (SHH),"Shale with sandatone, limestone and coal bands(Jaintia Gr)",Cuirrent Shifting Cultivation,331.0,MultiPolygon
LS2014_001089,1,positive,bhuvan_2014,ML/WG/78K02/2014/1257,,ML,Meghalaya,West Garo Hills,25.5844,90.1039,2014,Rainfall,Active,Structural Hills - Highly Dissected (SHH),"Shale with sandatone, limestone and coal bands(Jaintia Gr)",Cuirrent Shifting Cultivation,0.0,MultiPolygon
LS2014_001090,1,positive,bhuvan_2014,ML/WG/78K02/2014/1259,,ML,Meghalaya,West Garo Hills,25.5831,90.1047,2014,Rainfall,Active,Structural Hills - Highly Dissected (SHH),"Shale with sandatone, limestone and coal bands(Jaintia Gr)",Cuirrent Shifting Cultivation,664.0,MultiPolygon
LS2014_001091,1,positive,bhuvan_2014,ML/WG/78K02/2014/1260,,ML,Meghalaya,West Garo Hills,25.5828,90.1054,2014,Rainfall,Active,Structural Hills - Highly Dissected (SHH),"Shale with sandatone, limestone and coal bands(Jaintia Gr)",Cuirrent Shifting Cultivation,127.0,MultiPolygon
LS2014_001092,1,positive,bhuvan_2014,ML/WG/78K02/2014/1261,,ML,Meghalaya,West Garo Hills,25.5828,90.1018,2014,Rainfall,Active,Structural Hills - Highly Dissected (SHH),"Shale with sandatone, limestone and coal bands(Jaintia Gr)",Cuirrent Shifting Cultivation,463.0,MultiPolygon
LS2014_001093,1,positive,bhuvan_2014,ML/WG/78K02/2014/1262,,ML,Meghalaya,West Garo Hills,25.5828,90.1013,2014,Rainfall,Active,Structural Hills - Highly Dissected (SHH),"Shale with sandatone, limestone and coal bands(Jaintia Gr)",Cuirrent Shifting Cultivation,230.0,MultiPolygon
LS2014_001094,1,positive,bhuvan_2014,ML/WG/78K02/2014/1263,,ML,Meghalaya,West Garo Hills,25.5826,90.1102,2014,Rainfall,Active,Structural Hills - Highly Dissected (SHH),"Shale with sandatone, limestone and coal bands(Jaintia Gr)",Deciduous,432.0,MultiPolygon
LS2014_001095,1,positive,bhuvan_2014,ML/WG/78K02/2014/1264,,ML,Meghalaya,West Garo Hills,25.5826,90.1096,2014,Rainfall,Active,Structural Hills - Highly Dissected (SHH),"Shale with sandatone, limestone and coal bands(Jaintia Gr)",Deciduous,211.0,MultiPolygon
LS2014_001096,1,positive,bhuvan_2014,ML/WG/78K02/2014/1266,,ML,Meghalaya,West Garo Hills,25.5824,90.1093,2014,Rainfall,Active,Structural Hills - Highly Dissected (SHH),"Shale with sandatone, limestone and coal bands(Jaintia Gr)",Deciduous,141.0,MultiPolygon
LS2014_001097,1,positive,bhuvan_2014,ML/WG/78K02/2014/1270,,ML,Meghalaya,West Garo Hills,25.5812,90.1033,2014,Rainfall,Active,Structural Hills - Highly Dissected (SHH),"Shale with sandatone, limestone and coal bands(Jaintia Gr)",Cuirrent Shifting Cultivation,0.0,MultiPolygon
LS2014_001098,1,positive,bhuvan_2014,ML/WG/78K02/2014/1273,,ML,Meghalaya,West Garo Hills,25.5795,90.1049,2014,Rainfall,Active,Structural Hills - Highly Dissected (SHH),"Shale with sandatone, limestone and coal bands(Jaintia Gr)",Deciduous,0.0,MultiPolygon
LS2014_001099,1,positive,bhuvan_2014,ML/WG/78K02/2014/1275,,ML,Meghalaya,West Garo Hills,25.5749,90.1054,2014,Rainfall,Active,Structural Hills - Highly Dissected (SHH),"Shale with sandatone, limestone and coal bands(Jaintia Gr)",Deciduous,573.0,MultiPolygon
LS2014_001100,1,positive,bhuvan_2014,ML/WG/78K02/2014/1276,,ML,Meghalaya,West Garo Hills,25.5741,90.1075,2014,Rainfall,Active,Structural Hills - Highly Dissected (SHH),"Shale with sandatone, limestone and coal bands(Jaintia Gr)",Deciduous,1147.0,MultiPolygon
LS2014_001101,1,positive,bhuvan_2014,ML/WG/78K02/2014/1284,,ML,Meghalaya,West Garo Hills,25.5712,90.1055,2014,Rainfall,Active,Structural Hills - Highly Dissected (SHH),"Shale with sandatone, limestone and coal bands(Jaintia Gr)",Deciduous,0.0,MultiPolygon
LS2014_001102,1,positive,bhuvan_2014,ML/WG/78K02/2014/1285,,ML,Meghalaya,West Garo Hills,25.5698,90.1007,2014,Rainfall,Active,Structural Hills - Highly Dissected (SHH),"Shale with sandatone, limestone and coal bands(Jaintia Gr)",Deciduous,0.0,MultiPolygon
LS2014_001103,1,positive,bhuvan_2014,ML/WG/78K02/2014/1288,,ML,Meghalaya,West Garo Hills,25.5677,90.1057,2014,Rainfall,Active,Structural Hills - Highly Dissected (SHH),"Shale with sandatone, limestone and coal bands(Jaintia Gr)",Deciduous,294.0,MultiPolygon
LS2014_001104,1,positive,bhuvan_2014,ML/WG/78K06/2014/1328,,ML,Meghalaya,West Garo Hills,25.524,90.2586,2014,Rainfall,Active,Denudational Hills highly Dissected (DHH),"Biotite Gness, Biotite hornblende gneiss, mica schist, sillimanite quartz schist",Deciduous,599.0,MultiPolygon
LS2014_001105,1,positive,bhuvan_2014,ML/WG/78K02/2014/1014,,ML,Meghalaya,West Garo Hills,25.6369,90.1713,2014,Rainfall,Active,Denudational Hills - Moderately Dissected (DHM),"Gneiss, Archaean to Proterozoic, Basement Genessic Complex of Meghalaya",Deciduous,585.0,MultiPolygon
LS2014_001106,1,positive,bhuvan_2014,ML/WG/78K02/2014/1015,,ML,Meghalaya,West Garo Hills,25.6368,90.1459,2014,Rainfall,Active,Denudational Hills - Moderately Dissected (DHM),"Gneiss, Archaean to Proterozoic, Basement Genessic Complex of Meghalaya",Deciduous,1802.0,MultiPolygon
LS2014_001107,1,positive,bhuvan_2014,ML/WG/78K02/2014/1019,,ML,Meghalaya,West Garo Hills,25.6361,90.1708,2014,Rainfall,Active,Denudational Hills - Moderately Dissected (DHM),"Gneiss, Archaean to Proterozoic, Basement Genessic Complex of Meghalaya",Deciduous,386.0,MultiPolygon
LS2014_001108,1,positive,bhuvan_2014,ML/WG/78K02/2014/1024,,ML,Meghalaya,West Garo Hills,25.6353,90.1667,2014,Rainfall,Active,Denudational Hills - Moderately Dissected (DHM),"Gneiss, Archaean to Proterozoic, Basement Genessic Complex of Meghalaya",Deciduous,276.0,MultiPolygon
LS2014_001109,1,positive,bhuvan_2014,ML/WG/78K02/2014/1026,,ML,Meghalaya,West Garo Hills,25.635,90.17,2014,Rainfall,Active,Denudational Hills - Moderately Dissected (DHM),"Gneiss, Archaean to Proterozoic, Basement Genessic Complex of Meghalaya",Deciduous,642.0,MultiPolygon
LS2014_001110,1,positive,bhuvan_2014,ML/WG/78K02/2014/1027,,ML,Meghalaya,West Garo Hills,25.635,90.1173,2014,Rainfall,Active,Denudational Hills - Moderately Dissected (DHM),"Gneiss, Archaean to Proterozoic, Basement Genessic Complex of Meghalaya",Deciduous,518.0,MultiPolygon
LS2014_001111,1,positive,bhuvan_2014,ML/WG/78K02/2014/1032,,ML,Meghalaya,West Garo Hills,25.6344,90.1662,2014,Rainfall,Active,Denudational Hills - Moderately Dissected (DHM),"Gneiss, Archaean to Proterozoic, Basement Genessic Complex of Meghalaya",Deciduous,1066.0,MultiPolygon
LS2014_001112,1,positive,bhuvan_2014,ML/WG/78K02/2014/1033,,ML,Meghalaya,West Garo Hills,25.6341,90.1607,2014,Rainfall,Active,Denudational Hills - Moderately Dissected (DHM),"Gneiss, Archaean to Proterozoic, Basement Genessic Complex of Meghalaya",Deciduous,0.0,MultiPolygon
LS2014_001113,1,positive,bhuvan_2014,ML/WG/78K02/2014/1043,,ML,Meghalaya,West Garo Hills,25.6332,90.1601,2014,Rainfall,Active,Denudational Hills - Moderately Dissected (DHM),"Gneiss, Archaean to Proterozoic, Basement Genessic Complex of Meghalaya",Deciduous,0.0,MultiPolygon
LS2014_001114,1,positive,bhuvan_2014,ML/WG/78K02/2014/1049,,ML,Meghalaya,West Garo Hills,25.6318,90.1665,2014,Rainfall,Active,Denudational Hills - Moderately Dissected (DHM),"Gneiss, Archaean to Proterozoic, Basement Genessic Complex of Meghalaya",Deciduous,555.0,MultiPolygon
LS2014_001115,1,positive,bhuvan_2014,ML/WG/78K02/2014/1051,,ML,Meghalaya,West Garo Hills,25.6317,90.1663,2014,Rainfall,Active,Denudational Hills - Moderately Dissected (DHM),"Gneiss, Archaean to Proterozoic, Basement Genessic Complex of Meghalaya",Deciduous,555.0,MultiPolygon
LS2014_001116,1,positive,bhuvan_2014,ML/WG/78K02/2014/1055,,ML,Meghalaya,West Garo Hills,25.6307,90.1705,2014,Rainfall,Active,Denudational Hills - Moderately Dissected (DHM),"Gneiss, Archaean to Proterozoic, Basement Genessic Complex of Meghalaya",Deciduous,245.0,MultiPolygon
LS2014_001117,1,positive,bhuvan_2014,ML/WG/78K02/2014/1062,,ML,Meghalaya,West Garo Hills,25.6302,90.167,2014,Rainfall,Active,Denudational Hills - Moderately Dissected (DHM),"Gneiss, Archaean to Proterozoic, Basement Genessic Complex of Meghalaya",Deciduous,1251.0,MultiPolygon
LS2014_001118,1,positive,bhuvan_2014,ML/WG/78K02/2014/1065,,ML,Meghalaya,West Garo Hills,25.6292,90.1678,2014,Rainfall,Active,Denudational Hills - Moderately Dissected (DHM),"Gneiss, Archaean to Proterozoic, Basement Genessic Complex of Meghalaya",Deciduous,944.0,MultiPolygon
LS2014_001119,1,positive,bhuvan_2014,ML/WG/78K02/2014/1070,,ML,Meghalaya,West Garo Hills,25.628,90.1627,2014,Rainfall,Active,Denudational Hills - Moderately Dissected (DHM),"Gneiss, Archaean to Proterozoic, Basement Genessic Complex of Meghalaya",Deciduous,781.0,MultiPolygon
LS2014_001120,1,positive,bhuvan_2014,ML/WG/78K02/2014/1071,,ML,Meghalaya,West Garo Hills,25.6279,90.1442,2014,Rainfall,Active,Denudational Hills - Moderately Dissected (DHM),"Gneiss, Archaean to Proterozoic, Basement Genessic Complex of Meghalaya",Deciduous,146.0,MultiPolygon
LS2014_001121,1,positive,bhuvan_2014,ML/WG/78K02/2014/1081,,ML,Meghalaya,West Garo Hills,25.6264,90.1502,2014,Rainfall,Active,Denudational Hills - Moderately Dissected (DHM),"Gneiss, Archaean to Proterozoic, Basement Genessic Complex of Meghalaya",Deciduous,496.0,MultiPolygon
LS2014_001122,1,positive,bhuvan_2014,ML/WG/78K02/2014/1082,,ML,Meghalaya,West Garo Hills,25.6263,90.1504,2014,Rainfall,Active,Denudational Hills - Moderately Dissected (DHM),"Gneiss, Archaean to Proterozoic, Basement Genessic Complex of Meghalaya",Deciduous,496.0,MultiPolygon
LS2014_001123,1,positive,bhuvan_2014,ML/WG/78K02/2014/1083,,ML,Meghalaya,West Garo Hills,25.6261,90.1233,2014,Rainfall,Active,Denudational Hills - Moderately Dissected (DHM),"Gneiss, Archaean to Proterozoic, Basement Genessic Complex of Meghalaya",Cuirrent Shifting Cultivation,146.0,MultiPolygon
LS2014_001124,1,positive,bhuvan_2014,ML/WG/78K02/2014/1088,,ML,Meghalaya,West Garo Hills,25.6256,90.1263,2014,Rainfall,Active,Denudational Hills - Moderately Dissected (DHM),"Gneiss, Archaean to Proterozoic, Basement Genessic Complex of Meghalaya",Deciduous,367.0,MultiPolygon
LS2014_001125,1,positive,bhuvan_2014,ML/WG/78K02/2014/1095,,ML,Meghalaya,West Garo Hills,25.6244,90.124,2014,Rainfall,Active,Denudational Hills - Moderately Dissected (DHM),"Gneiss, Archaean to Proterozoic, Basement Genessic Complex of Meghalaya",Scrub Forest,945.0,MultiPolygon
LS2014_001126,1,positive,bhuvan_2014,ML/WG/78K02/2014/1102,,ML,Meghalaya,West Garo Hills,25.6235,90.1226,2014,Rainfall,Active,Denudational Hills - Moderately Dissected (DHM),"Gneiss, Archaean to Proterozoic, Basement Genessic Complex of Meghalaya",Scrub Forest,850.0,MultiPolygon
LS2014_001127,1,positive,bhuvan_2014,ML/WG/78K02/2014/1104,,ML,Meghalaya,West Garo Hills,25.6232,90.1197,2014,Rainfall,Active,Denudational Hills - Moderately Dissected (DHM),"Gneiss, Archaean to Proterozoic, Basement Genessic Complex of Meghalaya",Cropland,386.0,MultiPolygon
LS2014_001128,1,positive,bhuvan_2014,ML/WG/78K02/2014/1127,,ML,Meghalaya,West Garo Hills,25.62,90.1545,2014,Rainfall,Active,Denudational Hills - Moderately Dissected (DHM),"Gneiss, Archaean to Proterozoic, Basement Genessic Complex of Meghalaya",Deciduous,0.0,MultiPolygon
LS2014_001129,1,positive,bhuvan_2014,ML/WG/78K02/2014/451,,ML,Meghalaya,West Garo Hills,25.6861,90.1548,2014,Rainfall,Active,Denudational Hills - Moderately Dissected (DHM),"Gneiss, Archaean to Proterozoic, Basement Genessic Complex of Meghalaya",Scrub Forest,540.0,MultiPolygon
LS2014_001130,1,positive,bhuvan_2014,ML/WG/78K02/2014/452,,ML,Meghalaya,West Garo Hills,25.6861,90.1006,2014,Rainfall,Active,Denudational Hills - Moderately Dissected (DHM),"Gneiss, Archaean to Proterozoic, Basement Genessic Complex of Meghalaya",Deciduous,1268.0,MultiPolygon
LS2014_001131,1,positive,bhuvan_2014,ML/WG/78K02/2014/483,,ML,Meghalaya,West Garo Hills,25.6843,90.1468,2014,Rainfall,Active,Denudational Hills - Moderately Dissected (DHM),"Gneiss, Archaean to Proterozoic, Basement Genessic Complex of Meghalaya",Cropland,1480.0,MultiPolygon
LS2014_001132,1,positive,bhuvan_2014,ML/WG/78K02/2014/489,,ML,Meghalaya,West Garo Hills,25.6841,90.15,2014,Rainfall,Active,Denudational Hills - Moderately Dissected (DHM),"Gneiss, Archaean to Proterozoic, Basement Genessic Complex of Meghalaya",Scrub Forest,408.0,MultiPolygon
LS2014_001133,1,positive,bhuvan_2014,ML/WG/78K02/2014/491,,ML,Meghalaya,West Garo Hills,25.684,90.1503,2014,Rainfall,Active,Denudational Hills - Moderately Dissected (DHM),"Gneiss, Archaean to Proterozoic, Basement Genessic Complex of Meghalaya",Scrub Forest,313.0,MultiPolygon
LS2014_001134,1,positive,bhuvan_2014,ML/WG/78K02/2014/495,,ML,Meghalaya,West Garo Hills,25.6831,90.1512,2014,Rainfall,Active,Denudational Hills - Moderately Dissected (DHM),"Gneiss, Archaean to Proterozoic, Basement Genessic Complex of Meghalaya",Deciduous,126.0,MultiPolygon
LS2014_001135,1,positive,bhuvan_2014,ML/WG/78K02/2014/497,,ML,Meghalaya,West Garo Hills,25.6829,90.151,2014,Rainfall,Active,Denudational Hills - Moderately Dissected (DHM),"Gneiss, Archaean to Proterozoic, Basement Genessic Complex of Meghalaya",Deciduous,614.0,MultiPolygon
LS2014_001136,1,positive,bhuvan_2014,ML/WG/78K02/2014/504,,ML,Meghalaya,West Garo Hills,25.6824,90.1602,2014,Rainfall,Active,Denudational Hills - Moderately Dissected (DHM),"Gneiss, Archaean to Proterozoic, Basement Genessic Complex of Meghalaya",Cuirrent Shifting Cultivation,287.0,MultiPolygon
LS2014_001137,1,positive,bhuvan_2014,ML/WG/78K02/2014/505,,ML,Meghalaya,West Garo Hills,25.6824,90.1468,2014,Rainfall,Active,Denudational Hills - Moderately Dissected (DHM),"Gneiss, Archaean to Proterozoic, Basement Genessic Complex of Meghalaya",Cuirrent Shifting Cultivation,503.0,MultiPolygon
LS2014_001138,1,positive,bhuvan_2014,ML/WG/78K02/2014/513,,ML,Meghalaya,West Garo Hills,25.6816,90.1474,2014,Rainfall,Active,Denudational Hills - Moderately Dissected (DHM),"Gneiss, Archaean to Proterozoic, Basement Genessic Complex of Meghalaya",Deciduous,203.0,MultiPolygon
LS2014_001139,1,positive,bhuvan_2014,ML/WG/78K02/2014/524,,ML,Meghalaya,West Garo Hills,25.6802,90.1487,2014,Rainfall,Active,Denudational Hills - Moderately Dissected (DHM),"Gneiss, Archaean to Proterozoic, Basement Genessic Complex of Meghalaya",Deciduous,251.0,MultiPolygon
LS2014_001140,1,positive,bhuvan_2014,ML/WG/78K02/2014/525,,ML,Meghalaya,West Garo Hills,25.6801,90.1409,2014,Rainfall,Active,Denudational Hills - Moderately Dissected (DHM),"Gneiss, Archaean to Proterozoic, Basement Genessic Complex of Meghalaya",Cuirrent Shifting Cultivation,817.0,MultiPolygon
LS2014_001141,1,positive,bhuvan_2014,ML/WG/78K02/2014/528,,ML,Meghalaya,West Garo Hills,25.6798,90.1381,2014,Rainfall,Active,Denudational Hills - Moderately Dissected (DHM),"Gneiss, Archaean to Proterozoic, Basement Genessic Complex of Meghalaya",Cuirrent Shifting Cultivation,574.0,MultiPolygon
LS2014_001142,1,positive,bhuvan_2014,ML/WG/78K02/2014/531,,ML,Meghalaya,West Garo Hills,25.679,90.1453,2014,Rainfall,Active,Denudational Hills - Moderately Dissected (DHM),"Gneiss, Archaean to Proterozoic, Basement Genessic Complex of Meghalaya",Cuirrent Shifting Cultivation,695.0,MultiPolygon
LS2014_001143,1,positive,bhuvan_2014,ML/WG/78K02/2014/532,,ML,Meghalaya,West Garo Hills,25.679,90.1389,2014,Rainfall,Active,Denudational Hills - Moderately Dissected (DHM),"Gneiss, Archaean to Proterozoic, Basement Genessic Complex of Meghalaya",Cuirrent Shifting Cultivation,1644.0,MultiPolygon
LS2014_001144,1,positive,bhuvan_2014,ML/WG/78K02/2014/533,,ML,Meghalaya,West Garo Hills,25.6788,90.1444,2014,Rainfall,Active,Denudational Hills - Moderately Dissected (DHM),"Gneiss, Archaean to Proterozoic, Basement Genessic Complex of Meghalaya",Cropland,630.0,MultiPolygon
LS2014_001145,1,positive,bhuvan_2014,ML/WG/78K02/2014/538,,ML,Meghalaya,West Garo Hills,25.678,90.152,2014,Rainfall,Active,Denudational Hills - Moderately Dissected (DHM),"Gneiss, Archaean to Proterozoic, Basement Genessic Complex of Meghalaya",Deciduous,625.0,MultiPolygon
LS2014_001146,1,positive,bhuvan_2014,ML/WG/78K02/2014/539,,ML,Meghalaya,West Garo Hills,25.678,90.1451,2014,Rainfall,Active,Denudational Hills - Moderately Dissected (DHM),"Gneiss, Archaean to Proterozoic, Basement Genessic Complex of Meghalaya",Cuirrent Shifting Cultivation,945.0,MultiPolygon
LS2014_001147,1,positive,bhuvan_2014,ML/WG/78K02/2014/548,,ML,Meghalaya,West Garo Hills,25.6769,90.17,2014,Rainfall,Active,Denudational Hills - Moderately Dissected (DHM),"Gneiss, Archaean to Proterozoic, Basement Genessic Complex of Meghalaya",Deciduous,1230.0,MultiPolygon
LS2014_001148,1,positive,bhuvan_2014,ML/WG/78K02/2014/552,,ML,Meghalaya,West Garo Hills,25.6767,90.1317,2014,Rainfall,Active,Denudational Hills - Moderately Dissected (DHM),"Gneiss, Archaean to Proterozoic, Basement Genessic Complex of Meghalaya",Plantation,1652.0,MultiPolygon
LS2014_001149,1,positive,bhuvan_2014,ML/WG/78K02/2014/553,,ML,Meghalaya,West Garo Hills,25.6766,90.1712,2014,Rainfall,Active,Denudational Hills - Moderately Dissected (DHM),"Gneiss, Archaean to Proterozoic, Basement Genessic Complex of Meghalaya",Scrub land,620.0,MultiPolygon
LS2014_001150,1,positive,bhuvan_2014,ML/WG/78K02/2014/554,,ML,Meghalaya,West Garo Hills,25.6766,90.1496,2014,Rainfall,Active,Denudational Hills - Moderately Dissected (DHM),"Gneiss, Archaean to Proterozoic, Basement Genessic Complex of Meghalaya",Deciduous,488.0,MultiPolygon
LS2014_001151,1,positive,bhuvan_2014,ML/WG/78K02/2014/559,,ML,Meghalaya,West Garo Hills,25.676,90.1719,2014,Rainfall,Active,Denudational Hills - Moderately Dissected (DHM),"Gneiss, Archaean to Proterozoic, Basement Genessic Complex of Meghalaya",Cuirrent Shifting Cultivation,770.0,MultiPolygon
LS2014_001152,1,positive,bhuvan_2014,ML/WG/78K02/2014/561,,ML,Meghalaya,West Garo Hills,25.6758,90.1522,2014,Rainfall,Active,Denudational Hills - Moderately Dissected (DHM),"Gneiss, Archaean to Proterozoic, Basement Genessic Complex of Meghalaya",Deciduous,931.0,MultiPolygon
LS2014_001153,1,positive,bhuvan_2014,ML/WG/78K02/2014/562,,ML,Meghalaya,West Garo Hills,25.6756,90.1659,2014,Rainfall,Active,Denudational Hills - Moderately Dissected (DHM),"Gneiss, Archaean to Proterozoic, Basement Genessic Complex of Meghalaya",Cuirrent Shifting Cultivation,1382.0,MultiPolygon
LS2014_001154,1,positive,bhuvan_2014,ML/WG/78K02/2014/566,,ML,Meghalaya,West Garo Hills,25.6753,90.1696,2014,Rainfall,Active,Denudational Hills - Moderately Dissected (DHM),"Gneiss, Archaean to Proterozoic, Basement Genessic Complex of Meghalaya",Deciduous,810.0,MultiPolygon
LS2014_001155,1,positive,bhuvan_2014,ML/WG/78K02/2014/574,,ML,Meghalaya,West Garo Hills,25.6744,90.1332,2014,Rainfall,Active,Denudational Hills - Moderately Dissected (DHM),"Gneiss, Archaean to Proterozoic, Basement Genessic Complex of Meghalaya",Deciduous,435.0,MultiPolygon
LS2014_001156,1,positive,bhuvan_2014,ML/WG/78K02/2014/577,,ML,Meghalaya,West Garo Hills,25.6742,90.1741,2014,Rainfall,Active,Denudational Hills - Moderately Dissected (DHM),"Gneiss, Archaean to Proterozoic, Basement Genessic Complex of Meghalaya",Cuirrent Shifting Cultivation,761.0,MultiPolygon
LS2014_001157,1,positive,bhuvan_2014,ML/WG/78K02/2014/578,,ML,Meghalaya,West Garo Hills,25.6742,90.1643,2014,Rainfall,Active,Denudational Hills - Moderately Dissected (DHM),"Gneiss, Archaean to Proterozoic, Basement Genessic Complex of Meghalaya",Deciduous,959.0,MultiPolygon
LS2014_001158,1,positive,bhuvan_2014,ML/WG/78K02/2014/580,,ML,Meghalaya,West Garo Hills,25.6738,90.164,2014,Rainfall,Active,Denudational Hills - Moderately Dissected (DHM),"Gneiss, Archaean to Proterozoic, Basement Genessic Complex of Meghalaya",Cuirrent Shifting Cultivation,959.0,MultiPolygon
LS2014_001159,1,positive,bhuvan_2014,ML/WG/78K02/2014/585,,ML,Meghalaya,West Garo Hills,25.6735,90.1588,2014,Rainfall,Active,Denudational Hills - Moderately Dissected (DHM),"Gneiss, Archaean to Proterozoic, Basement Genessic Complex of Meghalaya",Deciduous,2134.0,MultiPolygon
LS2014_001160,1,positive,bhuvan_2014,ML/WG/78K02/2014/587,,ML,Meghalaya,West Garo Hills,25.6734,90.1716,2014,Rainfall,Active,Denudational Hills - Moderately Dissected (DHM),"Gneiss, Archaean to Proterozoic, Basement Genessic Complex of Meghalaya",Cuirrent Shifting Cultivation,453.0,MultiPolygon
LS2014_001161,1,positive,bhuvan_2014,ML/WG/78K02/2014/592,,ML,Meghalaya,West Garo Hills,25.6731,90.1687,2014,Rainfall,Active,Denudational Hills - Moderately Dissected (DHM),"Gneiss, Archaean to Proterozoic, Basement Genessic Complex of Meghalaya",Cuirrent Shifting Cultivation,276.0,MultiPolygon
LS2014_001162,1,positive,bhuvan_2014,ML/WG/78K02/2014/593,,ML,Meghalaya,West Garo Hills,25.673,90.1627,2014,Rainfall,Active,Denudational Hills - Moderately Dissected (DHM),"Gneiss, Archaean to Proterozoic, Basement Genessic Complex of Meghalaya",Deciduous,0.0,MultiPolygon
LS2014_001163,1,positive,bhuvan_2014,ML/WG/78K02/2014/598,,ML,Meghalaya,West Garo Hills,25.6727,90.1577,2014,Rainfall,Active,Denudational Hills - Moderately Dissected (DHM),"Gneiss, Archaean to Proterozoic, Basement Genessic Complex of Meghalaya",Deciduous,761.0,MultiPolygon
LS2014_001164,1,positive,bhuvan_2014,ML/WG/78K02/2014/603,,ML,Meghalaya,West Garo Hills,25.6718,90.1725,2014,Rainfall,Active,Denudational Hills - Moderately Dissected (DHM),"Gneiss, Archaean to Proterozoic, Basement Genessic Complex of Meghalaya",Deciduous,304.0,MultiPolygon
LS2014_001165,1,positive,bhuvan_2014,ML/WG/78K02/2014/604,,ML,Meghalaya,West Garo Hills,25.6716,90.1235,2014,Rainfall,Active,Denudational Hills - Moderately Dissected (DHM),"Gneiss, Archaean to Proterozoic, Basement Genessic Complex of Meghalaya",Cuirrent Shifting Cultivation,2504.0,MultiPolygon
LS2014_001166,1,positive,bhuvan_2014,ML/WG/78K02/2014/605,,ML,Meghalaya,West Garo Hills,25.6715,90.1721,2014,Rainfall,Active,Denudational Hills - Moderately Dissected (DHM),"Gneiss, Archaean to Proterozoic, Basement Genessic Complex of Meghalaya",Deciduous,616.0,MultiPolygon
LS2014_001167,1,positive,bhuvan_2014,ML/WG/78K02/2014/609,,ML,Meghalaya,West Garo Hills,25.6713,90.1717,2014,Rainfall,Active,Denudational Hills - Moderately Dissected (DHM),"Gneiss, Archaean to Proterozoic, Basement Genessic Complex of Meghalaya",Deciduous,614.0,MultiPolygon
LS2014_001168,1,positive,bhuvan_2014,ML/WG/78K02/2014/612,,ML,Meghalaya,West Garo Hills,25.6711,90.168,2014,Rainfall,Active,Denudational Hills - Moderately Dissected (DHM),"Gneiss, Archaean to Proterozoic, Basement Genessic Complex of Meghalaya",Scrub Forest,378.0,MultiPolygon
LS2014_001169,1,positive,bhuvan_2014,ML/WG/78K02/2014/613,,ML,Meghalaya,West Garo Hills,25.671,90.1684,2014,Rainfall,Active,Denudational Hills - Moderately Dissected (DHM),"Gneiss, Archaean to Proterozoic, Basement Genessic Complex of Meghalaya",Scrub Forest,177.0,MultiPolygon
LS2014_001170,1,positive,bhuvan_2014,ML/WG/78K02/2014/615,,ML,Meghalaya,West Garo Hills,25.6708,90.1684,2014,Rainfall,Active,Denudational Hills - Moderately Dissected (DHM),"Gneiss, Archaean to Proterozoic, Basement Genessic Complex of Meghalaya",Scrub Forest,728.0,MultiPolygon
LS2014_001171,1,positive,bhuvan_2014,ML/WG/78K02/2014/616,,ML,Meghalaya,West Garo Hills,25.6707,90.1452,2014,Rainfall,Active,Denudational Hills - Moderately Dissected (DHM),"Gneiss, Archaean to Proterozoic, Basement Genessic Complex of Meghalaya",Deciduous,364.0,MultiPolygon
LS2014_001172,1,positive,bhuvan_2014,ML/WG/78K02/2014/628,,ML,Meghalaya,West Garo Hills,25.6697,90.1689,2014,Rainfall,Active,Denudational Hills - Moderately Dissected (DHM),"Gneiss, Archaean to Proterozoic, Basement Genessic Complex of Meghalaya",Deciduous,343.0,MultiPolygon
LS2014_001173,1,positive,bhuvan_2014,ML/WG/78K02/2014/629,,ML,Meghalaya,West Garo Hills,25.6697,90.1432,2014,Rainfall,Active,Denudational Hills - Moderately Dissected (DHM),"Gneiss, Archaean to Proterozoic, Basement Genessic Complex of Meghalaya",Scrub land,660.0,MultiPolygon
LS2014_001174,1,positive,bhuvan_2014,ML/WG/78K02/2014/634,,ML,Meghalaya,West Garo Hills,25.6695,90.1742,2014,Rainfall,Active,Denudational Hills - Moderately Dissected (DHM),"Gneiss, Archaean to Proterozoic, Basement Genessic Complex of Meghalaya",Cuirrent Shifting Cultivation,317.0,MultiPolygon
LS2014_001175,1,positive,bhuvan_2014,ML/WG/78K02/2014/636,,ML,Meghalaya,West Garo Hills,25.6693,90.1744,2014,Rainfall,Active,Denudational Hills - Moderately Dissected (DHM),"Gneiss, Archaean to Proterozoic, Basement Genessic Complex of Meghalaya",Cuirrent Shifting Cultivation,440.0,MultiPolygon
LS2014_001176,1,positive,bhuvan_2014,ML/WG/78K02/2014/642,,ML,Meghalaya,West Garo Hills,25.6689,90.175,2014,Rainfall,Active,Denudational Hills - Moderately Dissected (DHM),"Gneiss, Archaean to Proterozoic, Basement Genessic Complex of Meghalaya",Cuirrent Shifting Cultivation,430.0,MultiPolygon
LS2014_001177,1,positive,bhuvan_2014,ML/WG/78K02/2014/649,,ML,Meghalaya,West Garo Hills,25.6686,90.1556,2014,Rainfall,Active,Denudational Hills - Moderately Dissected (DHM),"Gneiss, Archaean to Proterozoic, Basement Genessic Complex of Meghalaya",Deciduous,0.0,MultiPolygon
LS2014_001178,1,positive,bhuvan_2014,ML/WG/78K02/2014/651,,ML,Meghalaya,West Garo Hills,25.6685,90.1553,2014,Rainfall,Active,Denudational Hills - Moderately Dissected (DHM),"Gneiss, Archaean to Proterozoic, Basement Genessic Complex of Meghalaya",Deciduous,0.0,MultiPolygon
LS2014_001179,1,positive,bhuvan_2014,ML/WG/78K06/2014/450,,ML,Meghalaya,West Garo Hills,25.6865,90.273,2014,Rainfall,Active,Denudational Hills - Moderately Dissected (DHM),"Gneiss, Archaean to Proterozoic, Basement Genessic Complex of Meghalaya",Scrub Forest,176.0,MultiPolygon
LS2014_001180,1,positive,bhuvan_2014,ML/WG/78K06/2014/454,,ML,Meghalaya,West Garo Hills,25.686,90.2879,2014,Rainfall,Active,Denudational Hills - Moderately Dissected (DHM),"Gneiss, Archaean to Proterozoic, Basement Genessic Complex of Meghalaya",Cuirrent Shifting Cultivation,479.0,MultiPolygon
LS2014_001181,1,positive,bhuvan_2014,ML/WG/78K06/2014/457,,ML,Meghalaya,West Garo Hills,25.6855,90.2713,2014,Rainfall,Active,Denudational Hills - Moderately Dissected (DHM),"Gneiss, Archaean to Proterozoic, Basement Genessic Complex of Meghalaya",Scrub Forest,746.0,MultiPolygon
LS2014_001182,1,positive,bhuvan_2014,ML/WG/78K06/2014/458,,ML,Meghalaya,West Garo Hills,25.6855,90.2545,2014,Rainfall,Active,Denudational Hills - Moderately Dissected (DHM),"Gneiss, Archaean to Proterozoic, Basement Genessic Complex of Meghalaya",Deciduous,1073.0,MultiPolygon
LS2014_001183,1,positive,bhuvan_2014,ML/WG/78K06/2014/460,,ML,Meghalaya,West Garo Hills,25.6854,90.273,2014,Rainfall,Active,Denudational Hills - Moderately Dissected (DHM),"Gneiss, Archaean to Proterozoic, Basement Genessic Complex of Meghalaya",Scrub Forest,170.0,MultiPolygon
LS2014_001184,1,positive,bhuvan_2014,ML/WG/78K06/2014/461,,ML,Meghalaya,West Garo Hills,25.6854,90.253,2014,Rainfall,Active,Denudational Hills - Moderately Dissected (DHM),"Gneiss, Archaean to Proterozoic, Basement Genessic Complex of Meghalaya",Deciduous,1040.0,MultiPolygon
LS2014_001185,1,positive,bhuvan_2014,ML/WG/78K06/2014/462,,ML,Meghalaya,West Garo Hills,25.6852,90.271,2014,Rainfall,Active,Denudational Hills - Moderately Dissected (DHM),"Gneiss, Archaean to Proterozoic, Basement Genessic Complex of Meghalaya",Scrub Forest,746.0,MultiPolygon
LS2014_001186,1,positive,bhuvan_2014,ML/WG/78K06/2014/463,,ML,Meghalaya,West Garo Hills,25.6851,90.2712,2014,Rainfall,Active,Denudational Hills - Moderately Dissected (DHM),"Gneiss, Archaean to Proterozoic, Basement Genessic Complex of Meghalaya",Scrub Forest,182.0,MultiPolygon
LS2014_001187,1,positive,bhuvan_2014,ML/WG/78K06/2014/465,,ML,Meghalaya,West Garo Hills,25.685,90.2715,2014,Rainfall,Active,Denudational Hills - Moderately Dissected (DHM),"Gneiss, Archaean to Proterozoic, Basement Genessic Complex of Meghalaya",Scrub Forest,104.0,MultiPolygon
LS2014_001188,1,positive,bhuvan_2014,ML/WG/78K06/2014/468,,ML,Meghalaya,West Garo Hills,25.6849,90.2713,2014,Rainfall,Active,Denudational Hills - Moderately Dissected (DHM),"Gneiss, Archaean to Proterozoic, Basement Genessic Complex of Meghalaya",Scrub Forest,104.0,MultiPolygon
LS2014_001189,1,positive,bhuvan_2014,ML/WG/78K06/2014/469,,ML,Meghalaya,West Garo Hills,25.6849,90.2712,2014,Rainfall,Active,Denudational Hills - Moderately Dissected (DHM),"Gneiss, Archaean to Proterozoic, Basement Genessic Complex of Meghalaya",Scrub Forest,104.0,MultiPolygon
LS2014_001190,1,positive,bhuvan_2014,ML/WG/78K06/2014/470,,ML,Meghalaya,West Garo Hills,25.6849,90.2711,2014,Rainfall,Active,Denudational Hills - Moderately Dissected (DHM),"Gneiss, Archaean to Proterozoic, Basement Genessic Complex of Meghalaya",Scrub Forest,104.0,MultiPolygon
LS2014_001191,1,positive,bhuvan_2014,ML/WG/78K06/2014/471,,ML,Meghalaya,West Garo Hills,25.6848,90.2714,2014,Rainfall,Active,Denudational Hills - Moderately Dissected (DHM),"Gneiss, Archaean to Proterozoic, Basement Genessic Complex of Meghalaya",Scrub Forest,112.0,MultiPolygon
LS2014_001192,1,positive,bhuvan_2014,ML/WG/78K06/2014/472,,ML,Meghalaya,West Garo Hills,25.6848,90.2711,2014,Rainfall,Active,Denudational Hills - Moderately Dissected (DHM),"Gneiss, Archaean to Proterozoic, Basement Genessic Complex of Meghalaya",Scrub Forest,104.0,MultiPolygon
LS2014_001193,1,positive,bhuvan_2014,ML/WG/78K06/2014/474,,ML,Meghalaya,West Garo Hills,25.6848,90.271,2014,Rainfall,Active,Denudational Hills - Moderately Dissected (DHM),"Gneiss, Archaean to Proterozoic, Basement Genessic Complex of Meghalaya",Scrub Forest,104.0,MultiPolygon
LS2014_001194,1,positive,bhuvan_2014,ML/WG/78K06/2014/475,,ML,Meghalaya,West Garo Hills,25.6847,90.271,2014,Rainfall,Active,Denudational Hills - Moderately Dissected (DHM),"Gneiss, Archaean to Proterozoic, Basement Genessic Complex of Meghalaya",Scrub Forest,104.0,MultiPolygon
LS2014_001195,1,positive,bhuvan_2014,ML/WG/78K06/2014/477,,ML,Meghalaya,West Garo Hills,25.6847,90.2709,2014,Rainfall,Active,Denudational Hills - Moderately Dissected (DHM),"Gneiss, Archaean to Proterozoic, Basement Genessic Complex of Meghalaya",Scrub Forest,104.0,MultiPolygon
LS2014_001196,1,positive,bhuvan_2014,ML/WG/78K06/2014/479,,ML,Meghalaya,West Garo Hills,25.6846,90.2788,2014,Rainfall,Active,Denudational Hills - Moderately Dissected (DHM),"Gneiss, Archaean to Proterozoic, Basement Genessic Complex of Meghalaya",Deciduous,300.0,MultiPolygon
LS2014_001197,1,positive,bhuvan_2014,ML/WG/78K06/2014/480,,ML,Meghalaya,West Garo Hills,25.6846,90.2712,2014,Rainfall,Active,Denudational Hills - Moderately Dissected (DHM),"Gneiss, Archaean to Proterozoic, Basement Genessic Complex of Meghalaya",Scrub Forest,112.0,MultiPolygon
LS2014_001198,1,positive,bhuvan_2014,ML/WG/78K06/2014/481,,ML,Meghalaya,West Garo Hills,25.6846,90.2712,2014,Rainfall,Active,Denudational Hills - Moderately Dissected (DHM),"Gneiss, Archaean to Proterozoic, Basement Genessic Complex of Meghalaya",Scrub Forest,112.0,MultiPolygon
LS2014_001199,1,positive,bhuvan_2014,ML/WG/78K06/2014/482,,ML,Meghalaya,West Garo Hills,25.6844,90.2937,2014,Rainfall,Active,Denudational Hills - Moderately Dissected (DHM),"Gneiss, Archaean to Proterozoic, Basement Genessic Complex of Meghalaya",Scrub land,328.0,MultiPolygon
LS2014_001200,1,positive,bhuvan_2014,ML/WG/78K06/2014/484,,ML,Meghalaya,West Garo Hills,25.6842,90.2723,2014,Rainfall,Active,Denudational Hills - Moderately Dissected (DHM),"Gneiss, Archaean to Proterozoic, Basement Genessic Complex of Meghalaya",Scrub Forest,1239.0,MultiPolygon
LS2014_001201,1,positive,bhuvan_2014,ML/WG/78K06/2014/485,,ML,Meghalaya,West Garo Hills,25.6842,90.2723,2014,Rainfall,Active,Denudational Hills - Moderately Dissected (DHM),"Gneiss, Archaean to Proterozoic, Basement Genessic Complex of Meghalaya",Scrub Forest,1239.0,MultiPolygon
LS2014_001202,1,positive,bhuvan_2014,ML/WG/78K06/2014/486,,ML,Meghalaya,West Garo Hills,25.6841,90.2722,2014,Rainfall,Active,Denudational Hills - Moderately Dissected (DHM),"Gneiss, Archaean to Proterozoic, Basement Genessic Complex of Meghalaya",Scrub Forest,1239.0,MultiPolygon
LS2014_001203,1,positive,bhuvan_2014,ML/WG/78K06/2014/487,,ML,Meghalaya,West Garo Hills,25.6841,90.2721,2014,Rainfall,Active,Denudational Hills - Moderately Dissected (DHM),"Gneiss, Archaean to Proterozoic, Basement Genessic Complex of Meghalaya",Scrub Forest,1239.0,MultiPolygon
LS2014_001204,1,positive,bhuvan_2014,ML/WG/78K06/2014/490,,ML,Meghalaya,West Garo Hills,25.684,90.2712,2014,Rainfall,Active,Denudational Hills - Moderately Dissected (DHM),"Gneiss, Archaean to Proterozoic, Basement Genessic Complex of Meghalaya",Scrub Forest,1610.0,MultiPolygon
LS2014_001205,1,positive,bhuvan_2014,ML/WG/78K06/2014/493,,ML,Meghalaya,West Garo Hills,25.6836,90.2717,2014,Rainfall,Active,Denudational Hills - Moderately Dissected (DHM),"Gneiss, Archaean to Proterozoic, Basement Genessic Complex of Meghalaya",Scrub Forest,1239.0,MultiPolygon
LS2014_001206,1,positive,bhuvan_2014,ML/WG/78K06/2014/498,,ML,Meghalaya,West Garo Hills,25.6828,90.272,2014,Rainfall,Active,Denudational Hills - Moderately Dissected (DHM),"Gneiss, Archaean to Proterozoic, Basement Genessic Complex of Meghalaya",Scrub Forest,800.0,MultiPolygon
LS2014_001207,1,positive,bhuvan_2014,ML/WG/78K06/2014/500,,ML,Meghalaya,West Garo Hills,25.6825,90.272,2014,Rainfall,Active,Denudational Hills - Moderately Dissected (DHM),"Gneiss, Archaean to Proterozoic, Basement Genessic Complex of Meghalaya",Scrub Forest,526.0,MultiPolygon
LS2014_001208,1,positive,bhuvan_2014,ML/WG/78K06/2014/507,,ML,Meghalaya,West Garo Hills,25.6822,90.2729,2014,Rainfall,Active,Denudational Hills - Moderately Dissected (DHM),"Gneiss, Archaean to Proterozoic, Basement Genessic Complex of Meghalaya",Scrub Forest,358.0,MultiPolygon
LS2014_001209,1,positive,bhuvan_2014,ML/WG/78K06/2014/508,,ML,Meghalaya,West Garo Hills,25.6822,90.2612,2014,Rainfall,Active,Denudational Hills - Moderately Dissected (DHM),"Gneiss, Archaean to Proterozoic, Basement Genessic Complex of Meghalaya",Deciduous,194.0,MultiPolygon
LS2014_001210,1,positive,bhuvan_2014,ML/WG/78K06/2014/510,,ML,Meghalaya,West Garo Hills,25.682,90.2721,2014,Rainfall,Active,Denudational Hills - Moderately Dissected (DHM),"Gneiss, Archaean to Proterozoic, Basement Genessic Complex of Meghalaya",Deciduous,234.0,MultiPolygon
LS2014_001211,1,positive,bhuvan_2014,ML/WG/78K02/2014/518,,ML,Meghalaya,West Garo Hills,25.6808,90.2457,2014,Rainfall,Active,Denudational Hills - Moderately Dissected (DHM),"Gneiss, Archaean to Proterozoic, Basement Genessic Complex of Meghalaya",Scrub Forest,281.0,MultiPolygon
LS2014_001212,1,positive,bhuvan_2014,ML/WG/78K02/2014/520,,ML,Meghalaya,West Garo Hills,25.6805,90.2458,2014,Rainfall,Active,Denudational Hills - Moderately Dissected (DHM),"Gneiss, Archaean to Proterozoic, Basement Genessic Complex of Meghalaya",Scrub Forest,106.0,MultiPolygon
LS2014_001213,1,positive,bhuvan_2014,ML/WG/78K02/2014/522,,ML,Meghalaya,West Garo Hills,25.6803,90.246,2014,Rainfall,Active,Denudational Hills - Moderately Dissected (DHM),"Gneiss, Archaean to Proterozoic, Basement Genessic Complex of Meghalaya",Scrub Forest,521.0,MultiPolygon
LS2014_001214,1,positive,bhuvan_2014,ML/WG/78K06/2014/523,,ML,Meghalaya,West Garo Hills,25.6802,90.2657,2014,Rainfall,Active,Denudational Hills - Moderately Dissected (DHM),"Gneiss, Archaean to Proterozoic, Basement Genessic Complex of Meghalaya",Scrub Forest,491.0,MultiPolygon
LS2014_001215,1,positive,bhuvan_2014,ML/WG/78K02/2014/526,,ML,Meghalaya,West Garo Hills,25.68,90.2463,2014,Rainfall,Active,Denudational Hills - Moderately Dissected (DHM),"Gneiss, Archaean to Proterozoic, Basement Genessic Complex of Meghalaya",Deciduous,201.0,MultiPolygon
LS2014_001216,1,positive,bhuvan_2014,ML/WG/78K06/2014/545,,ML,Meghalaya,West Garo Hills,25.6775,90.2729,2014,Rainfall,Active,Denudational Hills - Moderately Dissected (DHM),"Gneiss, Archaean to Proterozoic, Basement Genessic Complex of Meghalaya",Deciduous,2773.0,MultiPolygon
LS2014_001217,1,positive,bhuvan_2014,ML/WG/78K06/2014/550,,ML,Meghalaya,West Garo Hills,25.6767,90.2801,2014,Rainfall,Active,Denudational Hills - Moderately Dissected (DHM),"Gneiss, Archaean to Proterozoic, Basement Genessic Complex of Meghalaya",Deciduous,0.0,MultiPolygon
LS2014_001218,1,positive,bhuvan_2014,ML/WG/78K06/2014/563,,ML,Meghalaya,West Garo Hills,25.6755,90.2724,2014,Rainfall,Active,Denudational Hills - Moderately Dissected (DHM),"Gneiss, Archaean to Proterozoic, Basement Genessic Complex of Meghalaya",Deciduous,571.0,MultiPolygon
LS2014_001219,1,positive,bhuvan_2014,ML/WG/78K02/2014/606,,ML,Meghalaya,West Garo Hills,25.6714,90.2454,2014,Rainfall,Active,Denudational Hills - Moderately Dissected (DHM),"Gneiss, Archaean to Proterozoic, Basement Genessic Complex of Meghalaya",Deciduous,440.0,MultiPolygon
LS2014_001220,1,positive,bhuvan_2014,ML/WG/78K02/2014/607,,ML,Meghalaya,West Garo Hills,25.6714,90.2438,2014,Rainfall,Active,Denudational Hills - Moderately Dissected (DHM),"Gneiss, Archaean to Proterozoic, Basement Genessic Complex of Meghalaya",Deciduous,267.0,MultiPolygon
LS2014_001221,1,positive,bhuvan_2014,ML/WG/78K02/2014/610,,ML,Meghalaya,West Garo Hills,25.6712,90.2448,2014,Rainfall,Active,Denudational Hills - Moderately Dissected (DHM),"Gneiss, Archaean to Proterozoic, Basement Genessic Complex of Meghalaya",Deciduous,327.0,MultiPolygon
LS2014_001222,1,positive,bhuvan_2014,ML/WG/78K06/2014/620,,ML,Meghalaya,West Garo Hills,25.6703,90.2608,2014,Rainfall,Active,Denudational Hills - Moderately Dissected (DHM),"Gneiss, Archaean to Proterozoic, Basement Genessic Complex of Meghalaya",Deciduous,295.0,MultiPolygon
LS2014_001223,1,positive,bhuvan_2014,ML/WG/78K06/2014/624,,ML,Meghalaya,West Garo Hills,25.67,90.2654,2014,Rainfall,Active,Denudational Hills - Moderately Dissected (DHM),"Gneiss, Archaean to Proterozoic, Basement Genessic Complex of Meghalaya",Cuirrent Shifting Cultivation,720.0,MultiPolygon
LS2014_001224,1,positive,bhuvan_2014,ML/WG/78K06/2014/635,,ML,Meghalaya,West Garo Hills,25.6694,90.2625,2014,Rainfall,Active,Denudational Hills - Moderately Dissected (DHM),"Gneiss, Archaean to Proterozoic, Basement Genessic Complex of Meghalaya",Deciduous,332.0,MultiPolygon
LS2014_001225,1,positive,bhuvan_2014,ML/WG/78K06/2014/657,,ML,Meghalaya,West Garo Hills,25.6681,90.2588,2014,Rainfall,Active,Denudational Hills - Moderately Dissected (DHM),"Gneiss, Archaean to Proterozoic, Basement Genessic Complex of Meghalaya",Deciduous,645.0,MultiPolygon
LS2014_001226,1,positive,bhuvan_2014,ML/WG/78K06/2014/660,,ML,Meghalaya,West Garo Hills,25.6677,90.2622,2014,Rainfall,Active,Denudational Hills - Moderately Dissected (DHM),"Gneiss, Archaean to Proterozoic, Basement Genessic Complex of Meghalaya",Deciduous,242.0,MultiPolygon
LS2014_001227,1,positive,bhuvan_2014,ML/WG/78K06/2014/661,,ML,Meghalaya,West Garo Hills,25.6677,90.2616,2014,Rainfall,Active,Denudational Hills - Moderately Dissected (DHM),"Gneiss, Archaean to Proterozoic, Basement Genessic Complex of Meghalaya",Deciduous,255.0,MultiPolygon
LS2014_001228,1,positive,bhuvan_2014,ML/WG/78K06/2014/662,,ML,Meghalaya,West Garo Hills,25.6677,90.2585,2014,Rainfall,Active,Denudational Hills - Moderately Dissected (DHM),"Gneiss, Archaean to Proterozoic, Basement Genessic Complex of Meghalaya",Deciduous,272.0,MultiPolygon
LS2014_001229,1,positive,bhuvan_2014,ML/WG/78K02/2014/144,,ML,Meghalaya,West Garo Hills,25.7372,90.1741,2014,Rainfall,Active,Denudational Hills Moderately Dissected(DHM),"Shale with sandatone, limestone and coal bands(Jaintia Gr),Paleocene-eocene",Cuirrent Shifting Cultivation,157.0,MultiPolygon
LS2014_001230,1,positive,bhuvan_2014,ML/WG/78K02/2014/150,,ML,Meghalaya,West Garo Hills,25.7347,90.137,2014,Rainfall,Active,Denudational Hills Moderately Dissected(DHM),"Shale with sandatone, limestone and coal bands(Jaintia Gr),Paleocene-eocene",Deciduous,418.0,MultiPolygon
LS2014_001231,1,positive,bhuvan_2014,ML/WG/78K02/2014/156,,ML,Meghalaya,West Garo Hills,25.7338,90.1645,2014,Rainfall,Active,Denudational Hills Moderately Dissected(DHM),"Shale with sandatone, limestone and coal bands(Jaintia Gr),Paleocene-eocene",Plantation,1490.0,MultiPolygon
LS2014_001232,1,positive,bhuvan_2014,ML/WG/78K02/2014/159,,ML,Meghalaya,West Garo Hills,25.7318,90.1471,2014,Rainfall,Active,Denudational Hills - Moderately Dissected (DHM),"Gneiss, Archaean to Proterozoic, Basement Genessic Complex of Meghalaya",Plantation,1432.0,MultiPolygon
LS2014_001233,1,positive,bhuvan_2014,ML/WG/78K02/2014/165,,ML,Meghalaya,West Garo Hills,25.7304,90.1488,2014,Rainfall,Active,Denudational Hills - Moderately Dissected (DHM),"Gneiss, Archaean to Proterozoic, Basement Genessic Complex of Meghalaya",Plantation,1094.0,MultiPolygon
LS2014_001234,1,positive,bhuvan_2014,ML/WG/78K02/2014/213,,ML,Meghalaya,West Garo Hills,25.7207,90.1112,2014,Rainfall,Active,Denudational Hills highly Dissected (DHH),"Shale with sandstone, limestone and coal bands",Deciduous,640.0,MultiPolygon
LS2014_001235,1,positive,bhuvan_2014,ML/WG/78K02/2014/253,,ML,Meghalaya,West Garo Hills,25.716,90.1034,2014,Rainfall,Active,Denudational Hills highly Dissected (DHH),"Shale with sandstone, limestone and coal bands",Scrub land,1394.0,MultiPolygon
LS2014_001236,1,positive,bhuvan_2014,ML/WG/78K02/2014/273,,ML,Meghalaya,West Garo Hills,25.7129,90.1659,2014,Rainfall,Active,Denudational Hills - Moderately Dissected (DHM),"Gneiss, Archaean to Proterozoic, Basement Genessic Complex of Meghalaya",Deciduous,861.0,MultiPolygon
LS2014_001237,1,positive,bhuvan_2014,ML/WG/78K02/2014/274,,ML,Meghalaya,West Garo Hills,25.7129,90.1633,2014,Rainfall,Active,Denudational Hills - Moderately Dissected (DHM),"Gneiss, Archaean to Proterozoic, Basement Genessic Complex of Meghalaya",Deciduous,502.0,MultiPolygon
LS2014_001238,1,positive,bhuvan_2014,ML/WG/78K02/2014/279,,ML,Meghalaya,West Garo Hills,25.7115,90.1099,2014,Rainfall,Active,Denudational Hills highly Dissected (DHH),"Shale with sandstone, limestone and coal bands",Plantation,1454.0,MultiPolygon
LS2014_001239,1,positive,bhuvan_2014,ML/WG/78K01/2014/11,,ML,Meghalaya,West Garo Hills,25.7729,90.1686,2014,Rainfall,Active,Denudational Hills Moderately Dissected(DHM),"Shale with sandatone, limestone and coal bands(Jaintia Gr),Paleocene-eocene",Deciduous,0.0,MultiPolygon
LS2014_001240,1,positive,bhuvan_2014,ML/WG/78K01/2014/12,,ML,Meghalaya,West Garo Hills,25.7725,90.1679,2014,Rainfall,Active,Denudational Hills Moderately Dissected(DHM),"Shale with sandatone, limestone and coal bands(Jaintia Gr),Paleocene-eocene",Deciduous,0.0,MultiPolygon
LS2014_001241,1,positive,bhuvan_2014,ML/WG/78K06/2014/146,,ML,Meghalaya,West Garo Hills,25.7371,90.2653,2014,Rainfall,Active,Intermontane Valley-(IV),"Gneiss, Archaean to Proterozoic, Basement Genessic Complex of Meghalaya",River / Stream / Canals,0.0,MultiPolygon
LS2014_001242,1,positive,bhuvan_2014,ML/WG/78K02/2014/149,,ML,Meghalaya,West Garo Hills,25.7347,90.2437,2014,Rainfall,Active,Denudational Hills - Moderately Dissected (DHM),"Gneiss, Archaean to Proterozoic, Basement Genessic Complex of Meghalaya",Plantation,658.0,MultiPolygon
LS2014_001243,1,positive,bhuvan_2014,ML/WG/78K02/2014/154,,ML,Meghalaya,West Garo Hills,25.7344,90.2432,2014,Rainfall,Active,Denudational Hills - Moderately Dissected (DHM),"Gneiss, Archaean to Proterozoic, Basement Genessic Complex of Meghalaya",Plantation,494.0,MultiPolygon
LS2014_001244,1,positive,bhuvan_2014,ML/WG/78K06/2014/166,,ML,Meghalaya,West Garo Hills,25.7297,90.2942,2014,Rainfall,Active,Denudational Hills - Moderately Dissected (DHM),"Gneiss, Archaean to Proterozoic, Basement Genessic Complex of Meghalaya",Deciduous,0.0,MultiPolygon
LS2014_001245,1,positive,bhuvan_2014,ML/WG/78K06/2014/168,,ML,Meghalaya,West Garo Hills,25.728,90.2941,2014,Rainfall,Active,Denudational Hills - Moderately Dissected (DHM),"Gneiss, Archaean to Proterozoic, Basement Genessic Complex of Meghalaya",Cuirrent Shifting Cultivation,0.0,MultiPolygon
LS2014_001246,1,positive,bhuvan_2014,ML/WG/78K06/2014/178,,ML,Meghalaya,West Garo Hills,25.7244,90.2898,2014,Rainfall,Active,Denudational Hills - Moderately Dissected (DHM),"Gneiss, Archaean to Proterozoic, Basement Genessic Complex of Meghalaya",Deciduous,0.0,MultiPolygon
LS2014_001247,1,positive,bhuvan_2014,ML/WG/78K06/2014/187,,ML,Meghalaya,West Garo Hills,25.7225,90.2899,2014,Rainfall,Active,Denudational Hills - Moderately Dissected (DHM),"Gneiss, Archaean to Proterozoic, Basement Genessic Complex of Meghalaya",Deciduous,0.0,MultiPolygon
LS2014_001248,1,positive,bhuvan_2014,ML/WG/78K02/2014/189,,ML,Meghalaya,West Garo Hills,25.7223,90.2456,2014,Rainfall,Active,Denudational Hills - Moderately Dissected (DHM),"Gneiss, Archaean to Proterozoic, Basement Genessic Complex of Meghalaya",Deciduous,236.0,MultiPolygon
LS2014_001249,1,positive,bhuvan_2014,ML/WG/78K06/2014/193,,ML,Meghalaya,West Garo Hills,25.7222,90.3069,2014,Rainfall,Active,Denudational Hills - Moderately Dissected (DHM),"Gneiss, Archaean to Proterozoic, Basement Genessic Complex of Meghalaya",Deciduous,0.0,MultiPolygon
LS2014_001250,1,positive,bhuvan_2014,ML/WG/78K06/2014/195,,ML,Meghalaya,West Garo Hills,25.7219,90.3025,2014,Rainfall,Active,Denudational Hills - Moderately Dissected (DHM),"Gneiss, Archaean to Proterozoic, Basement Genessic Complex of Meghalaya",Deciduous,0.0,MultiPolygon
LS2014_001251,1,positive,bhuvan_2014,ML/WG/78K06/2014/198,,ML,Meghalaya,West Garo Hills,25.7216,90.3078,2014,Rainfall,Active,Denudational Hills - Moderately Dissected (DHM),"Gneiss, Archaean to Proterozoic, Basement Genessic Complex of Meghalaya",Deciduous,0.0,MultiPolygon
LS2014_001252,1,positive,bhuvan_2014,ML/WG/78K06/2014/199,,ML,Meghalaya,West Garo Hills,25.7216,90.3018,2014,Rainfall,Active,Denudational Hills - Moderately Dissected (DHM),"Gneiss, Archaean to Proterozoic, Basement Genessic Complex of Meghalaya",Deciduous,0.0,MultiPolygon
LS2014_001253,1,positive,bhuvan_2014,ML/WG/78K06/2014/200,,ML,Meghalaya,West Garo Hills,25.7215,90.2696,2014,Rainfall,Active,Denudational Hills - Moderately Dissected (DHM),"Gneiss, Archaean to Proterozoic, Basement Genessic Complex of Meghalaya",Deciduous,0.0,MultiPolygon
LS2014_001254,1,positive,bhuvan_2014,ML/WG/78K02/2014/208,,ML,Meghalaya,West Garo Hills,25.721,90.2458,2014,Rainfall,Active,Denudational Hills - Moderately Dissected (DHM),"Gneiss, Archaean to Proterozoic, Basement Genessic Complex of Meghalaya",Deciduous,764.0,MultiPolygon
LS2014_001255,1,positive,bhuvan_2014,ML/WG/78K02/2014/209,,ML,Meghalaya,West Garo Hills,25.7209,90.2417,2014,Rainfall,Active,Denudational Hills - Moderately Dissected (DHM),"Gneiss, Archaean to Proterozoic, Basement Genessic Complex of Meghalaya",Deciduous,356.0,MultiPolygon
LS2014_001256,1,positive,bhuvan_2014,ML/WG/78K06/2014/214,,ML,Meghalaya,West Garo Hills,25.7206,90.3023,2014,Rainfall,Active,Denudational Hills - Moderately Dissected (DHM),"Gneiss, Archaean to Proterozoic, Basement Genessic Complex of Meghalaya",Deciduous,0.0,MultiPolygon
LS2014_001257,1,positive,bhuvan_2014,ML/WG/78K06/2014/218,,ML,Meghalaya,West Garo Hills,25.7202,90.3065,2014,Rainfall,Active,Denudational Hills - Moderately Dissected (DHM),"Gneiss, Archaean to Proterozoic, Basement Genessic Complex of Meghalaya",Deciduous,0.0,MultiPolygon
LS2014_001258,1,positive,bhuvan_2014,ML/WG/78K06/2014/223,,ML,Meghalaya,West Garo Hills,25.7198,90.2693,2014,Rainfall,Active,Denudational Hills - Moderately Dissected (DHM),"Gneiss, Archaean to Proterozoic, Basement Genessic Complex of Meghalaya",Deciduous,0.0,MultiPolygon
LS2014_001259,1,positive,bhuvan_2014,ML/WG/78K02/2014/225,,ML,Meghalaya,West Garo Hills,25.7196,90.2492,2014,Rainfall,Active,Denudational Hills - Moderately Dissected (DHM),"Gneiss, Archaean to Proterozoic, Basement Genessic Complex of Meghalaya",Deciduous,222.0,MultiPolygon
LS2014_001260,1,positive,bhuvan_2014,ML/WG/78K02/2014/227,,ML,Meghalaya,West Garo Hills,25.7194,90.2461,2014,Rainfall,Active,Denudational Hills - Moderately Dissected (DHM),"Gneiss, Archaean to Proterozoic, Basement Genessic Complex of Meghalaya",Deciduous,450.0,MultiPolygon
LS2014_001261,1,positive,bhuvan_2014,ML/WG/78K06/2014/228,,ML,Meghalaya,West Garo Hills,25.7193,90.3084,2014,Rainfall,Active,Denudational Hills - Moderately Dissected (DHM),"Gneiss, Archaean to Proterozoic, Basement Genessic Complex of Meghalaya",Deciduous,0.0,MultiPolygon
LS2014_001262,1,positive,bhuvan_2014,ML/WG/78K06/2014/229,,ML,Meghalaya,West Garo Hills,25.7192,90.3099,2014,Rainfall,Active,Denudational Hills - Moderately Dissected (DHM),"Gneiss, Archaean to Proterozoic, Basement Genessic Complex of Meghalaya",Deciduous,0.0,MultiPolygon
LS2014_001263,1,positive,bhuvan_2014,ML/WG/78K06/2014/230,,ML,Meghalaya,West Garo Hills,25.7192,90.2603,2014,Rainfall,Active,Denudational Hills - Moderately Dissected (DHM),"Gneiss, Archaean to Proterozoic, Basement Genessic Complex of Meghalaya",Plantation,833.0,MultiPolygon
LS2014_001264,1,positive,bhuvan_2014,ML/WG/78K06/2014/231,,ML,Meghalaya,West Garo Hills,25.7192,90.2547,2014,Rainfall,Active,Denudational Hills - Moderately Dissected (DHM),"Gneiss, Archaean to Proterozoic, Basement Genessic Complex of Meghalaya",Deciduous,0.0,MultiPolygon
LS2014_001265,1,positive,bhuvan_2014,ML/WG/78K06/2014/234,,ML,Meghalaya,West Garo Hills,25.7191,90.2544,2014,Rainfall,Active,Denudational Hills - Moderately Dissected (DHM),"Gneiss, Archaean to Proterozoic, Basement Genessic Complex of Meghalaya",Deciduous,0.0,MultiPolygon
LS2014_001266,1,positive,bhuvan_2014,ML/WG/78K06/2014/236,,ML,Meghalaya,West Garo Hills,25.7188,90.3017,2014,Rainfall,Active,Denudational Hills - Moderately Dissected (DHM),"Gneiss, Archaean to Proterozoic, Basement Genessic Complex of Meghalaya",Deciduous,0.0,MultiPolygon
LS2014_001267,1,positive,bhuvan_2014,ML/WG/78K06/2014/239,,ML,Meghalaya,West Garo Hills,25.7184,90.2547,2014,Rainfall,Active,Denudational Hills - Moderately Dissected (DHM),"Gneiss, Archaean to Proterozoic, Basement Genessic Complex of Meghalaya",Deciduous,0.0,MultiPolygon
LS2014_001268,1,positive,bhuvan_2014,ML/WG/78K06/2014/241,,ML,Meghalaya,West Garo Hills,25.7173,90.2511,2014,Rainfall,Active,Denudational Hills - Moderately Dissected (DHM),"Gneiss, Archaean to Proterozoic, Basement Genessic Complex of Meghalaya",Scrub land,207.0,MultiPolygon
LS2014_001269,1,positive,bhuvan_2014,ML/WG/78K06/2014/244,,ML,Meghalaya,West Garo Hills,25.7171,90.251,2014,Rainfall,Active,Denudational Hills - Moderately Dissected (DHM),"Gneiss, Archaean to Proterozoic, Basement Genessic Complex of Meghalaya",Scrub land,207.0,MultiPolygon
LS2014_001270,1,positive,bhuvan_2014,ML/WG/78K06/2014/246,,ML,Meghalaya,West Garo Hills,25.7167,90.2513,2014,Rainfall,Active,Denudational Hills - Moderately Dissected (DHM),"Gneiss, Archaean to Proterozoic, Basement Genessic Complex of Meghalaya",Scrub land,349.0,MultiPolygon
LS2014_001271,1,positive,bhuvan_2014,ML/WG/78K02/2014/259,,ML,Meghalaya,West Garo Hills,25.7149,90.2414,2014,Rainfall,Active,Denudational Hills - Moderately Dissected (DHM),"Gneiss, Archaean to Proterozoic, Basement Genessic Complex of Meghalaya",Deciduous,563.0,MultiPolygon
LS2014_001272,1,positive,bhuvan_2014,ML/WG/78K02/2014/261,,ML,Meghalaya,West Garo Hills,25.7143,90.2475,2014,Rainfall,Active,Denudational Hills - Moderately Dissected (DHM),"Gneiss, Archaean to Proterozoic, Basement Genessic Complex of Meghalaya",Deciduous,911.0,MultiPolygon
LS2014_001273,1,positive,bhuvan_2014,ML/WG/78K02/2014/262,,ML,Meghalaya,West Garo Hills,25.7143,90.2412,2014,Rainfall,Active,Denudational Hills - Moderately Dissected (DHM),"Gneiss, Archaean to Proterozoic, Basement Genessic Complex of Meghalaya",Deciduous,489.0,MultiPolygon
LS2014_001274,1,positive,bhuvan_2014,ML/WG/78K06/2014/263,,ML,Meghalaya,West Garo Hills,25.714,90.2581,2014,Rainfall,Active,Denudational Hills - Moderately Dissected (DHM),"Gneiss, Archaean to Proterozoic, Basement Genessic Complex of Meghalaya",Deciduous,269.0,MultiPolygon
LS2014_001275,1,positive,bhuvan_2014,ML/WG/78K06/2014/268,,ML,Meghalaya,West Garo Hills,25.713,90.2553,2014,Rainfall,Active,Denudational Hills - Moderately Dissected (DHM),"Gneiss, Archaean to Proterozoic, Basement Genessic Complex of Meghalaya",Cuirrent Shifting Cultivation,214.0,MultiPolygon
LS2014_001276,1,positive,bhuvan_2014,ML/WG/78K02/2014/275,,ML,Meghalaya,West Garo Hills,25.7125,90.2423,2014,Rainfall,Active,Denudational Hills - Moderately Dissected (DHM),"Gneiss, Archaean to Proterozoic, Basement Genessic Complex of Meghalaya",Deciduous,335.0,MultiPolygon
LS2014_001277,1,positive,bhuvan_2014,ML/WG/78K06/2014/276,,ML,Meghalaya,West Garo Hills,25.7123,90.3014,2014,Rainfall,Active,Denudational Hills - Moderately Dissected (DHM),"Gneiss, Archaean to Proterozoic, Basement Genessic Complex of Meghalaya",Deciduous,0.0,MultiPolygon
LS2014_001278,1,positive,bhuvan_2014,ML/WG/78K06/2014/277,,ML,Meghalaya,West Garo Hills,25.7122,90.2566,2014,Rainfall,Active,Denudational Hills - Moderately Dissected (DHM),"Gneiss, Archaean to Proterozoic, Basement Genessic Complex of Meghalaya",Deciduous,309.0,MultiPolygon
LS2014_001279,1,positive,bhuvan_2014,ML/WG/78K05/2014/9,,ML,Meghalaya,West Garo Hills,25.7761,90.2927,2014,Rainfall,Active,Denudational Hills - Moderately Dissected (DHM),"Gneiss, Archaean to Proterozoic, Basement Genessic Complex of Meghalaya",Deciduous,623.0,MultiPolygon
LS2014_001280,1,positive,bhuvan_2014,ML/WG/78K05/2014/10,,ML,Meghalaya,West Garo Hills,25.7758,90.2918,2014,Rainfall,Active,Denudational Hills - Moderately Dissected (DHM),"Gneiss, Archaean to Proterozoic, Basement Genessic Complex of Meghalaya",Deciduous,870.0,MultiPolygon
LS2014_001281,1,positive,bhuvan_2014,ML/WG/78K05/2014/13,,ML,Meghalaya,West Garo Hills,25.7724,90.2908,2014,Rainfall,Active,Denudational Hills - Moderately Dissected (DHM),"Gneiss, Archaean to Proterozoic, Basement Genessic Complex of Meghalaya",Deciduous,2383.0,MultiPolygon
LS2014_001282,1,positive,bhuvan_2014,ML/WG/78K05/2014/16,,ML,Meghalaya,West Garo Hills,25.766,90.3134,2014,Rainfall,Active,Denudational Hills - Moderately Dissected (DHM),"Gneiss, Archaean to Proterozoic, Basement Genessic Complex of Meghalaya",Scrub land,0.0,MultiPolygon
LS2014_001283,1,positive,bhuvan_2014,ML/WG/78K05/2014/17,,ML,Meghalaya,West Garo Hills,25.7641,90.31,2014,Rainfall,Active,Denudational Hills - Moderately Dissected (DHM),"Gneiss, Archaean to Proterozoic, Basement Genessic Complex of Meghalaya",Deciduous,0.0,MultiPolygon
LS2014_001284,1,positive,bhuvan_2014,ML/SG/78K12/2014/36,,ML,Meghalaya,South Garo Hills,25.2115,90.5531,2014,Rainfall,Active,Structural Hills - Moderately Dissected (SHM),"Sandstone,Siltstone,Conglomerate- Garo Gr",Deciduous,559.0,MultiPolygon
LS2014_001285,1,positive,bhuvan_2014,ML/EG/78K11/2014/151,,ML,Meghalaya,East Garo Hills,25.4726,90.5849,2014,Rainfall,Active,Denudational Hills - Moderately Dissected (DHM),"Gneiss, Archaean to Proterozoic, Basement Genessic Complex of Meghalaya",Deciduous,1023.0,MultiPolygon
LS2014_001286,1,positive,bhuvan_2014,ML/EG/78K11/2014/152,,ML,Meghalaya,East Garo Hills,25.4725,90.5843,2014,Rainfall,Active,Denudational Hills - Moderately Dissected (DHM),"Gneiss, Archaean to Proterozoic, Basement Genessic Complex of Meghalaya",Deciduous,639.0,MultiPolygon
LS2014_001287,1,positive,bhuvan_2014,ML/WG/78K06/2014/511,,ML,Meghalaya,West Garo Hills,25.6818,90.4319,2014,Rainfall,Active,Denudational Hills - Moderately Dissected (DHM),"Gneiss, Archaean to Proterozoic, Basement Genessic Complex of Meghalaya",Deciduous,1096.0,MultiPolygon
LS2014_001288,1,positive,bhuvan_2014,ML/WG/78K06/2014/138,,ML,Meghalaya,West Garo Hills,25.7382,90.4006,2014,Rainfall,Active,Denudational Hills - Moderately Dissected (DHM),"Gneiss, Archaean to Proterozoic, Basement Genessic Complex of Meghalaya",Scrub land,892.0,MultiPolygon
LS2014_001289,1,positive,bhuvan_2014,ML/EG/78K06/2014/128,,ML,Meghalaya,East Garo Hills,25.7188,90.4446,2014,Rainfall,Active,Denudational Hills - Moderately Dissected (DHM),"Gneiss, Archaean to Proterozoic, Basement Genessic Complex of Meghalaya",Deciduous,880.0,MultiPolygon
LS2014_001290,1,positive,bhuvan_2014,ML/EG/78K05/2014/97,,ML,Meghalaya,East Garo Hills,25.7675,90.4017,2014,Rainfall,Active,Denudational Hills - Moderately Dissected (DHM),"Gneiss, Archaean to Proterozoic, Basement Genessic Complex of Meghalaya",Deciduous,0.0,MultiPolygon
LS2014_001291,1,positive,bhuvan_2014,ML/EG/78K10/2014/127,,ML,Meghalaya,East Garo Hills,25.7188,90.5525,2014,Rainfall,Active,Denudational Hills - Moderately Dissected (DHM),"Gneiss, Archaean to Proterozoic, Basement Genessic Complex of Meghalaya",Deciduous,301.0,MultiPolygon
LS2014_001292,1,positive,bhuvan_2014,ML/EG/78K10/2014/129,,ML,Meghalaya,East Garo Hills,25.7186,90.5569,2014,Rainfall,Active,Denudational Hills - Moderately Dissected (DHM),"Gneiss, Archaean to Proterozoic, Basement Genessic Complex of Meghalaya",Deciduous,184.0,MultiPolygon
LS2014_001293,1,positive,bhuvan_2014,ML/EG/78K10/2014/130,,ML,Meghalaya,East Garo Hills,25.7172,90.5577,2014,Rainfall,Active,Denudational Hills - Moderately Dissected (DHM),"Gneiss, Archaean to Proterozoic, Basement Genessic Complex of Meghalaya",Deciduous,672.0,MultiPolygon
LS2014_001294,1,positive,bhuvan_2014,ML/EG/78K05/2014/34,,ML,Meghalaya,East Garo Hills,25.8343,90.4408,2014,Rainfall,Active,Denudational Hills - Moderately Dissected (DHM),"Gneiss, Archaean to Proterozoic, Basement Genessic Complex of Meghalaya",Deciduous,233.0,MultiPolygon
LS2014_001295,1,positive,bhuvan_2014,ML/EG/78K05/2014/53,,ML,Meghalaya,East Garo Hills,25.8125,90.4587,2014,Rainfall,Active,Intermontane Valley-(IV),"Gneiss, Archaean to Proterozoic, Basement Genessic Complex of Meghalaya",Deciduous,1340.0,MultiPolygon
LS2014_001296,1,positive,bhuvan_2014,ML/EG/78K05/2014/30,,ML,Meghalaya,East Garo Hills,25.8665,90.4016,2014,Rainfall,Active,Denudational Hills - Moderately Dissected (DHM),"Gneiss, Archaean to Proterozoic, Basement Genessic Complex of Meghalaya",Scrub land,4583.0,MultiPolygon
LS2014_001297,1,positive,bhuvan_2014,ML/EG/78K05/2014/2,,ML,Meghalaya,East Garo Hills,25.9807,90.4236,2014,Rainfall,Active,Intermontane Valley-(IV),"Gneiss, Archaean to Proterozoic, Basement Genessic Complex of Meghalaya",Cropland,415.0,MultiPolygon
LS2014_001298,1,positive,bhuvan_2014,ML/EG/78K05/2014/3,,ML,Meghalaya,East Garo Hills,25.9804,90.4237,2014,Rainfall,Active,Intermontane Valley-(IV),"Gneiss, Archaean to Proterozoic, Basement Genessic Complex of Meghalaya",Cropland,609.0,MultiPolygon
LS2014_001299,1,positive,bhuvan_2014,ML/EG/78K09/2014/18,,ML,Meghalaya,East Garo Hills,25.9166,90.5505,2014,Rainfall,Active,Denudational Hills-less dissected(DHL),"Gneiss, Archaean to Proterozoic, Basement Genessic Complex of Meghalaya",Cropland,637.0,MultiPolygon
LS2014_001300,1,positive,bhuvan_2014,ML/EG/78K09/2014/19,,ML,Meghalaya,East Garo Hills,25.9166,90.5492,2014,Rainfall,Active,Denudational Hills-less dissected(DHL),"Gneiss, Archaean to Proterozoic, Basement Genessic Complex of Meghalaya",Cropland,1228.0,MultiPolygon
LS2014_001301,1,positive,bhuvan_2014,ML/EG/78K09/2014/20,,ML,Meghalaya,East Garo Hills,25.9165,90.5483,2014,Rainfall,Active,Intermontane Valley-(IV),"Gneiss, Archaean to Proterozoic, Basement Genessic Complex of Meghalaya",Cropland,185.0,MultiPolygon
LS2014_001302,1,positive,bhuvan_2014,ML/SG/78K12/2014/29,,ML,Meghalaya,South Garo Hills,25.2267,90.7178,2014,Rainfall,Active,Denudational Hills - Moderately Dissected (DHM),"Sandstone/pebble bed/conglomerate,Oligomiocene Garo Group, Baghmera Formation",Deciduous,1487.0,MultiPolygon
LS2014_001303,1,positive,bhuvan_2014,ML/SG/78K11/2014/1,,ML,Meghalaya,South Garo Hills,25.3807,90.7213,2014,Rainfall,Active,Denudational Hills highly Dissected (DHH),"Biotite Gness, Biotite hornblende gneiss, mica schist, sillimanite quartz schist",Deciduous,1227.0,MultiPolygon
LS2014_001304,1,positive,bhuvan_2014,ML/SG/78K11/2014/2,,ML,Meghalaya,South Garo Hills,25.3793,90.7343,2014,Rainfall,Active,Denudational Hills highly Dissected (DHH),"Biotite Gness, Biotite hornblende gneiss, mica schist, sillimanite quartz schist",Deciduous,1289.0,MultiPolygon
LS2014_001305,1,positive,bhuvan_2014,ML/SG/78K11/2014/3,,ML,Meghalaya,South Garo Hills,25.376,90.7374,2014,Rainfall,Active,Denudational Hills highly Dissected (DHH),"Biotite Gness, Biotite hornblende gneiss, mica schist, sillimanite quartz schist",Deciduous,1784.0,MultiPolygon
LS2014_001306,1,positive,bhuvan_2014,ML/SG/78K11/2014/4,,ML,Meghalaya,South Garo Hills,25.3755,90.7372,2014,Rainfall,Active,Denudational Hills highly Dissected (DHH),"Biotite Gness, Biotite hornblende gneiss, mica schist, sillimanite quartz schist",River / Stream / Canals,2516.0,MultiPolygon
LS2014_001307,1,positive,bhuvan_2014,ML/WK/78K15/2014/191,,ML,Meghalaya,West Khasi Hills,25.4643,90.8836,2014,Rainfall,Active,Lower Plateau - Highly Dissected (LPH),"Gneiss, Archaean to Proterozoic, Basement Genessic Complex of Meghalaya",River / Stream / Canals,1675.0,MultiPolygon
LS2014_001308,1,positive,bhuvan_2014,ML/EG/78K14/2014/117,,ML,Meghalaya,East Garo Hills,25.7241,90.8814,2014,Rainfall,Active,Lower Plateau - Highly Dissected (LPH),"Gneiss, Archaean to Proterozoic, Basement Genessic Complex of Meghalaya",Deciduous,389.0,MultiPolygon
LS2014_001309,1,positive,bhuvan_2014,ML/EG/78K14/2014/118,,ML,Meghalaya,East Garo Hills,25.7238,90.8812,2014,Rainfall,Active,Lower Plateau - Highly Dissected (LPH),"Gneiss, Archaean to Proterozoic, Basement Genessic Complex of Meghalaya",Deciduous,152.0,MultiPolygon
LS2014_001310,1,positive,bhuvan_2014,ML/EG/78K14/2014/119,,ML,Meghalaya,East Garo Hills,25.7235,90.8809,2014,Rainfall,Active,Lower Plateau - Highly Dissected (LPH),"Gneiss, Archaean to Proterozoic, Basement Genessic Complex of Meghalaya",Deciduous,2042.0,MultiPolygon
LS2014_001311,1,positive,bhuvan_2014,ML/EG/78K14/2014/121,,ML,Meghalaya,East Garo Hills,25.7218,90.8807,2014,Rainfall,Active,Lower Plateau - Highly Dissected (LPH),"Gneiss, Archaean to Proterozoic, Basement Genessic Complex of Meghalaya",Deciduous,690.0,MultiPolygon
LS2014_001312,1,positive,bhuvan_2014,ML/EG/78K14/2014/122,,ML,Meghalaya,East Garo Hills,25.7211,90.8804,2014,Rainfall,Active,Lower Plateau - Highly Dissected (LPH),"Gneiss, Archaean to Proterozoic, Basement Genessic Complex of Meghalaya",Deciduous,249.0,MultiPolygon
LS2014_001313,1,positive,bhuvan_2014,ML/EG/78K14/2014/123,,ML,Meghalaya,East Garo Hills,25.721,90.8804,2014,Rainfall,Active,Lower Plateau - Highly Dissected (LPH),"Gneiss, Archaean to Proterozoic, Basement Genessic Complex of Meghalaya",Deciduous,249.0,MultiPolygon
LS2014_001314,1,positive,bhuvan_2014,ML/EG/78K14/2014/124,,ML,Meghalaya,East Garo Hills,25.721,90.8796,2014,Rainfall,Active,Lower Plateau - Highly Dissected (LPH),"Gneiss, Archaean to Proterozoic, Basement Genessic Complex of Meghalaya",Deciduous,359.0,MultiPolygon
LS2014_001315,1,positive,bhuvan_2014,ML/EG/78K14/2014/126,,ML,Meghalaya,East Garo Hills,25.7208,90.8827,2014,Rainfall,Active,Lower Plateau - Highly Dissected (LPH),"Gneiss, Archaean to Proterozoic, Basement Genessic Complex of Meghalaya",Deciduous,270.0,MultiPolygon
LS2014_001316,1,positive,bhuvan_2014,ML/EG/78K14/2014/131,,ML,Meghalaya,East Garo Hills,25.7132,90.8754,2014,Rainfall,Active,Lower Plateau - Highly Dissected (LPH),"Gneiss, Archaean to Proterozoic, Basement Genessic Complex of Meghalaya",Deciduous,903.0,MultiPolygon
LS2014_001317,1,positive,bhuvan_2014,ML/EG/78K13/2014/44,,ML,Meghalaya,East Garo Hills,25.822,90.8409,2014,Rainfall,Active,Lower Plateau - Highly Dissected (LPH),"Gneiss, Archaean to Proterozoic, Basement Genessic Complex of Meghalaya",Deciduous,6940.0,MultiPolygon
LS2014_001318,1,positive,bhuvan_2014,ML/EG/78K13/2014/26,,ML,Meghalaya,East Garo Hills,25.8865,90.8699,2014,Rainfall,Active,Denudational Hills - Moderately Dissected (DHM),"Gneiss, Archaean to Proterozoic, Basement Genessic Complex of Meghalaya",Deciduous,1181.0,MultiPolygon
LS2014_001319,1,positive,bhuvan_2014,ML/EG/78K13/2014/27,,ML,Meghalaya,East Garo Hills,25.8833,90.8671,2014,Rainfall,Active,Denudational Hills - Moderately Dissected (DHM),"Gneiss, Archaean to Proterozoic, Basement Genessic Complex of Meghalaya",Deciduous,13638.0,MultiPolygon
LS2014_001320,1,positive,bhuvan_2014,ML/EG/78K13/2014/15,,ML,Meghalaya,East Garo Hills,25.9285,90.8404,2014,Rainfall,Active,Denudational Hills - Moderately Dissected (DHM),"Gneiss, Archaean to Proterozoic, Basement Genessic Complex of Meghalaya",Deciduous,2767.0,MultiPolygon
LS2014_001321,1,positive,bhuvan_2014,ML/WK/78K16/2014/243,,ML,Meghalaya,West Khasi Hills,25.2161,90.9575,2014,Rainfall,Active,Structural Hills - Moderately Dissected (SHM),"Sandstone,Siltstone,Conglomerate- Garo Gr",Deciduous,909.0,MultiPolygon
LS2014_001322,1,positive,bhuvan_2014,ML/WK/78K16/2014/244,,ML,Meghalaya,West Khasi Hills,25.2155,90.9572,2014,Rainfall,Active,Structural Hills - Moderately Dissected (SHM),"Sandstone,Siltstone,Conglomerate- Garo Gr",Cuirrent Shifting Cultivation,717.0,MultiPolygon
LS2014_001323,1,positive,bhuvan_2014,ML/WK/78O04/2014/241,,ML,Meghalaya,West Khasi Hills,25.2203,91.1108,2014,Rainfall,Active,Lower Plateau - Undissected(Weathered) (LPU),"Shale with sandatone, limestone and coal bands(Jaintia Gr)",Deciduous,4233.0,MultiPolygon
LS2014_001324,1,positive,bhuvan_2014,ML/WK/78O03/2014/211,,ML,Meghalaya,West Khasi Hills,25.3844,91.1491,2014,Rainfall,Active,Lower Plateau - Moderately Dissected (LPM),"Gneiss, Archaean to Proterozoic, Basement Genessic Complex of Meghalaya",Deciduous,3661.0,MultiPolygon
LS2014_001325,1,positive,bhuvan_2014,ML/WK/78O03/2014/214,,ML,Meghalaya,West Khasi Hills,25.3833,91.1489,2014,Rainfall,Active,Lower Plateau - Moderately Dissected (LPM),"Gneiss, Archaean to Proterozoic, Basement Genessic Complex of Meghalaya",Deciduous,2278.0,MultiPolygon
LS2014_001326,1,positive,bhuvan_2014,ML/WK/78O03/2014/215,,ML,Meghalaya,West Khasi Hills,25.3786,91.1386,2014,Rainfall,Active,Escarpment Slope- (ES),"Gneiss, Archaean to Proterozoic, Basement Genessic Complex of Meghalaya",Deciduous,2516.0,MultiPolygon
LS2014_001327,1,positive,bhuvan_2014,ML/WK/78O03/2014/216,,ML,Meghalaya,West Khasi Hills,25.3785,91.1375,2014,Rainfall,Active,Escarpment Slope- (ES),"Gneiss, Archaean to Proterozoic, Basement Genessic Complex of Meghalaya",Deciduous,2534.0,MultiPolygon
LS2014_001328,1,positive,bhuvan_2014,ML/WK/78K14/2014/183,,ML,Meghalaya,West Khasi Hills,25.6693,90.9931,2014,Rainfall,Active,Lower Plateau - Highly Dissected (LPH),"Gneiss, Archaean to Proterozoic, Basement Genessic Complex of Meghalaya",Deciduous,0.0,MultiPolygon
LS2014_001329,1,positive,bhuvan_2014,ML/WK/78O02/2014/180,,ML,Meghalaya,West Khasi Hills,25.6878,91.1623,2014,Rainfall,Active,Middle Plateau - Moderately Dissected (MPM),"Granite,Plutonic,Granite",Deciduous,0.0,MultiPolygon
LS2014_001330,1,positive,bhuvan_2014,ML/WK/78O02/2014/181,,ML,Meghalaya,West Khasi Hills,25.6874,91.1611,2014,Rainfall,Active,Middle Plateau - Moderately Dissected (MPM),"Granite,Plutonic,Granite",Deciduous,0.0,MultiPolygon
LS2014_001331,1,positive,bhuvan_2014,ML/WK/78O02/2014/182,,ML,Meghalaya,West Khasi Hills,25.6871,91.1632,2014,Rainfall,Active,Middle Plateau - Moderately Dissected (MPM),"Granite,Plutonic,Granite",Deciduous,0.0,MultiPolygon
LS2014_001332,1,positive,bhuvan_2014,ML/WK/78K14/2014/157,,ML,Meghalaya,West Khasi Hills,25.7372,90.9931,2014,Rainfall,Active,Lower Plateau - Highly Dissected (LPH),"Gneiss, Archaean to Proterozoic, Basement Genessic Complex of Meghalaya",Deciduous,0.0,MultiPolygon
LS2014_001333,1,positive,bhuvan_2014,ML/WK/78O01/2014/114,,ML,Meghalaya,West Khasi Hills,25.7692,91.0254,2014,Rainfall,Active,Lower Plateau - Highly Dissected (LPH),"Gneiss, Archaean to Proterozoic, Basement Genessic Complex of Meghalaya",Deciduous,1323.0,MultiPolygon
LS2014_001334,1,positive,bhuvan_2014,ML/WK/78O01/2014/115,,ML,Meghalaya,West Khasi Hills,25.769,91.0241,2014,Rainfall,Active,Escarpment Slope- (ES),"Gneiss, Archaean to Proterozoic, Basement Genessic Complex of Meghalaya",Deciduous,826.0,MultiPolygon
LS2014_001335,1,positive,bhuvan_2014,ML/WK/78O02/2014/159,,ML,Meghalaya,West Khasi Hills,25.7302,91.141,2014,Rainfall,Active,Lower Plateau - Moderately Dissected (LPM),"Granite,Plutonic,Granite",Deciduous,0.0,MultiPolygon
LS2014_001336,1,positive,bhuvan_2014,ML/WK/78O02/2014/162,,ML,Meghalaya,West Khasi Hills,25.7203,91.146,2014,Rainfall,Active,Lower Plateau - Moderately Dissected (LPM),"Granite,Plutonic,Granite",Deciduous,0.0,MultiPolygon
LS2014_001337,1,positive,bhuvan_2014,ML/WK/78O02/2014/163,,ML,Meghalaya,West Khasi Hills,25.7195,91.1466,2014,Rainfall,Active,Lower Plateau - Moderately Dissected (LPM),"Granite,Plutonic,Granite",Deciduous,0.0,MultiPolygon
LS2014_001338,1,positive,bhuvan_2014,ML/WK/78O02/2014/168,,ML,Meghalaya,West Khasi Hills,25.7146,91.1478,2014,Rainfall,Active,Lower Plateau - Moderately Dissected (LPM),"Granite,Plutonic,Granite",Deciduous,0.0,MultiPolygon
LS2014_001339,1,positive,bhuvan_2014,ML/WK/78O02/2014/169,,ML,Meghalaya,West Khasi Hills,25.7136,91.1493,2014,Rainfall,Active,Lower Plateau - Moderately Dissected (LPM),"Granite,Plutonic,Granite",Deciduous,0.0,MultiPolygon
LS2014_001340,1,positive,bhuvan_2014,ML/WK/78O02/2014/170,,ML,Meghalaya,West Khasi Hills,25.7135,91.1447,2014,Rainfall,Active,Lower Plateau - Moderately Dissected (LPM),"Granite,Plutonic,Granite",Deciduous,0.0,MultiPolygon
LS2014_001341,1,positive,bhuvan_2014,ML/WK/78O02/2014/171,,ML,Meghalaya,West Khasi Hills,25.7131,91.1466,2014,Rainfall,Active,Lower Plateau - Moderately Dissected (LPM),"Granite,Plutonic,Granite",River / Stream / Canals,0.0,MultiPolygon
LS2014_001342,1,positive,bhuvan_2014,ML/WK/78O01/2014/82,,ML,Meghalaya,West Khasi Hills,25.7876,91.1321,2014,Rainfall,Active,Denudational Hill- Highly Dissected (DHH),"Gneiss, Archaean to Proterozoic, Basement Genessic Complex of Meghalaya",Deciduous,1409.0,MultiPolygon
LS2014_001343,1,positive,bhuvan_2014,ML/WK/78O01/2014/83,,ML,Meghalaya,West Khasi Hills,25.7875,91.1389,2014,Rainfall,Active,Escarpment Slope- (ES),"Gneiss, Archaean to Proterozoic, Basement Genessic Complex of Meghalaya",Deciduous,1696.0,MultiPolygon
LS2014_001344,1,positive,bhuvan_2014,ML/WK/78O01/2014/84,,ML,Meghalaya,West Khasi Hills,25.7875,91.1354,2014,Rainfall,Active,Escarpment Slope- (ES),"Gneiss, Archaean to Proterozoic, Basement Genessic Complex of Meghalaya",Deciduous,1541.0,MultiPolygon
LS2014_001345,1,positive,bhuvan_2014,ML/WK/78O01/2014/86,,ML,Meghalaya,West Khasi Hills,25.7871,91.137,2014,Rainfall,Active,Escarpment Slope- (ES),"Gneiss, Archaean to Proterozoic, Basement Genessic Complex of Meghalaya",Deciduous,888.0,MultiPolygon
LS2014_001346,1,positive,bhuvan_2014,ML/WK/78O01/2014/88,,ML,Meghalaya,West Khasi Hills,25.7868,91.1355,2014,Rainfall,Active,Escarpment Slope- (ES),"Gneiss, Archaean to Proterozoic, Basement Genessic Complex of Meghalaya",Deciduous,339.0,MultiPolygon
LS2014_001347,1,positive,bhuvan_2014,ML/WK/78O01/2014/89,,ML,Meghalaya,West Khasi Hills,25.7865,91.1349,2014,Rainfall,Active,Escarpment Slope- (ES),"Gneiss, Archaean to Proterozoic, Basement Genessic Complex of Meghalaya",Deciduous,888.0,MultiPolygon
LS2014_001348,1,positive,bhuvan_2014,ML/WK/78O01/2014/90,,ML,Meghalaya,West Khasi Hills,25.7854,91.1368,2014,Rainfall,Active,Escarpment Slope- (ES),"Gneiss, Archaean to Proterozoic, Basement Genessic Complex of Meghalaya",Deciduous,1806.0,MultiPolygon
LS2014_001349,1,positive,bhuvan_2014,ML/WK/78O01/2014/91,,ML,Meghalaya,West Khasi Hills,25.785,91.1327,2014,Rainfall,Active,Waterbody,Waterbody,River / Stream / Canals,122.0,MultiPolygon
LS2014_001350,1,positive,bhuvan_2014,ML/WK/78O01/2014/92,,ML,Meghalaya,West Khasi Hills,25.7839,91.1354,2014,Rainfall,Active,Escarpment Slope- (ES),"Gneiss, Archaean to Proterozoic, Basement Genessic Complex of Meghalaya",Deciduous,1975.0,MultiPolygon
LS2014_001351,1,positive,bhuvan_2014,ML/WK/78O01/2014/93,,ML,Meghalaya,West Khasi Hills,25.7838,91.1371,2014,Rainfall,Active,Escarpment Slope- (ES),"Gneiss, Archaean to Proterozoic, Basement Genessic Complex of Meghalaya",Deciduous,3690.0,MultiPolygon
LS2014_001352,1,positive,bhuvan_2014,ML/WK/78O01/2014/96,,ML,Meghalaya,West Khasi Hills,25.7824,91.1371,2014,Rainfall,Active,Escarpment Slope- (ES),"Gneiss, Archaean to Proterozoic, Basement Genessic Complex of Meghalaya",Deciduous,2058.0,MultiPolygon
LS2014_001353,1,positive,bhuvan_2014,ML/WK/78O01/2014/98,,ML,Meghalaya,West Khasi Hills,25.7821,91.1366,2014,Rainfall,Active,Denudational Hills - Moderately Dissected (DHM),"Gneiss, Archaean to Proterozoic, Basement Genessic Complex of Meghalaya",Deciduous,531.0,MultiPolygon
LS2014_001354,1,positive,bhuvan_2014,ML/WK/78O01/2014/99,,ML,Meghalaya,West Khasi Hills,25.7816,91.1361,2014,Rainfall,Active,Denudational Hills - Moderately Dissected (DHM),"Gneiss, Archaean to Proterozoic, Basement Genessic Complex of Meghalaya",Deciduous,268.0,MultiPolygon
LS2014_001355,1,positive,bhuvan_2014,ML/WK/78O01/2014/100,,ML,Meghalaya,West Khasi Hills,25.7814,91.1372,2014,Rainfall,Active,Escarpment Slope- (ES),"Gneiss, Archaean to Proterozoic, Basement Genessic Complex of Meghalaya",Deciduous,1890.0,MultiPolygon
LS2014_001356,1,positive,bhuvan_2014,ML/WK/78O01/2014/102,,ML,Meghalaya,West Khasi Hills,25.7793,91.1152,2014,Rainfall,Active,Denudational Hill- Highly Dissected (DHH),"Gneiss, Archaean to Proterozoic, Basement Genessic Complex of Meghalaya",Deciduous,25890.0,MultiPolygon
LS2014_001357,1,positive,bhuvan_2014,ML/WK/78O01/2014/103,,ML,Meghalaya,West Khasi Hills,25.7782,91.1064,2014,Rainfall,Active,Escarpment Slope- (ES),"Gneiss, Archaean to Proterozoic, Basement Genessic Complex of Meghalaya",Deciduous,12376.0,MultiPolygon
LS2014_001358,1,positive,bhuvan_2014,ML/WK/78O01/2014/108,,ML,Meghalaya,West Khasi Hills,25.7742,91.1335,2014,Rainfall,Active,Denudational Hills - Moderately Dissected (DHM),"Gneiss, Archaean to Proterozoic, Basement Genessic Complex of Meghalaya",Deciduous,919.0,MultiPolygon
LS2014_001359,1,positive,bhuvan_2014,ML/WK/78O01/2014/109,,ML,Meghalaya,West Khasi Hills,25.7734,91.1328,2014,Rainfall,Active,Denudational Hills - Moderately Dissected (DHM),"Gneiss, Archaean to Proterozoic, Basement Genessic Complex of Meghalaya",Deciduous,4007.0,MultiPolygon
LS2014_001360,1,positive,bhuvan_2014,ML/WK/78O01/2014/110,,ML,Meghalaya,West Khasi Hills,25.7723,91.1317,2014,Rainfall,Active,Denudational Hills - Moderately Dissected (DHM),"Gneiss, Archaean to Proterozoic, Basement Genessic Complex of Meghalaya",Deciduous,0.0,MultiPolygon
LS2014_001361,1,positive,bhuvan_2014,ML/WK/78O01/2014/112,,ML,Meghalaya,West Khasi Hills,25.7706,91.0985,2014,Rainfall,Active,Escarpment Slope- (ES),"Gneiss, Archaean to Proterozoic, Basement Genessic Complex of Meghalaya",Deciduous,1626.0,MultiPolygon
LS2014_001362,1,positive,bhuvan_2014,ML/WK/78O01/2014/113,,ML,Meghalaya,West Khasi Hills,25.7699,91.1405,2014,Rainfall,Active,Escarpment Slope- (ES),"Gneiss, Archaean to Proterozoic, Basement Genessic Complex of Meghalaya",Deciduous,3795.0,MultiPolygon
LS2014_001363,1,positive,bhuvan_2014,ML/WK/78O01/2014/116,,ML,Meghalaya,West Khasi Hills,25.7688,91.129,2014,Rainfall,Active,Denudational Hills - Moderately Dissected (DHM),"Gneiss, Archaean to Proterozoic, Basement Genessic Complex of Meghalaya",Deciduous,3131.0,MultiPolygon
LS2014_001364,1,positive,bhuvan_2014,ML/WK/78O01/2014/117,,ML,Meghalaya,West Khasi Hills,25.7681,91.1289,2014,Rainfall,Active,Denudational Hills - Moderately Dissected (DHM),"Gneiss, Archaean to Proterozoic, Basement Genessic Complex of Meghalaya",River / Stream / Canals,1202.0,MultiPolygon
LS2014_001365,1,positive,bhuvan_2014,ML/WK/78O01/2014/118,,ML,Meghalaya,West Khasi Hills,25.7659,91.1253,2014,Rainfall,Active,Denudational Hills - Moderately Dissected (DHM),"Gneiss, Archaean to Proterozoic, Basement Genessic Complex of Meghalaya",Deciduous,1624.0,MultiPolygon
LS2014_001366,1,positive,bhuvan_2014,ML/WK/78O01/2014/122,,ML,Meghalaya,West Khasi Hills,25.7629,91.1427,2014,Rainfall,Active,Lower Plateau - Moderately Dissected (LPM),"Granite,Plutonic,Granite",Deciduous,2435.0,MultiPolygon
LS2014_001367,1,positive,bhuvan_2014,ML/WK/78O01/2014/124,,ML,Meghalaya,West Khasi Hills,25.7616,91.1258,2014,Rainfall,Active,Escarpment Slope- (ES),"Gneiss, Archaean to Proterozoic, Basement Genessic Complex of Meghalaya",Deciduous,301.0,MultiPolygon
LS2014_001368,1,positive,bhuvan_2014,ML/WK/78O01/2014/125,,ML,Meghalaya,West Khasi Hills,25.7616,91.1244,2014,Rainfall,Active,Escarpment Slope- (ES),"Gneiss, Archaean to Proterozoic, Basement Genessic Complex of Meghalaya",Deciduous,845.0,MultiPolygon
LS2014_001369,1,positive,bhuvan_2014,ML/EG/78K13/2014/32,,ML,Meghalaya,East Garo Hills,25.8359,90.9951,2014,Rainfall,Active,Denudational Hills - Moderately Dissected (DHM),"Gneiss, Archaean to Proterozoic, Basement Genessic Complex of Meghalaya",Scrub Forest,1165.0,MultiPolygon
LS2014_001370,1,positive,bhuvan_2014,ML/EG/78K13/2014/35,,ML,Meghalaya,East Garo Hills,25.832,90.9897,2014,Rainfall,Active,Denudational Hills - Moderately Dissected (DHM),"Gneiss, Archaean to Proterozoic, Basement Genessic Complex of Meghalaya",Scrub Forest,696.0,MultiPolygon
LS2014_001371,1,positive,bhuvan_2014,ML/WK/78O01/2014/12,,ML,Meghalaya,West Khasi Hills,25.8286,91.0914,2014,Rainfall,Active,Denudational Hills - Moderately Dissected (DHM),"Gneiss, Archaean to Proterozoic, Basement Genessic Complex of Meghalaya",Deciduous,488.0,MultiPolygon
LS2014_001372,1,positive,bhuvan_2014,ML/WK/78O01/2014/13,,ML,Meghalaya,West Khasi Hills,25.8279,91.1502,2014,Rainfall,Active,Escarpment Slope- (ES),"Gneiss, Archaean to Proterozoic, Basement Genessic Complex of Meghalaya",Deciduous,2365.0,MultiPolygon
LS2014_001373,1,positive,bhuvan_2014,ML/WK/78O01/2014/14,,ML,Meghalaya,West Khasi Hills,25.8258,91.152,2014,Rainfall,Active,Escarpment Slope- (ES),"Gneiss, Archaean to Proterozoic, Basement Genessic Complex of Meghalaya",Deciduous,1954.0,MultiPolygon
LS2014_001374,1,positive,bhuvan_2014,ML/WK/78O01/2014/15,,ML,Meghalaya,West Khasi Hills,25.8251,91.1517,2014,Rainfall,Active,Escarpment Slope- (ES),"Gneiss, Archaean to Proterozoic, Basement Genessic Complex of Meghalaya",Deciduous,4549.0,MultiPolygon
LS2014_001375,1,positive,bhuvan_2014,ML/WK/78O01/2014/17,,ML,Meghalaya,West Khasi Hills,25.8233,91.1516,2014,Rainfall,Active,Escarpment Slope- (ES),"Gneiss, Archaean to Proterozoic, Basement Genessic Complex of Meghalaya",Deciduous,9025.0,MultiPolygon
LS2014_001376,1,positive,bhuvan_2014,ML/WK/78O01/2014/18,,ML,Meghalaya,West Khasi Hills,25.8218,91.1516,2014,Rainfall,Active,Escarpment Slope- (ES),"Gneiss, Archaean to Proterozoic, Basement Genessic Complex of Meghalaya",River / Stream / Canals,4013.0,MultiPolygon
LS2014_001377,1,positive,bhuvan_2014,ML/WK/78O01/2014/19,,ML,Meghalaya,West Khasi Hills,25.8216,91.149,2014,Rainfall,Active,Escarpment Slope- (ES),"Gneiss, Archaean to Proterozoic, Basement Genessic Complex of Meghalaya",Deciduous,1218.0,MultiPolygon
LS2014_001378,1,positive,bhuvan_2014,ML/WK/78O01/2014/20,,ML,Meghalaya,West Khasi Hills,25.8209,91.1499,2014,Rainfall,Active,Escarpment Slope- (ES),"Gneiss, Archaean to Proterozoic, Basement Genessic Complex of Meghalaya",Deciduous,595.0,MultiPolygon
LS2014_001379,1,positive,bhuvan_2014,ML/WK/78O01/2014/21,,ML,Meghalaya,West Khasi Hills,25.8197,91.1481,2014,Rainfall,Active,Escarpment Slope- (ES),"Gneiss, Archaean to Proterozoic, Basement Genessic Complex of Meghalaya",Deciduous,1043.0,MultiPolygon
LS2014_001380,1,positive,bhuvan_2014,ML/WK/78O01/2014/22,,ML,Meghalaya,West Khasi Hills,25.8182,91.1462,2014,Rainfall,Active,Escarpment Slope- (ES),"Gneiss, Archaean to Proterozoic, Basement Genessic Complex of Meghalaya",Deciduous,4580.0,MultiPolygon
LS2014_001381,1,positive,bhuvan_2014,ML/WK/78O01/2014/23,,ML,Meghalaya,West Khasi Hills,25.8167,91.1435,2014,Rainfall,Active,Escarpment Slope- (ES),"Gneiss, Archaean to Proterozoic, Basement Genessic Complex of Meghalaya",Deciduous,1811.0,MultiPolygon
LS2014_001382,1,positive,bhuvan_2014,ML/WK/78O01/2014/24,,ML,Meghalaya,West Khasi Hills,25.8167,91.14,2014,Rainfall,Active,Denudational Hill- Highly Dissected (DHH),"Gneiss, Archaean to Proterozoic, Basement Genessic Complex of Meghalaya",Deciduous,777.0,MultiPolygon
LS2014_001383,1,positive,bhuvan_2014,ML/WK/78O01/2014/25,,ML,Meghalaya,West Khasi Hills,25.816,91.1396,2014,Rainfall,Active,Denudational Hill- Highly Dissected (DHH),"Gneiss, Archaean to Proterozoic, Basement Genessic Complex of Meghalaya",Deciduous,2582.0,MultiPolygon
LS2014_001384,1,positive,bhuvan_2014,ML/WK/78O01/2014/26,,ML,Meghalaya,West Khasi Hills,25.8157,91.1386,2014,Rainfall,Active,Denudational Hill- Highly Dissected (DHH),"Gneiss, Archaean to Proterozoic, Basement Genessic Complex of Meghalaya",Deciduous,2030.0,MultiPolygon
LS2014_001385,1,positive,bhuvan_2014,ML/WK/78O01/2014/27,,ML,Meghalaya,West Khasi Hills,25.8155,91.1435,2014,Rainfall,Active,Escarpment Slope- (ES),"Gneiss, Archaean to Proterozoic, Basement Genessic Complex of Meghalaya",Deciduous,1118.0,MultiPolygon
LS2014_001386,1,positive,bhuvan_2014,ML/WK/78O01/2014/28,,ML,Meghalaya,West Khasi Hills,25.8144,91.1451,2014,Rainfall,Active,Escarpment Slope- (ES),"Gneiss, Archaean to Proterozoic, Basement Genessic Complex of Meghalaya",Deciduous,407.0,MultiPolygon
LS2014_001387,1,positive,bhuvan_2014,ML/WK/78O01/2014/29,,ML,Meghalaya,West Khasi Hills,25.8142,91.1407,2014,Rainfall,Active,Escarpment Slope- (ES),"Gneiss, Archaean to Proterozoic, Basement Genessic Complex of Meghalaya",Deciduous,5890.0,MultiPolygon
LS2014_001388,1,positive,bhuvan_2014,ML/WK/78O08/2014/239,,ML,Meghalaya,West Khasi Hills,25.2239,91.2515,2014,Rainfall,Active,Escarpment Slope- (ES),"Shale with sandatone, limestone and coal bands(Jaintia Gr)",Deciduous,786.0,MultiPolygon
LS2014_001389,1,positive,bhuvan_2014,ML/WK/78O03/2014/230,,ML,Meghalaya,West Khasi Hills,25.2823,91.2373,2014,Rainfall,Active,Lower Plateau - Moderately Dissected (LPM),"Shale with sandatone, limestone and coal bands(Jaintia Gr)",Deciduous,672.0,MultiPolygon
LS2014_001390,1,positive,bhuvan_2014,ML/WK/78O03/2014/231,,ML,Meghalaya,West Khasi Hills,25.282,91.2378,2014,Rainfall,Active,Lower Plateau - Moderately Dissected (LPM),"Shale with sandatone, limestone and coal bands(Jaintia Gr)",Deciduous,444.0,MultiPolygon
LS2014_001391,1,positive,bhuvan_2014,ML/WK/78O07/2014/232,,ML,Meghalaya,West Khasi Hills,25.2768,91.2645,2014,Rainfall,Active,Escarpment Slope- (ES),"Shale with sandatone, limestone and coal bands(Jaintia Gr)",Deciduous,1511.0,MultiPolygon
LS2014_001392,1,positive,bhuvan_2014,ML/WK/78O07/2014/217,,ML,Meghalaya,West Khasi Hills,25.3295,91.2702,2014,Rainfall,Active,Escarpment Slope- (ES),"Gneiss, Archaean to Proterozoic, Basement Genessic Complex of Meghalaya",Deciduous,995.0,MultiPolygon
LS2014_001393,1,positive,bhuvan_2014,ML/WK/78O07/2014/218,,ML,Meghalaya,West Khasi Hills,25.3283,91.272,2014,Rainfall,Active,Escarpment Slope- (ES),"Gneiss, Archaean to Proterozoic, Basement Genessic Complex of Meghalaya",Deciduous,231.0,MultiPolygon
LS2014_001394,1,positive,bhuvan_2014,ML/WK/78O07/2014/221,,ML,Meghalaya,West Khasi Hills,25.3214,91.2724,2014,Rainfall,Active,Escarpment Slope- (ES),"Gneiss, Archaean to Proterozoic, Basement Genessic Complex of Meghalaya",Deciduous,548.0,MultiPolygon
LS2014_001395,1,positive,bhuvan_2014,ML/WK/78O07/2014/195,,ML,Meghalaya,West Khasi Hills,25.4191,91.2627,2014,Rainfall,Active,Middle Plateau-moderately dissected(MPM),"Gneiss(Meghalaya Gneissic Complex),Archaean-Proterozoic",Deciduous,403.0,MultiPolygon
LS2014_001396,1,positive,bhuvan_2014,ML/WK/78O06/2014/160,,ML,Meghalaya,West Khasi Hills,25.729,91.3006,2014,Rainfall,Active,Escarpment Slope- (ES),"Gneiss(Meghalaya Gneissic Complex),Archaean-Proterozoic",Deciduous,1760.0,MultiPolygon
LS2014_001397,1,positive,bhuvan_2014,ML/WK/78O06/2014/164,,ML,Meghalaya,West Khasi Hills,25.7188,91.2534,2014,Rainfall,Active,Escarpment Slope- (ES),"Granite,Plutonic,Granite",Deciduous,0.0,MultiPolygon
LS2014_001398,1,positive,bhuvan_2014,ML/WK/78O06/2014/165,,ML,Meghalaya,West Khasi Hills,25.7183,91.2545,2014,Rainfall,Active,Escarpment Slope- (ES),"Granite,Plutonic,Granite",Deciduous,0.0,MultiPolygon
LS2014_001399,1,positive,bhuvan_2014,ML/WK/78O06/2014/166,,ML,Meghalaya,West Khasi Hills,25.7161,91.2669,2014,Rainfall,Active,Escarpment Slope- (ES),"Gneiss(Meghalaya Gneissic Complex),Archaean-Proterozoic",Deciduous,0.0,MultiPolygon
LS2014_001400,1,positive,bhuvan_2014,ML/WK/78O06/2014/167,,ML,Meghalaya,West Khasi Hills,25.7153,91.2742,2014,Rainfall,Active,Escarpment Slope- (ES),"Gneiss(Meghalaya Gneissic Complex),Archaean-Proterozoic",Deciduous,2019.0,MultiPolygon
LS2014_001401,1,positive,bhuvan_2014,ML/WK/78O06/2014/158,,ML,Meghalaya,West Khasi Hills,25.7328,91.4274,2014,Rainfall,Active,Escarpment Slope- (ES),"Gneiss(Meghalaya Gneissic Complex),Archaean-Proterozoic",Deciduous,988.0,MultiPolygon
LS2014_001402,1,positive,bhuvan_2014,ML/EK/78O11/2014/139,,ML,Meghalaya,East Khasi Hills,25.2639,91.6663,2014,Rainfall,Active,Escarpment Slope- (ES),"Quartzite(Shillong Gr),Paleo-meso-proterozoic",Deciduous,3767.0,MultiPolygon
LS2014_001403,1,positive,bhuvan_2014,ML/EK/78O11/2014/140,,ML,Meghalaya,East Khasi Hills,25.2634,91.6671,2014,Rainfall,Active,Escarpment Slope- (ES),"Quartzite(Shillong Gr),Paleo-meso-proterozoic",Deciduous,504.0,MultiPolygon
LS2014_001404,1,positive,bhuvan_2014,ML/EK/78O11/2014/116,,ML,Meghalaya,East Khasi Hills,25.3287,91.5648,2014,Rainfall,Active,Escarpment Slope- (ES),"Gneiss(Meghalaya Gneissic Complex),Archaean-Proterozoic",Deciduous,2735.0,MultiPolygon
LS2014_001405,1,positive,bhuvan_2014,ML/RB/78O09/2014/13,,ML,Meghalaya,Ribohi,25.9871,91.5637,2014,Rainfall,Active,Denudational Hills-moderately dissected(DHM),"Gneiss(Meghalaya Gneissic Complex),Archaean-Proterozoic",Deciduous,545.0,MultiPolygon
LS2014_001406,1,positive,bhuvan_2014,ML/EK/78O16/2014/150,,ML,Meghalaya,East Khasi Hills,25.2335,91.8732,2014,Rainfall,Active,Escarpment Slope- (ES),"Shale with sandatone, limestone and coal bands(Jaintia Gr),Paleocene-eocene",Deciduous,2182.0,MultiPolygon
LS2014_001407,1,positive,bhuvan_2014,ML/EK/78O15/2014/128,,ML,Meghalaya,East Khasi Hills,25.2818,91.8055,2014,Rainfall,Active,Escarpment Slope- (ES),"Quartzite(Shillong Gr),Paleo-meso-proterozoic",Deciduous,1403.0,MultiPolygon
LS2014_001408,1,positive,bhuvan_2014,ML/EK/78O15/2014/132,,ML,Meghalaya,East Khasi Hills,25.2744,91.8259,2014,Rainfall,Active,Escarpment Slope- (ES),"Quartzite(Shillong Gr),Paleo-meso-proterozoic",Deciduous,1651.0,MultiPolygon
LS2014_001409,1,positive,bhuvan_2014,ML/EK/78O15/2014/134,,ML,Meghalaya,East Khasi Hills,25.2725,91.8045,2014,Rainfall,Active,Escarpment Slope- (ES),"Quartzite(Shillong Gr),Paleo-meso-proterozoic",Deciduous,7760.0,MultiPolygon
LS2014_001410,1,positive,bhuvan_2014,ML/EK/78O15/2014/135,,ML,Meghalaya,East Khasi Hills,25.2716,91.8034,2014,Rainfall,Active,Escarpment Slope- (ES),"Quartzite(Shillong Gr),Paleo-meso-proterozoic",Deciduous,1716.0,MultiPolygon
LS2014_001411,1,positive,bhuvan_2014,ML/EK/78O15/2014/137,,ML,Meghalaya,East Khasi Hills,25.266,91.8568,2014,Rainfall,Active,Lower PLateau-moderately dissected(LPM),"Shale with sandatone, limestone and coal bands(Jaintia Gr),Paleocene-eocene",Deciduous,692.0,MultiPolygon
LS2014_001412,1,positive,bhuvan_2014,ML/EK/78O15/2014/141,,ML,Meghalaya,East Khasi Hills,25.2619,91.8549,2014,Rainfall,Active,Lower PLateau-moderately dissected(LPM),"Shale with sandatone, limestone and coal bands(Jaintia Gr),Paleocene-eocene",Deciduous,447.0,MultiPolygon
LS2014_001413,1,positive,bhuvan_2014,ML/EK/78O15/2014/126,,ML,Meghalaya,East Khasi Hills,25.2837,91.99,2014,Rainfall,Active,Escarpment Slope- (ES),"Quartzite(Shillong Gr),Paleo-meso-proterozoic",Deciduous,2961.0,MultiPolygon
LS2014_001414,1,positive,bhuvan_2014,ML/EK/78O15/2014/129,,ML,Meghalaya,East Khasi Hills,25.2794,91.9728,2014,Rainfall,Active,Escarpment Slope- (ES),"Quartzite(Shillong Gr),Paleo-meso-proterozoic",Deciduous,1618.0,MultiPolygon
LS2014_001415,1,positive,bhuvan_2014,ML/EK/78O15/2014/130,,ML,Meghalaya,East Khasi Hills,25.2783,91.971,2014,Rainfall,Active,Escarpment Slope- (ES),"Quartzite(Shillong Gr),Paleo-meso-proterozoic",Deciduous,3729.0,MultiPolygon
LS2014_001416,1,positive,bhuvan_2014,ML/EK/78O15/2014/131,,ML,Meghalaya,East Khasi Hills,25.2751,91.982,2014,Rainfall,Active,Escarpment Slope- (ES),"Quartzite(Shillong Gr),Paleo-meso-proterozoic",Deciduous,2268.0,MultiPolygon
LS2014_001417,1,positive,bhuvan_2014,ML/EK/78O15/2014/133,,ML,Meghalaya,East Khasi Hills,25.2726,91.9804,2014,Rainfall,Active,Escarpment Slope- (ES),"Quartzite(Shillong Gr),Paleo-meso-proterozoic",Deciduous,1403.0,MultiPolygon
LS2014_001418,1,positive,bhuvan_2014,ML/EK/78O15/2014/136,,ML,Meghalaya,East Khasi Hills,25.2686,91.9802,2014,Rainfall,Active,Escarpment Slope- (ES),"Quartzite(Shillong Gr),Paleo-meso-proterozoic",Deciduous,10434.0,MultiPolygon
LS2014_001419,1,positive,bhuvan_2014,ML/EK/78O15/2014/138,,ML,Meghalaya,East Khasi Hills,25.264,91.9725,2014,Rainfall,Active,Escarpment Slope- (ES),"Quartzite(Shillong Gr),Paleo-meso-proterozoic",Deciduous,3909.0,MultiPolygon
LS2014_001420,1,positive,bhuvan_2014,ML/EK/78O15/2014/117,,ML,Meghalaya,East Khasi Hills,25.3218,91.8245,2014,Rainfall,Active,Escarpment Slope- (ES),"Quartzite(Shillong Gr),Paleo-meso-proterozoic",Deciduous,2391.0,MultiPolygon
LS2014_001421,1,positive,bhuvan_2014,ML/EK/78O15/2014/120,,ML,Meghalaya,East Khasi Hills,25.3199,91.8297,2014,Rainfall,Active,Escarpment Slope- (ES),"Quartzite(Shillong Gr),Paleo-meso-proterozoic",Deciduous,1165.0,MultiPolygon
LS2014_001422,1,positive,bhuvan_2014,ML/EK/78O15/2014/92,,ML,Meghalaya,East Khasi Hills,25.3655,91.8671,2014,Rainfall,Active,Escarpment Slope- (ES),"Quartzite(Shillong Gr),Paleo-meso-proterozoic",Deciduous,3337.0,MultiPolygon
LS2014_001423,1,positive,bhuvan_2014,ML/EK/78O15/2014/93,,ML,Meghalaya,East Khasi Hills,25.3643,91.8527,2014,Rainfall,Active,Escarpment Slope- (ES),"Quartzite(Shillong Gr),Paleo-meso-proterozoic",Deciduous,861.0,MultiPolygon
LS2014_001424,1,positive,bhuvan_2014,ML/EK/78O15/2014/94,,ML,Meghalaya,East Khasi Hills,25.3623,91.8474,2014,Rainfall,Active,Escarpment Slope- (ES),"Quartzite(Shillong Gr),Paleo-meso-proterozoic",Deciduous,1314.0,MultiPolygon
LS2014_001425,1,positive,bhuvan_2014,ML/EK/78O15/2014/114,,ML,Meghalaya,East Khasi Hills,25.3324,91.9479,2014,Rainfall,Active,Escarpment Slope- (ES),"Quartzite(Shillong Gr),Paleo-meso-proterozoic",Deciduous,6528.0,MultiPolygon
LS2014_001426,1,positive,bhuvan_2014,ML/EK/78O15/2014/80,,ML,Meghalaya,East Khasi Hills,25.3853,91.9643,2014,Rainfall,Active,Escarpment Slope- (ES),"Quartzite(Shillong Gr),Paleo-Meso-Proterozoic",Deciduous,3307.0,MultiPolygon
LS2014_001427,1,positive,bhuvan_2014,ML/EK/78O15/2014/85,,ML,Meghalaya,East Khasi Hills,25.3804,91.9394,2014,Rainfall,Active,Escarpment Slope- (ES),"Quartzite(Shillong Gr),Paleo-meso-proterozoic",Deciduous,27093.0,MultiPolygon
LS2014_001428,1,positive,bhuvan_2014,ML/EK/78O15/2014/86,,ML,Meghalaya,East Khasi Hills,25.38,91.9677,2014,Rainfall,Active,Escarpment Slope- (ES),"Quartzite(Shillong Gr),Paleo-meso-proterozoic",Deciduous,8127.0,MultiPolygon
LS2014_001429,1,positive,bhuvan_2014,ML/EK/78O15/2014/90,,ML,Meghalaya,East Khasi Hills,25.3689,91.9465,2014,Rainfall,Active,Escarpment Slope- (ES),"Quartzite(Shillong Gr),Paleo-meso-proterozoic",Deciduous,2543.0,MultiPolygon
LS2014_001430,1,positive,bhuvan_2014,ML/EK/78O15/2014/91,,ML,Meghalaya,East Khasi Hills,25.3671,91.9734,2014,Rainfall,Active,Escarpment Slope- (ES),"Quartzite(Shillong Gr),Paleo-meso-proterozoic",Deciduous,1625.0,MultiPolygon
LS2014_001431,1,positive,bhuvan_2014,ML/EK/78O15/2014/22,,ML,Meghalaya,East Khasi Hills,25.486,91.8075,2014,Rainfall,Active,Upper Plateau Undissected(UPU),"Quartzite(Shillong Gr),Paleo-meso-proterozoic",Cropland,1619.0,MultiPolygon
LS2014_001432,1,positive,bhuvan_2014,ML/EK/78O15/2014/23,,ML,Meghalaya,East Khasi Hills,25.4846,91.8124,2014,Rainfall,Active,Upper Plateau Undissected(UPU),"Quartzite(Shillong Gr),Paleo-meso-proterozoic",River / Stream / Canals,2392.0,MultiPolygon
LS2014_001433,1,positive,bhuvan_2014,ML/EK/78O15/2014/28,,ML,Meghalaya,East Khasi Hills,25.4773,91.8191,2014,Rainfall,Active,Upper Plateau Undissected(UPU),"Granite(Myellium Granite),Neo-Proterozoic-Early-Proterozoic",Deciduous,676.0,MultiPolygon
LS2014_001434,1,positive,bhuvan_2014,ML/EK/78O15/2014/30,,ML,Meghalaya,East Khasi Hills,25.477,91.8654,2014,Rainfall,Active,Upper Plateau Undissected(UPU),"Granite(Myellium Granite),Neo-Proterozoic-Early-Proterozoic",Scrub land,1225.0,MultiPolygon
LS2014_001435,1,positive,bhuvan_2014,ML/EK/78O15/2014/33,,ML,Meghalaya,East Khasi Hills,25.4736,91.8315,2014,Rainfall,Active,Upper Plateau Undissected(UPU),"Granite(Myellium Granite),Neo-Proterozoic-Early-Proterozoic",Cropland,1308.0,MultiPolygon
LS2014_001436,1,positive,bhuvan_2014,ML/EK/78O15/2014/34,,ML,Meghalaya,East Khasi Hills,25.4709,91.8418,2014,Rainfall,Active,Upper Plateau Undissected(UPU),"Granite(Myellium Granite),Neo-Proterozoic-Early-Proterozoic",Deciduous,1895.0,MultiPolygon
LS2014_001437,1,positive,bhuvan_2014,ML/EK/78O15/2014/50,,ML,Meghalaya,East Khasi Hills,25.4305,91.9872,2014,Rainfall,Active,Escarpment Slope- (ES),"Quartzite(Shillong Gr),Paleo-meso-proterozoic",Deciduous,3338.0,MultiPolygon
LS2014_001438,1,positive,bhuvan_2014,ML/EK/78O15/2014/51,,ML,Meghalaya,East Khasi Hills,25.4291,91.9823,2014,Rainfall,Active,Escarpment Slope- (ES),"Quartzite(Shillong Gr),Paleo-meso-proterozoic",Deciduous,2576.0,MultiPolygon
LS2014_001439,1,positive,bhuvan_2014,ML/EK/78O15/2014/52,,ML,Meghalaya,East Khasi Hills,25.426,91.9768,2014,Rainfall,Active,Escarpment Slope- (ES),"Quartzite(Shillong Gr),Paleo-meso-proterozoic",Deciduous,6863.0,MultiPolygon
LS2014_001440,1,positive,bhuvan_2014,ML/EK/78O15/2014/58,,ML,Meghalaya,East Khasi Hills,25.4209,91.9703,2014,Rainfall,Active,Escarpment Slope- (ES),"Quartzite(Shillong Gr),Paleo-meso-proterozoic",Deciduous,803.0,MultiPolygon
LS2014_001441,1,positive,bhuvan_2014,ML/EK/78O15/2014/19,,ML,Meghalaya,East Khasi Hills,25.488,91.9904,2014,Rainfall,Active,Escarpment Slope- (ES),"Quartzite(Shillong Gr),Paleo-meso-proterozoic",Deciduous,983.0,MultiPolygon
LS2014_001442,1,positive,bhuvan_2014,ML/EK/78O15/2014/20,,ML,Meghalaya,East Khasi Hills,25.4876,91.9686,2014,Rainfall,Active,Middle Plateau-moderately dissected(MPM),"Quartzite(Shillong Gr),Paleo-meso-proterozoic",Scrub land,2069.0,MultiPolygon
LS2014_001443,1,positive,bhuvan_2014,ML/EK/78O15/2014/21,,ML,Meghalaya,East Khasi Hills,25.4871,91.9441,2014,Rainfall,Active,Upper Plateau-moderately dissected(UPM),"Quartzite(Shillong Gr),Paleo-meso-proterozoic",Barren Rocky,1189.0,MultiPolygon
LS2014_001444,1,positive,bhuvan_2014,ML/EK/78O15/2014/25,,ML,Meghalaya,East Khasi Hills,25.4827,91.9519,2014,Rainfall,Active,Upper Plateau-moderately dissected(UPM),"Quartzite(Shillong Gr),Paleo-meso-proterozoic",Deciduous,3221.0,MultiPolygon
LS2014_001445,1,positive,bhuvan_2014,ML/EK/78O15/2014/26,,ML,Meghalaya,East Khasi Hills,25.4816,91.9455,2014,Rainfall,Active,Upper Plateau-moderately dissected(UPM),"Quartzite(Shillong Gr),Paleo-meso-proterozoic",Deciduous,1151.0,MultiPolygon
LS2014_001446,1,positive,bhuvan_2014,ML/EK/78O14/2014/3,,ML,Meghalaya,East Khasi Hills,25.5786,91.9886,2014,Rainfall,Active,Escarpment Slope- (ES),"Quartzite(Shillong Gr),Paleo-meso-proterozoic",Deciduous,2524.0,MultiPolygon
LS2014_001447,1,positive,bhuvan_2014,ML/EK/78O14/2014/4,,ML,Meghalaya,East Khasi Hills,25.5768,91.9938,2014,Rainfall,Active,Escarpment Slope- (ES),"Quartzite(Shillong Gr),Paleo-meso-proterozoic",Scrub land,1673.0,MultiPolygon
LS2014_001448,1,positive,bhuvan_2014,ML/RB/78O13/2014/39,,ML,Meghalaya,Ribohi,25.7686,91.8755,2014,Rainfall,Active,Intermontane Valley-(IV),"Granite,Plutonic,Granite",Rural,3976.0,MultiPolygon
LS2014_001449,1,positive,bhuvan_2014,ML/RB/78O13/2014/15,,ML,Meghalaya,Ribohi,25.9848,91.8722,2014,Rainfall,Active,Denudational Hills-moderately dissected(DHM),"Gneiss(Meghalaya Gneissic Complex),Archaean-Proterozoic",Cuirrent Shifting Cultivation,3334.0,MultiPolygon
LS2014_001450,1,positive,bhuvan_2014,ML/RB/78O13/2014/17,,ML,Meghalaya,Ribohi,25.9657,91.8418,2014,Rainfall,Active,Denudational Hills-moderately dissected(DHM),"Gneiss(Meghalaya Gneissic Complex),Archaean-Proterozoic",Deciduous,4757.0,MultiPolygon
LS2014_001451,1,positive,bhuvan_2014,ML/JH/83C04/2014/102,,ML,Meghalaya,Jaintia Hills,25.1787,92.2362,2014,Rainfall,Active,Escarpment Slope- (ES),"Shale with sandatone, limestone and coal bands(Jaintia Gr),Paleocene-eocene",Deciduous,3082.0,MultiPolygon
LS2014_001452,1,positive,bhuvan_2014,ML/JH/83C04/2014/97,,ML,Meghalaya,Jaintia Hills,25.2303,92.0954,2014,Rainfall,Active,Middle Plateau-moderately dissected(MPM),"Shale with sandatone, limestone and coal bands(Jaintia Gr),Paleocene-eocene",Deciduous,1248.0,MultiPolygon
LS2014_001453,1,positive,bhuvan_2014,ML/JH/83C04/2014/98,,ML,Meghalaya,Jaintia Hills,25.2298,92.0952,2014,Rainfall,Active,Middle Plateau-moderately dissected(MPM),"Shale with sandatone, limestone and coal bands(Jaintia Gr),Paleocene-eocene",Deciduous,1378.0,MultiPolygon
LS2014_001454,1,positive,bhuvan_2014,ML/JH/83C04/2014/99,,ML,Meghalaya,Jaintia Hills,25.2287,92.0952,2014,Rainfall,Active,Middle Plateau-moderately dissected(MPM),"Shale with sandatone, limestone and coal bands(Jaintia Gr),Paleocene-eocene",Deciduous,1182.0,MultiPolygon
LS2014_001455,1,positive,bhuvan_2014,ML/JH/83C03/2014/91,,ML,Meghalaya,Jaintia Hills,25.2751,92.0955,2014,Rainfall,Active,Middle Plateau-moderately dissected(MPM),"Shale with sandatone, limestone and coal bands(Jaintia Gr),Paleocene-eocene",Scrub land,1143.0,MultiPolygon
LS2014_001456,1,positive,bhuvan_2014,ML/JH/83C03/2014/92,,ML,Meghalaya,Jaintia Hills,25.2745,92.0958,2014,Rainfall,Active,Middle Plateau-moderately dissected(MPM),"Shale with sandatone, limestone and coal bands(Jaintia Gr),Paleocene-eocene",Scrub land,1451.0,MultiPolygon
LS2014_001457,1,positive,bhuvan_2014,ML/EK/83C03/2014/112,,ML,Meghalaya,East Khasi Hills,25.3338,92.0865,2014,Rainfall,Active,Escarpment Slope- (ES),"Quartzite(Shillong Gr),Paleo-meso-proterozoic",Deciduous,2478.0,MultiPolygon
LS2014_001458,1,positive,bhuvan_2014,ML/EK/83C03/2014/122,,ML,Meghalaya,East Khasi Hills,25.3162,92.0963,2014,Rainfall,Active,Escarpment Slope- (ES),"Quartzite(Shillong Gr),Paleo-meso-proterozoic",Deciduous,5747.0,MultiPolygon
LS2014_001459,1,positive,bhuvan_2014,ML/JH/83C03/2014/41,,ML,Meghalaya,Jaintia Hills,25.3679,92.1308,2014,Rainfall,Active,Middle Plateau-moderately dissected(MPM),"Shale with sandatone, limestone and coal bands(Jaintia Gr),Paleocene-eocene",Scrub land,1099.0,MultiPolygon
LS2014_001460,1,positive,bhuvan_2014,ML/JH/83C03/2014/43,,ML,Meghalaya,Jaintia Hills,25.3636,92.1281,2014,Rainfall,Active,Middle Plateau-moderately dissected(MPM),"Shale with sandatone, limestone and coal bands(Jaintia Gr),Paleocene-eocene",Scrub land,1708.0,MultiPolygon
LS2014_001461,1,positive,bhuvan_2014,ML/EK/83C03/2014/32,,ML,Meghalaya,East Khasi Hills,25.4757,92.0925,2014,Rainfall,Active,Escarpment Slope- (ES),"Quartzite(Shillong Gr),Paleo-meso-proterozoic",Scrub land,509.0,MultiPolygon
LS2014_001462,1,positive,bhuvan_2014,ML/JH/83C03/2014/20,,ML,Meghalaya,Jaintia Hills,25.4663,92.1429,2014,Rainfall,Active,Escarpment Slope- (ES),"Quartzite(Shillong Gr),Paleo-meso-proterozoic",Scrub land,2804.0,MultiPolygon
LS2014_001463,1,positive,bhuvan_2014,ML/JH/83C03/2014/19,,ML,Meghalaya,Jaintia Hills,25.4666,92.2473,2014,Rainfall,Active,Intermontane Valley-(IV),"Gneiss, Archaean to Proterozoic, Basement Genessic Complex of Meghalaya",Deciduous,802.0,MultiPolygon
LS2014_001464,1,positive,bhuvan_2014,ML/JH/83C06/2014/6,,ML,Meghalaya,Jaintia Hills,25.5321,92.2661,2014,Rainfall,Active,Lower PLateau-weathered(LPW),"Gneiss(Meghalaya Gneissic Complex),Archaean-Proterozoic",Deciduous,7583.0,MultiPolygon
LS2014_001465,1,positive,bhuvan_2014,ML/RB/83C02/2014/45,,ML,Meghalaya,Ribohi,25.7297,92.1467,2014,Rainfall,Active,Lower PLateau-moderately dissected(LPM),"Quartzite(Shillong Gr),Paleo-meso-proterozoic",Deciduous,3159.0,MultiPolygon
LS2014_001466,1,positive,bhuvan_2014,ML/RB/83C02/2014/46,,ML,Meghalaya,Ribohi,25.7193,92.1189,2014,Rainfall,Active,Lower PLateau-moderately dissected(LPM),"Granite(Myellium Granite),Neo-Proterozoic-Early-Proterozoic",Deciduous,1953.0,MultiPolygon
LS2014_001467,1,positive,bhuvan_2014,ML/RB/83C01/2014/27,,ML,Meghalaya,Ribohi,25.8865,92.1193,2014,Rainfall,Active,Denudational Hills-moderately dissected(DHM),"Gneiss(Meghalaya Gneissic Complex),Archaean-Proterozoic",Cropland,5299.0,MultiPolygon
LS2014_001468,1,positive,bhuvan_2014,ML/RB/83C01/2014/29,,ML,Meghalaya,Ribohi,25.8762,92.1099,2014,Rainfall,Active,Denudational Hills-moderately dissected(DHM),"Granite(Myellium Granite),Neo-Proterozoic-Early-Proterozoic",Deciduous,1445.0,MultiPolygon
LS2014_001469,1,positive,bhuvan_2014,ML/RB/83B04/2014/6,,ML,Meghalaya,Ribohi,26.0385,92.1451,2014,Rainfall,Active,Denudational Hills-moderately dissected(DHM),"Gneiss(Meghalaya Gneissic Complex),Archaean-Proterozoic",Deciduous,4997.0,MultiPolygon
LS2014_001470,1,positive,bhuvan_2014,ML/RB/83B04/2014/8,,ML,Meghalaya,Ribohi,26.0348,92.1319,2014,Rainfall,Active,Denudational Hills-moderately dissected(DHM),"Gneiss(Meghalaya Gneissic Complex),Archaean-Proterozoic",Deciduous,51432.0,MultiPolygon
LS2014_001471,1,positive,bhuvan_2014,ML/RB/83B04/2014/9,,ML,Meghalaya,Ribohi,26.029,92.1449,2014,Rainfall,Active,Denudational Hills-moderately dissected(DHM),"Gneiss(Meghalaya Gneissic Complex),Archaean-Proterozoic",Scrub Forest,2008.0,MultiPolygon
LS2014_001472,1,positive,bhuvan_2014,ML/RB/83B04/2014/2,,ML,Meghalaya,Ribohi,26.0652,92.1558,2014,Rainfall,Active,Denudational Hills-moderately dissected(DHM),"Gneiss(Meghalaya Gneissic Complex),Archaean-Proterozoic",Deciduous,383.0,MultiPolygon
LS2014_001473,1,positive,bhuvan_2014,ML/RB/83B04/2014/3,,ML,Meghalaya,Ribohi,26.0651,92.1555,2014,Rainfall,Active,Denudational Hills-moderately dissected(DHM),"Gneiss(Meghalaya Gneissic Complex),Archaean-Proterozoic",Deciduous,265.0,MultiPolygon
LS2014_001474,1,positive,bhuvan_2014,ML/JH/83C08/2014/103,,ML,Meghalaya,Jaintia Hills,25.1259,92.4292,2014,Rainfall,Active,Structural Hill-moderately dissected(SHM),"Sandstone with shale & coal bands(Barail Gr),Eocene-Oligocene",Evergreen / Semi evergreen,1491.0,MultiPolygon
LS2014_001475,1,positive,bhuvan_2014,ML/JH/83C08/2014/104,,ML,Meghalaya,Jaintia Hills,25.1245,92.4293,2014,Rainfall,Active,Structural Hill-moderately dissected(SHM),"Sandstone with shale & coal bands(Barail Gr),Eocene-Oligocene",Evergreen / Semi evergreen,1243.0,MultiPolygon
LS2014_001476,1,positive,bhuvan_2014,ML/JH/83C08/2014/105,,ML,Meghalaya,Jaintia Hills,25.1194,92.4296,2014,Rainfall,Active,Structural Hill-moderately dissected(SHM),"Sandstone with shale & coal bands(Barail Gr),Eocene-Oligocene",Evergreen / Semi evergreen,2936.0,MultiPolygon
LS2014_001477,1,positive,bhuvan_2014,ML/JH/83C07/2014/33,,ML,Meghalaya,Jaintia Hills,25.4139,92.4352,2014,Rainfall,Active,Middle Plateau-moderately dissected(MPM),"Shale with sandatone, limestone and coal bands(Jaintia Gr),Paleocene-eocene",Scrub land,3091.0,MultiPolygon
LS2014_001478,1,positive,bhuvan_2014,ML/JH/83C11/2014/26,,ML,Meghalaya,Jaintia Hills,25.431,92.5284,2014,Rainfall,Active,Middle Plateau-moderately dissected(MPM),"Shale with sandatone, limestone and coal bands(Jaintia Gr),Paleocene-eocene",Scrub land,876.0,MultiPolygon
LS2014_001479,1,positive,bhuvan_2014,ML/JH/83C11/2014/27,,ML,Meghalaya,Jaintia Hills,25.4305,92.524,2014,Rainfall,Active,Middle Plateau-moderately dissected(MPM),"Shale with sandatone, limestone and coal bands(Jaintia Gr),Paleocene-eocene",Scrub land,1029.0,MultiPolygon
LS2014_001480,1,positive,bhuvan_2014,ML/JH/83C06/2014/3,,ML,Meghalaya,Jaintia Hills,25.5634,92.3914,2014,Rainfall,Active,Middle Plateau (Weathered),"Quartzite(Shillong Gr),Paleo-meso-proterozoic",Deciduous,3538.0,MultiPolygon
LS2014_001481,1,positive,bhuvan_2014,ML/JH/83C06/2014/1,,ML,Meghalaya,Jaintia Hills,25.6311,92.3871,2014,Rainfall,Active,Lower PLateau-weathered(LPW),"Quartzite(Shillong Gr),Paleo-meso-proterozoic",Deciduous,820.0,MultiPolygon
LS2014_001482,1,positive,bhuvan_2014,ML/JH/83C06/2014/2,,ML,Meghalaya,Jaintia Hills,25.6311,92.3709,2014,Rainfall,Active,Lower PLateau-weathered(LPW),"Quartzite(Shillong Gr),Paleo-meso-proterozoic",Deciduous,2461.0,MultiPolygon
LS2014_001483,1,positive,bhuvan_2014,MN/CC/83H04/2014/172,,MN,Manipur,Churachandpur,24.0499,93.1059,2014,Rainfall,Active,Structural hills-Highly Dissected(SHH),"Bhuban Formation,Surma Group/Shale with Sandstone",Deciduous,519.0,MultiPolygon
LS2014_001484,1,positive,bhuvan_2014,MN/CC/83H04/2014/161,,MN,Manipur,Churachandpur,24.1253,93.0226,2014,Rainfall,Active,Structural hills-Highly Dissected(SHH),"Bhuban Formation,Surma Group/Shale with Sandstone",Scrub land,525.0,MultiPolygon
LS2014_001485,1,positive,bhuvan_2014,MN/CC/83H04/2014/162,,MN,Manipur,Churachandpur,24.1236,93.0251,2014,Rainfall,Active,Structural hills-Highly Dissected(SHH),"Bhuban Formation,Surma Group/Shale with Sandstone",Scrub land,1348.0,MultiPolygon
LS2014_001486,1,positive,bhuvan_2014,MN/CC/83H04/2014/163,,MN,Manipur,Churachandpur,24.1228,93.0189,2014,Rainfall,Active,Structural hills-Highly Dissected(SHH),"Bhuban Formation,Surma Group/Shale with Sandstone",Scrub land,431.0,MultiPolygon
LS2014_001487,1,positive,bhuvan_2014,MN/CC/83H04/2014/164,,MN,Manipur,Churachandpur,24.1225,93.0254,2014,Rainfall,Active,Structural hills-Highly Dissected(SHH),"Bhuban Formation,Surma Group/Shale with Sandstone",Scrub land,586.0,MultiPolygon
LS2014_001488,1,positive,bhuvan_2014,MN/CC/83H04/2014/165,,MN,Manipur,Churachandpur,24.1213,93.0241,2014,Rainfall,Active,Structural hills-Highly Dissected(SHH),"Bhuban Formation,Surma Group/Shale with Sandstone",Scrub land,2311.0,MultiPolygon
LS2014_001489,1,positive,bhuvan_2014,MN/CC/83H04/2014/166,,MN,Manipur,Churachandpur,24.1142,93.0198,2014,Rainfall,Active,Structural hills-Highly Dissected(SHH),"Bhuban Formation,Surma Group/Shale with Sandstone",Deciduous,1961.0,MultiPolygon
LS2014_001490,1,positive,bhuvan_2014,MN/CC/83H04/2014/130,,MN,Manipur,Churachandpur,24.2434,93.0496,2014,Rainfall,Active,Structural hills-Highly Dissected(SHH),"Bhuban Formation,Surma Group/Shale with Sandstone",Deciduous,1482.0,MultiPolygon
LS2014_001491,1,positive,bhuvan_2014,MN/CC/83H04/2014/132,,MN,Manipur,Churachandpur,24.2409,93.0459,2014,Rainfall,Active,Structural hills-Highly Dissected(SHH),"Bhuban Formation,Surma Group/Shale with Sandstone",Deciduous,808.0,MultiPolygon
LS2014_001492,1,positive,bhuvan_2014,MN/CC/83H04/2014/133,,MN,Manipur,Churachandpur,24.2398,93.0454,2014,Rainfall,Active,Structural hills-Highly Dissected(SHH),"Bhuban Formation,Surma Group/Shale with Sandstone",Deciduous,1187.0,MultiPolygon
LS2014_001493,1,positive,bhuvan_2014,MN/CC/83H04/2014/134,,MN,Manipur,Churachandpur,24.2384,93.0454,2014,Rainfall,Active,Structural hills-Highly Dissected(SHH),"Bhuban Formation,Surma Group/Shale with Sandstone",Deciduous,499.0,MultiPolygon
LS2014_001494,1,positive,bhuvan_2014,MN/CC/83H04/2014/136,,MN,Manipur,Churachandpur,24.2326,93.0571,2014,Rainfall,Active,Structural hills-Highly Dissected(SHH),"Bhuban Formation,Surma Group/Shale with Sandstone",Deciduous,875.0,MultiPolygon
LS2014_001495,1,positive,bhuvan_2014,MN/CC/83H04/2014/137,,MN,Manipur,Churachandpur,24.2303,93.0418,2014,Rainfall,Active,Structural hills-Highly Dissected(SHH),"Bhuban Formation,Surma Group/Shale with Sandstone",Deciduous,695.0,MultiPolygon
LS2014_001496,1,positive,bhuvan_2014,MN/CC/83H04/2014/140,,MN,Manipur,Churachandpur,24.2244,93.0352,2014,Rainfall,Active,Structural hills-Highly Dissected(SHH),"Bhuban Formation,Surma Group/Shale with Sandstone",Deciduous,772.0,MultiPolygon
LS2014_001497,1,positive,bhuvan_2014,MN/CC/83H04/2014/141,,MN,Manipur,Churachandpur,24.223,93.0462,2014,Rainfall,Active,Structural hills-Highly Dissected(SHH),"Bhuban Formation,Surma Group/Shale with Sandstone",Deciduous,645.0,MultiPolygon
LS2014_001498,1,positive,bhuvan_2014,MN/CC/83H04/2014/142,,MN,Manipur,Churachandpur,24.2229,93.0353,2014,Rainfall,Active,Structural hills-Highly Dissected(SHH),"Bhuban Formation,Surma Group/Shale with Sandstone",Deciduous,1275.0,MultiPolygon
LS2014_001499,1,positive,bhuvan_2014,MN/CC/83H04/2014/143,,MN,Manipur,Churachandpur,24.221,93.0408,2014,Rainfall,Active,Structural hills-Highly Dissected(SHH),"Bhuban Formation,Surma Group/Shale with Sandstone",Deciduous,745.0,MultiPolygon
LS2014_001500,1,positive,bhuvan_2014,MN/CC/83H04/2014/144,,MN,Manipur,Churachandpur,24.2159,93.0553,2014,Rainfall,Active,Structural hills-Highly Dissected(SHH),"Bhuban Formation,Surma Group/Shale with Sandstone",Deciduous,886.0,MultiPolygon
LS2014_001501,1,positive,bhuvan_2014,MN/CC/83H04/2014/145,,MN,Manipur,Churachandpur,24.2118,93.0549,2014,Rainfall,Active,Structural hills-Highly Dissected(SHH),"Bhuban Formation,Surma Group/Shale with Sandstone",Cuirrent Shifting Cultivation,2798.0,MultiPolygon
LS2014_001502,1,positive,bhuvan_2014,MN/CC/83H04/2014/146,,MN,Manipur,Churachandpur,24.2114,93.044,2014,Rainfall,Active,Structural hills-Moderately Dissected(SHM),"Bhuban Formation,Surma Group/Shale with Sandstone",Deciduous,463.0,MultiPolygon
LS2014_001503,1,positive,bhuvan_2014,MN/CC/83H04/2014/147,,MN,Manipur,Churachandpur,24.2109,93.0435,2014,Rainfall,Active,Structural hills-Moderately Dissected(SHM),"Bhuban Formation,Surma Group/Shale with Sandstone",Deciduous,263.0,MultiPolygon
LS2014_001504,1,positive,bhuvan_2014,MN/CC/83H04/2014/148,,MN,Manipur,Churachandpur,24.2079,93.0546,2014,Rainfall,Active,Structural hills-Highly Dissected(SHH),"Bhuban Formation,Surma Group/Shale with Sandstone",Cuirrent Shifting Cultivation,1461.0,MultiPolygon
LS2014_001505,1,positive,bhuvan_2014,MN/CC/83H04/2014/149,,MN,Manipur,Churachandpur,24.2074,93.0419,2014,Rainfall,Active,Structural hills-Moderately Dissected(SHM),"Bhuban Formation,Surma Group/Shale with Sandstone",Deciduous,702.0,MultiPolygon
LS2014_001506,1,positive,bhuvan_2014,MN/CC/83H04/2014/170,,MN,Manipur,Churachandpur,24.106,93.1096,2014,Rainfall,Active,Structural hills-Highly Dissected(SHH),"Bhuban Formation,Surma Group/Shale with Sandstone",Deciduous,260.0,MultiPolygon
LS2014_001507,1,positive,bhuvan_2014,MN/CC/83H04/2014/171,,MN,Manipur,Churachandpur,24.103,93.1174,2014,Rainfall,Active,Structural hills-Highly Dissected(SHH),"Bhuban Formation,Surma Group/Shale with Sandstone",Scrub land,1083.0,MultiPolygon
LS2014_001508,1,positive,bhuvan_2014,MN/CC/83H04/2014/131,,MN,Manipur,Churachandpur,24.2417,93.1268,2014,Rainfall,Active,Structural hills-Highly Dissected(SHH),"Bhuban Formation,Surma Group/Shale with Sandstone",Scrub land,550.0,MultiPolygon
LS2014_001509,1,positive,bhuvan_2014,MN/CC/83H03/2014/97,,MN,Manipur,Churachandpur,24.3272,93.0485,2014,Rainfall,Active,Structural hills-Highly Dissected(SHH),Tipam Group/Sandstone,Cuirrent Shifting Cultivation,423.0,MultiPolygon
LS2014_001510,1,positive,bhuvan_2014,MN/CC/83H03/2014/98,,MN,Manipur,Churachandpur,24.3249,93.0441,2014,Rainfall,Active,Structural hills-Highly Dissected(SHH),Tipam Group/Sandstone,Cuirrent Shifting Cultivation,358.0,MultiPolygon
LS2014_001511,1,positive,bhuvan_2014,MN/CC/83H03/2014/100,,MN,Manipur,Churachandpur,24.3232,93.0436,2014,Rainfall,Active,Structural hills-Highly Dissected(SHH),Tipam Group/Sandstone,Cuirrent Shifting Cultivation,1021.0,MultiPolygon
LS2014_001512,1,positive,bhuvan_2014,MN/CC/83H03/2014/101,,MN,Manipur,Churachandpur,24.3226,93.0429,2014,Rainfall,Active,Structural hills-Highly Dissected(SHH),Tipam Group/Sandstone,Cuirrent Shifting Cultivation,1381.0,MultiPolygon
LS2014_001513,1,positive,bhuvan_2014,MN/CC/83H03/2014/102,,MN,Manipur,Churachandpur,24.3218,93.0425,2014,Rainfall,Active,Structural hills-Highly Dissected(SHH),Tipam Group/Sandstone,Cuirrent Shifting Cultivation,883.0,MultiPolygon
LS2014_001514,1,positive,bhuvan_2014,MN/CC/83H03/2014/103,,MN,Manipur,Churachandpur,24.3212,93.0422,2014,Rainfall,Active,Structural hills-Highly Dissected(SHH),Tipam Group/Sandstone,Cuirrent Shifting Cultivation,630.0,MultiPolygon
LS2014_001515,1,positive,bhuvan_2014,MN/CC/83H03/2014/105,,MN,Manipur,Churachandpur,24.3197,93.0404,2014,Rainfall,Active,Structural hills-Highly Dissected(SHH),Tipam Group/Sandstone,Cuirrent Shifting Cultivation,248.0,MultiPolygon
LS2014_001516,1,positive,bhuvan_2014,MN/CC/83H03/2014/106,,MN,Manipur,Churachandpur,24.3187,93.0413,2014,Rainfall,Active,Structural hills-Highly Dissected(SHH),Tipam Group/Sandstone,Cuirrent Shifting Cultivation,133.0,MultiPolygon
LS2014_001517,1,positive,bhuvan_2014,MN/CC/83H03/2014/107,,MN,Manipur,Churachandpur,24.318,93.0424,2014,Rainfall,Active,Structural hills-Highly Dissected(SHH),Tipam Group/Sandstone,Cuirrent Shifting Cultivation,615.0,MultiPolygon
LS2014_001518,1,positive,bhuvan_2014,MN/CC/83H03/2014/108,,MN,Manipur,Churachandpur,24.3149,93.0438,2014,Rainfall,Active,Structural hills-Highly Dissected(SHH),Tipam Group/Sandstone,Cuirrent Shifting Cultivation,223.0,MultiPolygon
LS2014_001519,1,positive,bhuvan_2014,MN/CC/83H03/2014/58,,MN,Manipur,Churachandpur,24.3887,93.0342,2014,Rainfall,Active,Structural hills-Highly Dissected(SHH),Dupitila Group/Sandstone & Conglomerate,Scrub Forest,227.0,MultiPolygon
LS2014_001520,1,positive,bhuvan_2014,MN/CC/83H03/2014/59,,MN,Manipur,Churachandpur,24.3868,93.0348,2014,Rainfall,Active,Structural hills-Highly Dissected(SHH),Dupitila Group/Sandstone & Conglomerate,Deciduous,579.0,MultiPolygon
LS2014_001521,1,positive,bhuvan_2014,MN/CC/83H03/2014/61,,MN,Manipur,Churachandpur,24.3862,93.0372,2014,Rainfall,Active,Structural hills-Highly Dissected(SHH),Dupitila Group/Sandstone & Conglomerate,Deciduous,689.0,MultiPolygon
LS2014_001522,1,positive,bhuvan_2014,MN/CC/83H03/2014/62,,MN,Manipur,Churachandpur,24.3859,93.0332,2014,Rainfall,Active,Structural hills-Highly Dissected(SHH),Dupitila Group/Sandstone & Conglomerate,Deciduous,757.0,MultiPolygon
LS2014_001523,1,positive,bhuvan_2014,MN/CC/83H03/2014/63,,MN,Manipur,Churachandpur,24.3859,93.0329,2014,Rainfall,Active,Structural hills-Highly Dissected(SHH),Dupitila Group/Sandstone & Conglomerate,Deciduous,174.0,MultiPolygon
LS2014_001524,1,positive,bhuvan_2014,MN/CC/83H03/2014/64,,MN,Manipur,Churachandpur,24.3856,93.048,2014,Rainfall,Active,Structural hills-Highly Dissected(SHH),Tipam Group/Sandstone,Deciduous,311.0,MultiPolygon
LS2014_001525,1,positive,bhuvan_2014,MN/CC/83H03/2014/65,,MN,Manipur,Churachandpur,24.3855,93.0328,2014,Rainfall,Active,Structural hills-Highly Dissected(SHH),Dupitila Group/Sandstone & Conglomerate,Deciduous,384.0,MultiPolygon
LS2014_001526,1,positive,bhuvan_2014,MN/CC/83H03/2014/66,,MN,Manipur,Churachandpur,24.3854,93.0309,2014,Rainfall,Active,Structural hills-Highly Dissected(SHH),Dupitila Group/Sandstone & Conglomerate,Deciduous,625.0,MultiPolygon
LS2014_001527,1,positive,bhuvan_2014,MN/CC/83H03/2014/68,,MN,Manipur,Churachandpur,24.3843,93.03,2014,Rainfall,Active,Structural hills-Highly Dissected(SHH),Dupitila Group/Sandstone & Conglomerate,Deciduous,414.0,MultiPolygon
LS2014_001528,1,positive,bhuvan_2014,MN/CC/83H03/2014/92,,MN,Manipur,Churachandpur,24.3355,93.1253,2014,Rainfall,Active,Structural hills-Highly Dissected(SHH),"Bhuban Formation,Surma Group/Shale with Sandstone",Deciduous,363.0,MultiPolygon
LS2014_001529,1,positive,bhuvan_2014,MN/CC/83H03/2014/93,,MN,Manipur,Churachandpur,24.3353,93.111,2014,Rainfall,Active,Structural hills-Highly Dissected(SHH),"Bhuban Formation,Surma Group/Shale with Sandstone",Cuirrent Shifting Cultivation,311.0,MultiPolygon
LS2014_001530,1,positive,bhuvan_2014,MN/CC/83H03/2014/94,,MN,Manipur,Churachandpur,24.3347,93.1267,2014,Rainfall,Active,Structural hills-Highly Dissected(SHH),"Bhuban Formation,Surma Group/Shale with Sandstone",Deciduous,207.0,MultiPolygon
LS2014_001531,1,positive,bhuvan_2014,MN/CC/83H03/2014/109,,MN,Manipur,Churachandpur,24.3066,93.1238,2014,Rainfall,Active,Structural hills-Highly Dissected(SHH),"Bhuban Formation,Surma Group/Shale with Sandstone",Rural,934.0,MultiPolygon
LS2014_001532,1,positive,bhuvan_2014,MN/CC/83H03/2014/110,,MN,Manipur,Churachandpur,24.3049,93.1214,2014,Rainfall,Active,Structural hills-Highly Dissected(SHH),"Bhuban Formation,Surma Group/Shale with Sandstone",Rural,519.0,MultiPolygon
LS2014_001533,1,positive,bhuvan_2014,MN/CC/83H03/2014/111,,MN,Manipur,Churachandpur,24.3023,93.1199,2014,Rainfall,Active,Structural hills-Highly Dissected(SHH),"Bhuban Formation,Surma Group/Shale with Sandstone",Deciduous,638.0,MultiPolygon
LS2014_001534,1,positive,bhuvan_2014,MN/CC/83H02/2014/6,,MN,Manipur,Churachandpur,24.5255,93.0508,2014,Rainfall,Active,Structural hills-Highly Dissected(SHH),Dupitila Group/Sandstone & Conglomerate,Deciduous,331.0,MultiPolygon
LS2014_001535,1,positive,bhuvan_2014,MN/CC/83H02/2014/7,,MN,Manipur,Churachandpur,24.5254,93.0505,2014,Rainfall,Active,Structural hills-Highly Dissected(SHH),Dupitila Group/Sandstone & Conglomerate,Deciduous,422.0,MultiPolygon
LS2014_001536,1,positive,bhuvan_2014,MN/CC/83H02/2014/9,,MN,Manipur,Churachandpur,24.5243,93.0526,2014,Rainfall,Active,Structural hills-Highly Dissected(SHH),Dupitila Group/Sandstone & Conglomerate,Deciduous,674.0,MultiPolygon
LS2014_001537,1,positive,bhuvan_2014,MN/CC/83H02/2014/10,,MN,Manipur,Churachandpur,24.5241,93.0534,2014,Rainfall,Active,Structural hills-Highly Dissected(SHH),Dupitila Group/Sandstone & Conglomerate,Deciduous,311.0,MultiPolygon
LS2014_001538,1,positive,bhuvan_2014,MN/CC/83H02/2014/11,,MN,Manipur,Churachandpur,24.524,93.0531,2014,Rainfall,Active,Structural hills-Highly Dissected(SHH),Dupitila Group/Sandstone & Conglomerate,Deciduous,410.0,MultiPolygon
LS2014_001539,1,positive,bhuvan_2014,MN/CC/83H02/2014/12,,MN,Manipur,Churachandpur,24.524,93.0528,2014,Rainfall,Active,Structural hills-Highly Dissected(SHH),Dupitila Group/Sandstone & Conglomerate,Deciduous,903.0,MultiPolygon
LS2014_001540,1,positive,bhuvan_2014,MN/CC/83H02/2014/14,,MN,Manipur,Churachandpur,24.5129,93.0488,2014,Rainfall,Active,Structural hills-Highly Dissected(SHH),Dupitila Group/Sandstone & Conglomerate,Deciduous,362.0,MultiPolygon
LS2014_001541,1,positive,bhuvan_2014,MN/CC/83H02/2014/15,,MN,Manipur,Churachandpur,24.51,93.0499,2014,Rainfall,Active,Structural hills-Highly Dissected(SHH),Dupitila Group/Sandstone & Conglomerate,Deciduous,602.0,MultiPolygon
LS2014_001542,1,positive,bhuvan_2014,MN/CC/83H03/2014/17,,MN,Manipur,Churachandpur,24.4997,93.0466,2014,Rainfall,Active,Structural hills-Highly Dissected(SHH),Dupitila Group/Sandstone & Conglomerate,Deciduous,518.0,MultiPolygon
LS2014_001543,1,positive,bhuvan_2014,MN/CC/83H03/2014/24,,MN,Manipur,Churachandpur,24.4946,93.0422,2014,Rainfall,Active,Structural hills-Highly Dissected(SHH),Dupitila Group/Sandstone & Conglomerate,Deciduous,337.0,MultiPolygon
LS2014_001544,1,positive,bhuvan_2014,MN/CC/83H03/2014/18,,MN,Manipur,Churachandpur,24.4972,93.0988,2014,Rainfall,Active,Structural hills-Highly Dissected(SHH),Tipam Group/Sandstone,Deciduous,1063.0,MultiPolygon
LS2014_001545,1,positive,bhuvan_2014,MN/CC/83H03/2014/25,,MN,Manipur,Churachandpur,24.4945,93.116,2014,Rainfall,Active,Structural hills-Highly Dissected(SHH),Tipam Group/Sandstone,Deciduous,908.0,MultiPolygon
LS2014_001546,1,positive,bhuvan_2014,MN/CC/83H03/2014/32,,MN,Manipur,Churachandpur,24.4883,93.1198,2014,Rainfall,Active,Structural hills-Highly Dissected(SHH),"Bokabil Formation,Surma Group/Shale",Deciduous,276.0,MultiPolygon
LS2014_001547,1,positive,bhuvan_2014,MN/EI/83H02/2014/1,,MN,Manipur,Imphal West,24.7047,93.1358,2014,Rainfall,Active,Structural hills-Highly Dissected(SHH),Tipam Group/Sandstone,Deciduous,807.0,MultiPolygon
LS2014_001548,1,positive,bhuvan_2014,MN/CC/83H08/2014/157,,MN,Manipur,Churachandpur,24.1345,93.2747,2014,Rainfall,Active,Structural hills-Highly Dissected(SHH),Disang Group/Shale with Sandstone,Deciduous,761.0,MultiPolygon
LS2014_001549,1,positive,bhuvan_2014,MN/CC/83H08/2014/160,,MN,Manipur,Churachandpur,24.1306,93.2733,2014,Rainfall,Active,Structural hills-Highly Dissected(SHH),Disang Group/Shale with Sandstone,Deciduous,1737.0,MultiPolygon
LS2014_001550,1,positive,bhuvan_2014,MN/CC/83H03/2014/53,,MN,Manipur,Churachandpur,24.4092,93.1907,2014,Rainfall,Active,Structural hills-Highly Dissected(SHH),"Bhuban Formation,Surma Group/Shale with Sandstone",Evergreen / Semi evergreen,439.0,MultiPolygon
LS2014_001551,1,positive,bhuvan_2014,MN/CC/83H03/2014/54,,MN,Manipur,Churachandpur,24.4043,93.2036,2014,Rainfall,Active,Structural hills-Highly Dissected(SHH),"Bhuban Formation,Surma Group/Shale with Sandstone",Evergreen / Semi evergreen,232.0,MultiPolygon
LS2014_001552,1,positive,bhuvan_2014,MN/CC/83H07/2014/55,,MN,Manipur,Churachandpur,24.4014,93.2749,2014,Rainfall,Active,Structural hills-Highly Dissected(SHH),"Jenam Formation,Barail Group/Sandstone",Deciduous,198.0,MultiPolygon
LS2014_001553,1,positive,bhuvan_2014,MN/CC/83H03/2014/28,,MN,Manipur,Churachandpur,24.4918,93.2004,2014,Rainfall,Active,Structural hills-Highly Dissected(SHH),"Laisong Formation,Barail Group/Sandstone with Shale",Evergreen / Semi evergreen,441.0,MultiPolygon
LS2014_001554,1,positive,bhuvan_2014,MN/CC/83H07/2014/20,,MN,Manipur,Churachandpur,24.4958,93.2926,2014,Rainfall,Active,Structural hills-Highly Dissected(SHH),"Jenam Formation,Barail Group/Sandstone",Deciduous,1116.0,MultiPolygon
LS2014_001555,1,positive,bhuvan_2014,MN/CC/83H07/2014/26,,MN,Manipur,Churachandpur,24.4934,93.2964,2014,Rainfall,Active,Structural hills-Highly Dissected(SHH),"Jenam Formation,Barail Group/Sandstone",Deciduous,359.0,MultiPolygon
LS2014_001556,1,positive,bhuvan_2014,MN/CC/83H07/2014/29,,MN,Manipur,Churachandpur,24.4914,93.2867,2014,Rainfall,Active,Structural hills-Highly Dissected(SHH),"Jenam Formation,Barail Group/Sandstone",Deciduous,338.0,MultiPolygon
LS2014_001557,1,positive,bhuvan_2014,MN/CC/83H07/2014/34,,MN,Manipur,Churachandpur,24.486,93.2622,2014,Rainfall,Active,Structural hills-Highly Dissected(SHH),"Jenam Formation,Barail Group/Sandstone",Deciduous,742.0,MultiPolygon
LS2014_001558,1,positive,bhuvan_2014,MN/CC/83H08/2014/158,,MN,Manipur,Churachandpur,24.131,93.432,2014,Rainfall,Active,Structural hills-Highly Dissected(SHH),Disang Group/Shale with Sandstone,Scrub Forest,3418.0,MultiPolygon
LS2014_001559,1,positive,bhuvan_2014,MN/CC/83H08/2014/159,,MN,Manipur,Churachandpur,24.1307,93.4275,2014,Rainfall,Active,Structural hills-Highly Dissected(SHH),Disang Group/Shale with Sandstone,Deciduous,2318.0,MultiPolygon
LS2014_001560,1,positive,bhuvan_2014,MN/CC/83H07/2014/50,,MN,Manipur,Churachandpur,24.4271,93.3663,2014,Rainfall,Active,Structural hills-Highly Dissected(SHH),Disang Group/Shale with Sandstone,Deciduous,262.0,MultiPolygon
LS2014_001561,1,positive,bhuvan_2014,MN/CC/83H07/2014/56,,MN,Manipur,Churachandpur,24.401,93.4141,2014,Rainfall,Active,Structural hills-Highly Dissected(SHH),Disang Group/Shale with Sandstone,Scrub land,865.0,MultiPolygon
LS2014_001562,1,positive,bhuvan_2014,MN/TA/83H05/2014/51,,MN,Manipur,Tamenglong,24.8849,93.4282,2014,Rainfall,Active,Structural hills-Moderately Dissected(SHM),"Jenam Formation,Barail Group/Sandstone",Deciduous,298.0,MultiPolygon
LS2014_001563,1,positive,bhuvan_2014,MN/TA/83G08/2014/41,,MN,Manipur,Tamenglong,25.0677,93.4511,2014,Rainfall,Active,Structural hills-Moderately Dissected(SHM),"Bhuban Formation,Surma Group/Shale with Sandstone",Deciduous,352.0,MultiPolygon
LS2014_001564,1,positive,bhuvan_2014,MN/TA/83G08/2014/49,,MN,Manipur,Tamenglong,25.0042,93.4951,2014,Rainfall,Active,Structural hills-Moderately Dissected(SHM),"Jenam Formation,Barail Group/Sandstone",Deciduous,398.0,MultiPolygon
LS2014_001565,1,positive,bhuvan_2014,MN/TA/83G12/2014/27,,MN,Manipur,Tamenglong,25.1599,93.5119,2014,Rainfall,Active,Structural hills-Highly Dissected(SHH),"Jenam Formation,Barail Group/Sandstone",Deciduous,482.0,MultiPolygon
LS2014_001566,1,positive,bhuvan_2014,MN/CC/83H12/2014/173,,MN,Manipur,Churachandpur,24.0435,93.6944,2014,Rainfall,Active,Structural hills-Highly Dissected(SHH),"Laisong Formation,Barail Group/Sandstone with Shale",Deciduous,4345.0,MultiPolygon
LS2014_001567,1,positive,bhuvan_2014,MN/CC/83H12/2014/174,,MN,Manipur,Churachandpur,24.0399,93.6947,2014,Rainfall,Active,Structural hills-Highly Dissected(SHH),"Laisong Formation,Barail Group/Sandstone with Shale",Deciduous,5378.0,MultiPolygon
LS2014_001568,1,positive,bhuvan_2014,MN/TA/83H10/2014/57,,MN,Manipur,Tamenglong,24.7053,93.6763,2014,Rainfall,Active,Structural hills-Highly Dissected(SHH),Disang Group/Shale with Sandstone,Evergreen / Semi evergreen,1312.0,MultiPolygon
LS2014_001569,1,positive,bhuvan_2014,MN/TA/83G11/2014/17,,MN,Manipur,Tamenglong,25.2803,93.7349,2014,Rainfall,Active,Structural hills-Highly Dissected(SHH),"Laisong Formation,Barail Group/Sandstone with Shale",Cuirrent Shifting Cultivation,372.0,MultiPolygon
LS2014_001570,1,positive,bhuvan_2014,MN/TA/83G15/2014/19,,MN,Manipur,Tamenglong,25.2573,93.7531,2014,Rainfall,Active,Structural hills-Highly Dissected(SHH),"Laisong Formation,Barail Group/Sandstone with Shale",Deciduous,154.0,MultiPolygon
LS2014_001571,1,positive,bhuvan_2014,MN/TA/83G15/2014/20,,MN,Manipur,Tamenglong,25.2571,93.7533,2014,Rainfall,Active,Structural hills-Highly Dissected(SHH),"Laisong Formation,Barail Group/Sandstone with Shale",Deciduous,149.0,MultiPolygon
LS2014_001572,1,positive,bhuvan_2014,MN/TA/83G15/2014/24,,MN,Manipur,Tamenglong,25.253,93.7521,2014,Rainfall,Active,Structural hills-Highly Dissected(SHH),"Laisong Formation,Barail Group/Sandstone with Shale",Deciduous,131.0,MultiPolygon
LS2014_001573,1,positive,bhuvan_2014,MN/TA/83G11/2014/8,,MN,Manipur,Tamenglong,25.3664,93.7442,2014,Rainfall,Active,Structural hills-Less Dissected(SHL),Disang Group/Shale with Sandstone,Scrub Forest,650.0,MultiPolygon
LS2014_001574,1,positive,bhuvan_2014,MN/TA/83G11/2014/9,,MN,Manipur,Tamenglong,25.3622,93.7435,2014,Rainfall,Active,Structural hills-Less Dissected(SHL),Disang Group/Shale with Sandstone,Deciduous,436.0,MultiPolygon
LS2014_001575,1,positive,bhuvan_2014,MN/SE/83H13/2014/40,,MN,Manipur,Senapati,24.9718,93.8104,2014,Rainfall,Active,Structural hills-Highly Dissected(SHH),Disang Group/Shale with Sandstone,Evergreen / Semi evergreen,2862.0,MultiPolygon
LS2014_001576,1,positive,bhuvan_2014,MN/SE/83G16/2014/36,,MN,Manipur,Senapati,25.07,93.8944,2014,Rainfall,Active,Structural hills-Moderately Dissected(SHM),Disang Group/Shale with Sandstone,Evergreen / Semi evergreen,430.0,MultiPolygon
LS2014_001577,1,positive,bhuvan_2014,MN/TA/83G15/2014/15,,MN,Manipur,Tamenglong,25.2921,93.8263,2014,Rainfall,Active,Structural hills-Moderately Dissected(SHM),"Jenam Formation,Barail Group/Sandstone",Deciduous,141.0,MultiPolygon
LS2014_001578,1,positive,bhuvan_2014,MN/TA/83G15/2014/16,,MN,Manipur,Tamenglong,25.2915,93.8288,2014,Rainfall,Active,Structural hills-Moderately Dissected(SHM),"Jenam Formation,Barail Group/Sandstone",Deciduous,323.0,MultiPolygon
LS2014_001579,1,positive,bhuvan_2014,MN/TA/83G15/2014/5,,MN,Manipur,Tamenglong,25.3812,93.8343,2014,Rainfall,Active,Structural hills-Highly Dissected(SHH),"Jenam Formation,Barail Group/Sandstone",Deciduous,631.0,MultiPolygon
LS2014_001580,1,positive,bhuvan_2014,MN/TA/83G15/2014/6,,MN,Manipur,Tamenglong,25.3785,93.821,2014,Rainfall,Active,Structural hills-Highly Dissected(SHH),"Jenam Formation,Barail Group/Sandstone",Deciduous,495.0,MultiPolygon
LS2014_001581,1,positive,bhuvan_2014,MN/TA/83G15/2014/7,,MN,Manipur,Tamenglong,25.3759,93.834,2014,Rainfall,Active,Structural hills-Highly Dissected(SHH),"Jenam Formation,Barail Group/Sandstone",Deciduous,495.0,MultiPolygon
LS2014_001582,1,positive,bhuvan_2014,MN/TA/83G15/2014/10,,MN,Manipur,Tamenglong,25.3598,93.8133,2014,Rainfall,Active,Structural hills-Moderately Dissected(SHM),Disang Group/Shale with Sandstone,Deciduous,350.0,MultiPolygon
LS2014_001583,1,positive,bhuvan_2014,MN/SE/83G15/2014/20,,MN,Manipur,Senapati,25.3634,93.915,2014,Rainfall,Active,Structural hills-Moderately Dissected(SHM),Disang Group/Shale with Sandstone,Deciduous,448.0,MultiPolygon
LS2014_001584,1,positive,bhuvan_2014,MN/SE/83G16/2014/39,,MN,Manipur,Senapati,25.01,93.9809,2014,Rainfall,Active,Structural hills-Moderately Dissected(SHM),Disang Group/Shale with Sandstone,Evergreen / Semi evergreen,189.0,MultiPolygon
LS2014_001585,1,positive,bhuvan_2014,MN/SE/83G15/2014/22,,MN,Manipur,Senapati,25.2739,93.9905,2014,Rainfall,Active,Structural hills-Moderately Dissected(SHM),Disang Group/Shale with Sandstone,Scrub land,326.0,MultiPolygon
LS2014_001586,1,positive,bhuvan_2014,MN/SE/83G15/2014/23,,MN,Manipur,Senapati,25.2719,93.9867,2014,Rainfall,Active,Structural hills-Moderately Dissected(SHM),Disang Group/Shale with Sandstone,Deciduous,105.0,MultiPolygon
LS2014_001587,1,positive,bhuvan_2014,MN/SE/83G15/2014/5,,MN,Manipur,Senapati,25.4642,93.9873,2014,Rainfall,Active,Structural hills-Highly Dissected(SHH),"Laisong Formation,Barail Group/Sandstone with Shale",Deciduous,871.0,MultiPolygon
LS2014_001588,1,positive,bhuvan_2014,MN/SE/83K03/2014/4,,MN,Manipur,Senapati,25.466,94.0566,2014,Rainfall,Active,Structural hills-Moderately Dissected(SHM),"Laisong Formation,Barail Group/Sandstone with Shale",Deciduous,924.0,MultiPolygon
LS2014_001589,1,positive,bhuvan_2014,MN/CD/83L04/2014/17,,MN,Manipur,Chandel,24.0065,94.1545,2014,Rainfall,Active,Structural hills-Highly Dissected(SHH),Ophiolite/Ultramafic Rocks,Deciduous,1030.0,MultiPolygon
LS2014_001590,1,positive,bhuvan_2014,MN/CD/83L04/2014/18,,MN,Manipur,Chandel,24.0062,94.1537,2014,Rainfall,Active,Structural hills-Highly Dissected(SHH),Ophiolite/Ultramafic Rocks,Deciduous,861.0,MultiPolygon
LS2014_001591,1,positive,bhuvan_2014,MN/CD/83L04/2014/19,,MN,Manipur,Chandel,24.0054,94.1534,2014,Rainfall,Active,Structural hills-Highly Dissected(SHH),Ophiolite/Ultramafic Rocks,Deciduous,286.0,MultiPolygon
LS2014_001592,1,positive,bhuvan_2014,MN/SE/83K03/2014/19,,MN,Manipur,Senapati,25.3636,94.1301,2014,Rainfall,Active,Structural hills-Moderately Dissected(SHM),Disang Group/Shale with Sandstone,Scrub Forest,254.0,MultiPolygon
LS2014_001593,1,positive,bhuvan_2014,MN/SE/83K03/2014/3,,MN,Manipur,Senapati,25.4758,94.1381,2014,Rainfall,Active,Structural hills-Moderately Dissected(SHM),Disang Group/Shale with Sandstone,Scrub land,265.0,MultiPolygon
LS2014_001594,1,positive,bhuvan_2014,MN/CD/83L07/2014/9,,MN,Manipur,Chandel,24.4307,94.3085,2014,Rainfall,Active,Structural hills-Highly Dissected(SHH),Oceanic Pelagic Sediments/Shale with Limestone Bands,Deciduous,742.0,MultiPolygon
LS2014_001595,1,positive,bhuvan_2014,MN/UK/83L05/2014/48,,MN,Manipur,Ukhrul,24.8924,94.2976,2014,Rainfall,Active,Structural hills-Highly Dissected(SHH),Disang Group/Shale with Sandstone,Deciduous,744.0,MultiPolygon
LS2014_001596,1,positive,bhuvan_2014,MN/UK/83L06/2014/69,,MN,Manipur,Ukhrul,24.6151,94.4815,2014,Rainfall,Active,Structural hills-Highly Dissected(SHH),Oceanic Pelagic Sediments/Shale with Limestone Bands,Deciduous,892.0,MultiPolygon
LS2014_001597,1,positive,bhuvan_2014,MN/UK/83L06/2014/70,,MN,Manipur,Ukhrul,24.6029,94.4776,2014,Rainfall,Active,Structural hills-Highly Dissected(SHH),Oceanic Pelagic Sediments/Shale with Limestone Bands,Deciduous,1029.0,MultiPolygon
LS2014_001598,1,positive,bhuvan_2014,MN/UK/83L06/2014/71,,MN,Manipur,Ukhrul,24.5852,94.4825,2014,Rainfall,Active,Structural hills-Highly Dissected(SHH),Oceanic Pelagic Sediments/Shale with Limestone Bands,Deciduous,462.0,MultiPolygon
LS2014_001599,1,positive,bhuvan_2014,MN/UK/83L05/2014/59,,MN,Manipur,Ukhrul,24.7741,94.4845,2014,Rainfall,Active,Structural hills-Highly Dissected(SHH),Oceanic Pelagic Sediments/Shale with Limestone Bands,Deciduous,807.0,MultiPolygon
LS2014_001600,1,positive,bhuvan_2014,MN/UK/83L10/2014/65,,MN,Manipur,Ukhrul,24.6853,94.534,2014,Rainfall,Active,Structural hills-Highly Dissected(SHH),Oceanic Pelagic Sediments/Shale with Limestone Bands,Deciduous,848.0,MultiPolygon
LS2014_001601,1,positive,bhuvan_2014,MN/UK/83L10/2014/66,,MN,Manipur,Ukhrul,24.6736,94.5317,2014,Rainfall,Active,Structural hills-Highly Dissected(SHH),Oceanic Pelagic Sediments/Shale with Limestone Bands,Deciduous,463.0,MultiPolygon
LS2014_001602,1,positive,bhuvan_2014,MN/UK/83L09/2014/57,,MN,Manipur,Ukhrul,24.8067,94.538,2014,Rainfall,Active,Structural hills-Highly Dissected(SHH),Oceanic Pelagic Sediments/Shale with Limestone Bands,Scrub Forest,241.0,MultiPolygon
LS2014_001603,1,positive,bhuvan_2014,MN/UK/83L09/2014/58,,MN,Manipur,Ukhrul,24.7941,94.5487,2014,Rainfall,Active,Structural hills-Highly Dissected(SHH),Oceanic Pelagic Sediments/Shale with Limestone Bands,Deciduous,510.0,MultiPolygon
LS2014_001604,1,positive,bhuvan_2014,MN/UK/83L05/2014/38,,MN,Manipur,Ukhrul,24.9689,94.4832,2014,Rainfall,Active,Structural hills-Highly Dissected(SHH),Oceanic Pelagic Sediments/Shale with Limestone Bands,Deciduous,1438.0,MultiPolygon
LS2014_001605,1,positive,bhuvan_2014,MN/UK/83L09/2014/53,,MN,Manipur,Ukhrul,24.8843,94.5394,2014,Rainfall,Active,Structural hills-Highly Dissected(SHH),Oceanic Pelagic Sediments/Shale with Limestone Bands,Deciduous,1214.0,MultiPolygon
LS2014_001606,1,positive,bhuvan_2014,MN/UK/83L09/2014/55,,MN,Manipur,Ukhrul,24.8705,94.5407,2014,Rainfall,Active,Structural hills-Highly Dissected(SHH),Oceanic Pelagic Sediments/Shale with Limestone Bands,Deciduous,501.0,MultiPolygon
LS2014_001607,1,positive,bhuvan_2014,MN/UK/83L09/2014/56,,MN,Manipur,Ukhrul,24.8701,94.5402,2014,Rainfall,Active,Structural hills-Highly Dissected(SHH),Oceanic Pelagic Sediments/Shale with Limestone Bands,Deciduous,224.0,MultiPolygon
LS2014_001608,1,positive,bhuvan_2014,MN/UK/83K11/2014/11,,MN,Manipur,Ukhrul,25.2844,94.5494,2014,Rainfall,Active,Structural hills-Highly Dissected(SHH),Ophiolite/Plutonic rocks,Scrub land,7427.0,MultiPolygon
LS2014_001609,1,positive,bhuvan_2014,MN/UK/83K11/2014/5,,MN,Manipur,Ukhrul,25.3633,94.5369,2014,Rainfall,Active,Structural hills-Moderately Dissected(SHM),Disang Group/Shale with Sandstone,Scrub land,1431.0,MultiPolygon
LS2014_001610,1,positive,bhuvan_2014,MN/UK/83K11/2014/6,,MN,Manipur,Ukhrul,25.3567,94.5383,2014,Rainfall,Active,Structural hills-Moderately Dissected(SHM),Disang Group/Shale with Sandstone,Scrub land,402.0,MultiPolygon
LS2014_001611,1,positive,bhuvan_2014,MN/UK/83K11/2014/7,,MN,Manipur,Ukhrul,25.3515,94.5303,2014,Rainfall,Active,Structural hills-Moderately Dissected(SHM),Disang Group/Shale with Sandstone,Scrub land,1078.0,MultiPolygon
LS2014_001612,1,positive,bhuvan_2014,MN/UK/83K11/2014/3,,MN,Manipur,Ukhrul,25.4448,94.5505,2014,Rainfall,Active,Structural hills-Highly Dissected(SHH),Disang Group/Shale with sandstone,Scrub land,1257.0,MultiPolygon
LS2014_001613,1,positive,bhuvan_2014,MN/UK/83K12/2014/22,,MN,Manipur,Ukhrul,25.0632,94.6841,2014,Rainfall,Active,Structural hills-Highly Dissected(SHH),Metamorphic complex/Phyllite,Deciduous,206.0,MultiPolygon
LS2014_001614,1,positive,bhuvan_2014,MZ/LU/84A08/2014/10,,MZ,Mizoram,Lunglei,23.1598,92.4144,2014,Rainfall,Active,Less Dissected Structural Hill (SHL),Shale (Middle Bhuban Formation) Surma Group,Deciduous,273.0,MultiPolygon
LS2014_001615,1,positive,bhuvan_2014,MZ/LU/84A08/2014/11,,MZ,Mizoram,Lunglei,23.1573,92.4167,2014,Rainfall,Active,Less Dissected Structural Hill (SHL),Shale (Middle Bhuban Formation) Surma Group,Cuirrent Shifting Cultivation,462.0,MultiPolygon
LS2014_001616,1,positive,bhuvan_2014,MZ/MA/84A07/2014/117,,MZ,Mizoram,Mamit,23.4767,92.4058,2014,Rainfall,Active,Highly Dissected Structural Hill (SHH),Shale (Middle Bhuban Formation) Surma Group,Scrub Forest,748.0,MultiPolygon
LS2014_001617,1,positive,bhuvan_2014,MZ/MA/84A06/2014/66,,MZ,Mizoram,Mamit,23.672,92.4354,2014,Rainfall,Active,Moderately Dissected Structural Hill (SHM),Sandstone (Upper Bhuban Formation) Surma Group,Cuirrent Shifting Cultivation,2167.0,MultiPolygon
LS2014_001618,1,positive,bhuvan_2014,MZ/MA/84A05/2014/26,,MZ,Mizoram,Mamit,23.9199,92.4165,2014,Rainfall,Active,Inter-Montane Valley (IV),Shale (Boka Bil Formation) Surma Group,Deciduous,775.0,MultiPolygon
LS2014_001619,1,positive,bhuvan_2014,MZ/MA/84A05/2014/30,,MZ,Mizoram,Mamit,23.8984,92.4092,2014,Rainfall,Active,Less Dissected Structural Hill (SHL),Shale (Boka Bil Formation) Surma Group,Deciduous,650.0,MultiPolygon
LS2014_001620,1,positive,bhuvan_2014,MZ/LU/84B09/2014/226,,MZ,Mizoram,Lunglei,22.8211,92.5294,2014,Rainfall,Active,Highly Dissected Structural Hill (SHH),Shale (Middle Bhuban Formation) Surma Group,Deciduous,335.0,MultiPolygon
LS2014_001621,1,positive,bhuvan_2014,MZ/LU/84A08/2014/15,,MZ,Mizoram,Lunglei,23.1528,92.4859,2014,Rainfall,Active,Highly Dissected Structural Hill (SHH),Shale (Middle Bhuban Formation) Surma Group,Evergreen / Semi evergreen,1099.0,MultiPolygon
LS2014_001622,1,positive,bhuvan_2014,MZ/LU/84A08/2014/17,,MZ,Mizoram,Lunglei,23.1502,92.4791,2014,Rainfall,Active,Highly Dissected Structural Hill (SHH),Shale (Middle Bhuban Formation) Surma Group,Evergreen / Semi evergreen,224.0,MultiPolygon
LS2014_001623,1,positive,bhuvan_2014,MZ/LU/84A08/2014/19,,MZ,Mizoram,Lunglei,23.1464,92.4878,2014,Rainfall,Active,Highly Dissected Structural Hill (SHH),Shale (Middle Bhuban Formation) Surma Group,Scrub Forest,285.0,MultiPolygon
LS2014_001624,1,positive,bhuvan_2014,MZ/LU/84A08/2014/37,,MZ,Mizoram,Lunglei,23.1238,92.4942,2014,Rainfall,Active,Highly Dissected Structural Hill (SHH),Shale (Middle Bhuban Formation) Surma Group,Scrub Forest,1201.0,MultiPolygon
LS2014_001625,1,positive,bhuvan_2014,MZ/LU/84A12/2014/96,,MZ,Mizoram,Lunglei,23.0289,92.5499,2014,Rainfall,Active,Highly Dissected Structural Hill (SHH),Shale (Middle Bhuban Formation) Surma Group,Deciduous,1878.0,MultiPolygon
LS2014_001626,1,positive,bhuvan_2014,MZ/MA/84A07/2014/114,,MZ,Mizoram,Mamit,23.4851,92.4815,2014,Rainfall,Active,Highly Dissected Structural Hill (SHH),Shale (Middle Bhuban Formation) Surma Group,Deciduous,818.0,MultiPolygon
LS2014_001627,1,positive,bhuvan_2014,MZ/MA/84A07/2014/119,,MZ,Mizoram,Mamit,23.4447,92.4822,2014,Rainfall,Active,Highly Dissected Structural Hill (SHH),Shale (Middle Bhuban Formation) Surma Group,Scrub Forest,533.0,MultiPolygon
LS2014_001628,1,positive,bhuvan_2014,MZ/MA/84A06/2014/92,,MZ,Mizoram,Mamit,23.5766,92.4662,2014,Rainfall,Active,Highly Dissected Structural Hill (SHH),Shale (Middle Bhuban Formation) Surma Group,Evergreen / Semi evergreen,1325.0,MultiPolygon
LS2014_001629,1,positive,bhuvan_2014,MZ/MA/84A06/2014/97,,MZ,Mizoram,Mamit,23.5671,92.4932,2014,Rainfall,Active,Highly Dissected Structural Hill (SHH),Shale (Middle Bhuban Formation) Surma Group,Deciduous,518.0,MultiPolygon
LS2014_001630,1,positive,bhuvan_2014,MZ/MA/84A06/2014/98,,MZ,Mizoram,Mamit,23.5645,92.4688,2014,Rainfall,Active,Highly Dissected Structural Hill (SHH),Shale (Middle Bhuban Formation) Surma Group,Scrub Forest,288.0,MultiPolygon
LS2014_001631,1,positive,bhuvan_2014,MZ/MA/84A06/2014/99,,MZ,Mizoram,Mamit,23.5617,92.4692,2014,Rainfall,Active,Highly Dissected Structural Hill (SHH),Shale (Middle Bhuban Formation) Surma Group,Scrub Forest,404.0,MultiPolygon
LS2014_001632,1,positive,bhuvan_2014,MZ/MA/84A06/2014/100,,MZ,Mizoram,Mamit,23.5556,92.4708,2014,Rainfall,Active,Less Dissected Structural Hill (SHL),Shale (Middle Bhuban Formation) Surma Group,Deciduous,400.0,MultiPolygon
LS2014_001633,1,positive,bhuvan_2014,MZ/MA/84A10/2014/89,,MZ,Mizoram,Mamit,23.5881,92.5461,2014,Rainfall,Active,Highly Dissected Structural Hill (SHH),Shale (Middle Bhuban Formation) Surma Group,Scrub Forest,1359.0,MultiPolygon
LS2014_001634,1,positive,bhuvan_2014,MZ/MA/84A10/2014/95,,MZ,Mizoram,Mamit,23.5716,92.5259,2014,Rainfall,Active,Less Dissected Structural Hill (SHL),Shale (Boka Bil Formation) Surma Group,Deciduous,1200.0,MultiPolygon
LS2014_001635,1,positive,bhuvan_2014,MZ/MA/84A06/2014/63,,MZ,Mizoram,Mamit,23.7028,92.4708,2014,Rainfall,Active,Less Dissected Structural Hill (SHL),Shale (Middle Bhuban Formation) Surma Group,Scrub Forest,2086.0,MultiPolygon
LS2014_001636,1,positive,bhuvan_2014,MZ/MA/84A05/2014/42,,MZ,Mizoram,Mamit,23.8155,92.4734,2014,Rainfall,Active,Moderately Dissected Structural Hill (SHM),Sandstone (Upper Bhuban Formation) Surma Group,Deciduous,2465.0,MultiPolygon
LS2014_001637,1,positive,bhuvan_2014,MZ/MA/84A05/2014/49,,MZ,Mizoram,Mamit,23.7901,92.4707,2014,Rainfall,Active,Moderately Dissected Structural Hill (SHM),Sandstone (Upper Bhuban Formation) Surma Group,Deciduous,563.0,MultiPolygon
LS2014_001638,1,positive,bhuvan_2014,MZ/MA/84A10/2014/62,,MZ,Mizoram,Mamit,23.7121,92.5357,2014,Rainfall,Active,Inter-Montane Valley (IV),Sandstone (Upper Bhuban Formation) Surma Group,Deciduous,1375.0,MultiPolygon
LS2014_001639,1,positive,bhuvan_2014,MZ/MA/84A10/2014/70,,MZ,Mizoram,Mamit,23.6655,92.5265,2014,Rainfall,Active,Highly Dissected Structural Hill (SHH),Shale (Middle Bhuban Formation) Surma Group,Scrub Forest,5750.0,MultiPolygon
LS2014_001640,1,positive,bhuvan_2014,MZ/MA/84A05/2014/24,,MZ,Mizoram,Mamit,23.9265,92.4924,2014,Rainfall,Active,Moderately Dissected Structural Hill (SHM),Sandstone (Upper Bhuban Formation) Surma Group,Scrub Forest,325.0,MultiPolygon
LS2014_001641,1,positive,bhuvan_2014,MZ/MA/84A05/2014/25,,MZ,Mizoram,Mamit,23.9211,92.4918,2014,Rainfall,Active,Moderately Dissected Structural Hill (SHM),Sandstone (Upper Bhuban Formation) Surma Group,Urban,400.0,MultiPolygon
LS2014_001642,1,positive,bhuvan_2014,MZ/MA/84A05/2014/27,,MZ,Mizoram,Mamit,23.9193,92.4915,2014,Rainfall,Active,Moderately Dissected Structural Hill (SHM),Sandstone (Upper Bhuban Formation) Surma Group,Urban,250.0,MultiPolygon
LS2014_001643,1,positive,bhuvan_2014,MZ/MA/84A05/2014/32,,MZ,Mizoram,Mamit,23.8771,92.4879,2014,Rainfall,Active,Moderately Dissected Structural Hill (SHM),Sandstone (Upper Bhuban Formation) Surma Group,Cuirrent Shifting Cultivation,635.0,MultiPolygon
LS2014_001644,1,positive,bhuvan_2014,MZ/LA/84B12/2014/84,,MZ,Mizoram,Lawangtlai,22.1778,92.6664,2014,Rainfall,Active,Inter-Montane Valley (IV),Shale (Boka Bil Formation) Surma Group,Grass / Grazing,631.0,MultiPolygon
LS2014_001645,1,positive,bhuvan_2014,MZ/LA/84B12/2014/85,,MZ,Mizoram,Lawangtlai,22.1776,92.6694,2014,Rainfall,Active,Less Dissected Structural Hill (SHL),Shale (Middle Bhuban Formation) Surma Group,Scrub Forest,764.0,MultiPolygon
LS2014_001646,1,positive,bhuvan_2014,MZ/LA/84B12/2014/87,,MZ,Mizoram,Lawangtlai,22.1533,92.6472,2014,Rainfall,Active,Moderately Dissected Structural Hill (SHM),Shale (Boka Bil Formation) Surma Group,Evergreen / Semi evergreen,416.0,MultiPolygon
LS2014_001647,1,positive,bhuvan_2014,MZ/LA/84B12/2014/88,,MZ,Mizoram,Lawangtlai,22.1528,92.6465,2014,Rainfall,Active,Moderately Dissected Structural Hill (SHM),Shale (Boka Bil Formation) Surma Group,Evergreen / Semi evergreen,430.0,MultiPolygon
LS2014_001648,1,positive,bhuvan_2014,MZ/LA/84B11/2014/55,,MZ,Mizoram,Lawangtlai,22.3848,92.6662,2014,Rainfall,Active,Less Dissected Structural Hill (SHL),Shale (Middle Bhuban Formation) Surma Group,Deciduous,300.0,MultiPolygon
LS2014_001649,1,positive,bhuvan_2014,MZ/LA/84B10/2014/1,,MZ,Mizoram,Lawangtlai,22.6916,92.5859,2014,Rainfall,Active,Less Dissected Structural Hill (SHL),Shale (Middle Bhuban Formation) Surma Group,Cuirrent Shifting Cultivation,759.0,MultiPolygon
LS2014_001650,1,positive,bhuvan_2014,MZ/LU/84B10/2014/262,,MZ,Mizoram,Lunglei,22.7047,92.6415,2014,Rainfall,Active,Highly Dissected Structural Hill (SHH),Shale (Middle Bhuban Formation) Surma Group,Scrub Forest,623.0,MultiPolygon
LS2014_001651,1,positive,bhuvan_2014,MZ/LU/84B09/2014/148,,MZ,Mizoram,Lunglei,22.9543,92.6546,2014,Rainfall,Active,Moderately Dissected Structural Hill (SHM),Sandstone (Lower Bhuban Formation) Surma Group,Scrub Forest,245.0,MultiPolygon
LS2014_001652,1,positive,bhuvan_2014,MZ/LU/84B09/2014/149,,MZ,Mizoram,Lunglei,22.9539,92.658,2014,Rainfall,Active,Moderately Dissected Structural Hill (SHM),Sandstone (Lower Bhuban Formation) Surma Group,Deciduous,218.0,MultiPolygon
LS2014_001653,1,positive,bhuvan_2014,MZ/LU/84B09/2014/150,,MZ,Mizoram,Lunglei,22.9538,92.6609,2014,Rainfall,Active,Moderately Dissected Structural Hill (SHM),Sandstone (Lower Bhuban Formation) Surma Group,Deciduous,245.0,MultiPolygon
LS2014_001654,1,positive,bhuvan_2014,MZ/LU/84B09/2014/151,,MZ,Mizoram,Lunglei,22.9529,92.6596,2014,Rainfall,Active,Moderately Dissected Structural Hill (SHM),Sandstone (Lower Bhuban Formation) Surma Group,Deciduous,210.0,MultiPolygon
LS2014_001655,1,positive,bhuvan_2014,MZ/LU/84B09/2014/152,,MZ,Mizoram,Lunglei,22.9513,92.6437,2014,Rainfall,Active,Less Dissected Structural Hill (SHL),Sandstone (Lower Bhuban Formation) Surma Group,Deciduous,1005.0,MultiPolygon
LS2014_001656,1,positive,bhuvan_2014,MZ/LU/84B09/2014/153,,MZ,Mizoram,Lunglei,22.951,92.6634,2014,Rainfall,Active,Moderately Dissected Structural Hill (SHM),Sandstone (Lower Bhuban Formation) Surma Group,Deciduous,608.0,MultiPolygon
LS2014_001657,1,positive,bhuvan_2014,MZ/LU/84B09/2014/156,,MZ,Mizoram,Lunglei,22.95,92.6479,2014,Rainfall,Active,Moderately Dissected Structural Hill (SHM),Sandstone (Lower Bhuban Formation) Surma Group,Deciduous,439.0,MultiPolygon
LS2014_001658,1,positive,bhuvan_2014,MZ/LU/84A12/2014/23,,MZ,Mizoram,Lunglei,23.1409,92.599,2014,Rainfall,Active,Highly Dissected Structural Hill (SHH),Shale (Middle Bhuban Formation) Surma Group,Scrub Forest,230.0,MultiPolygon
LS2014_001659,1,positive,bhuvan_2014,MZ/LU/84A12/2014/39,,MZ,Mizoram,Lunglei,23.1192,92.6093,2014,Rainfall,Active,Moderately Dissected Structural Hill (SHM),Sandstone (Lower Bhuban Formation) Surma Group,Scrub Forest,686.0,MultiPolygon
LS2014_001660,1,positive,bhuvan_2014,MZ/LU/84A12/2014/95,,MZ,Mizoram,Lunglei,23.0309,92.6453,2014,Rainfall,Active,Moderately Dissected Structural Hill (SHM),Sandstone (Lower Bhuban Formation) Surma Group,Deciduous,472.0,MultiPolygon
LS2014_001661,1,positive,bhuvan_2014,MZ/LU/84A12/2014/101,,MZ,Mizoram,Lunglei,23.0113,92.6694,2014,Rainfall,Active,Highly Dissected Structural Hill (SHH),Shale (Middle Bhuban Formation) Surma Group,Deciduous,453.0,MultiPolygon
LS2014_001662,1,positive,bhuvan_2014,MZ/LU/84A12/2014/104,,MZ,Mizoram,Lunglei,23.0083,92.6441,2014,Rainfall,Active,Moderately Dissected Structural Hill (SHM),Sandstone (Lower Bhuban Formation) Surma Group,Scrub Forest,673.0,MultiPolygon
LS2014_001663,1,positive,bhuvan_2014,MZ/LU/84A12/2014/13,,MZ,Mizoram,Lunglei,23.1539,92.6515,2014,Rainfall,Active,Highly Dissected Structural Hill (SHH),Shale (Middle Bhuban Formation) Surma Group,Evergreen / Semi evergreen,313.0,MultiPolygon
LS2014_001664,1,positive,bhuvan_2014,MZ/LU/84A12/2014/14,,MZ,Mizoram,Lunglei,23.1539,92.6419,2014,Rainfall,Active,Highly Dissected Structural Hill (SHH),Shale (Middle Bhuban Formation) Surma Group,Deciduous,392.0,MultiPolygon
LS2014_001665,1,positive,bhuvan_2014,MZ/LU/84A12/2014/27,,MZ,Mizoram,Lunglei,23.1325,92.6575,2014,Rainfall,Active,Highly Dissected Structural Hill (SHH),Shale (Middle Bhuban Formation) Surma Group,Scrub Forest,546.0,MultiPolygon
LS2014_001666,1,positive,bhuvan_2014,MZ/LU/84A12/2014/31,,MZ,Mizoram,Lunglei,23.1297,92.6588,2014,Rainfall,Active,Highly Dissected Structural Hill (SHH),Shale (Middle Bhuban Formation) Surma Group,Scrub Forest,646.0,MultiPolygon
LS2014_001667,1,positive,bhuvan_2014,MZ/MA/84A11/2014/131,,MZ,Mizoram,Mamit,23.3877,92.5842,2014,Rainfall,Active,Highly Dissected Structural Hill (SHH),Shale (Middle Bhuban Formation) Surma Group,Deciduous,975.0,MultiPolygon
LS2014_001668,1,positive,bhuvan_2014,MZ/LU/84A11/2014/1,,MZ,Mizoram,Lunglei,23.3666,92.6097,2014,Rainfall,Active,Highly Dissected Structural Hill (SHH),Shale (Middle Bhuban Formation) Surma Group,Scrub Forest,1046.0,MultiPolygon
LS2014_001669,1,positive,bhuvan_2014,MZ/MA/84A11/2014/116,,MZ,Mizoram,Mamit,23.4795,92.5843,2014,Rainfall,Active,Highly Dissected Structural Hill (SHH),Shale (Middle Bhuban Formation) Surma Group,Evergreen / Semi evergreen,286.0,MultiPolygon
LS2014_001670,1,positive,bhuvan_2014,MZ/AI/84A11/2014/415,,MZ,Mizoram,Aizawl,23.4658,92.6675,2014,Rainfall,Active,Highly Dissected Structural Hill (SHH),Shale (Middle Bhuban Formation) Surma Group,Deciduous,2375.0,MultiPolygon
LS2014_001671,1,positive,bhuvan_2014,MZ/MA/84A10/2014/67,,MZ,Mizoram,Mamit,23.6703,92.5967,2014,Rainfall,Active,Highly Dissected Structural Hill (SHH),Sandstone (Upper Bhuban Formation) Surma Group,Scrub land,270.0,MultiPolygon
LS2014_001672,1,positive,bhuvan_2014,MZ/MA/84A10/2014/71,,MZ,Mizoram,Mamit,23.6625,92.5924,2014,Rainfall,Active,Highly Dissected Structural Hill (SHH),Shale (Middle Bhuban Formation) Surma Group,Scrub Forest,675.0,MultiPolygon
LS2014_001673,1,positive,bhuvan_2014,MZ/MA/84A09/2014/47,,MZ,Mizoram,Mamit,23.7901,92.5834,2014,Rainfall,Active,Highly Dissected Structural Hill (SHH),Shale (Middle Bhuban Formation) Surma Group,Forest Plantation,2625.0,MultiPolygon
LS2014_001674,1,positive,bhuvan_2014,MZ/MA/84A09/2014/48,,MZ,Mizoram,Mamit,23.7901,92.582,2014,Rainfall,Active,Highly Dissected Structural Hill (SHH),Shale (Middle Bhuban Formation) Surma Group,Forest Plantation,10201.0,MultiPolygon
LS2014_001675,1,positive,bhuvan_2014,MZ/MA/84A09/2014/50,,MZ,Mizoram,Mamit,23.7882,92.5796,2014,Rainfall,Active,Highly Dissected Structural Hill (SHH),Shale (Middle Bhuban Formation) Surma Group,Plantation,18752.0,MultiPolygon
LS2014_001676,1,positive,bhuvan_2014,MZ/MA/84A09/2014/52,,MZ,Mizoram,Mamit,23.7766,92.6033,2014,Rainfall,Active,Less Dissected Structural Hill (SHL),Sandstone (Upper Bhuban Formation) Surma Group,Scrub Forest,1889.0,MultiPolygon
LS2014_001677,1,positive,bhuvan_2014,MZ/MA/84A09/2014/53,,MZ,Mizoram,Mamit,23.7715,92.5948,2014,Rainfall,Active,Highly Dissected Structural Hill (SHH),Sandstone (Upper Bhuban Formation) Surma Group,Deciduous,1030.0,MultiPolygon
LS2014_001678,1,positive,bhuvan_2014,MZ/MA/84A09/2014/41,,MZ,Mizoram,Mamit,23.8195,92.6424,2014,Rainfall,Active,Highly Dissected Structural Hill (SHH),Sandstone (Upper Bhuban Formation) Surma Group,Deciduous,500.0,MultiPolygon
LS2014_001679,1,positive,bhuvan_2014,MZ/AI/84A09/2014/307,,MZ,Mizoram,Aizawl,23.7883,92.6452,2014,Rainfall,Active,Highly Dissected Structural Hill (SHH),Sandstone (Upper Bhuban Formation) Surma Group,Deciduous,2361.0,MultiPolygon
LS2014_001680,1,positive,bhuvan_2014,MZ/AI/84A09/2014/309,,MZ,Mizoram,Aizawl,23.7882,92.6431,2014,Rainfall,Active,Highly Dissected Structural Hill (SHH),Sandstone (Upper Bhuban Formation) Surma Group,Deciduous,4400.0,MultiPolygon
LS2014_001681,1,positive,bhuvan_2014,MZ/MA/84A09/2014/28,,MZ,Mizoram,Mamit,23.9114,92.5897,2014,Rainfall,Active,Highly Dissected Structural Hill (SHH),Shale (Middle Bhuban Formation) Surma Group,Deciduous,525.0,MultiPolygon
LS2014_001682,1,positive,bhuvan_2014,MZ/MA/83D12/2014/9,,MZ,Mizoram,Mamit,24.0015,92.5971,2014,Rainfall,Active,Less Dissected Structural Hill (SHL),Shale (Middle Bhuban Formation) Surma Group,Deciduous,425.0,MultiPolygon
LS2014_001683,1,positive,bhuvan_2014,MZ/KO/83D12/2014/91,,MZ,Mizoram,Kolasib,24.1278,92.5941,2014,Rainfall,Active,Inter-Montane Valley (IV),Shale (Boka Bil Formation) Surma Group,Evergreen / Semi evergreen,1404.0,MultiPolygon
LS2014_001684,1,positive,bhuvan_2014,MZ/KO/83D12/2014/94,,MZ,Mizoram,Kolasib,24.1261,92.592,2014,Rainfall,Active,Less Dissected Structural Hill (SHL),Shale (Boka Bil Formation) Surma Group,Evergreen / Semi evergreen,959.0,MultiPolygon
LS2014_001685,1,positive,bhuvan_2014,MZ/KO/83D12/2014/95,,MZ,Mizoram,Kolasib,24.1261,92.5915,2014,Rainfall,Active,Less Dissected Structural Hill (SHL),Shale (Boka Bil Formation) Surma Group,Evergreen / Semi evergreen,292.0,MultiPolygon
LS2014_001686,1,positive,bhuvan_2014,MZ/KO/83D12/2014/97,,MZ,Mizoram,Kolasib,24.1258,92.5897,2014,Rainfall,Active,Less Dissected Structural Hill (SHL),Shale (Boka Bil Formation) Surma Group,Evergreen / Semi evergreen,821.0,MultiPolygon
LS2014_001687,1,positive,bhuvan_2014,MZ/KO/83D12/2014/98,,MZ,Mizoram,Kolasib,24.1257,92.59,2014,Rainfall,Active,Less Dissected Structural Hill (SHL),Shale (Boka Bil Formation) Surma Group,Evergreen / Semi evergreen,608.0,MultiPolygon
LS2014_001688,1,positive,bhuvan_2014,MZ/KO/83D12/2014/101,,MZ,Mizoram,Kolasib,24.1241,92.5815,2014,Rainfall,Active,Inter-Montane Valley (IV),Shale (Boka Bil Formation) Surma Group,Evergreen / Semi evergreen,568.0,MultiPolygon
LS2014_001689,1,positive,bhuvan_2014,MZ/KO/83D12/2014/106,,MZ,Mizoram,Kolasib,24.1169,92.6047,2014,Rainfall,Active,Inter-Montane Valley (IV),Shale (Boka Bil Formation) Surma Group,Evergreen / Semi evergreen,339.0,MultiPolygon
LS2014_001690,1,positive,bhuvan_2014,MZ/KO/83D12/2014/30,,MZ,Mizoram,Kolasib,24.2459,92.5935,2014,Rainfall,Active,Moderately Dissected Structural Hill (SHM),Shale (Boka Bil Formation) Surma Group,Scrub Forest,650.0,MultiPolygon
LS2014_001691,1,positive,bhuvan_2014,MZ/KO/83D12/2014/31,,MZ,Mizoram,Kolasib,24.243,92.6081,2014,Rainfall,Active,Inter-Montane Valley (IV),Shale (Boka Bil Formation) Surma Group,Evergreen / Semi evergreen,285.0,MultiPolygon
LS2014_001692,1,positive,bhuvan_2014,MZ/KO/83D12/2014/86,,MZ,Mizoram,Kolasib,24.143,92.6626,2014,Rainfall,Active,Less Dissected Structural Hill (SHL),Shale (Boka Bil Formation) Surma Group,Deciduous,406.0,MultiPolygon
LS2014_001693,1,positive,bhuvan_2014,MZ/KO/83D12/2014/87,,MZ,Mizoram,Kolasib,24.1425,92.6625,2014,Rainfall,Active,Less Dissected Structural Hill (SHL),Shale (Boka Bil Formation) Surma Group,Deciduous,641.0,MultiPolygon
LS2014_001694,1,positive,bhuvan_2014,MZ/KO/83D12/2014/88,,MZ,Mizoram,Kolasib,24.1405,92.6617,2014,Rainfall,Active,Less Dissected Structural Hill (SHL),Shale (Boka Bil Formation) Surma Group,Deciduous,432.0,MultiPolygon
LS2014_001695,1,positive,bhuvan_2014,MZ/KO/83D12/2014/55,,MZ,Mizoram,Kolasib,24.223,92.6625,2014,Rainfall,Active,Moderately Dissected Structural Hill (SHM),Sandstone (Upper Bhuban Formation) Surma Group,Evergreen / Semi evergreen,918.0,MultiPolygon
LS2014_001696,1,positive,bhuvan_2014,MZ/KO/83D12/2014/56,,MZ,Mizoram,Kolasib,24.2226,92.6622,2014,Rainfall,Active,Moderately Dissected Structural Hill (SHM),Sandstone (Upper Bhuban Formation) Surma Group,Evergreen / Semi evergreen,429.0,MultiPolygon
LS2014_001697,1,positive,bhuvan_2014,MZ/KO/83D12/2014/58,,MZ,Mizoram,Kolasib,24.222,92.6625,2014,Rainfall,Active,Moderately Dissected Structural Hill (SHM),Sandstone (Upper Bhuban Formation) Surma Group,Evergreen / Semi evergreen,567.0,MultiPolygon
LS2014_001698,1,positive,bhuvan_2014,MZ/KO/83D12/2014/74,,MZ,Mizoram,Kolasib,24.208,92.6554,2014,Rainfall,Active,Moderately Dissected Structural Hill (SHM),Sandstone (Upper Bhuban Formation) Surma Group,Deciduous,679.0,MultiPolygon
LS2014_001699,1,positive,bhuvan_2014,MZ/LA/84B12/2014/83,,MZ,Mizoram,Lawangtlai,22.182,92.7029,2014,Rainfall,Active,Highly Dissected Structural Hill (SHH),Shale (Middle Bhuban Formation) Surma Group,Deciduous,616.0,MultiPolygon
LS2014_001700,1,positive,bhuvan_2014,MZ/LA/84B12/2014/86,,MZ,Mizoram,Lawangtlai,22.1625,92.7093,2014,Rainfall,Active,Less Dissected Structural Hill (SHL),Shale (Middle Bhuban Formation) Surma Group,Scrub Forest,1215.0,MultiPolygon
LS2014_001701,1,positive,bhuvan_2014,MZ/LA/84B15/2014/72,,MZ,Mizoram,Lawangtlai,22.2753,92.783,2014,Rainfall,Active,Highly Dissected Structural Hill (SHH),Shale (Middle Bhuban Formation) Surma Group,Scrub Forest,544.0,MultiPolygon
LS2014_001702,1,positive,bhuvan_2014,MZ/LA/84B15/2014/74,,MZ,Mizoram,Lawangtlai,22.2676,92.7724,2014,Rainfall,Active,Highly Dissected Structural Hill (SHH),Shale (Middle Bhuban Formation) Surma Group,Evergreen / Semi evergreen,801.0,MultiPolygon
LS2014_001703,1,positive,bhuvan_2014,MZ/LA/84B11/2014/48,,MZ,Mizoram,Lawangtlai,22.4161,92.7033,2014,Rainfall,Active,Highly Dissected Structural Hill (SHH),Shale (Middle Bhuban Formation) Surma Group,Scrub Forest,411.0,MultiPolygon
LS2014_001704,1,positive,bhuvan_2014,MZ/LA/84B11/2014/49,,MZ,Mizoram,Lawangtlai,22.4159,92.703,2014,Rainfall,Active,Highly Dissected Structural Hill (SHH),Shale (Middle Bhuban Formation) Surma Group,Scrub Forest,243.0,MultiPolygon
LS2014_001705,1,positive,bhuvan_2014,MZ/LA/84B11/2014/50,,MZ,Mizoram,Lawangtlai,22.4147,92.7008,2014,Rainfall,Active,Highly Dissected Structural Hill (SHH),Shale (Middle Bhuban Formation) Surma Group,Scrub Forest,560.0,MultiPolygon
LS2014_001706,1,positive,bhuvan_2014,MZ/LA/84B10/2014/27,,MZ,Mizoram,Lawangtlai,22.5229,92.721,2014,Rainfall,Active,Highly Dissected Structural Hill (SHH),Shale (Middle Bhuban Formation) Surma Group,Scrub Forest,742.0,MultiPolygon
LS2014_001707,1,positive,bhuvan_2014,MZ/LA/84B10/2014/34,,MZ,Mizoram,Lawangtlai,22.5024,92.7078,2014,Rainfall,Active,Less Dissected Structural Hill (SHL),Shale (Middle Bhuban Formation) Surma Group,Evergreen / Semi evergreen,276.0,MultiPolygon
LS2014_001708,1,positive,bhuvan_2014,MZ/LU/84B14/2014/284,,MZ,Mizoram,Lunglei,22.5185,92.7589,2014,Rainfall,Active,Highly Dissected Structural Hill (SHH),Shale (Middle Bhuban Formation) Surma Group,Evergreen / Semi evergreen,294.0,MultiPolygon
LS2014_001709,1,positive,bhuvan_2014,MZ/LU/84B14/2014/285,,MZ,Mizoram,Lunglei,22.5159,92.7637,2014,Rainfall,Active,Moderately Dissected Structural Hill (SHM),Sandstone (Upper Bhuban Formation) Surma Group,Evergreen / Semi evergreen,892.0,MultiPolygon
LS2014_001710,1,positive,bhuvan_2014,MZ/LU/84B14/2014/286,,MZ,Mizoram,Lunglei,22.5122,92.7629,2014,Rainfall,Active,Moderately Dissected Structural Hill (SHM),Sandstone (Upper Bhuban Formation) Surma Group,Deciduous,736.0,MultiPolygon
LS2014_001711,1,positive,bhuvan_2014,MZ/LU/84B10/2014/263,,MZ,Mizoram,Lunglei,22.6321,92.7147,2014,Rainfall,Active,Highly Dissected Structural Hill (SHH),Shale (Middle Bhuban Formation) Surma Group,Deciduous,431.0,MultiPolygon
LS2014_001712,1,positive,bhuvan_2014,MZ/LU/84B10/2014/264,,MZ,Mizoram,Lunglei,22.6311,92.7138,2014,Rainfall,Active,Less Dissected Structural Hill (SHL),Shale (Middle Bhuban Formation) Surma Group,Deciduous,752.0,MultiPolygon
LS2014_001713,1,positive,bhuvan_2014,MZ/LU/84B14/2014/268,,MZ,Mizoram,Lunglei,22.5953,92.7799,2014,Rainfall,Active,Less Dissected Structural Hill (SHL),Sandstone (Upper Bhuban Formation) Surma Group,Evergreen / Semi evergreen,395.0,MultiPolygon
LS2014_001714,1,positive,bhuvan_2014,MZ/LU/84B14/2014/269,,MZ,Mizoram,Lunglei,22.5949,92.7717,2014,Rainfall,Active,Less Dissected Structural Hill (SHL),Shale (Middle Bhuban Formation) Surma Group,Deciduous,413.0,MultiPolygon
LS2014_001715,1,positive,bhuvan_2014,MZ/LU/84B09/2014/212,,MZ,Mizoram,Lunglei,22.846,92.7042,2014,Rainfall,Active,Highly Dissected Structural Hill (SHH),Shale (Middle Bhuban Formation) Surma Group,Deciduous,1816.0,MultiPolygon
LS2014_001716,1,positive,bhuvan_2014,MZ/LU/84B09/2014/214,,MZ,Mizoram,Lunglei,22.839,92.7195,2014,Rainfall,Active,Moderately Dissected Structural Hill (SHM),Sandstone (Lower Bhuban Formation) Surma Group,Deciduous,739.0,MultiPolygon
LS2014_001717,1,positive,bhuvan_2014,MZ/LU/84B09/2014/215,,MZ,Mizoram,Lunglei,22.8388,92.7168,2014,Rainfall,Active,Moderately Dissected Structural Hill (SHM),Sandstone (Lower Bhuban Formation) Surma Group,Deciduous,462.0,MultiPolygon
LS2014_001718,1,positive,bhuvan_2014,MZ/LU/84B09/2014/218,,MZ,Mizoram,Lunglei,22.8372,92.7121,2014,Rainfall,Active,Moderately Dissected Structural Hill (SHM),Sandstone (Lower Bhuban Formation) Surma Group,Deciduous,826.0,MultiPolygon
LS2014_001719,1,positive,bhuvan_2014,MZ/LU/84B09/2014/220,,MZ,Mizoram,Lunglei,22.8287,92.7227,2014,Rainfall,Active,Moderately Dissected Structural Hill (SHM),Sandstone (Lower Bhuban Formation) Surma Group,Deciduous,1275.0,MultiPolygon
LS2014_001720,1,positive,bhuvan_2014,MZ/LU/84B09/2014/242,,MZ,Mizoram,Lunglei,22.8033,92.7102,2014,Rainfall,Active,Less Dissected Structural Hill (SHL),Shale (Middle Bhuban Formation) Surma Group,Deciduous,965.0,MultiPolygon
LS2014_001721,1,positive,bhuvan_2014,MZ/LU/84B09/2014/145,,MZ,Mizoram,Lunglei,22.958,92.7118,2014,Rainfall,Active,Highly Dissected Structural Hill (SHH),Shale (Middle Bhuban Formation) Surma Group,Scrub Forest,360.0,MultiPolygon
LS2014_001722,1,positive,bhuvan_2014,MZ/LU/84B09/2014/163,,MZ,Mizoram,Lunglei,22.9453,92.7123,2014,Rainfall,Active,Highly Dissected Structural Hill (SHH),Shale (Middle Bhuban Formation) Surma Group,Scrub Forest,560.0,MultiPolygon
LS2014_001723,1,positive,bhuvan_2014,MZ/LU/84B09/2014/164,,MZ,Mizoram,Lunglei,22.9446,92.715,2014,Rainfall,Active,Highly Dissected Structural Hill (SHH),Shale (Middle Bhuban Formation) Surma Group,Scrub Forest,639.0,MultiPolygon
LS2014_001724,1,positive,bhuvan_2014,MZ/LU/84B09/2014/165,,MZ,Mizoram,Lunglei,22.9443,92.7143,2014,Rainfall,Active,Highly Dissected Structural Hill (SHH),Shale (Middle Bhuban Formation) Surma Group,Scrub Forest,806.0,MultiPolygon
LS2014_001725,1,positive,bhuvan_2014,MZ/LU/84B09/2014/167,,MZ,Mizoram,Lunglei,22.9396,92.712,2014,Rainfall,Active,Highly Dissected Structural Hill (SHH),Shale (Middle Bhuban Formation) Surma Group,Scrub Forest,302.0,MultiPolygon
LS2014_001726,1,positive,bhuvan_2014,MZ/LU/84B09/2014/168,,MZ,Mizoram,Lunglei,22.939,92.7124,2014,Rainfall,Active,Highly Dissected Structural Hill (SHH),Shale (Middle Bhuban Formation) Surma Group,Scrub Forest,552.0,MultiPolygon
LS2014_001727,1,positive,bhuvan_2014,MZ/LU/84B09/2014/170,,MZ,Mizoram,Lunglei,22.9385,92.7137,2014,Rainfall,Active,Highly Dissected Structural Hill (SHH),Shale (Middle Bhuban Formation) Surma Group,Deciduous,451.0,MultiPolygon
LS2014_001728,1,positive,bhuvan_2014,MZ/LU/84B09/2014/171,,MZ,Mizoram,Lunglei,22.9348,92.7019,2014,Rainfall,Active,Less Dissected Structural Hill (SHL),Shale (Middle Bhuban Formation) Surma Group,Scrub Forest,501.0,MultiPolygon
LS2014_001729,1,positive,bhuvan_2014,MZ/LU/84B09/2014/179,,MZ,Mizoram,Lunglei,22.9259,92.708,2014,Rainfall,Active,Highly Dissected Structural Hill (SHH),Shale (Middle Bhuban Formation) Surma Group,Evergreen / Semi evergreen,315.0,MultiPolygon
LS2014_001730,1,positive,bhuvan_2014,MZ/LU/84B09/2014/184,,MZ,Mizoram,Lunglei,22.918,92.703,2014,Rainfall,Active,Highly Dissected Structural Hill (SHH),Shale (Middle Bhuban Formation) Surma Group,Scrub Forest,502.0,MultiPolygon
LS2014_001731,1,positive,bhuvan_2014,MZ/LU/84B09/2014/187,,MZ,Mizoram,Lunglei,22.9133,92.7067,2014,Rainfall,Active,Highly Dissected Structural Hill (SHH),Shale (Middle Bhuban Formation) Surma Group,Scrub Forest,1420.0,MultiPolygon
LS2014_001732,1,positive,bhuvan_2014,MZ/LU/84B09/2014/189,,MZ,Mizoram,Lunglei,22.9075,92.722,2014,Rainfall,Active,Highly Dissected Structural Hill (SHH),Shale (Middle Bhuban Formation) Surma Group,Evergreen / Semi evergreen,182.0,MultiPolygon
LS2014_001733,1,positive,bhuvan_2014,MZ/LU/84B09/2014/190,,MZ,Mizoram,Lunglei,22.9075,92.7057,2014,Rainfall,Active,Highly Dissected Structural Hill (SHH),Shale (Middle Bhuban Formation) Surma Group,Deciduous,384.0,MultiPolygon
LS2014_001734,1,positive,bhuvan_2014,MZ/LU/84B09/2014/191,,MZ,Mizoram,Lunglei,22.9067,92.7274,2014,Rainfall,Active,Highly Dissected Structural Hill (SHH),Shale (Middle Bhuban Formation) Surma Group,Cuirrent Shifting Cultivation,539.0,MultiPolygon
LS2014_001735,1,positive,bhuvan_2014,MZ/LU/84B09/2014/192,,MZ,Mizoram,Lunglei,22.9062,92.7219,2014,Rainfall,Active,Highly Dissected Structural Hill (SHH),Shale (Middle Bhuban Formation) Surma Group,Evergreen / Semi evergreen,345.0,MultiPolygon
LS2014_001736,1,positive,bhuvan_2014,MZ/LU/84B09/2014/194,,MZ,Mizoram,Lunglei,22.9023,92.7261,2014,Rainfall,Active,Highly Dissected Structural Hill (SHH),Shale (Middle Bhuban Formation) Surma Group,Cuirrent Shifting Cultivation,576.0,MultiPolygon
LS2014_001737,1,positive,bhuvan_2014,MZ/LU/84B13/2014/213,,MZ,Mizoram,Lunglei,22.8453,92.7718,2014,Rainfall,Active,Highly Dissected Structural Hill (SHH),Shale (Middle Bhuban Formation) Surma Group,Scrub Forest,517.0,MultiPolygon
LS2014_001738,1,positive,bhuvan_2014,MZ/LU/84B13/2014/221,,MZ,Mizoram,Lunglei,22.8285,92.7827,2014,Rainfall,Active,Highly Dissected Structural Hill (SHH),Shale (Middle Bhuban Formation) Surma Group,Deciduous,185.0,MultiPolygon
LS2014_001739,1,positive,bhuvan_2014,MZ/LU/84B13/2014/222,,MZ,Mizoram,Lunglei,22.8283,92.7767,2014,Rainfall,Active,Highly Dissected Structural Hill (SHH),Shale (Middle Bhuban Formation) Surma Group,Evergreen / Semi evergreen,1109.0,MultiPolygon
LS2014_001740,1,positive,bhuvan_2014,MZ/LU/84B13/2014/224,,MZ,Mizoram,Lunglei,22.8215,92.7806,2014,Rainfall,Active,Highly Dissected Structural Hill (SHH),Shale (Middle Bhuban Formation) Surma Group,Deciduous,330.0,MultiPolygon
LS2014_001741,1,positive,bhuvan_2014,MZ/LU/84B13/2014/225,,MZ,Mizoram,Lunglei,22.8214,92.7801,2014,Rainfall,Active,Highly Dissected Structural Hill (SHH),Shale (Middle Bhuban Formation) Surma Group,Deciduous,608.0,MultiPolygon
LS2014_001742,1,positive,bhuvan_2014,MZ/LU/84B13/2014/227,,MZ,Mizoram,Lunglei,22.8203,92.7797,2014,Rainfall,Active,Highly Dissected Structural Hill (SHH),Shale (Middle Bhuban Formation) Surma Group,Deciduous,741.0,MultiPolygon
LS2014_001743,1,positive,bhuvan_2014,MZ/LU/84B13/2014/228,,MZ,Mizoram,Lunglei,22.82,92.7838,2014,Rainfall,Active,Highly Dissected Structural Hill (SHH),Shale (Middle Bhuban Formation) Surma Group,Deciduous,344.0,MultiPolygon
LS2014_001744,1,positive,bhuvan_2014,MZ/LU/84B13/2014/229,,MZ,Mizoram,Lunglei,22.8199,92.7821,2014,Rainfall,Active,Highly Dissected Structural Hill (SHH),Shale (Middle Bhuban Formation) Surma Group,Deciduous,309.0,MultiPolygon
LS2014_001745,1,positive,bhuvan_2014,MZ/LU/84B13/2014/230,,MZ,Mizoram,Lunglei,22.8192,92.7846,2014,Rainfall,Active,Highly Dissected Structural Hill (SHH),Shale (Middle Bhuban Formation) Surma Group,Deciduous,485.0,MultiPolygon
LS2014_001746,1,positive,bhuvan_2014,MZ/LU/84B13/2014/231,,MZ,Mizoram,Lunglei,22.8185,92.7867,2014,Rainfall,Active,Highly Dissected Structural Hill (SHH),Shale (Middle Bhuban Formation) Surma Group,Deciduous,975.0,MultiPolygon
LS2014_001747,1,positive,bhuvan_2014,MZ/LU/84B13/2014/232,,MZ,Mizoram,Lunglei,22.8183,92.7855,2014,Rainfall,Active,Less Dissected Structural Hill (SHL),Shale (Middle Bhuban Formation) Surma Group,Deciduous,1486.0,MultiPolygon
LS2014_001748,1,positive,bhuvan_2014,MZ/LU/84B13/2014/236,,MZ,Mizoram,Lunglei,22.8152,92.7857,2014,Rainfall,Active,Less Dissected Structural Hill (SHL),Shale (Middle Bhuban Formation) Surma Group,Deciduous,2856.0,MultiPolygon
LS2014_001749,1,positive,bhuvan_2014,MZ/LU/84B13/2014/241,,MZ,Mizoram,Lunglei,22.8051,92.7602,2014,Rainfall,Active,Less Dissected Structural Hill (SHL),Shale (Middle Bhuban Formation) Surma Group,Evergreen / Semi evergreen,738.0,MultiPolygon
LS2014_001750,1,positive,bhuvan_2014,MZ/LU/84B13/2014/243,,MZ,Mizoram,Lunglei,22.803,92.7636,2014,Rainfall,Active,Highly Dissected Structural Hill (SHH),Shale (Middle Bhuban Formation) Surma Group,Scrub Forest,630.0,MultiPolygon
LS2014_001751,1,positive,bhuvan_2014,MZ/LU/84B13/2014/246,,MZ,Mizoram,Lunglei,22.7972,92.7834,2014,Rainfall,Active,Highly Dissected Structural Hill (SHH),Shale (Middle Bhuban Formation) Surma Group,Deciduous,535.0,MultiPolygon
LS2014_001752,1,positive,bhuvan_2014,MZ/LU/84B13/2014/182,,MZ,Mizoram,Lunglei,22.9242,92.7799,2014,Rainfall,Active,Less Dissected Structural Hill (SHL),Sandstone (Upper Bhuban Formation) Surma Group,Deciduous,664.0,MultiPolygon
LS2014_001753,1,positive,bhuvan_2014,MZ/LU/84B13/2014/188,,MZ,Mizoram,Lunglei,22.9084,92.7679,2014,Rainfall,Active,Moderately Dissected Structural Hill (SHM),Sandstone (Upper Bhuban Formation) Surma Group,Scrub Forest,820.0,MultiPolygon
LS2014_001754,1,positive,bhuvan_2014,MZ/LU/84A12/2014/86,,MZ,Mizoram,Lunglei,23.059,92.7017,2014,Rainfall,Active,Highly Dissected Structural Hill (SHH),Shale (Middle Bhuban Formation) Surma Group,Evergreen / Semi evergreen,1052.0,MultiPolygon
LS2014_001755,1,positive,bhuvan_2014,MZ/LU/84A12/2014/94,,MZ,Mizoram,Lunglei,23.0354,92.7106,2014,Rainfall,Active,Highly Dissected Structural Hill (SHH),Shale (Middle Bhuban Formation) Surma Group,Deciduous,908.0,MultiPolygon
LS2014_001756,1,positive,bhuvan_2014,MZ/LU/84A12/2014/8,,MZ,Mizoram,Lunglei,23.175,92.7134,2014,Rainfall,Active,Moderately Dissected Structural Hill (SHM),Sandstone (Lower Bhuban Formation) Surma Group,Deciduous,495.0,MultiPolygon
LS2014_001757,1,positive,bhuvan_2014,MZ/LU/84A12/2014/26,,MZ,Mizoram,Lunglei,23.136,92.7093,2014,Rainfall,Active,Highly Dissected Structural Hill (SHH),Shale (Middle Bhuban Formation) Surma Group,Deciduous,427.0,MultiPolygon
LS2014_001758,1,positive,bhuvan_2014,MZ/LU/84A12/2014/28,,MZ,Mizoram,Lunglei,23.1319,92.7164,2014,Rainfall,Active,Highly Dissected Structural Hill (SHH),Shale (Middle Bhuban Formation) Surma Group,Deciduous,580.0,MultiPolygon
LS2014_001759,1,positive,bhuvan_2014,MZ/LU/84A12/2014/29,,MZ,Mizoram,Lunglei,23.1313,92.7156,2014,Rainfall,Active,Highly Dissected Structural Hill (SHH),Shale (Middle Bhuban Formation) Surma Group,Deciduous,462.0,MultiPolygon
LS2014_001760,1,positive,bhuvan_2014,MZ/LU/84A12/2014/30,,MZ,Mizoram,Lunglei,23.1313,92.7137,2014,Rainfall,Active,Highly Dissected Structural Hill (SHH),Shale (Middle Bhuban Formation) Surma Group,Deciduous,467.0,MultiPolygon
LS2014_001761,1,positive,bhuvan_2014,MZ/LU/84A12/2014/33,,MZ,Mizoram,Lunglei,23.1264,92.7118,2014,Rainfall,Active,Highly Dissected Structural Hill (SHH),Shale (Middle Bhuban Formation) Surma Group,Evergreen / Semi evergreen,440.0,MultiPolygon
LS2014_001762,1,positive,bhuvan_2014,MZ/LU/84A12/2014/36,,MZ,Mizoram,Lunglei,23.1238,92.7014,2014,Rainfall,Active,Less Dissected Structural Hill (SHL),Shale (Middle Bhuban Formation) Surma Group,Deciduous,906.0,MultiPolygon
LS2014_001763,1,positive,bhuvan_2014,MZ/LU/84A12/2014/40,,MZ,Mizoram,Lunglei,23.1176,92.7141,2014,Rainfall,Active,Less Dissected Structural Hill (SHL),Sandstone (Upper Bhuban Formation) Surma Group,Deciduous,447.0,MultiPolygon
LS2014_001764,1,positive,bhuvan_2014,MZ/LU/84A16/2014/20,,MZ,Mizoram,Lunglei,23.1446,92.7591,2014,Rainfall,Active,Less Dissected Structural Hill (SHL),Shale (Middle Bhuban Formation) Surma Group,Deciduous,703.0,MultiPolygon
LS2014_001765,1,positive,bhuvan_2014,MZ/AI/84A11/2014/424,,MZ,Mizoram,Aizawl,23.3652,92.6974,2014,Rainfall,Active,Less Dissected Structural Hill (SHL),Sandstone (Lower Bhuban Formation) Surma Group,Scrub Forest,387.0,MultiPolygon
LS2014_001766,1,positive,bhuvan_2014,MZ/AI/84A11/2014/425,,MZ,Mizoram,Aizawl,23.3565,92.7099,2014,Rainfall,Active,Moderately Dissected Structural Hill (SHM),Sandstone (Lower Bhuban Formation) Surma Group,Deciduous,1606.0,MultiPolygon
LS2014_001767,1,positive,bhuvan_2014,MZ/AI/84A15/2014/427,,MZ,Mizoram,Aizawl,23.3518,92.7575,2014,Rainfall,Active,Inter-Montane Valley (IV),Shale (Middle Bhuban Formation) Surma Group,Deciduous,502.0,MultiPolygon
LS2014_001768,1,positive,bhuvan_2014,MZ/AI/84A10/2014/403,,MZ,Mizoram,Aizawl,23.5762,92.714,2014,Rainfall,Active,Highly Dissected Structural Hill (SHH),Shale (Middle Bhuban Formation) Surma Group,Scrub Forest,225.0,MultiPolygon
LS2014_001769,1,positive,bhuvan_2014,MZ/AI/84A14/2014/401,,MZ,Mizoram,Aizawl,23.5859,92.7763,2014,Rainfall,Active,Moderately Dissected Structural Hill (SHM),Shale (Boka Bil Formation) Surma Group,Deciduous,1086.0,MultiPolygon
LS2014_001770,1,positive,bhuvan_2014,MZ/AI/84A09/2014/319,,MZ,Mizoram,Aizawl,23.7689,92.7032,2014,Rainfall,Active,Highly Dissected Structural Hill (SHH),Shale (Middle Bhuban Formation) Surma Group,Scrub Forest,596.0,MultiPolygon
LS2014_001771,1,positive,bhuvan_2014,MZ/AI/84A14/2014/362,,MZ,Mizoram,Aizawl,23.6982,92.7637,2014,Rainfall,Active,Moderately Dissected Structural Hill (SHM),Sandstone (Upper Bhuban Formation) Surma Group,Evergreen / Semi evergreen,1100.0,MultiPolygon
LS2014_001772,1,positive,bhuvan_2014,MZ/AI/84A14/2014/367,,MZ,Mizoram,Aizawl,23.6822,92.7847,2014,Rainfall,Active,Less Dissected Structural Hill (SHL),Shale (Boka Bil Formation) Surma Group,Deciduous,1176.0,MultiPolygon
LS2014_001773,1,positive,bhuvan_2014,MZ/AI/84A13/2014/272,,MZ,Mizoram,Aizawl,23.8148,92.7647,2014,Rainfall,Active,Moderately Dissected Structural Hill (SHM),Sandstone (Upper Bhuban Formation) Surma Group,Plantation,1350.0,MultiPolygon
LS2014_001774,1,positive,bhuvan_2014,MZ/AI/84A13/2014/278,,MZ,Mizoram,Aizawl,23.8084,92.7785,2014,Rainfall,Active,Moderately Dissected Structural Hill (SHM),Sandstone (Upper Bhuban Formation) Surma Group,Scrub Forest,664.0,MultiPolygon
LS2014_001775,1,positive,bhuvan_2014,MZ/AI/84A13/2014/279,,MZ,Mizoram,Aizawl,23.8075,92.7745,2014,Rainfall,Active,Moderately Dissected Structural Hill (SHM),Sandstone (Upper Bhuban Formation) Surma Group,Scrub Forest,449.0,MultiPolygon
LS2014_001776,1,positive,bhuvan_2014,MZ/AI/84A13/2014/280,,MZ,Mizoram,Aizawl,23.8071,92.7745,2014,Rainfall,Active,Moderately Dissected Structural Hill (SHM),Sandstone (Upper Bhuban Formation) Surma Group,Scrub Forest,253.0,MultiPolygon
LS2014_001777,1,positive,bhuvan_2014,MZ/AI/84A13/2014/289,,MZ,Mizoram,Aizawl,23.7995,92.7614,2014,Rainfall,Active,Moderately Dissected Structural Hill (SHM),Sandstone (Upper Bhuban Formation) Surma Group,Deciduous,308.0,MultiPolygon
LS2014_001778,1,positive,bhuvan_2014,MZ/AI/84A13/2014/293,,MZ,Mizoram,Aizawl,23.7974,92.7564,2014,Rainfall,Active,Moderately Dissected Structural Hill (SHM),Sandstone (Upper Bhuban Formation) Surma Group,Deciduous,563.0,MultiPolygon
LS2014_001779,1,positive,bhuvan_2014,MZ/AI/84A13/2014/300,,MZ,Mizoram,Aizawl,23.7934,92.7565,2014,Rainfall,Active,Moderately Dissected Structural Hill (SHM),Sandstone (Upper Bhuban Formation) Surma Group,Plantation,1079.0,MultiPolygon
LS2014_001780,1,positive,bhuvan_2014,MZ/AI/84A13/2014/304,,MZ,Mizoram,Aizawl,23.7895,92.7677,2014,Rainfall,Active,Moderately Dissected Structural Hill (SHM),Sandstone (Upper Bhuban Formation) Surma Group,Scrub Forest,703.0,MultiPolygon
LS2014_001781,1,positive,bhuvan_2014,MZ/AI/84A13/2014/305,,MZ,Mizoram,Aizawl,23.7888,92.7683,2014,Rainfall,Active,Moderately Dissected Structural Hill (SHM),Sandstone (Upper Bhuban Formation) Surma Group,Scrub Forest,335.0,MultiPolygon
LS2014_001782,1,positive,bhuvan_2014,MZ/AI/84A13/2014/317,,MZ,Mizoram,Aizawl,23.7767,92.7794,2014,Rainfall,Active,Moderately Dissected Structural Hill (SHM),Sandstone (Upper Bhuban Formation) Surma Group,Deciduous,517.0,MultiPolygon
LS2014_001783,1,positive,bhuvan_2014,MZ/AI/84A09/2014/231,,MZ,Mizoram,Aizawl,23.8761,92.7105,2014,Rainfall,Active,Moderately Dissected Structural Hill (SHM),Shale (Middle bhuban Formation) Surma Group,Scrub Forest,1594.0,MultiPolygon
LS2014_001784,1,positive,bhuvan_2014,MZ/AI/84A13/2014/214,,MZ,Mizoram,Aizawl,23.9345,92.7581,2014,Rainfall,Active,Moderately Dissected Structural Hill (SHM),Sandstone (Upper Bhuban Formation) Surma Group,Rural,150.0,MultiPolygon
LS2014_001785,1,positive,bhuvan_2014,MZ/AI/84A13/2014/228,,MZ,Mizoram,Aizawl,23.8805,92.7689,2014,Rainfall,Active,Moderately Dissected Structural Hill (SHM),Sandstone (Upper Bhuban Formation) Surma Group,Deciduous,1025.0,MultiPolygon
LS2014_001786,1,positive,bhuvan_2014,MZ/AI/84A13/2014/232,,MZ,Mizoram,Aizawl,23.8759,92.7599,2014,Rainfall,Active,Less Dissected Structural Hill (SHL),Sandstone (Upper Bhuban Formation) Surma Group,Deciduous,262.0,MultiPolygon
LS2014_001787,1,positive,bhuvan_2014,MZ/KO/83D16/2014/128,,MZ,Mizoram,Kolasib,24.0403,92.7743,2014,Rainfall,Active,Highly Dissected Structural Hill (SHH),Shale (Middle Bhuban Formation) Surma Group,Deciduous,1366.0,MultiPolygon
LS2014_001788,1,positive,bhuvan_2014,MZ/KO/83D16/2014/130,,MZ,Mizoram,Kolasib,24.0247,92.7582,2014,Rainfall,Active,Moderately Dissected Structural Hill (SHM),Sandstone (Upper Bhuban Formation) Surma Group,Scrub Forest,2473.0,MultiPolygon
LS2014_001789,1,positive,bhuvan_2014,MZ/KO/83D12/2014/89,,MZ,Mizoram,Kolasib,24.1396,92.713,2014,Rainfall,Active,Moderately Dissected Structural Hill (SHM),Sandstone (Upper Bhuban Formation) Surma Group,Deciduous,832.0,MultiPolygon
LS2014_001790,1,positive,bhuvan_2014,MZ/KO/83D12/2014/90,,MZ,Mizoram,Kolasib,24.1391,92.713,2014,Rainfall,Active,Moderately Dissected Structural Hill (SHM),Sandstone (Upper Bhuban Formation) Surma Group,Deciduous,640.0,MultiPolygon
LS2014_001791,1,positive,bhuvan_2014,MZ/KO/83D12/2014/109,,MZ,Mizoram,Kolasib,24.1034,92.7164,2014,Rainfall,Active,Moderately Dissected Structural Hill (SHM),Sandstone (Upper Bhuban Formation) Surma Group,Evergreen / Semi evergreen,977.0,MultiPolygon
LS2014_001792,1,positive,bhuvan_2014,MZ/KO/83D12/2014/47,,MZ,Mizoram,Kolasib,24.228,92.707,2014,Rainfall,Active,Less Dissected Structural Hill (SHL),Sandstone (Upper Bhuban Formation) Surma Group,Deciduous,639.0,MultiPolygon
LS2014_001793,1,positive,bhuvan_2014,MZ/KO/83D16/2014/72,,MZ,Mizoram,Kolasib,24.2104,92.7739,2014,Rainfall,Active,Highly Dissected Structural Hill (SHH),Shale (Middle Bhuban Formation) Surma Group,Deciduous,873.0,MultiPolygon
LS2014_001794,1,positive,bhuvan_2014,MZ/KO/83D16/2014/73,,MZ,Mizoram,Kolasib,24.2087,92.7699,2014,Rainfall,Active,Less Dissected Structural Hill (SHL),Sandstone (Upper Bhuban Formation) Surma Group,Deciduous,260.0,MultiPolygon
LS2014_001795,1,positive,bhuvan_2014,MZ/KO/83D11/2014/10,,MZ,Mizoram,Kolasib,24.3374,92.7259,2014,Rainfall,Active,Moderately Dissected Structural Hill (SHM),Sandstone (Upper Bhuban Formation) Surma Group,Evergreen / Semi evergreen,1748.0,MultiPolygon
LS2014_001796,1,positive,bhuvan_2014,MZ/KO/83D11/2014/12,,MZ,Mizoram,Kolasib,24.3088,92.7137,2014,Rainfall,Active,Moderately Dissected Structural Hill (SHM),Sandstone (Upper Bhuban Formation) Surma Group,Deciduous,1446.0,MultiPolygon
LS2014_001797,1,positive,bhuvan_2014,MZ/LA/84B15/2014/75,,MZ,Mizoram,Lawangtlai,22.2566,92.8267,2014,Rainfall,Active,Highly Dissected Structural Hill (SHH),Shale (Middle Bhuban Formation) Surma Group,Deciduous,980.0,MultiPolygon
LS2014_001798,1,positive,bhuvan_2014,MZ/SA/84B16/2014/64,,MZ,Mizoram,Saiha,22.155,92.8845,2014,Rainfall,Active,Less Dissected Structural Hill (SHL),Shale (Barail Group),Deciduous,854.0,MultiPolygon
LS2014_001799,1,positive,bhuvan_2014,MZ/LA/84B14/2014/32,,MZ,Mizoram,Lawangtlai,22.5163,92.8409,2014,Rainfall,Active,Highly Dissected Structural Hill (SHH),Shale (Middle Bhuban Formation) Surma Group,Deciduous,1337.0,MultiPolygon
LS2014_001800,1,positive,bhuvan_2014,MZ/LU/84B14/2014/266,,MZ,Mizoram,Lunglei,22.6147,92.8814,2014,Rainfall,Active,Less Dissected Structural Hill (SHL),Sandstone (Upper Bhuban Formation) Surma Group,Deciduous,192.0,MultiPolygon
LS2014_001801,1,positive,bhuvan_2014,MZ/LU/84B14/2014/259,,MZ,Mizoram,Lunglei,22.7194,92.8825,2014,Rainfall,Active,Moderately Dissected Structural Hill (SHM),Sandstone (Upper Bhuban Formation) Surma Group,Evergreen / Semi evergreen,654.0,MultiPolygon
LS2014_001802,1,positive,bhuvan_2014,MZ/LU/84B13/2014/216,,MZ,Mizoram,Lunglei,22.8387,92.8251,2014,Rainfall,Active,Highly Dissected Structural Hill (SHH),Shale (Middle Bhuban Formation) Surma Group,Scrub Forest,524.0,MultiPolygon
LS2014_001803,1,positive,bhuvan_2014,MZ/LU/84B13/2014/237,,MZ,Mizoram,Lunglei,22.8111,92.8334,2014,Rainfall,Active,Highly Dissected Structural Hill (SHH),Shale (Middle Bhuban Formation) Surma Group,Evergreen / Semi evergreen,927.0,MultiPolygon
LS2014_001804,1,positive,bhuvan_2014,MZ/LU/84B13/2014/245,,MZ,Mizoram,Lunglei,22.7984,92.8314,2014,Rainfall,Active,Highly Dissected Structural Hill (SHH),Shale (Middle Bhuban Formation) Surma Group,Evergreen / Semi evergreen,406.0,MultiPolygon
LS2014_001805,1,positive,bhuvan_2014,MZ/LU/84B13/2014/248,,MZ,Mizoram,Lunglei,22.794,92.8221,2014,Rainfall,Active,Highly Dissected Structural Hill (SHH),Shale (Middle Bhuban Formation) Surma Group,Scrub Forest,1027.0,MultiPolygon
LS2014_001806,1,positive,bhuvan_2014,MZ/LU/84B13/2014/154,,MZ,Mizoram,Lunglei,22.9506,92.8338,2014,Rainfall,Active,Less Dissected Structural Hill (SHL),Shale (Middle Bhuban Formation) Surma Group,Evergreen / Semi evergreen,920.0,MultiPolygon
LS2014_001807,1,positive,bhuvan_2014,MZ/LU/84B13/2014/155,,MZ,Mizoram,Lunglei,22.9505,92.8339,2014,Rainfall,Active,Less Dissected Structural Hill (SHL),Shale (Middle Bhuban Formation) Surma Group,Evergreen / Semi evergreen,705.0,MultiPolygon
LS2014_001808,1,positive,bhuvan_2014,MZ/LU/84B13/2014/158,,MZ,Mizoram,Lunglei,22.9475,92.8424,2014,Rainfall,Active,Highly Dissected Structural Hill (SHH),Shale (Middle Bhuban Formation) Surma Group,Deciduous,155.0,MultiPolygon
LS2014_001809,1,positive,bhuvan_2014,MZ/LU/84B13/2014/173,,MZ,Mizoram,Lunglei,22.9309,92.843,2014,Rainfall,Active,Less Dissected Structural Hill (SHL),Shale (Middle Bhuban Formation) Surma Group,Deciduous,620.0,MultiPolygon
LS2014_001810,1,positive,bhuvan_2014,MZ/LU/84B13/2014/174,,MZ,Mizoram,Lunglei,22.9308,92.8431,2014,Rainfall,Active,Less Dissected Structural Hill (SHL),Shale (Middle Bhuban Formation) Surma Group,Deciduous,551.0,MultiPolygon
LS2014_001811,1,positive,bhuvan_2014,MZ/LU/84B13/2014/175,,MZ,Mizoram,Lunglei,22.9308,92.8411,2014,Rainfall,Active,Highly Dissected Structural Hill (SHH),Shale (Middle Bhuban Formation) Surma Group,Deciduous,1289.0,MultiPolygon
LS2014_001812,1,positive,bhuvan_2014,MZ/LU/84B13/2014/176,,MZ,Mizoram,Lunglei,22.9306,92.8412,2014,Rainfall,Active,Less Dissected Structural Hill (SHL),Shale (Middle Bhuban Formation) Surma Group,Deciduous,922.0,MultiPolygon
LS2014_001813,1,positive,bhuvan_2014,MZ/LU/84B13/2014/185,,MZ,Mizoram,Lunglei,22.9166,92.8954,2014,Rainfall,Active,Highly Dissected Structural Hill (SHH),Shale (Middle Bhuban Formation) Surma Group,Deciduous,736.0,MultiPolygon
LS2014_001814,1,positive,bhuvan_2014,MZ/LU/84A16/2014/102,,MZ,Mizoram,Lunglei,23.0105,92.8179,2014,Rainfall,Active,Less Dissected Structural Hill (SHL),Shale (Middle Bhuban Formation) Surma Group,Scrub Forest,477.0,MultiPolygon
LS2014_001815,1,positive,bhuvan_2014,MZ/AI/84A15/2014/416,,MZ,Mizoram,Aizawl,23.4609,92.8152,2014,Rainfall,Active,Moderately Dissected Structural Hill (SHM),Sandstone (Upper Bhuban Formation) Surma Group,Scrub Forest,571.0,MultiPolygon
LS2014_001816,1,positive,bhuvan_2014,MZ/AI/84A14/2014/400,,MZ,Mizoram,Aizawl,23.6001,92.8418,2014,Rainfall,Active,Highly Dissected Structural Hill (SHH),Shale (Middle Bhuban Formation) Surma Group,Scrub Forest,3558.0,MultiPolygon
LS2014_001817,1,positive,bhuvan_2014,MZ/AI/84A14/2014/358,,MZ,Mizoram,Aizawl,23.7063,92.8181,2014,Rainfall,Active,Highly Dissected Structural Hill (SHH),Shale (Middle Bhuban Formation) Surma Group,Deciduous,1300.0,MultiPolygon
LS2014_001818,1,positive,bhuvan_2014,MZ/AI/84A13/2014/270,,MZ,Mizoram,Aizawl,23.8161,92.8226,2014,Rainfall,Active,Moderately Dissected Structural Hill (SHM),Shale (Boka Bil Formation) Surma Group,Evergreen / Semi evergreen,753.0,MultiPolygon
LS2014_001819,1,positive,bhuvan_2014,MZ/AI/84A13/2014/273,,MZ,Mizoram,Aizawl,23.8128,92.8241,2014,Rainfall,Active,Moderately Dissected Structural Hill (SHM),Shale (Boka Bil Formation) Surma Group,Cuirrent Shifting Cultivation,1600.0,MultiPolygon
LS2014_001820,1,positive,bhuvan_2014,MZ/AI/84A13/2014/274,,MZ,Mizoram,Aizawl,23.8105,92.8352,2014,Rainfall,Active,Moderately Dissected Structural Hill (SHM),Shale (Boka Bil Formation) Surma Group,Deciduous,4525.0,MultiPolygon
LS2014_001821,1,positive,bhuvan_2014,MZ/AI/84A13/2014/275,,MZ,Mizoram,Aizawl,23.8103,92.8345,2014,Rainfall,Active,Moderately Dissected Structural Hill (SHM),Shale (Boka Bil Formation) Surma Group,Deciduous,1150.0,MultiPolygon
LS2014_001822,1,positive,bhuvan_2014,MZ/AI/84A13/2014/277,,MZ,Mizoram,Aizawl,23.8087,92.8279,2014,Rainfall,Active,Less Dissected Structural Hill (SHL),Shale (Boka Bil Formation) Surma Group,Deciduous,950.0,MultiPolygon
LS2014_001823,1,positive,bhuvan_2014,MZ/AI/84A13/2014/288,,MZ,Mizoram,Aizawl,23.7997,92.815,2014,Rainfall,Active,Moderately Dissected Structural Hill (SHM),Shale (Boka Bil Formation) Surma Group,Scrub Forest,1597.0,MultiPolygon
LS2014_001824,1,positive,bhuvan_2014,MZ/AI/84A13/2014/291,,MZ,Mizoram,Aizawl,23.7988,92.8142,2014,Rainfall,Active,Less Dissected Structural Hill (SHL),Shale (Boka Bil Formation) Surma Group,Cuirrent Shifting Cultivation,360.0,MultiPolygon
LS2014_001825,1,positive,bhuvan_2014,MZ/AI/84A13/2014/292,,MZ,Mizoram,Aizawl,23.7977,92.8365,2014,Rainfall,Active,Moderately Dissected Structural Hill (SHM),Shale (Boka Bil Formation) Surma Group,Scrub Forest,2025.0,MultiPolygon
LS2014_001826,1,positive,bhuvan_2014,MZ/AI/84A14/2014/353,,MZ,Mizoram,Aizawl,23.7144,92.8813,2014,Rainfall,Active,Less Dissected Structural Hill (SHL),Sandstone (Upper Bhuban Formation) Surma Group,Cuirrent Shifting Cultivation,1083.0,MultiPolygon
LS2014_001827,1,positive,bhuvan_2014,MZ/AI/84A14/2014/355,,MZ,Mizoram,Aizawl,23.7122,92.8957,2014,Rainfall,Active,Moderately Dissected Structural Hill (SHM),Sandstone (Upper Bhuban Formation) Surma Group,Scrub Forest,431.0,MultiPolygon
LS2014_001828,1,positive,bhuvan_2014,MZ/AI/84A14/2014/356,,MZ,Mizoram,Aizawl,23.7096,92.8956,2014,Rainfall,Active,Moderately Dissected Structural Hill (SHM),Sandstone (Upper Bhuban Formation) Surma Group,Scrub Forest,1275.0,MultiPolygon
LS2014_001829,1,positive,bhuvan_2014,MZ/AI/84A14/2014/359,,MZ,Mizoram,Aizawl,23.7048,92.8757,2014,Rainfall,Active,Moderately Dissected Structural Hill (SHM),Sandstone (Upper Bhuban Formation) Surma Group,Plantation,650.0,MultiPolygon
LS2014_001830,1,positive,bhuvan_2014,MZ/AI/84A14/2014/361,,MZ,Mizoram,Aizawl,23.7012,92.8812,2014,Rainfall,Active,Moderately Dissected Structural Hill (SHM),Sandstone (Upper Bhuban Formation) Surma Group,Evergreen / Semi evergreen,850.0,MultiPolygon
LS2014_001831,1,positive,bhuvan_2014,MZ/AI/84A14/2014/366,,MZ,Mizoram,Aizawl,23.6894,92.8927,2014,Rainfall,Active,Moderately Dissected Structural Hill (SHM),Sandstone (Upper Bhuban Formation) Surma Group,Deciduous,1450.0,MultiPolygon
LS2014_001832,1,positive,bhuvan_2014,MZ/AI/84A14/2014/369,,MZ,Mizoram,Aizawl,23.6685,92.8968,2014,Rainfall,Active,Less Dissected Structural Hill (SHL),Sandstone (Upper Bhuban Formation) Surma Group,Cuirrent Shifting Cultivation,3225.0,MultiPolygon
LS2014_001833,1,positive,bhuvan_2014,MZ/AI/84A14/2014/370,,MZ,Mizoram,Aizawl,23.6653,92.8925,2014,Rainfall,Active,Moderately Dissected Structural Hill (SHM),Sandstone (Upper Bhuban Formation) Surma Group,Deciduous,2900.0,MultiPolygon
LS2014_001834,1,positive,bhuvan_2014,MZ/AI/84A13/2014/267,,MZ,Mizoram,Aizawl,23.8228,92.9017,2014,Rainfall,Active,Less Dissected Structural Hill (SHL),Shale (Middle Bhuban Formation) Surma Group,Deciduous,249.0,MultiPolygon
LS2014_001835,1,positive,bhuvan_2014,MZ/AI/84A13/2014/221,,MZ,Mizoram,Aizawl,23.9128,92.8309,2014,Rainfall,Active,Less Dissected Structural Hill (SHL),Shale (Boka Bil Formation) Surma Group,Scrub Forest,1017.0,MultiPolygon
LS2014_001836,1,positive,bhuvan_2014,MZ/AI/84A13/2014/223,,MZ,Mizoram,Aizawl,23.9054,92.8837,2014,Rainfall,Active,Highly Dissected Structural Hill (SHH),Shale (Middle Bhuban Formation) Surma Group,Deciduous,627.0,MultiPolygon
LS2014_001837,1,positive,bhuvan_2014,MZ/AI/84A13/2014/224,,MZ,Mizoram,Aizawl,23.9051,92.883,2014,Rainfall,Active,Highly Dissected Structural Hill (SHH),Shale (Middle Bhuban Formation) Surma Group,Deciduous,1614.0,MultiPolygon
LS2014_001838,1,positive,bhuvan_2014,MZ/KO/83D16/2014/93,,MZ,Mizoram,Kolasib,24.1261,92.8163,2014,Rainfall,Active,Less Dissected Structural Hill (SHL),Sandstone (Lower Bhuban Formation) Surma Group,Deciduous,1794.0,MultiPolygon
LS2014_001839,1,positive,bhuvan_2014,MZ/KO/83D16/2014/35,,MZ,Mizoram,Kolasib,24.2381,92.8217,2014,Rainfall,Active,Moderately Dissected Structural Hill (SHM),Sandstone (Lower Bhuban Formation) Surma Group,Deciduous,919.0,MultiPolygon
LS2014_001840,1,positive,bhuvan_2014,MZ/KO/83D16/2014/52,,MZ,Mizoram,Kolasib,24.2255,92.8188,2014,Rainfall,Active,Moderately Dissected Structural Hill (SHM),Sandstone (Lower Bhuban Formation) Surma Group,Cuirrent Shifting Cultivation,686.0,MultiPolygon
LS2014_001841,1,positive,bhuvan_2014,MZ/KO/83D16/2014/59,,MZ,Mizoram,Kolasib,24.2213,92.8273,2014,Rainfall,Active,Less Dissected Structural Hill (SHL),Sandstone (Lower Bhuban Formation) Surma Group,Deciduous,1023.0,MultiPolygon
LS2014_001842,1,positive,bhuvan_2014,MZ/KO/83D16/2014/63,,MZ,Mizoram,Kolasib,24.2158,92.838,2014,Rainfall,Active,Inter-Montane Valley (IV),Shale (Middle Bhuban Formation) Surma Group,Deciduous,344.0,MultiPolygon
LS2014_001843,1,positive,bhuvan_2014,MZ/KO/83D16/2014/67,,MZ,Mizoram,Kolasib,24.2134,92.8282,2014,Rainfall,Active,Less Dissected Structural Hill (SHL),Sandstone (Lower Bhuban Formation) Surma Group,Deciduous,904.0,MultiPolygon
LS2014_001844,1,positive,bhuvan_2014,MZ/KO/83D16/2014/71,,MZ,Mizoram,Kolasib,24.2118,92.8304,2014,Rainfall,Active,Highly Dissected Structural Hill (SHH),Shale (Middle Bhuban Formation) Surma Group,Deciduous,462.0,MultiPolygon
LS2014_001845,1,positive,bhuvan_2014,MZ/AI/83D15/2014/117,,MZ,Mizoram,Aizawl,24.2549,92.8879,2014,Rainfall,Active,Less Dissected Structural Hill (SHL),Sandstone (Upper Bhuban Formation) Surma Group,Deciduous,505.0,MultiPolygon
LS2014_001846,1,positive,bhuvan_2014,MZ/AI/83D16/2014/127,,MZ,Mizoram,Aizawl,24.2477,92.8854,2014,Rainfall,Active,Moderately Dissected Structural Hill (SHM),Shale (Boka Bil Formation) Surma Group,Deciduous,873.0,MultiPolygon
LS2014_001847,1,positive,bhuvan_2014,MZ/KO/83D16/2014/69,,MZ,Mizoram,Kolasib,24.2124,92.8865,2014,Rainfall,Active,Less Dissected Structural Hill (SHL),Shale (Boka Bil Formation) Surma Group,Deciduous,586.0,MultiPolygon
LS2014_001848,1,positive,bhuvan_2014,MZ/AI/83D16/2014/161,,MZ,Mizoram,Aizawl,24.2058,92.902,2014,Rainfall,Active,Less Dissected Structural Hill (SHL),Sandstone (Upper Bhuban Formation) Surma Group,Evergreen / Semi evergreen,1504.0,MultiPolygon
LS2014_001849,1,positive,bhuvan_2014,MZ/AI/83D16/2014/162,,MZ,Mizoram,Aizawl,24.2027,92.9017,2014,Rainfall,Active,Moderately Dissected Structural Hill (SHM),Sandstone (Upper Bhuban Formation) Surma Group,Evergreen / Semi evergreen,1787.0,MultiPolygon
LS2014_001850,1,positive,bhuvan_2014,MZ/KO/83D15/2014/11,,MZ,Mizoram,Kolasib,24.3243,92.8204,2014,Rainfall,Active,Highly Dissected Structural Hill (SHH),Shale (Middle Bhuban Formation) Surma Group,Evergreen / Semi evergreen,357.0,MultiPolygon
LS2014_001851,1,positive,bhuvan_2014,MZ/AI/83D15/2014/27,,MZ,Mizoram,Aizawl,24.3651,92.8996,2014,Rainfall,Active,Inter-Montane Valley (IV),Shale (Boka Bil Formation) Surma Group,Deciduous,268.0,MultiPolygon
LS2014_001852,1,positive,bhuvan_2014,MZ/AI/83D15/2014/75,,MZ,Mizoram,Aizawl,24.3082,92.8951,2014,Rainfall,Active,Less Dissected Structural Hill (SHL),Sandstone (Upper Bhuban Formation) Surma Group,Deciduous,328.0,MultiPolygon
LS2014_001853,1,positive,bhuvan_2014,MZ/SA/84C13/2014/72,,MZ,Mizoram,Saiha,21.9817,92.9957,2014,Rainfall,Active,Highly Dissected Structural Hill (SHH),Shale (Barail Group),Evergreen / Semi evergreen,880.0,MultiPolygon
LS2014_001854,1,positive,bhuvan_2014,MZ/SA/84B16/2014/63,,MZ,Mizoram,Saiha,22.171,92.9338,2014,Rainfall,Active,Highly Dissected Structural Hill (SHH),Shale (Barail Group),Deciduous,905.0,MultiPolygon
LS2014_001855,1,positive,bhuvan_2014,MZ/SA/84B15/2014/47,,MZ,Mizoram,Saiha,22.2631,92.9512,2014,Rainfall,Active,Highly Dissected Structural Hill (SHH),Shale (Barail Group),Evergreen / Semi evergreen,616.0,MultiPolygon
LS2014_001856,1,positive,bhuvan_2014,MZ/SA/84B15/2014/48,,MZ,Mizoram,Saiha,22.2628,92.9509,2014,Rainfall,Active,Highly Dissected Structural Hill (SHH),Shale (Barail Group),Evergreen / Semi evergreen,1139.0,MultiPolygon
LS2014_001857,1,positive,bhuvan_2014,MZ/SA/84F03/2014/43,,MZ,Mizoram,Saiha,22.2819,93.0178,2014,Rainfall,Active,Highly Dissected Structural Hill (SHH),Shale (Barail Group),Evergreen / Semi evergreen,812.0,MultiPolygon
LS2014_001858,1,positive,bhuvan_2014,MZ/SA/84F03/2014/51,,MZ,Mizoram,Saiha,22.2526,93.0157,2014,Rainfall,Active,Highly Dissected Structural Hill (SHH),Shale (Barail Group),Scrub Forest,742.0,MultiPolygon
LS2014_001859,1,positive,bhuvan_2014,MZ/SA/84F03/2014/52,,MZ,Mizoram,Saiha,22.2511,93.0088,2014,Rainfall,Active,Less Dissected Structural Hill (SHL),Shale (Barail Group),Scrub Forest,337.0,MultiPolygon
LS2014_001860,1,positive,bhuvan_2014,MZ/SA/84F03/2014/53,,MZ,Mizoram,Saiha,22.2509,93.0124,2014,Rainfall,Active,Highly Dissected Structural Hill (SHH),Shale (Barail Group),Scrub Forest,1417.0,MultiPolygon
LS2014_001861,1,positive,bhuvan_2014,MZ/SA/84F03/2014/54,,MZ,Mizoram,Saiha,22.2506,93.0103,2014,Rainfall,Active,Highly Dissected Structural Hill (SHH),Shale (Barail Group),Scrub Forest,628.0,MultiPolygon
LS2014_001862,1,positive,bhuvan_2014,MZ/LA/84B15/2014/52,,MZ,Mizoram,Lawangtlai,22.3996,92.9316,2014,Rainfall,Active,Highly Dissected Structural Hill (SHH),Shale (Barail Group),Scrub land,1074.0,MultiPolygon
LS2014_001863,1,positive,bhuvan_2014,MZ/SA/84B15/2014/39,,MZ,Mizoram,Saiha,22.3634,92.9359,2014,Rainfall,Active,Highly Dissected Structural Hill (SHH),Shale (Barail Group),Scrub Forest,843.0,MultiPolygon
LS2014_001864,1,positive,bhuvan_2014,MZ/SA/84B14/2014/13,,MZ,Mizoram,Saiha,22.5125,92.9477,2014,Rainfall,Active,Highly Dissected Structural Hill (SHH),Shale (Barail Group),Deciduous,511.0,MultiPolygon
LS2014_001865,1,positive,bhuvan_2014,MZ/SA/84B15/2014/34,,MZ,Mizoram,Saiha,22.3844,92.992,2014,Rainfall,Active,Fracture Valley (FV),Shale (Barail Group),Deciduous,1491.0,MultiPolygon
LS2014_001866,1,positive,bhuvan_2014,MZ/SA/84F03/2014/38,,MZ,Mizoram,Saiha,22.3658,93.0091,2014,Rainfall,Active,Highly Dissected Structural Hill (SHH),Shale (Barail Group),Deciduous,588.0,MultiPolygon
LS2014_001867,1,positive,bhuvan_2014,MZ/SA/84B14/2014/14,,MZ,Mizoram,Saiha,22.5086,92.9927,2014,Rainfall,Active,Highly Dissected Structural Hill (SHH),Shale (Barail Group),Deciduous,511.0,MultiPolygon
LS2014_001868,1,positive,bhuvan_2014,MZ/SA/84B14/2014/8,,MZ,Mizoram,Saiha,22.5899,92.9509,2014,Rainfall,Active,Highly Dissected Structural Hill (SHH),Shale (Barail Group),Deciduous,577.0,MultiPolygon
LS2014_001869,1,positive,bhuvan_2014,MZ/LU/84B13/2014/159,,MZ,Mizoram,Lunglei,22.9472,92.9425,2014,Rainfall,Active,Highly Dissected Structural Hill (SHH),Shale (Barail Group),Evergreen / Semi evergreen,1088.0,MultiPolygon
LS2014_001870,1,positive,bhuvan_2014,MZ/LU/84B13/2014/181,,MZ,Mizoram,Lunglei,22.9243,92.9456,2014,Rainfall,Active,Highly Dissected Structural Hill (SHH),Shale (Barail Group),Deciduous,1705.0,MultiPolygon
LS2014_001871,1,positive,bhuvan_2014,MZ/LU/84F01/2014/239,,MZ,Mizoram,Lunglei,22.8093,93.0166,2014,Rainfall,Active,Less Dissected Structural Hill (SHL),Shale (Barail Group),Evergreen / Semi evergreen,844.0,MultiPolygon
LS2014_001872,1,positive,bhuvan_2014,MZ/LU/84F01/2014/161,,MZ,Mizoram,Lunglei,22.947,93.0145,2014,Rainfall,Active,Highly Dissected Structural Hill (SHH),Shale (Barail Group),Scrub Forest,1362.0,MultiPolygon
LS2014_001873,1,positive,bhuvan_2014,MZ/LU/84F01/2014/195,,MZ,Mizoram,Lunglei,22.9006,93.0102,2014,Rainfall,Active,Highly Dissected Structural Hill (SHH),Shale (Barail Group),Deciduous,360.0,MultiPolygon
LS2014_001874,1,positive,bhuvan_2014,MZ/SE/84A16/2014/16,,MZ,Mizoram,Serchhip,23.1612,92.9929,2014,Rainfall,Active,Highly Dissected Structural Hill (SHH),Shale (Barail Group),Deciduous,985.0,MultiPolygon
LS2014_001875,1,positive,bhuvan_2014,MZ/SE/84E03/2014/10,,MZ,Mizoram,Serchhip,23.2672,93.0089,2014,Rainfall,Active,Highly Dissected Structural Hill (SHH),Shale (Barail Group),Scrub Forest,401.0,MultiPolygon
LS2014_001876,1,positive,bhuvan_2014,MZ/AI/84A13/2014/269,,MZ,Mizoram,Aizawl,23.8193,92.947,2014,Rainfall,Active,Moderately Dissected Structural Hill (SHM),Sandstone (Upper Bhuban Formation) Surma Group,Deciduous,1175.0,MultiPolygon
LS2014_001877,1,positive,bhuvan_2014,MZ/AI/84A13/2014/271,,MZ,Mizoram,Aizawl,23.8156,92.9492,2014,Rainfall,Active,Less Dissected Structural Hill (SHL),Sandstone (Upper Bhuban Formation) Surma Group,Deciduous,255.0,MultiPolygon
LS2014_001878,1,positive,bhuvan_2014,MZ/AI/84A13/2014/281,,MZ,Mizoram,Aizawl,23.8061,92.9551,2014,Rainfall,Active,Highly Dissected Structural Hill (SHH),Shale (Middle Bhuban Formation) Surma Group,Deciduous,500.0,MultiPolygon
LS2014_001879,1,positive,bhuvan_2014,MZ/AI/84A13/2014/299,,MZ,Mizoram,Aizawl,23.7934,92.9582,2014,Rainfall,Active,Highly Dissected Structural Hill (SHH),Shale (Middle Bhuban Formation) Surma Group,Deciduous,316.0,MultiPolygon
LS2014_001880,1,positive,bhuvan_2014,MZ/AI/84A13/2014/301,,MZ,Mizoram,Aizawl,23.7929,92.9588,2014,Rainfall,Active,Highly Dissected Structural Hill (SHH),Shale (Middle Bhuban Formation) Surma Group,Deciduous,254.0,MultiPolygon
LS2014_001881,1,positive,bhuvan_2014,MZ/AI/84A13/2014/302,,MZ,Mizoram,Aizawl,23.7919,92.9412,2014,Rainfall,Active,Highly Dissected Structural Hill (SHH),Shale (Middle Bhuban Formation) Surma Group,Evergreen / Semi evergreen,3050.0,MultiPolygon
LS2014_001882,1,positive,bhuvan_2014,MZ/AI/84A14/2014/352,,MZ,Mizoram,Aizawl,23.7158,92.9944,2014,Rainfall,Active,Highly Dissected Structural Hill (SHH),Shale (Middle Bhuban Formation) Surma Group,Scrub Forest,200.0,MultiPolygon
LS2014_001883,1,positive,bhuvan_2014,MZ/AI/84A14/2014/364,,MZ,Mizoram,Aizawl,23.6917,92.9915,2014,Rainfall,Active,Highly Dissected Structural Hill (SHH),Shale (Middle Bhuban Formation) Surma Group,Scrub Forest,1275.0,MultiPolygon
LS2014_001884,1,positive,bhuvan_2014,MZ/AI/84A13/2014/265,,MZ,Mizoram,Aizawl,23.8246,92.9952,2014,Rainfall,Active,Highly Dissected Structural Hill (SHH),Shale (Middle Bhuban Formation) Surma Group,Scrub Forest,1350.0,MultiPolygon
LS2014_001885,1,positive,bhuvan_2014,MZ/AI/84A13/2014/204,,MZ,Mizoram,Aizawl,23.9866,92.949,2014,Rainfall,Active,Highly Dissected Structural Hill (SHH),Shale (Middle Bhuban Formation) Surma Group,Deciduous,1029.0,MultiPolygon
LS2014_001886,1,positive,bhuvan_2014,MZ/AI/84E01/2014/222,,MZ,Mizoram,Aizawl,23.9095,93.007,2014,Rainfall,Active,Less Dissected Structural Hill (SHL),Sandstone (Upper Bhuban Formation) Surma Group,Cuirrent Shifting Cultivation,351.0,MultiPolygon
LS2014_001887,1,positive,bhuvan_2014,MZ/AI/83D16/2014/193,,MZ,Mizoram,Aizawl,24.1138,92.9435,2014,Rainfall,Active,Highly Dissected Structural Hill (SHH),Shale (Middle Bhuban Formation) Surma Group,Deciduous,461.0,MultiPolygon
LS2014_001888,1,positive,bhuvan_2014,MZ/AI/83D16/2014/194,,MZ,Mizoram,Aizawl,24.1132,92.9405,2014,Rainfall,Active,Highly Dissected Structural Hill (SHH),Shale (Middle Bhuban Formation) Surma Group,Deciduous,626.0,MultiPolygon
LS2014_001889,1,positive,bhuvan_2014,MZ/AI/83D15/2014/115,,MZ,Mizoram,Aizawl,24.2557,92.9473,2014,Rainfall,Active,Less Dissected Structural Hill (SHL),Sandstone (Upper Bhuban Formation) Surma Group,Scrub Forest,1037.0,MultiPolygon
LS2014_001890,1,positive,bhuvan_2014,MZ/AI/83D15/2014/118,,MZ,Mizoram,Aizawl,24.2537,92.949,2014,Rainfall,Active,Moderately Dissected Structural Hill (SHM),Sandstone (Upper Bhuban Formation) Surma Group,Evergreen / Semi evergreen,433.0,MultiPolygon
LS2014_001891,1,positive,bhuvan_2014,MZ/AI/83D15/2014/119,,MZ,Mizoram,Aizawl,24.2536,92.9394,2014,Rainfall,Active,Fracture Valley (FV),Sandstone (Upper Bhuban Formation) Surma Group,Deciduous,452.0,MultiPolygon
LS2014_001892,1,positive,bhuvan_2014,MZ/AI/83D15/2014/121,,MZ,Mizoram,Aizawl,24.2521,92.9465,2014,Rainfall,Active,Less Dissected Structural Hill (SHL),Sandstone (Upper Bhuban Formation) Surma Group,Evergreen / Semi evergreen,515.0,MultiPolygon
LS2014_001893,1,positive,bhuvan_2014,MZ/AI/83D15/2014/122,,MZ,Mizoram,Aizawl,24.2521,92.9328,2014,Rainfall,Active,Less Dissected Structural Hill (SHL),Sandstone (Upper Bhuban Formation) Surma Group,Scrub Forest,607.0,MultiPolygon
LS2014_001894,1,positive,bhuvan_2014,MZ/AI/83D15/2014/123,,MZ,Mizoram,Aizawl,24.252,92.9468,2014,Rainfall,Active,Moderately Dissected Structural Hill (SHM),Sandstone (Upper Bhuban Formation) Surma Group,Evergreen / Semi evergreen,412.0,MultiPolygon
LS2014_001895,1,positive,bhuvan_2014,MZ/AI/83D16/2014/124,,MZ,Mizoram,Aizawl,24.2487,92.9314,2014,Rainfall,Active,Less Dissected Structural Hill (SHL),Sandstone (Upper Bhuban Formation) Surma Group,Deciduous,612.0,MultiPolygon
LS2014_001896,1,positive,bhuvan_2014,MZ/AI/83D16/2014/126,,MZ,Mizoram,Aizawl,24.2479,92.9441,2014,Rainfall,Active,Moderately Dissected Structural Hill (SHM),Sandstone (Upper Bhuban Formation) Surma Group,Scrub Forest,862.0,MultiPolygon
LS2014_001897,1,positive,bhuvan_2014,MZ/AI/83D16/2014/128,,MZ,Mizoram,Aizawl,24.246,92.9378,2014,Rainfall,Active,Less Dissected Structural Hill (SHL),Sandstone (Upper Bhuban Formation) Surma Group,Deciduous,950.0,MultiPolygon
LS2014_001898,1,positive,bhuvan_2014,MZ/AI/83D16/2014/131,,MZ,Mizoram,Aizawl,24.2451,92.9419,2014,Rainfall,Active,Less Dissected Structural Hill (SHL),Sandstone (Upper Bhuban Formation) Surma Group,Scrub Forest,484.0,MultiPolygon
LS2014_001899,1,positive,bhuvan_2014,MZ/AI/83D16/2014/133,,MZ,Mizoram,Aizawl,24.2418,92.9582,2014,Rainfall,Active,Moderately Dissected Structural Hill (SHM),Sandstone (Upper Bhuban Formation) Surma Group,Deciduous,476.0,MultiPolygon
LS2014_001900,1,positive,bhuvan_2014,MZ/AI/83D16/2014/134,,MZ,Mizoram,Aizawl,24.2411,92.9472,2014,Rainfall,Active,Moderately Dissected Structural Hill (SHM),Sandstone (Upper Bhuban Formation) Surma Group,Scrub Forest,288.0,MultiPolygon
LS2014_001901,1,positive,bhuvan_2014,MZ/AI/83D16/2014/136,,MZ,Mizoram,Aizawl,24.2394,92.9398,2014,Rainfall,Active,Moderately Dissected Structural Hill (SHM),Sandstone (Upper Bhuban Formation) Surma Group,Scrub Forest,585.0,MultiPolygon
LS2014_001902,1,positive,bhuvan_2014,MZ/AI/83D16/2014/137,,MZ,Mizoram,Aizawl,24.2393,92.9393,2014,Rainfall,Active,Moderately Dissected Structural Hill (SHM),Sandstone (Upper Bhuban Formation) Surma Group,Scrub Forest,658.0,MultiPolygon
LS2014_001903,1,positive,bhuvan_2014,MZ/AI/83D16/2014/138,,MZ,Mizoram,Aizawl,24.2392,92.9593,2014,Rainfall,Active,Less Dissected Structural Hill (SHL),Sandstone (Upper Bhuban Formation) Surma Group,Deciduous,853.0,MultiPolygon
LS2014_001904,1,positive,bhuvan_2014,MZ/AI/83D16/2014/139,,MZ,Mizoram,Aizawl,24.2392,92.9383,2014,Rainfall,Active,Moderately Dissected Structural Hill (SHM),Sandstone (Upper Bhuban Formation) Surma Group,Scrub Forest,794.0,MultiPolygon
LS2014_001905,1,positive,bhuvan_2014,MZ/AI/83D16/2014/140,,MZ,Mizoram,Aizawl,24.239,92.9334,2014,Rainfall,Active,Moderately Dissected Structural Hill (SHM),Sandstone (Upper Bhuban Formation) Surma Group,Scrub Forest,2122.0,MultiPolygon
LS2014_001906,1,positive,bhuvan_2014,MZ/AI/83D16/2014/142,,MZ,Mizoram,Aizawl,24.2377,92.9463,2014,Rainfall,Active,Less Dissected Structural Hill (SHL),Sandstone (Upper Bhuban Formation) Surma Group,Scrub Forest,921.0,MultiPolygon
LS2014_001907,1,positive,bhuvan_2014,MZ/AI/83D16/2014/143,,MZ,Mizoram,Aizawl,24.2372,92.9592,2014,Rainfall,Active,Less Dissected Structural Hill (SHL),Sandstone (Upper Bhuban Formation) Surma Group,Forest Plantation,172.0,MultiPolygon
LS2014_001908,1,positive,bhuvan_2014,MZ/AI/83D16/2014/146,,MZ,Mizoram,Aizawl,24.2355,92.9392,2014,Rainfall,Active,Moderately Dissected Structural Hill (SHM),Sandstone (Upper Bhuban Formation) Surma Group,Scrub Forest,1618.0,MultiPolygon
LS2014_001909,1,positive,bhuvan_2014,MZ/AI/83D16/2014/148,,MZ,Mizoram,Aizawl,24.2328,92.9504,2014,Rainfall,Active,Less Dissected Structural Hill (SHL),Sandstone (Upper Bhuban Formation) Surma Group,Scrub Forest,1523.0,MultiPolygon
LS2014_001910,1,positive,bhuvan_2014,MZ/AI/83D15/2014/116,,MZ,Mizoram,Aizawl,24.2551,92.995,2014,Rainfall,Active,Less Dissected Structural Hill (SHL),Shale (Middle Bhuban Formation) Surma Group,Deciduous,672.0,MultiPolygon
LS2014_001911,1,positive,bhuvan_2014,MZ/AI/83H04/2014/132,,MZ,Mizoram,Aizawl,24.244,93.0048,2014,Rainfall,Active,Less Dissected Structural Hill (SHL),Shale (Middle Bhuban Formation) Surma Group,Cuirrent Shifting Cultivation,1025.0,MultiPolygon
LS2014_001912,1,positive,bhuvan_2014,MZ/AI/83H04/2014/157,,MZ,Mizoram,Aizawl,24.2222,93.0033,2014,Rainfall,Active,Less Dissected Structural Hill (SHL),Shale (Middle Bhuban Formation) Surma Group,Deciduous,703.0,MultiPolygon
LS2014_001913,1,positive,bhuvan_2014,MZ/AI/83D15/2014/25,,MZ,Mizoram,Aizawl,24.3657,92.9574,2014,Rainfall,Active,Moderately Dissected Structural Hill (SHM),Sandstone (Upper Bhuban Formation) Surma Group,Scrub Forest,261.0,MultiPolygon
LS2014_001914,1,positive,bhuvan_2014,MZ/AI/83D15/2014/31,,MZ,Mizoram,Aizawl,24.3581,92.9586,2014,Rainfall,Active,Moderately Dissected Structural Hill (SHM),Sandstone (Upper Bhuban Formation) Surma Group,Cuirrent Shifting Cultivation,2323.0,MultiPolygon
LS2014_001915,1,positive,bhuvan_2014,MZ/AI/83D15/2014/35,,MZ,Mizoram,Aizawl,24.3525,92.9553,2014,Rainfall,Active,Less Dissected Structural Hill (SHL),Sandstone (Upper Bhuban Formation) Surma Group,Evergreen / Semi evergreen,649.0,MultiPolygon
LS2014_001916,1,positive,bhuvan_2014,MZ/AI/83D15/2014/37,,MZ,Mizoram,Aizawl,24.3512,92.9346,2014,Rainfall,Active,Moderately Dissected Structural Hill (SHM),Sandstone (Upper Bhuban Formation) Surma Group,Scrub Forest,468.0,MultiPolygon
LS2014_001917,1,positive,bhuvan_2014,MZ/AI/83D15/2014/40,,MZ,Mizoram,Aizawl,24.3475,92.9592,2014,Rainfall,Active,Moderately Dissected Structural Hill (SHM),Sandstone (Upper Bhuban Formation) Surma Group,Deciduous,306.0,MultiPolygon
LS2014_001918,1,positive,bhuvan_2014,MZ/AI/83D15/2014/42,,MZ,Mizoram,Aizawl,24.3454,92.9401,2014,Rainfall,Active,Less Dissected Structural Hill (SHL),Sandstone (Upper Bhuban Formation) Surma Group,Cuirrent Shifting Cultivation,372.0,MultiPolygon
LS2014_001919,1,positive,bhuvan_2014,MZ/AI/83D15/2014/45,,MZ,Mizoram,Aizawl,24.3403,92.9533,2014,Rainfall,Active,Moderately Dissected Structural Hill (SHM),Sandstone (Upper Bhuban Formation) Surma Group,Deciduous,772.0,MultiPolygon
LS2014_001920,1,positive,bhuvan_2014,MZ/AI/83D15/2014/48,,MZ,Mizoram,Aizawl,24.339,92.9564,2014,Rainfall,Active,Moderately Dissected Structural Hill (SHM),Sandstone (Upper Bhuban Formation) Surma Group,Deciduous,1541.0,MultiPolygon
LS2014_001921,1,positive,bhuvan_2014,MZ/AI/83D15/2014/50,,MZ,Mizoram,Aizawl,24.3326,92.9591,2014,Rainfall,Active,Moderately Dissected Structural Hill (SHM),Sandstone (Upper Bhuban Formation) Surma Group,Deciduous,493.0,MultiPolygon
LS2014_001922,1,positive,bhuvan_2014,MZ/AI/83D15/2014/51,,MZ,Mizoram,Aizawl,24.3324,92.945,2014,Rainfall,Active,Moderately Dissected Structural Hill (SHM),Sandstone (Upper Bhuban Formation) Surma Group,Deciduous,448.0,MultiPolygon
LS2014_001923,1,positive,bhuvan_2014,MZ/AI/83D15/2014/52,,MZ,Mizoram,Aizawl,24.3307,92.9524,2014,Rainfall,Active,Moderately Dissected Structural Hill (SHM),Sandstone (Upper Bhuban Formation) Surma Group,Deciduous,594.0,MultiPolygon
LS2014_001924,1,positive,bhuvan_2014,MZ/AI/83D15/2014/53,,MZ,Mizoram,Aizawl,24.3302,92.9529,2014,Rainfall,Active,Moderately Dissected Structural Hill (SHM),Sandstone (Upper Bhuban Formation) Surma Group,Deciduous,657.0,MultiPolygon
LS2014_001925,1,positive,bhuvan_2014,MZ/AI/83D15/2014/54,,MZ,Mizoram,Aizawl,24.3292,92.9366,2014,Rainfall,Active,Moderately Dissected Structural Hill (SHM),Sandstone (Upper Bhuban Formation) Surma Group,Evergreen / Semi evergreen,3158.0,MultiPolygon
LS2014_001926,1,positive,bhuvan_2014,MZ/AI/83D15/2014/56,,MZ,Mizoram,Aizawl,24.3267,92.947,2014,Rainfall,Active,Moderately Dissected Structural Hill (SHM),Sandstone (Upper Bhuban Formation) Surma Group,Deciduous,930.0,MultiPolygon
LS2014_001927,1,positive,bhuvan_2014,MZ/AI/83D15/2014/57,,MZ,Mizoram,Aizawl,24.3261,92.9484,2014,Rainfall,Active,Less Dissected Structural Hill (SHL),Sandstone (Upper Bhuban Formation) Surma Group,Deciduous,700.0,MultiPolygon
LS2014_001928,1,positive,bhuvan_2014,MZ/AI/83D15/2014/58,,MZ,Mizoram,Aizawl,24.3244,92.9383,2014,Rainfall,Active,Moderately Dissected Structural Hill (SHM),Sandstone (Upper Bhuban Formation) Surma Group,Deciduous,141.0,MultiPolygon
LS2014_001929,1,positive,bhuvan_2014,MZ/AI/83D15/2014/59,,MZ,Mizoram,Aizawl,24.3242,92.9382,2014,Rainfall,Active,Moderately Dissected Structural Hill (SHM),Sandstone (Upper Bhuban Formation) Surma Group,Deciduous,195.0,MultiPolygon
LS2014_001930,1,positive,bhuvan_2014,MZ/AI/83D15/2014/61,,MZ,Mizoram,Aizawl,24.3239,92.9393,2014,Rainfall,Active,Moderately Dissected Structural Hill (SHM),Sandstone (Upper Bhuban Formation) Surma Group,Deciduous,239.0,MultiPolygon
LS2014_001931,1,positive,bhuvan_2014,MZ/AI/83D15/2014/63,,MZ,Mizoram,Aizawl,24.3216,92.953,2014,Rainfall,Active,Fracture Valley (FV),Sandstone (Upper Bhuban Formation) Surma Group,Deciduous,433.0,MultiPolygon
LS2014_001932,1,positive,bhuvan_2014,MZ/AI/83D15/2014/67,,MZ,Mizoram,Aizawl,24.3173,92.9615,2014,Rainfall,Active,Moderately Dissected Structural Hill (SHM),Sandstone (Upper Bhuban Formation) Surma Group,Evergreen / Semi evergreen,1220.0,MultiPolygon
LS2014_001933,1,positive,bhuvan_2014,MZ/AI/83D15/2014/68,,MZ,Mizoram,Aizawl,24.317,92.954,2014,Rainfall,Active,Moderately Dissected Structural Hill (SHM),Sandstone (Upper Bhuban Formation) Surma Group,Deciduous,234.0,MultiPolygon
LS2014_001934,1,positive,bhuvan_2014,MZ/AI/83D15/2014/71,,MZ,Mizoram,Aizawl,24.3157,92.9599,2014,Rainfall,Active,Moderately Dissected Structural Hill (SHM),Sandstone (Upper Bhuban Formation) Surma Group,Evergreen / Semi evergreen,3213.0,MultiPolygon
LS2014_001935,1,positive,bhuvan_2014,MZ/AI/83D15/2014/74,,MZ,Mizoram,Aizawl,24.3114,92.949,2014,Rainfall,Active,Moderately Dissected Structural Hill (SHM),Sandstone (Upper Bhuban Formation) Surma Group,Cuirrent Shifting Cultivation,323.0,MultiPolygon
LS2014_001936,1,positive,bhuvan_2014,MZ/AI/83H03/2014/32,,MZ,Mizoram,Aizawl,24.3578,93.0003,2014,Rainfall,Active,Moderately Dissected Structural Hill (SHM),Sandstone (Upper Bhuban Formation) Surma Group,Scrub Forest,1225.0,MultiPolygon
LS2014_001937,1,positive,bhuvan_2014,MZ/AI/83H03/2014/34,,MZ,Mizoram,Aizawl,24.3567,93.0057,2014,Rainfall,Active,Moderately Dissected Structural Hill (SHM),Sandstone (Upper Bhuban Formation) Surma Group,Deciduous,400.0,MultiPolygon
LS2014_001938,1,positive,bhuvan_2014,MZ/AI/83H03/2014/39,,MZ,Mizoram,Aizawl,24.3482,93.012,2014,Rainfall,Active,Moderately Dissected Structural Hill (SHM),Sandstone (Upper Bhuban Formation) Surma Group,Cuirrent Shifting Cultivation,1150.0,MultiPolygon
LS2014_001939,1,positive,bhuvan_2014,MZ/AI/83H03/2014/69,,MZ,Mizoram,Aizawl,24.3169,93.0093,2014,Rainfall,Active,Moderately Dissected Structural Hill (SHM),Sandstone (Upper Bhuban Formation) Surma Group,Deciduous,175.0,MultiPolygon
LS2014_001940,1,positive,bhuvan_2014,MZ/AI/83D15/2014/73,,MZ,Mizoram,Aizawl,24.3126,92.9928,2014,Rainfall,Active,Moderately Dissected Structural Hill (SHM),Sandstone (Upper Bhuban Formation) Surma Group,Cuirrent Shifting Cultivation,556.0,MultiPolygon
LS2014_001941,1,positive,bhuvan_2014,MZ/SA/84F03/2014/31,,MZ,Mizoram,Saiha,22.4147,93.0476,2014,Rainfall,Active,Highly Dissected Structural Hill (SHH),Shale (Barail Group),Evergreen / Semi evergreen,1355.0,MultiPolygon
LS2014_001942,1,positive,bhuvan_2014,MZ/SA/84F03/2014/33,,MZ,Mizoram,Saiha,22.3898,93.0474,2014,Rainfall,Active,Fracture Valley (FV),Shale (Barail Group),Evergreen / Semi evergreen,738.0,MultiPolygon
LS2014_001943,1,positive,bhuvan_2014,MZ/SA/84F03/2014/35,,MZ,Mizoram,Saiha,22.3819,93.0588,2014,Rainfall,Active,Fracture Valley (FV),Shale (Barail Group),Evergreen / Semi evergreen,656.0,MultiPolygon
LS2014_001944,1,positive,bhuvan_2014,MZ/SA/84F02/2014/15,,MZ,Mizoram,Saiha,22.508,93.0536,2014,Rainfall,Active,Highly Dissected Structural Hill (SHH),Shale (Barail Group),Scrub Forest,10133.0,MultiPolygon
LS2014_001945,1,positive,bhuvan_2014,MZ/SA/84F03/2014/17,,MZ,Mizoram,Saiha,22.4909,93.0701,2014,Rainfall,Active,Less Dissected Structural Hill (SHL),Shale (Barail Group),Scrub Forest,1065.0,MultiPolygon
LS2014_001946,1,positive,bhuvan_2014,MZ/SA/84F03/2014/19,,MZ,Mizoram,Saiha,22.4669,93.0703,2014,Rainfall,Active,Highly Dissected Structural Hill (SHH),Shale (Barail Group),Evergreen / Semi evergreen,640.0,MultiPolygon
LS2014_001947,1,positive,bhuvan_2014,MZ/SA/84F02/2014/2,,MZ,Mizoram,Saiha,22.7415,93.0653,2014,Rainfall,Active,Highly Dissected Structural Hill (SHH),Shale (Barail Group),Scrub Forest,617.0,MultiPolygon
LS2014_001948,1,positive,bhuvan_2014,MZ/SA/84F02/2014/3,,MZ,Mizoram,Saiha,22.7086,93.049,2014,Rainfall,Active,Highly Dissected Structural Hill (SHH),Shale (Barail Group),Scrub Forest,1411.0,MultiPolygon
LS2014_001949,1,positive,bhuvan_2014,MZ/SA/84F02/2014/4,,MZ,Mizoram,Saiha,22.7078,93.0489,2014,Rainfall,Active,Highly Dissected Structural Hill (SHH),Shale (Barail Group),Scrub Forest,4136.0,MultiPolygon
LS2014_001950,1,positive,bhuvan_2014,MZ/LU/84F01/2014/186,,MZ,Mizoram,Lunglei,22.9165,93.0703,2014,Rainfall,Active,Moderately Dissected Structural Hill (SHM),Sandstone (Lower Bhuban Formation) Surma Group,Scrub Forest,835.0,MultiPolygon
LS2014_001951,1,positive,bhuvan_2014,MZ/SE/84E04/2014/21,,MZ,Mizoram,Serchhip,23.02,93.1139,2014,Rainfall,Active,Highly Dissected Structural Hill (SHH),Shale (Barail Group),Evergreen / Semi evergreen,423.0,MultiPolygon
LS2014_001952,1,positive,bhuvan_2014,MZ/SE/84E04/2014/17,,MZ,Mizoram,Serchhip,23.1323,93.1126,2014,Rainfall,Active,Highly Dissected Structural Hill (SHH),Shale (Barail Group),Deciduous,872.0,MultiPolygon
LS2014_001953,1,positive,bhuvan_2014,MZ/AI/84E01/2014/297,,MZ,Mizoram,Aizawl,23.7943,93.0469,2014,Rainfall,Active,Highly Dissected Structural Hill (SHH),Shale (Middle Bhuban Formation) Surma Group,Deciduous,1760.0,MultiPolygon
LS2014_001954,1,positive,bhuvan_2014,MZ/AI/84E01/2014/217,,MZ,Mizoram,Aizawl,23.9295,93.0664,2014,Rainfall,Active,Moderately Dissected Structural Hill (SHM),Sandstone (Upper Bhuban Formation) Surma Group,Deciduous,443.0,MultiPolygon
LS2014_001955,1,positive,bhuvan_2014,MZ/AI/84E01/2014/220,,MZ,Mizoram,Aizawl,23.9148,93.0468,2014,Rainfall,Active,Moderately Dissected Structural Hill (SHM),Sandstone (Upper Bhuban Formation) Surma Group,Scrub Forest,472.0,MultiPolygon
LS2014_001956,1,positive,bhuvan_2014,MZ/AI/84E01/2014/230,,MZ,Mizoram,Aizawl,23.878,93.076,2014,Rainfall,Active,Highly Dissected Structural Hill (SHH),Shale (Barail Group),Scrub Forest,2600.0,MultiPolygon
LS2014_001957,1,positive,bhuvan_2014,MZ/SA/84F03/2014/45,,MZ,Mizoram,Saiha,22.2791,93.1915,2014,Rainfall,Active,Less Dissected Structural Hill (SHL),Shale (Barail Group),Rural,1804.0,MultiPolygon
LS2014_001958,1,positive,bhuvan_2014,MZ/CH/84E04/2014/24,,MZ,Mizoram,Champhai,23.0139,93.2393,2014,Rainfall,Active,Highly Dissected Structural Hill (SHH),Shale (Barail Group),Scrub Forest,770.0,MultiPolygon
LS2014_001959,1,positive,bhuvan_2014,MZ/CH/84E04/2014/25,,MZ,Mizoram,Champhai,23.0133,93.2398,2014,Rainfall,Active,Less Dissected Structural Hill (SHL),Shale (Barail Group),Scrub Forest,1204.0,MultiPolygon
LS2014_001960,1,positive,bhuvan_2014,MZ/CH/84E02/2014/11,,MZ,Mizoram,Champhai,23.6084,93.1689,2014,Rainfall,Active,Less Dissected Structural Hill (SHL),Shale (Barail Group),Evergreen / Semi evergreen,1077.0,MultiPolygon
LS2014_001961,1,positive,bhuvan_2014,MZ/CH/84E02/2014/4,,MZ,Mizoram,Champhai,23.6762,93.1821,2014,Rainfall,Active,Highly Dissected Structural Hill (SHH),Shale (Barail Group),Scrub Forest,902.0,MultiPolygon
LS2014_001962,1,positive,bhuvan_2014,MZ/CH/84E02/2014/5,,MZ,Mizoram,Champhai,23.676,93.1819,2014,Rainfall,Active,Highly Dissected Structural Hill (SHH),Shale (Barail Group),Scrub Forest,201.0,MultiPolygon
LS2014_001963,1,positive,bhuvan_2014,MZ/CH/84E02/2014/6,,MZ,Mizoram,Champhai,23.6756,93.1824,2014,Rainfall,Active,Highly Dissected Structural Hill (SHH),Shale (Barail Group),Scrub Forest,404.0,MultiPolygon
LS2014_001964,1,positive,bhuvan_2014,MZ/CH/84E02/2014/8,,MZ,Mizoram,Champhai,23.6677,93.1648,2014,Rainfall,Active,Highly Dissected Structural Hill (SHH),Shale (Barail Group),Evergreen / Semi evergreen,1144.0,MultiPolygon
LS2014_001965,1,positive,bhuvan_2014,MZ/CH/84E08/2014/23,,MZ,Mizoram,Champhai,23.1396,93.3564,2014,Rainfall,Active,Highly Dissected Structural Hill (SHH),Shale (Barail Group),Evergreen / Semi evergreen,820.0,MultiPolygon
LS2014_001966,1,positive,bhuvan_2014,MZ/CH/84E07/2014/20,,MZ,Mizoram,Champhai,23.3504,93.3101,2014,Rainfall,Active,Less Dissected Structural Hill (SHL),Shale (Barail Group),Cuirrent Shifting Cultivation,244.0,MultiPolygon
LS2014_001967,1,positive,bhuvan_2014,MZ/CH/84E06/2014/3,,MZ,Mizoram,Champhai,23.6844,93.3393,2014,Rainfall,Active,Less Dissected Structural Hill (SHL),Shale (Barail Group),Evergreen / Semi evergreen,408.0,MultiPolygon
LS2014_001968,1,positive,bhuvan_2014,NL/KO/83G14/2014/13,,NL,Nagaland,Kohima,25.6381,93.8585,2014,Rainfall,Active,Structural Hills Highly dissected (SHH),Shale,Deciduous,838.0,MultiPolygon
LS2014_001969,1,positive,bhuvan_2014,NL/KO/83K01/2014/6,,NL,Nagaland,Kohima,25.8088,94.1938,2014,Rainfall,Active,Structural Hills Highly dissected (SHH),Shale,Deciduous,741.0,MultiPolygon
LS2014_001970,1,positive,bhuvan_2014,NL/KO/83K01/2014/7,,NL,Nagaland,Kohima,25.791,94.1845,2014,Rainfall,Active,Structural Hills Highly dissected (SHH),Shale,Deciduous,1660.0,MultiPolygon
LS2014_001971,1,positive,bhuvan_2014,NL/ZU/83K09/2014/2,,NL,Nagaland,Zunheboto,25.8086,94.6023,2014,Rainfall,Active,Structural Hills Highly dissected (SHH),Sandstone with shale,Deciduous,504.0,MultiPolygon
LS2014_001972,1,positive,bhuvan_2014,NL/TU/83J16/2014/7,,NL,Nagaland,Tuensang,26.1212,94.8593,2014,Rainfall,Active,Structural Hills Highly dissected (SHH),Sandstone with shale,Deciduous,973.0,MultiPolygon
LS2014_001973,1,positive,bhuvan_2014,NL/TU/83J16/2014/8,,NL,Nagaland,Tuensang,26.1024,94.8591,2014,Rainfall,Active,Structural Hills Highly dissected (SHH),Sandstone with shale,Scrub Forest,611.0,MultiPolygon
LS2014_001974,1,positive,bhuvan_2014,NL/TU/83J15/2014/2,,NL,Nagaland,Tuensang,26.3408,94.8593,2014,Rainfall,Active,Structural Hills Highly dissected (SHH),Shale,Cropland,39779.0,MultiPolygon
LS2014_001975,1,positive,bhuvan_2014,NL/MN/83J14/2014/5,,NL,Nagaland,Mon,26.5056,94.9887,2014,Rainfall,Active,Structural Hills Highly dissected (SHH),Shale,Deciduous,764.0,MultiPolygon
LS2014_001976,1,positive,bhuvan_2014,SK/WS/78A04/2014/35,,SK,Sikkim,West,27.1275,88.1321,2014,Rainfall,Active,Structural Hills (Less Dissected),Gneiss / Kanchenjunga Gneiss / Darjeelling Gneiss (undifferentiated) / Proterozoic,Cropland,2975.0,MultiPolygon
LS2014_001977,1,positive,bhuvan_2014,SK/WS/78A04/2014/28,,SK,Sikkim,West,27.2236,88.2029,2014,Rainfall,Active,Structural Hills ( Moderately Dissected ),Gneiss / Kanchenjunga Gneiss / Darjeelling Gneiss (undifferentiated) / Proterozoic,Cropland,2774.0,MultiPolygon
LS2014_001978,1,positive,bhuvan_2014,SK/WS/78A03/2014/11,,SK,Sikkim,West,27.3259,88.1663,2014,Rainfall,Active,Structural Hills ( Highly Dissected ) (SHH),"Quartzite, biotite and garnetiferous mica schist / Chungthang Formation/ Proterozoic",Evergreen / Semi evergreen,1504.0,MultiPolygon
LS2014_001979,1,positive,bhuvan_2014,SK/WS/78A03/2014/13,,SK,Sikkim,West,27.3188,88.196,2014,Rainfall,Active,Structural Hills ( Highly Dissected ) (SHH),Gneiss / Kanchenjunga Gneiss / Darjeelling Gneiss (undifferentiated) / Proterozoic,Cropland,2536.0,MultiPolygon
LS2014_001980,1,positive,bhuvan_2014,SK/WS/78A04/2014/34,,SK,Sikkim,West,27.1727,88.2444,2014,Rainfall,Active,Structural Hills (Less Dissected),Phyllite / Reyong Formation / Proterozoic,Cropland,8071.0,MultiPolygon
LS2014_001981,1,positive,bhuvan_2014,SK/WS/78A03/2014/23,,SK,Sikkim,West,27.2738,88.2387,2014,Rainfall,Active,Structural Hills (Less Dissected),Schist / Gorubathan Formation / Proterozoic,Cropland,7540.0,MultiPolygon
LS2014_001982,1,positive,bhuvan_2014,SK/WS/78A08/2014/29,,SK,Sikkim,West,27.2177,88.2747,2014,Rainfall,Active,Structural Hills ( Moderately Dissected ),Schist / Gorubathan Formation / Proterozoic,Evergreen / Semi evergreen,1379.0,MultiPolygon
LS2014_001983,1,positive,bhuvan_2014,SK/WS/78A07/2014/6,,SK,Sikkim,West,27.332,88.272,2014,Rainfall,Active,Old Slided  Mass (OSM),Schist / Gorubathan Formation / Proterozoic,Cropland,2091.0,MultiPolygon
LS2014_001984,1,positive,bhuvan_2014,SK/WS/78A07/2014/7,,SK,Sikkim,West,27.3311,88.2717,2014,Rainfall,Active,Old Slided  Mass (OSM),Schist / Gorubathan Formation / Proterozoic,Cropland,2455.0,MultiPolygon
LS2014_001985,1,positive,bhuvan_2014,SK/WS/78A07/2014/14,,SK,Sikkim,West,27.3171,88.2796,2014,Rainfall,Active,Structural Hills (Less Dissected),Schist / Gorubathan Formation / Proterozoic,Evergreen / Semi evergreen,14897.0,MultiPolygon
LS2014_001986,1,positive,bhuvan_2014,SK/WS/78A07/2014/15,,SK,Sikkim,West,27.3143,88.2795,2014,Rainfall,Active,Structural Hills (Less Dissected),Schist / Gorubathan Formation / Proterozoic,Evergreen / Semi evergreen,9091.0,MultiPolygon
LS2014_001987,1,positive,bhuvan_2014,SK/WS/78A07/2014/16,,SK,Sikkim,West,27.311,88.278,2014,Rainfall,Active,Structural Hills (Less Dissected),Schist / Gorubathan Formation / Proterozoic,Evergreen / Semi evergreen,3770.0,MultiPolygon
LS2014_001988,1,positive,bhuvan_2014,SK/SS/78A07/2014/10,,SK,Sikkim,South,27.3114,88.3144,2014,Rainfall,Active,Structural Hills ( Moderately Dissected ),Schist / Gorubathan Formation / Proterozoic,Scrub land,8432.0,MultiPolygon
LS2014_001989,1,positive,bhuvan_2014,SK/SS/78A07/2014/4,,SK,Sikkim,South,27.3243,88.3603,2014,Rainfall,Active,Structural Hills ( Moderately Dissected ),Schist / Gorubathan Formation / Proterozoic,Scrub Forest,1247.0,MultiPolygon
LS2014_001990,1,positive,bhuvan_2014,SK/SS/78A07/2014/2,,SK,Sikkim,South,27.3263,88.3875,2014,Rainfall,Active,Structural Hills ( Moderately Dissected ),Schist / Gorubathan Formation / Proterozoic,Evergreen / Semi evergreen,4356.0,MultiPolygon
LS2014_001991,1,positive,bhuvan_2014,SK/SS/78A07/2014/5,,SK,Sikkim,South,27.3198,88.4016,2014,Rainfall,Active,Structural Hills ( Moderately Dissected ),Schist / Gorubathan Formation / Proterozoic,Evergreen / Semi evergreen,1429.0,MultiPolygon
LS2014_001992,1,positive,bhuvan_2014,SK/NS/78A06/2014/9,,SK,Sikkim,North,27.5844,88.3901,2014,Rainfall,Active,Structural Hills ( Moderately Dissected ),Gneiss / Kanchenjunga Gneiss / Darjeelling Gneiss (undifferentiated) / Proterozoic,Scrub Forest,84612.0,MultiPolygon
LS2014_001993,1,positive,bhuvan_2014,SK/ES/78A11/2014/1,,SK,Sikkim,East,27.2855,88.55,2014,Rainfall,Active,Structural Hills ( Highly Dissected ) (SHH),Granite gneiss/ Lingtse Gneiss/ Meso Proterozoic,River / Stream / Canals,3884.0,MultiPolygon
LS2014_001994,1,positive,bhuvan_2014,SK/ES/78A12/2014/6,,SK,Sikkim,East,27.2211,88.6178,2014,Rainfall,Active,Structural Hills ( Moderately Dissected ),Schist / Gorubathan Formation / Proterozoic,Scrub land,8183.0,MultiPolygon
LS2014_001995,1,positive,bhuvan_2014,SK/NS/78A10/2014/4,,SK,Sikkim,North,27.6768,88.7402,2014,Rainfall,Active,Structural Hills ( Highly Dissected ) (SHH),Gneiss / Kanchenjunga Gneiss / Darjeelling Gneiss (undifferentiated) / Proterozoic,Cropland,616.0,MultiPolygon
LS2014_001996,1,positive,bhuvan_2014,SK/NS/78A10/2014/5,,SK,Sikkim,North,27.6764,88.7357,2014,Rainfall,Active,Structural Hills ( Highly Dissected ) (SHH),Gneiss / Kanchenjunga Gneiss / Darjeelling Gneiss (undifferentiated) / Proterozoic,Evergreen / Semi evergreen,3925.0,MultiPolygon
LS2014_001997,1,positive,bhuvan_2014,TR/KH/78P12/2014/1,,TR,Tripura,Khowai District,24.1323,91.7455,2014,Rainfall,Active,Structural Hills-Highly Dissected,Shale with sandstone/ limestone bands,Evergreen / Semi evergreen,1342.557359,MultiPolygon
LS2014_001998,1,positive,bhuvan_2014,TR/DH/79M13/2014/4,,TR,Tripura,Dhalai District,23.9239,91.9604,2014,Rainfall,Active,Structural Hills-Moderately dissected,Shale with sandstone/ limestone bands,Evergreen / Semi evergreen,1648.18878,MultiPolygon
LS2014_001999,1,positive,bhuvan_2014,TR/NT/84A01/2014/30,,TR,Tripura,North District,23.8064,92.2191,2014,Rainfall,Active,Structural Hills-Moderately dissected,Shale with sandstone/ limestone bands,Scrub Forest,363.805261,MultiPolygon
LS2014_002000,1,positive,bhuvan_2014,TR/NT/84A01/2014/31,,TR,Tripura,North District,23.8062,92.2194,2014,Rainfall,Active,Structural Hills-Moderately dissected,Shale with sandstone/ limestone bands,Scrub Forest,413.902318,MultiPolygon
LS2014_002001,1,positive,bhuvan_2014,TR/NT/84A05/2014/27,,TR,Tripura,North District,23.8172,92.2656,2014,Rainfall,Active,Structural Hills-Highly Dissected,Sandstone with shale/ coal bands,Deciduous,391.36958,MultiPolygon
LS2014_002002,1,positive,bhuvan_2014,TR/NT/84A05/2014/28,,TR,Tripura,North District,23.8167,92.2781,2014,Rainfall,Active,Structural Hills-Highly Dissected,Sandstone with shale/ coal bands,Scrub Forest,409.0895,MultiPolygon
LS2014_002003,1,positive,bhuvan_2014,TR/NT/84A05/2014/29,,TR,Tripura,North District,23.8162,92.2723,2014,Rainfall,Active,Structural Hills-Highly Dissected,Sandstone with shale/ coal bands,Scrub Forest,1584.869601,MultiPolygon
LS2014_002004,1,positive,bhuvan_2014,TR/NT/84A05/2014/3,,TR,Tripura,North District,23.923,92.2846,2014,Rainfall,Active,Structural Hills-Highly Dissected,Sandstone with shale/ coal bands,Evergreen / Semi evergreen,702.452612,MultiPolygon
LS2014_002005,1,positive,bhuvan_2014,TR/NT/84A05/2014/4,,TR,Tripura,North District,23.9216,92.2621,2014,Rainfall,Active,Structural Hills-Highly Dissected,Sandstone with shale/ coal bands,Evergreen / Semi evergreen,311.822287,MultiPolygon
LS2014_002006,1,positive,bhuvan_2014,TR/NT/84A05/2014/5,,TR,Tripura,North District,23.9178,92.2848,2014,Rainfall,Active,Structural Hills-Highly Dissected,Sandstone with shale/ coal bands,Evergreen / Semi evergreen,311.940588,MultiPolygon
LS2014_002007,1,positive,bhuvan_2014,TR/NT/84A05/2014/6,,TR,Tripura,North District,23.9176,92.2845,2014,Rainfall,Active,Structural Hills-Highly Dissected,Sandstone with shale/ coal bands,Evergreen / Semi evergreen,328.764098,MultiPolygon
LS2014_002008,1,positive,bhuvan_2014,TR/NT/84A05/2014/7,,TR,Tripura,North District,23.9154,92.2818,2014,Rainfall,Active,Structural Hills-Highly Dissected,Sandstone with shale/ coal bands,Evergreen / Semi evergreen,1109.901378,MultiPolygon
NEG_AR_0001,0,negative,GADM_spatial_negative_candidate,,,AR,ArunachalPradesh,,28.09661877010858,95.75793119126953,,,,,,,,Point
NEG_AR_0002,0,negative,GADM_spatial_negative_candidate,,,AR,ArunachalPradesh,,27.118356223192755,95.58362666264594,,,,,,,,Point
NEG_AR_0003,0,negative,GADM_spatial_negative_candidate,,,AR,ArunachalPradesh,,28.410679128715394,93.87460843463913,,,,,,,,Point
NEG_AR_0004,0,negative,GADM_spatial_negative_candidate,,,AR,ArunachalPradesh,,28.524013669144438,95.81918079656486,,,,,,,,Point
NEG_AR_0005,0,negative,GADM_spatial_negative_candidate,,,AR,ArunachalPradesh,,28.684777124823924,93.83420602063644,,,,,,,,Point
NEG_AR_0006,0,negative,GADM_spatial_negative_candidate,,,AR,ArunachalPradesh,,28.097760547366445,94.79786495512057,,,,,,,,Point
NEG_AR_0007,0,negative,GADM_spatial_negative_candidate,,,AR,ArunachalPradesh,,27.77042702562424,95.85612707918132,,,,,,,,Point
NEG_AR_0008,0,negative,GADM_spatial_negative_candidate,,,AR,ArunachalPradesh,,28.631825481951527,95.34134965879517,,,,,,,,Point
NEG_AR_0009,0,negative,GADM_spatial_negative_candidate,,,AR,ArunachalPradesh,,27.765356407365793,96.42194668011639,,,,,,,,Point
NEG_AR_0010,0,negative,GADM_spatial_negative_candidate,,,AR,ArunachalPradesh,,27.96093941036088,95.46847491870713,,,,,,,,Point
NEG_AR_0011,0,negative,GADM_spatial_negative_candidate,,,AR,ArunachalPradesh,,28.999083088510787,94.74544959416674,,,,,,,,Point
NEG_AR_0012,0,negative,GADM_spatial_negative_candidate,,,AR,ArunachalPradesh,,27.448457292480363,96.34974915081793,,,,,,,,Point
NEG_AR_0013,0,negative,GADM_spatial_negative_candidate,,,AR,ArunachalPradesh,,28.112485340952414,93.30310953280787,,,,,,,,Point
NEG_AR_0014,0,negative,GADM_spatial_negative_candidate,,,AR,ArunachalPradesh,,27.452715195235744,96.63048675813047,,,,,,,,Point
NEG_AR_0015,0,negative,GADM_spatial_negative_candidate,,,AR,ArunachalPradesh,,28.946172004690332,95.21625650357623,,,,,,,,Point
NEG_AR_0016,0,negative,GADM_spatial_negative_candidate,,,AR,ArunachalPradesh,,28.17589023906531,94.73198444535787,,,,,,,,Point
NEG_AR_0017,0,negative,GADM_spatial_negative_candidate,,,AR,ArunachalPradesh,,27.45567591845696,93.13660576328486,,,,,,,,Point
NEG_AR_0018,0,negative,GADM_spatial_negative_candidate,,,AR,ArunachalPradesh,,28.137167590303672,92.85659432855338,,,,,,,,Point
NEG_AR_0019,0,negative,GADM_spatial_negative_candidate,,,AR,ArunachalPradesh,,28.38377177059975,94.62883853044325,,,,,,,,Point
NEG_AR_0020,0,negative,GADM_spatial_negative_candidate,,,AR,ArunachalPradesh,,28.532926053901534,95.06870036046183,,,,,,,,Point
NEG_AR_0021,0,negative,GADM_spatial_negative_candidate,,,AR,ArunachalPradesh,,27.86926052008786,96.74672119855447,,,,,,,,Point
NEG_AR_0022,0,negative,GADM_spatial_negative_candidate,,,AR,ArunachalPradesh,,28.278373257738092,96.88214154752718,,,,,,,,Point
NEG_AR_0023,0,negative,GADM_spatial_negative_candidate,,,AR,ArunachalPradesh,,29.058832328777356,94.86475167135202,,,,,,,,Point
NEG_AR_0024,0,negative,GADM_spatial_negative_candidate,,,AR,ArunachalPradesh,,27.747187036927027,92.26981798348456,,,,,,,,Point
NEG_AR_0025,0,negative,GADM_spatial_negative_candidate,,,AR,ArunachalPradesh,,28.722870177838637,94.41634080406583,,,,,,,,Point
NEG_AR_0026,0,negative,GADM_spatial_negative_candidate,,,AR,ArunachalPradesh,,27.859559830052454,94.06750968048962,,,,,,,,Point
NEG_AR_0027,0,negative,GADM_spatial_negative_candidate,,,AR,ArunachalPradesh,,28.847032534489742,94.57366406116876,,,,,,,,Point
NEG_AR_0028,0,negative,GADM_spatial_negative_candidate,,,AR,ArunachalPradesh,,27.713294888768935,92.45517340784419,,,,,,,,Point
NEG_AR_0029,0,negative,GADM_spatial_negative_candidate,,,AR,ArunachalPradesh,,28.260816709378396,93.30654948911395,,,,,,,,Point
NEG_AR_0030,0,negative,GADM_spatial_negative_candidate,,,AR,ArunachalPradesh,,28.026396103868535,95.29141890739967,,,,,,,,Point
NEG_AR_0031,0,negative,GADM_spatial_negative_candidate,,,AR,ArunachalPradesh,,28.244514588153915,96.07239111577657,,,,,,,,Point
NEG_AR_0032,0,negative,GADM_spatial_negative_candidate,,,AR,ArunachalPradesh,,28.157536263292883,94.38032885638772,,,,,,,,Point
NEG_AR_0033,0,negative,GADM_spatial_negative_candidate,,,AR,ArunachalPradesh,,28.202295085608696,95.65926870339847,,,,,,,,Point
NEG_AR_0034,0,negative,GADM_spatial_negative_candidate,,,AR,ArunachalPradesh,,27.567428721124127,96.00265142577526,,,,,,,,Point
NEG_AR_0035,0,negative,GADM_spatial_negative_candidate,,,AR,ArunachalPradesh,,29.098453984626463,95.12560273260019,,,,,,,,Point
NEG_AR_0036,0,negative,GADM_spatial_negative_candidate,,,AR,ArunachalPradesh,,28.06820352869522,93.43847563134246,,,,,,,,Point
NEG_AR_0037,0,negative,GADM_spatial_negative_candidate,,,AR,ArunachalPradesh,,27.956662379194658,95.45873517362999,,,,,,,,Point
NEG_AR_0038,0,negative,GADM_spatial_negative_candidate,,,AR,ArunachalPradesh,,27.48200050788168,93.816338363886,,,,,,,,Point
NEG_AR_0039,0,negative,GADM_spatial_negative_candidate,,,AR,ArunachalPradesh,,28.7265924224262,93.98163813973868,,,,,,,,Point
NEG_AR_0040,0,negative,GADM_spatial_negative_candidate,,,AR,ArunachalPradesh,,28.458361924544423,94.91732357004463,,,,,,,,Point
NEG_AR_0041,0,negative,GADM_spatial_negative_candidate,,,AR,ArunachalPradesh,,27.32323078204851,93.11143074381299,,,,,,,,Point
NEG_AR_0042,0,negative,GADM_spatial_negative_candidate,,,AR,ArunachalPradesh,,27.945780211568497,93.82957000645983,,,,,,,,Point
NEG_AR_0043,0,negative,GADM_spatial_negative_candidate,,,AR,ArunachalPradesh,,27.885262332471758,95.26783242020167,,,,,,,,Point
NEG_AR_0044,0,negative,GADM_spatial_negative_candidate,,,AR,ArunachalPradesh,,28.014582271589397,97.3268002695481,,,,,,,,Point
NEG_AR_0045,0,negative,GADM_spatial_negative_candidate,,,AR,ArunachalPradesh,,27.128832113298213,92.27449603328974,,,,,,,,Point
NEG_AR_0046,0,negative,GADM_spatial_negative_candidate,,,AR,ArunachalPradesh,,28.868856694439604,95.43168093400558,,,,,,,,Point
NEG_AR_0047,0,negative,GADM_spatial_negative_candidate,,,AR,ArunachalPradesh,,27.777927519492437,92.62039978253759,,,,,,,,Point
NEG_AR_0048,0,negative,GADM_spatial_negative_candidate,,,AR,ArunachalPradesh,,28.70292340786858,94.59582920710348,,,,,,,,Point
NEG_AR_0049,0,negative,GADM_spatial_negative_candidate,,,AR,ArunachalPradesh,,28.24607858975153,95.56115040049875,,,,,,,,Point
NEG_AR_0050,0,negative,GADM_spatial_negative_candidate,,,AR,ArunachalPradesh,,28.151674415355394,94.12141796539771,,,,,,,,Point
NEG_AR_0051,0,negative,GADM_spatial_negative_candidate,,,AR,ArunachalPradesh,,28.15060315507558,96.5020747960167,,,,,,,,Point
NEG_AR_0052,0,negative,GADM_spatial_negative_candidate,,,AR,ArunachalPradesh,,27.59122765363117,91.66498486767169,,,,,,,,Point
NEG_AR_0053,0,negative,GADM_spatial_negative_candidate,,,AR,ArunachalPradesh,,27.038898306658144,92.10544676222194,,,,,,,,Point
NEG_AR_0054,0,negative,GADM_spatial_negative_candidate,,,AR,ArunachalPradesh,,28.423542571776476,96.18553621249704,,,,,,,,Point
NEG_AR_0055,0,negative,GADM_spatial_negative_candidate,,,AR,ArunachalPradesh,,28.772710876705126,94.22198368221034,,,,,,,,Point
NEG_AR_0056,0,negative,GADM_spatial_negative_candidate,,,AR,ArunachalPradesh,,27.08764474414657,92.75086810455224,,,,,,,,Point
NEG_AR_0057,0,negative,GADM_spatial_negative_candidate,,,AR,ArunachalPradesh,,28.15781534572766,93.67087807447052,,,,,,,,Point
NEG_AR_0058,0,negative,GADM_spatial_negative_candidate,,,AR,ArunachalPradesh,,27.40455566904599,93.0944231277103,,,,,,,,Point
NEG_AR_0059,0,negative,GADM_spatial_negative_candidate,,,AR,ArunachalPradesh,,29.02137804304011,95.68869922098199,,,,,,,,Point
NEG_AR_0060,0,negative,GADM_spatial_negative_candidate,,,AR,ArunachalPradesh,,29.0985698969845,96.18767134418567,,,,,,,,Point
NEG_AR_0061,0,negative,GADM_spatial_negative_candidate,,,AR,ArunachalPradesh,,28.199352842732473,95.77040282500572,,,,,,,,Point
NEG_AR_0062,0,negative,GADM_spatial_negative_candidate,,,AR,ArunachalPradesh,,28.14334882560626,92.77121488126143,,,,,,,,Point
NEG_AR_0063,0,negative,GADM_spatial_negative_candidate,,,AR,ArunachalPradesh,,28.24453733175027,94.9476004178741,,,,,,,,Point
NEG_AR_0064,0,negative,GADM_spatial_negative_candidate,,,AR,ArunachalPradesh,,28.103680494804966,95.28594517238052,,,,,,,,Point
NEG_AR_0065,0,negative,GADM_spatial_negative_candidate,,,AR,ArunachalPradesh,,28.274883246713653,96.44672899758552,,,,,,,,Point
NEG_AR_0066,0,negative,GADM_spatial_negative_candidate,,,AR,ArunachalPradesh,,26.991554575688063,92.55940728567957,,,,,,,,Point
NEG_AR_0067,0,negative,GADM_spatial_negative_candidate,,,AR,ArunachalPradesh,,28.157833239492735,97.14955789178453,,,,,,,,Point
NEG_AR_0068,0,negative,GADM_spatial_negative_candidate,,,AR,ArunachalPradesh,,27.232471601822407,93.16538328617915,,,,,,,,Point
NEG_AR_0069,0,negative,GADM_spatial_negative_candidate,,,AR,ArunachalPradesh,,28.464098358707506,94.28505012493221,,,,,,,,Point
NEG_AR_0070,0,negative,GADM_spatial_negative_candidate,,,AR,ArunachalPradesh,,27.91166025290133,96.29864053563537,,,,,,,,Point
NEG_AR_0071,0,negative,GADM_spatial_negative_candidate,,,AR,ArunachalPradesh,,28.73295293139875,94.85290708762912,,,,,,,,Point
NEG_AR_0072,0,negative,GADM_spatial_negative_candidate,,,AR,ArunachalPradesh,,28.388834958303065,95.21783033514542,,,,,,,,Point
NEG_AR_0073,0,negative,GADM_spatial_negative_candidate,,,AR,ArunachalPradesh,,27.574705752721957,94.01498478891618,,,,,,,,Point
NEG_AR_0074,0,negative,GADM_spatial_negative_candidate,,,AR,ArunachalPradesh,,28.682840428644283,96.05863822868574,,,,,,,,Point
NEG_AR_0075,0,negative,GADM_spatial_negative_candidate,,,AR,ArunachalPradesh,,27.966237046092886,93.40665752746814,,,,,,,,Point
NEG_AR_0076,0,negative,GADM_spatial_negative_candidate,,,AR,ArunachalPradesh,,27.558730734657306,96.54213472701767,,,,,,,,Point
NEG_AR_0077,0,negative,GADM_spatial_negative_candidate,,,AR,ArunachalPradesh,,29.23313084002421,96.0064061107255,,,,,,,,Point
NEG_AR_0078,0,negative,GADM_spatial_negative_candidate,,,AR,ArunachalPradesh,,28.641677090067493,96.43741734114566,,,,,,,,Point
NEG_AR_0079,0,negative,GADM_spatial_negative_candidate,,,AR,ArunachalPradesh,,26.93247747156196,92.13923004239366,,,,,,,,Point
NEG_AR_0080,0,negative,GADM_spatial_negative_candidate,,,AR,ArunachalPradesh,,27.655494087456603,94.32531460128386,,,,,,,,Point
NEG_AR_0081,0,negative,GADM_spatial_negative_candidate,,,AR,ArunachalPradesh,,28.251087145834266,94.34038595855515,,,,,,,,Point
NEG_AR_0082,0,negative,GADM_spatial_negative_candidate,,,AR,ArunachalPradesh,,27.015524336108356,93.56807133033385,,,,,,,,Point
NEG_AR_0083,0,negative,GADM_spatial_negative_candidate,,,AR,ArunachalPradesh,,27.25805368106829,96.1646340317343,,,,,,,,Point
NEG_AR_0084,0,negative,GADM_spatial_negative_candidate,,,AR,ArunachalPradesh,,27.542167853805715,96.0249832001968,,,,,,,,Point
NEG_AR_0085,0,negative,GADM_spatial_negative_candidate,,,AR,ArunachalPradesh,,27.969740970575362,95.48954277682478,,,,,,,,Point
NEG_AR_0086,0,negative,GADM_spatial_negative_candidate,,,AR,ArunachalPradesh,,28.22093111129381,94.8276739438425,,,,,,,,Point
NEG_AR_0087,0,negative,GADM_spatial_negative_candidate,,,AR,ArunachalPradesh,,28.999230000916082,94.55469413091497,,,,,,,,Point
NEG_AR_0088,0,negative,GADM_spatial_negative_candidate,,,AR,ArunachalPradesh,,28.08891117864695,96.30432297190944,,,,,,,,Point
NEG_AR_0089,0,negative,GADM_spatial_negative_candidate,,,AR,ArunachalPradesh,,28.19129274017316,96.88294614199673,,,,,,,,Point
NEG_AR_0090,0,negative,GADM_spatial_negative_candidate,,,AR,ArunachalPradesh,,28.618390013425966,95.26136758721893,,,,,,,,Point
NEG_AR_0091,0,negative,GADM_spatial_negative_candidate,,,AR,ArunachalPradesh,,28.235840981829593,97.29827858245834,,,,,,,,Point
NEG_AR_0092,0,negative,GADM_spatial_negative_candidate,,,AR,ArunachalPradesh,,27.604452851063616,92.48470143617736,,,,,,,,Point
NEG_AR_0093,0,negative,GADM_spatial_negative_candidate,,,AR,ArunachalPradesh,,27.904930903840974,93.71063945130972,,,,,,,,Point
NEG_AR_0094,0,negative,GADM_spatial_negative_candidate,,,AR,ArunachalPradesh,,28.654516409726117,94.43498539245469,,,,,,,,Point
NEG_AR_0095,0,negative,GADM_spatial_negative_candidate,,,AR,ArunachalPradesh,,28.443440178491198,94.13937094739751,,,,,,,,Point
NEG_AR_0096,0,negative,GADM_spatial_negative_candidate,,,AR,ArunachalPradesh,,27.41335740639442,92.54712382455567,,,,,,,,Point
NEG_AR_0097,0,negative,GADM_spatial_negative_candidate,,,AR,ArunachalPradesh,,27.727122993433362,93.97965363324174,,,,,,,,Point
NEG_AR_0098,0,negative,GADM_spatial_negative_candidate,,,AR,ArunachalPradesh,,27.113490592750875,92.48380267970302,,,,,,,,Point
NEG_AR_0099,0,negative,GADM_spatial_negative_candidate,,,AR,ArunachalPradesh,,28.417061165971404,95.97656754033183,,,,,,,,Point
NEG_AR_0100,0,negative,GADM_spatial_negative_candidate,,,AR,ArunachalPradesh,,27.583197251431884,93.122147494838,,,,,,,,Point
NEG_AR_0101,0,negative,GADM_spatial_negative_candidate,,,AR,ArunachalPradesh,,28.18608193269929,95.97390632815474,,,,,,,,Point
NEG_AR_0102,0,negative,GADM_spatial_negative_candidate,,,AR,ArunachalPradesh,,28.300842457914435,95.85682530642906,,,,,,,,Point
NEG_AR_0103,0,negative,GADM_spatial_negative_candidate,,,AR,ArunachalPradesh,,28.704577115108847,95.19346762441013,,,,,,,,Point
NEG_AR_0104,0,negative,GADM_spatial_negative_candidate,,,AR,ArunachalPradesh,,28.887264496840324,94.35827168559796,,,,,,,,Point
NEG_AR_0105,0,negative,GADM_spatial_negative_candidate,,,AR,ArunachalPradesh,,28.844235147095045,95.64969836579513,,,,,,,,Point
NEG_AR_0106,0,negative,GADM_spatial_negative_candidate,,,AR,ArunachalPradesh,,27.70681858358188,93.91452372232484,,,,,,,,Point
NEG_AR_0107,0,negative,GADM_spatial_negative_candidate,,,AR,ArunachalPradesh,,28.189583131819802,94.64787744256913,,,,,,,,Point
NEG_AR_0108,0,negative,GADM_spatial_negative_candidate,,,AR,ArunachalPradesh,,28.611829004100848,95.70014863679789,,,,,,,,Point
NEG_AR_0109,0,negative,GADM_spatial_negative_candidate,,,AR,ArunachalPradesh,,28.12481072389233,94.10099192974954,,,,,,,,Point
NEG_AR_0110,0,negative,GADM_spatial_negative_candidate,,,AR,ArunachalPradesh,,28.13864734630457,94.33470231158982,,,,,,,,Point
NEG_AR_0111,0,negative,GADM_spatial_negative_candidate,,,AR,ArunachalPradesh,,28.403175716176914,96.62056797073333,,,,,,,,Point
NEG_AR_0112,0,negative,GADM_spatial_negative_candidate,,,AR,ArunachalPradesh,,27.57064860439631,96.17152294155031,,,,,,,,Point
NEG_AR_0113,0,negative,GADM_spatial_negative_candidate,,,AR,ArunachalPradesh,,28.12753351816106,95.4409247131786,,,,,,,,Point
NEG_AR_0114,0,negative,GADM_spatial_negative_candidate,,,AR,ArunachalPradesh,,27.927055364230636,95.48895072574281,,,,,,,,Point
NEG_AR_0115,0,negative,GADM_spatial_negative_candidate,,,AR,ArunachalPradesh,,27.333425608066918,92.5654773234632,,,,,,,,Point
NEG_AR_0116,0,negative,GADM_spatial_negative_candidate,,,AR,ArunachalPradesh,,28.038043985989194,94.0736485544445,,,,,,,,Point
NEG_AR_0117,0,negative,GADM_spatial_negative_candidate,,,AR,ArunachalPradesh,,28.7283348954633,96.12582576577199,,,,,,,,Point
NEG_AR_0118,0,negative,GADM_spatial_negative_candidate,,,AR,ArunachalPradesh,,27.85247681913327,94.93205966428872,,,,,,,,Point
NEG_AR_0119,0,negative,GADM_spatial_negative_candidate,,,AR,ArunachalPradesh,,27.734141815722715,96.07478733642208,,,,,,,,Point
NEG_AR_0120,0,negative,GADM_spatial_negative_candidate,,,AR,ArunachalPradesh,,27.152793119220455,93.70116029958717,,,,,,,,Point
NEG_AR_0121,0,negative,GADM_spatial_negative_candidate,,,AR,ArunachalPradesh,,29.006012354836102,95.28562695755438,,,,,,,,Point
NEG_AR_0122,0,negative,GADM_spatial_negative_candidate,,,AR,ArunachalPradesh,,28.793315010103534,96.31470511293482,,,,,,,,Point
NEG_AR_0123,0,negative,GADM_spatial_negative_candidate,,,AR,ArunachalPradesh,,27.94990720574773,94.84429069244493,,,,,,,,Point
NEG_AR_0124,0,negative,GADM_spatial_negative_candidate,,,AR,ArunachalPradesh,,27.652100619473575,94.2306710208798,,,,,,,,Point
NEG_AR_0125,0,negative,GADM_spatial_negative_candidate,,,AR,ArunachalPradesh,,28.089396689099175,92.7721381645499,,,,,,,,Point
NEG_AR_0126,0,negative,GADM_spatial_negative_candidate,,,AR,ArunachalPradesh,,27.70604910277382,92.74035890423995,,,,,,,,Point
NEG_AR_0127,0,negative,GADM_spatial_negative_candidate,,,AR,ArunachalPradesh,,28.13341791009348,94.04802835856115,,,,,,,,Point
NEG_AR_0128,0,negative,GADM_spatial_negative_candidate,,,AR,ArunachalPradesh,,28.158921730008167,93.46230701332122,,,,,,,,Point
NEG_AR_0129,0,negative,GADM_spatial_negative_candidate,,,AR,ArunachalPradesh,,28.355550353589727,93.28648108694512,,,,,,,,Point
NEG_AR_0130,0,negative,GADM_spatial_negative_candidate,,,AR,ArunachalPradesh,,29.053259326529485,95.53563600084048,,,,,,,,Point
NEG_AR_0131,0,negative,GADM_spatial_negative_candidate,,,AR,ArunachalPradesh,,28.422033222441886,96.26968125339252,,,,,,,,Point
NEG_AR_0132,0,negative,GADM_spatial_negative_candidate,,,AR,ArunachalPradesh,,27.34524106279444,95.9906641043864,,,,,,,,Point
NEG_AR_0133,0,negative,GADM_spatial_negative_candidate,,,AR,ArunachalPradesh,,27.601210098779585,94.47685822741909,,,,,,,,Point
NEG_AR_0134,0,negative,GADM_spatial_negative_candidate,,,AR,ArunachalPradesh,,28.07033449835831,92.8448962288522,,,,,,,,Point
NEG_AR_0135,0,negative,GADM_spatial_negative_candidate,,,AR,ArunachalPradesh,,28.15050601407642,93.04159116824422,,,,,,,,Point
NEG_AR_0136,0,negative,GADM_spatial_negative_candidate,,,AR,ArunachalPradesh,,27.042348178399397,92.61789167646683,,,,,,,,Point
NEG_AR_0137,0,negative,GADM_spatial_negative_candidate,,,AR,ArunachalPradesh,,27.351023148306155,93.7179763919673,,,,,,,,Point
NEG_AR_0138,0,negative,GADM_spatial_negative_candidate,,,AR,ArunachalPradesh,,27.223810904734393,93.85441817182179,,,,,,,,Point
NEG_AR_0139,0,negative,GADM_spatial_negative_candidate,,,AR,ArunachalPradesh,,27.09927145844265,92.6859870827787,,,,,,,,Point
NEG_AR_0140,0,negative,GADM_spatial_negative_candidate,,,AR,ArunachalPradesh,,28.289600425241836,95.81205272136854,,,,,,,,Point
NEG_AR_0141,0,negative,GADM_spatial_negative_candidate,,,AR,ArunachalPradesh,,27.585906052379038,94.46360203131402,,,,,,,,Point
NEG_AR_0142,0,negative,GADM_spatial_negative_candidate,,,AR,ArunachalPradesh,,27.912992398057565,92.91576420173041,,,,,,,,Point
NEG_AR_0143,0,negative,GADM_spatial_negative_candidate,,,AR,ArunachalPradesh,,27.52675586379859,96.52702153090178,,,,,,,,Point
NEG_AR_0144,0,negative,GADM_spatial_negative_candidate,,,AR,ArunachalPradesh,,27.468959954446774,92.76831803486931,,,,,,,,Point
NEG_AR_0145,0,negative,GADM_spatial_negative_candidate,,,AR,ArunachalPradesh,,28.096533692362424,97.13886494146301,,,,,,,,Point
NEG_AR_0146,0,negative,GADM_spatial_negative_candidate,,,AR,ArunachalPradesh,,27.924721773100025,94.98683321450513,,,,,,,,Point
NEG_AR_0147,0,negative,GADM_spatial_negative_candidate,,,AR,ArunachalPradesh,,28.63206324501589,95.6917721857276,,,,,,,,Point
NEG_AR_0148,0,negative,GADM_spatial_negative_candidate,,,AR,ArunachalPradesh,,27.77349830547963,92.51693694226537,,,,,,,,Point
NEG_AR_0149,0,negative,GADM_spatial_negative_candidate,,,AR,ArunachalPradesh,,27.99977566199359,95.33041291340109,,,,,,,,Point
NEG_AR_0150,0,negative,GADM_spatial_negative_candidate,,,AR,ArunachalPradesh,,28.313619693275243,94.05302684101794,,,,,,,,Point
NEG_AR_0151,0,negative,GADM_spatial_negative_candidate,,,AR,ArunachalPradesh,,27.32781806807967,95.97522360263933,,,,,,,,Point
NEG_AR_0152,0,negative,GADM_spatial_negative_candidate,,,AR,ArunachalPradesh,,27.939780660051568,96.74041494209229,,,,,,,,Point
NEG_AR_0153,0,negative,GADM_spatial_negative_candidate,,,AR,ArunachalPradesh,,27.6443375719069,96.0067171268996,,,,,,,,Point
NEG_AR_0154,0,negative,GADM_spatial_negative_candidate,,,AR,ArunachalPradesh,,27.49694686926061,96.29331606517596,,,,,,,,Point
NEG_AR_0155,0,negative,GADM_spatial_negative_candidate,,,AR,ArunachalPradesh,,27.562148764266258,92.7321320321654,,,,,,,,Point
NEG_AR_0156,0,negative,GADM_spatial_negative_candidate,,,AR,ArunachalPradesh,,29.017330216696358,95.63157101981007,,,,,,,,Point
NEG_AR_0157,0,negative,GADM_spatial_negative_candidate,,,AR,ArunachalPradesh,,28.14858732345659,96.69777193413034,,,,,,,,Point
NEG_AR_0158,0,negative,GADM_spatial_negative_candidate,,,AR,ArunachalPradesh,,28.912162281849685,95.50092712765769,,,,,,,,Point
NEG_AR_0159,0,negative,GADM_spatial_negative_candidate,,,AR,ArunachalPradesh,,27.825023536028723,96.07959583231734,,,,,,,,Point
NEG_AR_0160,0,negative,GADM_spatial_negative_candidate,,,AR,ArunachalPradesh,,27.963220393512795,93.60719457539632,,,,,,,,Point
NEG_AR_0161,0,negative,GADM_spatial_negative_candidate,,,AR,ArunachalPradesh,,28.312231456854057,96.17519482897518,,,,,,,,Point
NEG_AR_0162,0,negative,GADM_spatial_negative_candidate,,,AR,ArunachalPradesh,,27.983620212571445,97.12883723492176,,,,,,,,Point
NEG_AR_0163,0,negative,GADM_spatial_negative_candidate,,,AR,ArunachalPradesh,,27.38126630030327,93.2083873699786,,,,,,,,Point
NEG_AR_0164,0,negative,GADM_spatial_negative_candidate,,,AR,ArunachalPradesh,,29.1599437124853,95.63684735451638,,,,,,,,Point
NEG_AR_0165,0,negative,GADM_spatial_negative_candidate,,,AR,ArunachalPradesh,,28.748891302453252,95.84421514124253,,,,,,,,Point
NEG_AR_0166,0,negative,GADM_spatial_negative_candidate,,,AR,ArunachalPradesh,,28.62226664312231,95.42248927720978,,,,,,,,Point
NEG_AR_0167,0,negative,GADM_spatial_negative_candidate,,,AR,ArunachalPradesh,,29.289828517176954,96.15700643519445,,,,,,,,Point
NEG_AR_0168,0,negative,GADM_spatial_negative_candidate,,,AR,ArunachalPradesh,,27.631037504876602,96.1945483338415,,,,,,,,Point
NEG_AR_0169,0,negative,GADM_spatial_negative_candidate,,,AR,ArunachalPradesh,,28.05127343989129,94.92373318094488,,,,,,,,Point
NEG_AR_0170,0,negative,GADM_spatial_negative_candidate,,,AR,ArunachalPradesh,,27.370162275181656,96.89600429373158,,,,,,,,Point
NEG_AR_0171,0,negative,GADM_spatial_negative_candidate,,,AR,ArunachalPradesh,,27.008252789034227,92.91320686716385,,,,,,,,Point
NEG_AR_0172,0,negative,GADM_spatial_negative_candidate,,,AR,ArunachalPradesh,,28.144095267475365,93.86589718283186,,,,,,,,Point
NEG_AR_0173,0,negative,GADM_spatial_negative_candidate,,,AR,ArunachalPradesh,,28.13358151303576,96.84216237161631,,,,,,,,Point
NEG_AR_0174,0,negative,GADM_spatial_negative_candidate,,,AR,ArunachalPradesh,,27.939031113299436,96.07470071092916,,,,,,,,Point
NEG_AR_0175,0,negative,GADM_spatial_negative_candidate,,,AR,ArunachalPradesh,,29.024021263818625,95.24852869428679,,,,,,,,Point
NEG_AR_0176,0,negative,GADM_spatial_negative_candidate,,,AR,ArunachalPradesh,,28.66407399593022,93.48857256806356,,,,,,,,Point
NEG_AR_0177,0,negative,GADM_spatial_negative_candidate,,,AR,ArunachalPradesh,,28.86793028355182,95.21738294405937,,,,,,,,Point
NEG_AR_0178,0,negative,GADM_spatial_negative_candidate,,,AR,ArunachalPradesh,,27.826058271864966,94.44087518212966,,,,,,,,Point
NEG_AR_0179,0,negative,GADM_spatial_negative_candidate,,,AR,ArunachalPradesh,,27.715425132513367,94.18138661082925,,,,,,,,Point
NEG_AR_0180,0,negative,GADM_spatial_negative_candidate,,,AR,ArunachalPradesh,,28.21861287285037,93.63817499969086,,,,,,,,Point
NEG_AR_0181,0,negative,GADM_spatial_negative_candidate,,,AR,ArunachalPradesh,,27.178287286540083,93.44777642133535,,,,,,,,Point
NEG_AR_0182,0,negative,GADM_spatial_negative_candidate,,,AR,ArunachalPradesh,,29.00395391101197,94.42898047504038,,,,,,,,Point
NEG_AR_0183,0,negative,GADM_spatial_negative_candidate,,,AR,ArunachalPradesh,,28.966902766516046,94.87039518625066,,,,,,,,Point
NEG_AR_0184,0,negative,GADM_spatial_negative_candidate,,,AR,ArunachalPradesh,,27.562667346492162,92.19294412736943,,,,,,,,Point
NEG_AR_0185,0,negative,GADM_spatial_negative_candidate,,,AR,ArunachalPradesh,,27.940201646601395,93.21913750759683,,,,,,,,Point
NEG_AR_0186,0,negative,GADM_spatial_negative_candidate,,,AR,ArunachalPradesh,,28.362334725875947,95.51575970678773,,,,,,,,Point
NEG_AR_0187,0,negative,GADM_spatial_negative_candidate,,,AR,ArunachalPradesh,,27.837023541097086,97.13731763224497,,,,,,,,Point
NEG_AR_0188,0,negative,GADM_spatial_negative_candidate,,,AR,ArunachalPradesh,,27.815452162049514,93.89416297306407,,,,,,,,Point
NEG_AR_0189,0,negative,GADM_spatial_negative_candidate,,,AR,ArunachalPradesh,,27.448317049267814,93.04301990168928,,,,,,,,Point
NEG_AR_0190,0,negative,GADM_spatial_negative_candidate,,,AR,ArunachalPradesh,,27.547454607711106,96.90448788445758,,,,,,,,Point
NEG_AR_0191,0,negative,GADM_spatial_negative_candidate,,,AR,ArunachalPradesh,,27.89427291466542,92.77658440839662,,,,,,,,Point
NEG_AR_0192,0,negative,GADM_spatial_negative_candidate,,,AR,ArunachalPradesh,,27.791729035074184,94.88078191979466,,,,,,,,Point
NEG_AR_0193,0,negative,GADM_spatial_negative_candidate,,,AR,ArunachalPradesh,,27.587775301083816,96.90593593009012,,,,,,,,Point
NEG_AR_0194,0,negative,GADM_spatial_negative_candidate,,,AR,ArunachalPradesh,,28.27850323271368,93.08284064009462,,,,,,,,Point
NEG_AR_0195,0,negative,GADM_spatial_negative_candidate,,,AR,ArunachalPradesh,,29.254598918985074,96.31933978986658,,,,,,,,Point
NEG_AR_0196,0,negative,GADM_spatial_negative_candidate,,,AR,ArunachalPradesh,,28.417658297430435,94.12323327217814,,,,,,,,Point
NEG_AR_0197,0,negative,GADM_spatial_negative_candidate,,,AR,ArunachalPradesh,,27.72417949734386,93.62233662551469,,,,,,,,Point
NEG_AR_0198,0,negative,GADM_spatial_negative_candidate,,,AR,ArunachalPradesh,,28.09653414208343,92.68366844092037,,,,,,,,Point
NEG_AR_0199,0,negative,GADM_spatial_negative_candidate,,,AR,ArunachalPradesh,,27.83680421198324,93.79021616992385,,,,,,,,Point
NEG_AR_0200,0,negative,GADM_spatial_negative_candidate,,,AR,ArunachalPradesh,,27.251767421818187,96.93683196080131,,,,,,,,Point
NEG_AR_0201,0,negative,GADM_spatial_negative_candidate,,,AR,ArunachalPradesh,,27.94120130497076,95.3384365600842,,,,,,,,Point
NEG_AR_0202,0,negative,GADM_spatial_negative_candidate,,,AR,ArunachalPradesh,,28.909647015099356,95.42132316524842,,,,,,,,Point
NEG_AR_0203,0,negative,GADM_spatial_negative_candidate,,,AR,ArunachalPradesh,,27.68281109810965,96.22463939139746,,,,,,,,Point
NEG_AR_0204,0,negative,GADM_spatial_negative_candidate,,,AR,ArunachalPradesh,,27.087565689054898,92.42326566767456,,,,,,,,Point
NEG_AR_0205,0,negative,GADM_spatial_negative_candidate,,,AR,ArunachalPradesh,,28.198768410244945,93.86794674433007,,,,,,,,Point
NEG_AR_0206,0,negative,GADM_spatial_negative_candidate,,,AR,ArunachalPradesh,,27.223711162548277,93.46552069455649,,,,,,,,Point
NEG_AR_0207,0,negative,GADM_spatial_negative_candidate,,,AR,ArunachalPradesh,,28.168730375584325,97.33107267906672,,,,,,,,Point
NEG_AR_0208,0,negative,GADM_spatial_negative_candidate,,,AR,ArunachalPradesh,,27.85469292423653,94.70198783762744,,,,,,,,Point
NEG_AR_0209,0,negative,GADM_spatial_negative_candidate,,,AR,ArunachalPradesh,,28.88628408034783,95.20323405463284,,,,,,,,Point
NEG_AR_0210,0,negative,GADM_spatial_negative_candidate,,,AR,ArunachalPradesh,,28.731744265380968,95.34655594855695,,,,,,,,Point
NEG_AR_0211,0,negative,GADM_spatial_negative_candidate,,,AR,ArunachalPradesh,,28.262650657271713,94.00966043512422,,,,,,,,Point
NEG_AR_0212,0,negative,GADM_spatial_negative_candidate,,,AR,ArunachalPradesh,,28.952488244001437,95.6467727430365,,,,,,,,Point
NEG_AR_0213,0,negative,GADM_spatial_negative_candidate,,,AR,ArunachalPradesh,,28.46985431486505,95.06922971070635,,,,,,,,Point
NEG_AR_0214,0,negative,GADM_spatial_negative_candidate,,,AR,ArunachalPradesh,,27.969557126923775,96.13100870323882,,,,,,,,Point
NEG_AR_0215,0,negative,GADM_spatial_negative_candidate,,,AR,ArunachalPradesh,,28.82944173095015,94.41776686490493,,,,,,,,Point
NEG_AR_0216,0,negative,GADM_spatial_negative_candidate,,,AR,ArunachalPradesh,,27.648533672703156,94.4745070624927,,,,,,,,Point
NEG_AR_0217,0,negative,GADM_spatial_negative_candidate,,,AR,ArunachalPradesh,,28.458003284845237,96.23279620107377,,,,,,,,Point
NEG_AR_0218,0,negative,GADM_spatial_negative_candidate,,,AR,ArunachalPradesh,,28.25804836330581,94.65923035264186,,,,,,,,Point
NEG_AR_0219,0,negative,GADM_spatial_negative_candidate,,,AR,ArunachalPradesh,,28.1340241417183,97.18863903740943,,,,,,,,Point
NEG_AR_0220,0,negative,GADM_spatial_negative_candidate,,,AR,ArunachalPradesh,,27.66855589785101,94.15651936679205,,,,,,,,Point
NEG_AR_0221,0,negative,GADM_spatial_negative_candidate,,,AR,ArunachalPradesh,,27.75419780304485,96.35428459427271,,,,,,,,Point
NEG_AR_0222,0,negative,GADM_spatial_negative_candidate,,,AR,ArunachalPradesh,,28.69150728194976,95.46021624807354,,,,,,,,Point
NEG_AR_0223,0,negative,GADM_spatial_negative_candidate,,,AR,ArunachalPradesh,,27.29486676719172,93.52760133017064,,,,,,,,Point
NEG_AR_0224,0,negative,GADM_spatial_negative_candidate,,,AR,ArunachalPradesh,,27.195590230763887,93.7269169683775,,,,,,,,Point
NEG_AR_0225,0,negative,GADM_spatial_negative_candidate,,,AR,ArunachalPradesh,,27.474503181782662,95.89020176228881,,,,,,,,Point
NEG_AR_0226,0,negative,GADM_spatial_negative_candidate,,,AR,ArunachalPradesh,,27.540085846979096,92.62886287223337,,,,,,,,Point
NEG_AR_0227,0,negative,GADM_spatial_negative_candidate,,,AR,ArunachalPradesh,,27.75483266835805,96.47362619182927,,,,,,,,Point
NEG_AR_0228,0,negative,GADM_spatial_negative_candidate,,,AR,ArunachalPradesh,,28.35405356150259,95.50624539106978,,,,,,,,Point
NEG_AR_0229,0,negative,GADM_spatial_negative_candidate,,,AR,ArunachalPradesh,,28.0262913835375,96.03521515667633,,,,,,,,Point
NEG_AR_0230,0,negative,GADM_spatial_negative_candidate,,,AR,ArunachalPradesh,,27.773798464914073,93.7416640313076,,,,,,,,Point
NEG_AR_0231,0,negative,GADM_spatial_negative_candidate,,,AR,ArunachalPradesh,,27.97325218080505,94.16134671953337,,,,,,,,Point
NEG_AR_0232,0,negative,GADM_spatial_negative_candidate,,,AR,ArunachalPradesh,,27.989778881997136,94.45722396454146,,,,,,,,Point
NEG_AR_0233,0,negative,GADM_spatial_negative_candidate,,,AR,ArunachalPradesh,,28.513845300391818,94.44431524910259,,,,,,,,Point
NEG_AR_0234,0,negative,GADM_spatial_negative_candidate,,,AR,ArunachalPradesh,,28.85446664362332,94.86567296224716,,,,,,,,Point
NEG_AR_0235,0,negative,GADM_spatial_negative_candidate,,,AR,ArunachalPradesh,,26.735682214151037,95.2282341337018,,,,,,,,Point
NEG_AR_0236,0,negative,GADM_spatial_negative_candidate,,,AR,ArunachalPradesh,,28.523122284722994,94.64350471152586,,,,,,,,Point
NEG_AR_0237,0,negative,GADM_spatial_negative_candidate,,,AR,ArunachalPradesh,,27.996535916721285,93.9368200622879,,,,,,,,Point
NEG_AR_0238,0,negative,GADM_spatial_negative_candidate,,,AR,ArunachalPradesh,,28.577410350566574,93.60283286285849,,,,,,,,Point
NEG_AR_0239,0,negative,GADM_spatial_negative_candidate,,,AR,ArunachalPradesh,,28.763652920986743,94.26146043906726,,,,,,,,Point
NEG_AR_0240,0,negative,GADM_spatial_negative_candidate,,,AR,ArunachalPradesh,,27.835169902258354,96.12607076397587,,,,,,,,Point
NEG_AR_0241,0,negative,GADM_spatial_negative_candidate,,,AR,ArunachalPradesh,,27.842435586805326,93.48398840282711,,,,,,,,Point
NEG_AR_0242,0,negative,GADM_spatial_negative_candidate,,,AR,ArunachalPradesh,,28.538829706521557,93.50585427856002,,,,,,,,Point
NEG_AR_0243,0,negative,GADM_spatial_negative_candidate,,,AR,ArunachalPradesh,,28.03127745986886,93.38363103409745,,,,,,,,Point
NEG_AR_0244,0,negative,GADM_spatial_negative_candidate,,,AR,ArunachalPradesh,,27.351704580504663,96.09000756232872,,,,,,,,Point
NEG_AR_0245,0,negative,GADM_spatial_negative_candidate,,,AR,ArunachalPradesh,,27.8316349909601,96.47374783381537,,,,,,,,Point
NEG_AR_0246,0,negative,GADM_spatial_negative_candidate,,,AR,ArunachalPradesh,,28.79388301859078,94.48297487977204,,,,,,,,Point
NEG_AR_0247,0,negative,GADM_spatial_negative_candidate,,,AR,ArunachalPradesh,,27.398742589523472,96.32670577296014,,,,,,,,Point
NEG_AR_0248,0,negative,GADM_spatial_negative_candidate,,,AR,ArunachalPradesh,,27.44708539834035,94.01545942189519,,,,,,,,Point
NEG_AR_0249,0,negative,GADM_spatial_negative_candidate,,,AR,ArunachalPradesh,,27.601960892558004,96.18565547416618,,,,,,,,Point
NEG_AR_0250,0,negative,GADM_spatial_negative_candidate,,,AR,ArunachalPradesh,,28.07459936291712,95.64301997203098,,,,,,,,Point
NEG_AR_0251,0,negative,GADM_spatial_negative_candidate,,,AR,ArunachalPradesh,,28.093027115928493,96.13417490972137,,,,,,,,Point
NEG_AR_0252,0,negative,GADM_spatial_negative_candidate,,,AR,ArunachalPradesh,,27.764499458693813,96.72871722008632,,,,,,,,Point
NEG_AR_0253,0,negative,GADM_spatial_negative_candidate,,,AR,ArunachalPradesh,,28.494162163232236,93.80135115984426,,,,,,,,Point
NEG_AR_0254,0,negative,GADM_spatial_negative_candidate,,,AR,ArunachalPradesh,,28.361547217666413,93.84504946929482,,,,,,,,Point
NEG_AR_0255,0,negative,GADM_spatial_negative_candidate,,,AR,ArunachalPradesh,,27.05724153700626,93.17162710674224,,,,,,,,Point
NEG_AR_0256,0,negative,GADM_spatial_negative_candidate,,,AR,ArunachalPradesh,,27.403511355128444,93.24887854940647,,,,,,,,Point
NEG_AR_0257,0,negative,GADM_spatial_negative_candidate,,,AR,ArunachalPradesh,,27.343713113746173,92.66231324039128,,,,,,,,Point
NEG_AR_0258,0,negative,GADM_spatial_negative_candidate,,,AR,ArunachalPradesh,,28.339206256762075,94.05695069807435,,,,,,,,Point
NEG_AR_0259,0,negative,GADM_spatial_negative_candidate,,,AR,ArunachalPradesh,,28.127250234476442,95.06170272370059,,,,,,,,Point
NEG_AR_0260,0,negative,GADM_spatial_negative_candidate,,,AR,ArunachalPradesh,,27.517787414474906,94.23380595100562,,,,,,,,Point
NEG_AR_0261,0,negative,GADM_spatial_negative_candidate,,,AR,ArunachalPradesh,,27.301897141224078,93.67504462685443,,,,,,,,Point
NEG_AR_0262,0,negative,GADM_spatial_negative_candidate,,,AR,ArunachalPradesh,,28.777382977488827,95.63009748535666,,,,,,,,Point
NEG_AR_0263,0,negative,GADM_spatial_negative_candidate,,,AR,ArunachalPradesh,,28.117352118553434,94.69397004833822,,,,,,,,Point
NEG_AR_0264,0,negative,GADM_spatial_negative_candidate,,,AR,ArunachalPradesh,,28.27545714574936,94.49938623154725,,,,,,,,Point
NEG_AR_0265,0,negative,GADM_spatial_negative_candidate,,,AR,ArunachalPradesh,,27.77262236771025,96.95507365825502,,,,,,,,Point
NEG_AR_0266,0,negative,GADM_spatial_negative_candidate,,,AR,ArunachalPradesh,,27.92839560322531,92.71299861181977,,,,,,,,Point
NEG_AR_0267,0,negative,GADM_spatial_negative_candidate,,,AR,ArunachalPradesh,,27.874370959893195,94.5663215881048,,,,,,,,Point
NEG_AR_0268,0,negative,GADM_spatial_negative_candidate,,,AR,ArunachalPradesh,,27.0316826169696,92.22385447954889,,,,,,,,Point
NEG_AR_0269,0,negative,GADM_spatial_negative_candidate,,,AR,ArunachalPradesh,,27.184511289804494,93.50876738142023,,,,,,,,Point
NEG_AR_0270,0,negative,GADM_spatial_negative_candidate,,,AR,ArunachalPradesh,,27.815248259095796,92.26417860201738,,,,,,,,Point
NEG_AR_0271,0,negative,GADM_spatial_negative_candidate,,,AR,ArunachalPradesh,,28.18548091198283,96.8936074803807,,,,,,,,Point
NEG_AR_0272,0,negative,GADM_spatial_negative_candidate,,,AR,ArunachalPradesh,,28.098416329614405,97.10201700714387,,,,,,,,Point
NEG_AR_0273,0,negative,GADM_spatial_negative_candidate,,,AR,ArunachalPradesh,,27.62252014787689,92.22432497962431,,,,,,,,Point
NEG_AR_0274,0,negative,GADM_spatial_negative_candidate,,,AR,ArunachalPradesh,,28.21735159903368,95.45099394779614,,,,,,,,Point
NEG_AR_0275,0,negative,GADM_spatial_negative_candidate,,,AR,ArunachalPradesh,,27.336877350406738,92.64761429956053,,,,,,,,Point
NEG_AR_0276,0,negative,GADM_spatial_negative_candidate,,,AR,ArunachalPradesh,,28.72362897039202,94.09729193352257,,,,,,,,Point
NEG_AR_0277,0,negative,GADM_spatial_negative_candidate,,,AR,ArunachalPradesh,,26.957913261843114,93.47971305652278,,,,,,,,Point
NEG_AR_0278,0,negative,GADM_spatial_negative_candidate,,,AR,ArunachalPradesh,,27.75647969173441,93.90066558227096,,,,,,,,Point
NEG_AR_0279,0,negative,GADM_spatial_negative_candidate,,,AR,ArunachalPradesh,,29.12677518546834,95.96112927072424,,,,,,,,Point
NEG_AR_0280,0,negative,GADM_spatial_negative_candidate,,,AR,ArunachalPradesh,,28.16311344329583,95.43823155856613,,,,,,,,Point
NEG_AR_0281,0,negative,GADM_spatial_negative_candidate,,,AR,ArunachalPradesh,,27.93944621565693,96.82494515128582,,,,,,,,Point
NEG_AR_0282,0,negative,GADM_spatial_negative_candidate,,,AR,ArunachalPradesh,,27.237819908175346,96.95436908867289,,,,,,,,Point
NEG_AR_0283,0,negative,GADM_spatial_negative_candidate,,,AR,ArunachalPradesh,,27.286141201241,93.11596394060922,,,,,,,,Point
NEG_AR_0284,0,negative,GADM_spatial_negative_candidate,,,AR,ArunachalPradesh,,27.730457251574514,95.9002843338246,,,,,,,,Point
NEG_AR_0285,0,negative,GADM_spatial_negative_candidate,,,AR,ArunachalPradesh,,28.174578216106006,95.74821940252515,,,,,,,,Point
NEG_AR_0286,0,negative,GADM_spatial_negative_candidate,,,AR,ArunachalPradesh,,27.533900630046123,93.01607288641165,,,,,,,,Point
NEG_AR_0287,0,negative,GADM_spatial_negative_candidate,,,AR,ArunachalPradesh,,27.189371966803883,93.22715552473856,,,,,,,,Point
NEG_AR_0288,0,negative,GADM_spatial_negative_candidate,,,AR,ArunachalPradesh,,27.920198693103014,95.30015170824956,,,,,,,,Point
NEG_AR_0289,0,negative,GADM_spatial_negative_candidate,,,AR,ArunachalPradesh,,27.248637592982345,92.64255138902843,,,,,,,,Point
NEG_AR_0290,0,negative,GADM_spatial_negative_candidate,,,AR,ArunachalPradesh,,28.781573287398054,94.08071703836852,,,,,,,,Point
NEG_AR_0291,0,negative,GADM_spatial_negative_candidate,,,AR,ArunachalPradesh,,28.460357343365583,95.87467394795257,,,,,,,,Point
NEG_AR_0292,0,negative,GADM_spatial_negative_candidate,,,AR,ArunachalPradesh,,28.2598788918573,93.37129677084403,,,,,,,,Point
NEG_AR_0293,0,negative,GADM_spatial_negative_candidate,,,AR,ArunachalPradesh,,27.323982720256854,96.01049544747649,,,,,,,,Point
NEG_AR_0294,0,negative,GADM_spatial_negative_candidate,,,AR,ArunachalPradesh,,28.246766278535375,93.62175693833841,,,,,,,,Point
NEG_AR_0295,0,negative,GADM_spatial_negative_candidate,,,AR,ArunachalPradesh,,27.77733858788214,94.97206278450629,,,,,,,,Point
NEG_AR_0296,0,negative,GADM_spatial_negative_candidate,,,AR,ArunachalPradesh,,29.093905149150707,94.75524462379194,,,,,,,,Point
NEG_AR_0297,0,negative,GADM_spatial_negative_candidate,,,AR,ArunachalPradesh,,28.50433271108667,95.33025807177505,,,,,,,,Point
NEG_AR_0298,0,negative,GADM_spatial_negative_candidate,,,AR,ArunachalPradesh,,27.92985909181836,97.18514669508096,,,,,,,,Point
NEG_AR_0299,0,negative,GADM_spatial_negative_candidate,,,AR,ArunachalPradesh,,26.81860513191567,95.34701619240202,,,,,,,,Point
NEG_AR_0300,0,negative,GADM_spatial_negative_candidate,,,AR,ArunachalPradesh,,28.18765575727717,93.39104305798043,,,,,,,,Point
NEG_AR_0301,0,negative,GADM_spatial_negative_candidate,,,AR,ArunachalPradesh,,27.92157668969839,94.15677277648922,,,,,,,,Point
NEG_AR_0302,0,negative,GADM_spatial_negative_candidate,,,AR,ArunachalPradesh,,27.45594282900499,93.46945067839333,,,,,,,,Point
NEG_AR_0303,0,negative,GADM_spatial_negative_candidate,,,AR,ArunachalPradesh,,27.14470939634859,93.47723408130649,,,,,,,,Point
NEG_AR_0304,0,negative,GADM_spatial_negative_candidate,,,AR,ArunachalPradesh,,28.334166831613974,95.44973282368653,,,,,,,,Point
NEG_AR_0305,0,negative,GADM_spatial_negative_candidate,,,AR,ArunachalPradesh,,28.390621865788297,95.55569834248374,,,,,,,,Point
NEG_AR_0306,0,negative,GADM_spatial_negative_candidate,,,AR,ArunachalPradesh,,28.028563086060547,93.70149660286917,,,,,,,,Point
NEG_AR_0307,0,negative,GADM_spatial_negative_candidate,,,AR,ArunachalPradesh,,28.63013303317565,94.44550780998975,,,,,,,,Point
NEG_AR_0308,0,negative,GADM_spatial_negative_candidate,,,AR,ArunachalPradesh,,29.401291661769648,96.0437772679992,,,,,,,,Point
NEG_AR_0309,0,negative,GADM_spatial_negative_candidate,,,AR,ArunachalPradesh,,27.520984886848716,96.14455792686195,,,,,,,,Point
NEG_AR_0310,0,negative,GADM_spatial_negative_candidate,,,AR,ArunachalPradesh,,28.307152207137204,93.25534069622114,,,,,,,,Point
NEG_AR_0311,0,negative,GADM_spatial_negative_candidate,,,AR,ArunachalPradesh,,27.553394585065636,93.22073633898582,,,,,,,,Point
NEG_AR_0312,0,negative,GADM_spatial_negative_candidate,,,AR,ArunachalPradesh,,28.10490632320592,95.34806142070833,,,,,,,,Point
NEG_AR_0313,0,negative,GADM_spatial_negative_candidate,,,AR,ArunachalPradesh,,27.689959719550302,94.2443305357099,,,,,,,,Point
NEG_AR_0314,0,negative,GADM_spatial_negative_candidate,,,AR,ArunachalPradesh,,27.015911989559793,95.24609433987214,,,,,,,,Point
NEG_AR_0315,0,negative,GADM_spatial_negative_candidate,,,AR,ArunachalPradesh,,27.162285555978695,95.79698104093008,,,,,,,,Point
NEG_AR_0316,0,negative,GADM_spatial_negative_candidate,,,AR,ArunachalPradesh,,29.234423563225874,96.3547478358905,,,,,,,,Point
NEG_AR_0317,0,negative,GADM_spatial_negative_candidate,,,AR,ArunachalPradesh,,27.95397636007361,94.98035354828139,,,,,,,,Point
NEG_AR_0318,0,negative,GADM_spatial_negative_candidate,,,AR,ArunachalPradesh,,28.37559772947147,93.59577165873313,,,,,,,,Point
NEG_AR_0319,0,negative,GADM_spatial_negative_candidate,,,AR,ArunachalPradesh,,28.568662302593562,94.84481930514985,,,,,,,,Point
NEG_AR_0320,0,negative,GADM_spatial_negative_candidate,,,AR,ArunachalPradesh,,28.52189131986347,95.70743407982336,,,,,,,,Point
NEG_AR_0321,0,negative,GADM_spatial_negative_candidate,,,AR,ArunachalPradesh,,27.236081233549598,95.73942541963419,,,,,,,,Point
NEG_AR_0322,0,negative,GADM_spatial_negative_candidate,,,AR,ArunachalPradesh,,27.006241854378988,93.10136326587424,,,,,,,,Point
NEG_AR_0323,0,negative,GADM_spatial_negative_candidate,,,AR,ArunachalPradesh,,27.207387994600644,93.40518837811446,,,,,,,,Point
NEG_AR_0324,0,negative,GADM_spatial_negative_candidate,,,AR,ArunachalPradesh,,27.95056883843077,97.34253530905323,,,,,,,,Point
NEG_AR_0325,0,negative,GADM_spatial_negative_candidate,,,AR,ArunachalPradesh,,28.996773314654135,95.23939972492681,,,,,,,,Point
NEG_AR_0326,0,negative,GADM_spatial_negative_candidate,,,AR,ArunachalPradesh,,28.936373768490594,94.95053459162607,,,,,,,,Point
NEG_AR_0327,0,negative,GADM_spatial_negative_candidate,,,AR,ArunachalPradesh,,29.00071027915226,96.17753373442676,,,,,,,,Point
NEG_AR_0328,0,negative,GADM_spatial_negative_candidate,,,AR,ArunachalPradesh,,28.427413380703996,96.70404534607819,,,,,,,,Point
NEG_AR_0329,0,negative,GADM_spatial_negative_candidate,,,AR,ArunachalPradesh,,27.935095799851975,93.91787589017333,,,,,,,,Point
NEG_AR_0330,0,negative,GADM_spatial_negative_candidate,,,AR,ArunachalPradesh,,28.138468992162945,95.628975578238,,,,,,,,Point
NEG_AR_0331,0,negative,GADM_spatial_negative_candidate,,,AR,ArunachalPradesh,,27.73464318858174,95.86005229817538,,,,,,,,Point
NEG_AR_0332,0,negative,GADM_spatial_negative_candidate,,,AR,ArunachalPradesh,,28.219129324852656,95.14620625850581,,,,,,,,Point
NEG_AR_0333,0,negative,GADM_spatial_negative_candidate,,,AR,ArunachalPradesh,,28.971081958468,94.56381687858614,,,,,,,,Point
NEG_AR_0334,0,negative,GADM_spatial_negative_candidate,,,AR,ArunachalPradesh,,27.616784624932176,94.2048151135664,,,,,,,,Point
NEG_AR_0335,0,negative,GADM_spatial_negative_candidate,,,AR,ArunachalPradesh,,27.524870655649757,96.73304250052016,,,,,,,,Point
NEG_AR_0336,0,negative,GADM_spatial_negative_candidate,,,AR,ArunachalPradesh,,27.782244560502622,93.0121542321454,,,,,,,,Point
NEG_AR_0337,0,negative,GADM_spatial_negative_candidate,,,AR,ArunachalPradesh,,27.410434443905057,93.87222267799932,,,,,,,,Point
NEG_AR_0338,0,negative,GADM_spatial_negative_candidate,,,AR,ArunachalPradesh,,27.259834829820175,96.96941145699596,,,,,,,,Point
NEG_AR_0339,0,negative,GADM_spatial_negative_candidate,,,AR,ArunachalPradesh,,27.010004281267,92.40047832532885,,,,,,,,Point
NEG_AR_0340,0,negative,GADM_spatial_negative_candidate,,,AR,ArunachalPradesh,,27.277253887441823,93.82237237133754,,,,,,,,Point
NEG_AR_0341,0,negative,GADM_spatial_negative_candidate,,,AR,ArunachalPradesh,,27.897669242835285,94.7359725820568,,,,,,,,Point
NEG_AR_0342,0,negative,GADM_spatial_negative_candidate,,,AR,ArunachalPradesh,,27.10275980271849,92.8232546675944,,,,,,,,Point
NEG_AR_0343,0,negative,GADM_spatial_negative_candidate,,,AR,ArunachalPradesh,,26.954112049976192,95.38668285359823,,,,,,,,Point
NEG_AR_0344,0,negative,GADM_spatial_negative_candidate,,,AR,ArunachalPradesh,,27.081282364179046,92.66191591319955,,,,,,,,Point
NEG_AR_0345,0,negative,GADM_spatial_negative_candidate,,,AR,ArunachalPradesh,,28.093724640430484,93.46036551993866,,,,,,,,Point
NEG_AR_0346,0,negative,GADM_spatial_negative_candidate,,,AR,ArunachalPradesh,,29.307282604587996,94.67853388605546,,,,,,,,Point
NEG_AR_0347,0,negative,GADM_spatial_negative_candidate,,,AR,ArunachalPradesh,,28.487079434018096,96.06688758935151,,,,,,,,Point
NEG_AR_0348,0,negative,GADM_spatial_negative_candidate,,,AR,ArunachalPradesh,,29.250767828827982,96.06764479283481,,,,,,,,Point
NEG_AR_0349,0,negative,GADM_spatial_negative_candidate,,,AR,ArunachalPradesh,,28.09949009081527,94.17123335784406,,,,,,,,Point
NEG_AR_0350,0,negative,GADM_spatial_negative_candidate,,,AR,ArunachalPradesh,,27.877339609432354,94.56273831457378,,,,,,,,Point
NEG_AR_0351,0,negative,GADM_spatial_negative_candidate,,,AR,ArunachalPradesh,,27.64627094617005,96.44854191294232,,,,,,,,Point
NEG_AR_0352,0,negative,GADM_spatial_negative_candidate,,,AR,ArunachalPradesh,,29.149684322626182,94.35950577594528,,,,,,,,Point
NEG_AR_0353,0,negative,GADM_spatial_negative_candidate,,,AR,ArunachalPradesh,,28.2415589794504,95.89750810782334,,,,,,,,Point
NEG_AR_0354,0,negative,GADM_spatial_negative_candidate,,,AR,ArunachalPradesh,,28.313442504723874,95.95212645794884,,,,,,,,Point
NEG_AR_0355,0,negative,GADM_spatial_negative_candidate,,,AR,ArunachalPradesh,,27.654311165646874,93.14570216478755,,,,,,,,Point
NEG_AR_0356,0,negative,GADM_spatial_negative_candidate,,,AR,ArunachalPradesh,,28.663320073671297,95.77834664383167,,,,,,,,Point
NEG_AR_0357,0,negative,GADM_spatial_negative_candidate,,,AR,ArunachalPradesh,,27.638574921078117,93.44265718303302,,,,,,,,Point
NEG_AR_0358,0,negative,GADM_spatial_negative_candidate,,,AR,ArunachalPradesh,,27.499377258447574,93.17886354151993,,,,,,,,Point
NEG_AR_0359,0,negative,GADM_spatial_negative_candidate,,,AR,ArunachalPradesh,,27.660854446740142,91.58095679270207,,,,,,,,Point
NEG_AR_0360,0,negative,GADM_spatial_negative_candidate,,,AR,ArunachalPradesh,,28.7067235485482,95.87525901682875,,,,,,,,Point
NEG_AR_0361,0,negative,GADM_spatial_negative_candidate,,,AR,ArunachalPradesh,,27.490636586795752,96.61253010719054,,,,,,,,Point
NEG_AR_0362,0,negative,GADM_spatial_negative_candidate,,,AR,ArunachalPradesh,,27.680058358516845,92.05077853598723,,,,,,,,Point
NEG_AR_0363,0,negative,GADM_spatial_negative_candidate,,,AR,ArunachalPradesh,,26.834580025261637,95.20518491419271,,,,,,,,Point
NEG_AR_0364,0,negative,GADM_spatial_negative_candidate,,,AR,ArunachalPradesh,,28.045485630827873,95.04127365044751,,,,,,,,Point
NEG_AR_0365,0,negative,GADM_spatial_negative_candidate,,,AR,ArunachalPradesh,,28.40379703799556,93.32997500110524,,,,,,,,Point
NEG_AR_0366,0,negative,GADM_spatial_negative_candidate,,,AR,ArunachalPradesh,,27.495856636968497,96.58190246453333,,,,,,,,Point
NEG_AR_0367,0,negative,GADM_spatial_negative_candidate,,,AR,ArunachalPradesh,,27.7043520794836,91.9544557252608,,,,,,,,Point
NEG_AR_0368,0,negative,GADM_spatial_negative_candidate,,,AR,ArunachalPradesh,,27.90529254896982,96.80458435139603,,,,,,,,Point
NEG_AR_0369,0,negative,GADM_spatial_negative_candidate,,,AR,ArunachalPradesh,,27.857768775509037,95.40298034054747,,,,,,,,Point
NEG_AR_0370,0,negative,GADM_spatial_negative_candidate,,,AR,ArunachalPradesh,,27.532281677801716,93.22275279479706,,,,,,,,Point
NEG_AR_0371,0,negative,GADM_spatial_negative_candidate,,,AR,ArunachalPradesh,,27.53729646469788,92.43209523563112,,,,,,,,Point
NEG_AR_0372,0,negative,GADM_spatial_negative_candidate,,,AR,ArunachalPradesh,,27.810315002542588,96.58512790901054,,,,,,,,Point
NEG_AR_0373,0,negative,GADM_spatial_negative_candidate,,,AR,ArunachalPradesh,,28.04441595237026,97.28561696103563,,,,,,,,Point
NEG_AR_0374,0,negative,GADM_spatial_negative_candidate,,,AR,ArunachalPradesh,,28.338383713298676,94.62703462457934,,,,,,,,Point
NEG_AR_0375,0,negative,GADM_spatial_negative_candidate,,,AR,ArunachalPradesh,,28.36706128809863,95.54405162237583,,,,,,,,Point
NEG_AR_0376,0,negative,GADM_spatial_negative_candidate,,,AR,ArunachalPradesh,,27.98656795413558,93.32996845840606,,,,,,,,Point
NEG_AR_0377,0,negative,GADM_spatial_negative_candidate,,,AR,ArunachalPradesh,,28.282013879905794,94.54059065430131,,,,,,,,Point
NEG_AR_0378,0,negative,GADM_spatial_negative_candidate,,,AR,ArunachalPradesh,,28.797553654587105,95.76977107387304,,,,,,,,Point
NEG_AR_0379,0,negative,GADM_spatial_negative_candidate,,,AR,ArunachalPradesh,,27.202198589244837,95.50599159297087,,,,,,,,Point
NEG_AR_0380,0,negative,GADM_spatial_negative_candidate,,,AR,ArunachalPradesh,,27.93949966760115,94.76632715160986,,,,,,,,Point
NEG_AR_0381,0,negative,GADM_spatial_negative_candidate,,,AR,ArunachalPradesh,,28.242935663483326,94.01950037067817,,,,,,,,Point
NEG_AR_0382,0,negative,GADM_spatial_negative_candidate,,,AR,ArunachalPradesh,,28.080113803512898,92.82514772545625,,,,,,,,Point
NEG_AR_0383,0,negative,GADM_spatial_negative_candidate,,,AR,ArunachalPradesh,,28.085953441611846,96.02043249145926,,,,,,,,Point
NEG_AR_0384,0,negative,GADM_spatial_negative_candidate,,,AR,ArunachalPradesh,,27.189588482304163,95.6198645156475,,,,,,,,Point
NEG_AR_0385,0,negative,GADM_spatial_negative_candidate,,,AR,ArunachalPradesh,,28.103513725654025,95.46729682102671,,,,,,,,Point
NEG_AR_0386,0,negative,GADM_spatial_negative_candidate,,,AR,ArunachalPradesh,,28.07582008926679,96.8440886643407,,,,,,,,Point
NEG_AR_0387,0,negative,GADM_spatial_negative_candidate,,,AR,ArunachalPradesh,,27.75430565246311,92.36422070472858,,,,,,,,Point
NEG_AR_0388,0,negative,GADM_spatial_negative_candidate,,,AR,ArunachalPradesh,,27.826774673790215,94.28174171781734,,,,,,,,Point
NEG_AR_0389,0,negative,GADM_spatial_negative_candidate,,,AR,ArunachalPradesh,,28.981550544014713,95.6657515739911,,,,,,,,Point
NEG_AR_0390,0,negative,GADM_spatial_negative_candidate,,,AR,ArunachalPradesh,,28.188046867248488,96.03440048952886,,,,,,,,Point
NEG_AR_0391,0,negative,GADM_spatial_negative_candidate,,,AR,ArunachalPradesh,,28.964736329817864,94.5946849083186,,,,,,,,Point
NEG_AR_0392,0,negative,GADM_spatial_negative_candidate,,,AR,ArunachalPradesh,,29.142917880454025,94.91340434741265,,,,,,,,Point
NEG_AR_0393,0,negative,GADM_spatial_negative_candidate,,,AR,ArunachalPradesh,,28.340530262787613,96.14295161224277,,,,,,,,Point
NEG_AR_0394,0,negative,GADM_spatial_negative_candidate,,,AR,ArunachalPradesh,,28.120785207539857,95.76439469176988,,,,,,,,Point
NEG_AR_0395,0,negative,GADM_spatial_negative_candidate,,,AR,ArunachalPradesh,,27.73063899290105,95.87980902861982,,,,,,,,Point
NEG_AR_0396,0,negative,GADM_spatial_negative_candidate,,,AR,ArunachalPradesh,,28.425149243056588,93.31819611785758,,,,,,,,Point
NEG_AR_0397,0,negative,GADM_spatial_negative_candidate,,,AR,ArunachalPradesh,,28.423535433708153,96.21037982210512,,,,,,,,Point
NEG_AR_0398,0,negative,GADM_spatial_negative_candidate,,,AR,ArunachalPradesh,,28.383528800622845,94.39861385677072,,,,,,,,Point
NEG_AR_0399,0,negative,GADM_spatial_negative_candidate,,,AR,ArunachalPradesh,,28.932744195640797,94.51441525304026,,,,,,,,Point
NEG_AR_0400,0,negative,GADM_spatial_negative_candidate,,,AR,ArunachalPradesh,,27.413621123398023,93.71921816531182,,,,,,,,Point
NEG_AR_0401,0,negative,GADM_spatial_negative_candidate,,,AR,ArunachalPradesh,,28.02387167423762,93.88238050137839,,,,,,,,Point
NEG_AR_0402,0,negative,GADM_spatial_negative_candidate,,,AR,ArunachalPradesh,,28.139154951541407,94.18816011637077,,,,,,,,Point
NEG_AR_0403,0,negative,GADM_spatial_negative_candidate,,,AR,ArunachalPradesh,,27.66293526389603,96.35353191455053,,,,,,,,Point
NEG_AR_0404,0,negative,GADM_spatial_negative_candidate,,,AR,ArunachalPradesh,,27.833272630938154,96.0255361131449,,,,,,,,Point
NEG_AR_0405,0,negative,GADM_spatial_negative_candidate,,,AR,ArunachalPradesh,,27.83361888783367,95.87079888714213,,,,,,,,Point
NEG_AR_0406,0,negative,GADM_spatial_negative_candidate,,,AR,ArunachalPradesh,,27.526317490805766,93.6443074912648,,,,,,,,Point
NEG_AR_0407,0,negative,GADM_spatial_negative_candidate,,,AR,ArunachalPradesh,,28.315413995759275,96.03683254823143,,,,,,,,Point
NEG_AR_0408,0,negative,GADM_spatial_negative_candidate,,,AR,ArunachalPradesh,,28.283084593914296,95.59463483596889,,,,,,,,Point
NEG_AR_0409,0,negative,GADM_spatial_negative_candidate,,,AR,ArunachalPradesh,,28.14305280049392,94.17741060687966,,,,,,,,Point
NEG_AR_0410,0,negative,GADM_spatial_negative_candidate,,,AR,ArunachalPradesh,,28.14920283159075,97.24247395166105,,,,,,,,Point
NEG_AR_0411,0,negative,GADM_spatial_negative_candidate,,,AR,ArunachalPradesh,,27.327363639345524,96.29141998602505,,,,,,,,Point
NEG_AR_0412,0,negative,GADM_spatial_negative_candidate,,,AR,ArunachalPradesh,,28.232689994718204,95.49452581371891,,,,,,,,Point
NEG_AR_0413,0,negative,GADM_spatial_negative_candidate,,,AR,ArunachalPradesh,,27.20241143567367,93.59520434176414,,,,,,,,Point
NEG_AR_0414,0,negative,GADM_spatial_negative_candidate,,,AR,ArunachalPradesh,,28.79632831387593,96.26934414307514,,,,,,,,Point
NEG_AR_0415,0,negative,GADM_spatial_negative_candidate,,,AR,ArunachalPradesh,,28.22593835490423,96.5006799089382,,,,,,,,Point
NEG_AR_0416,0,negative,GADM_spatial_negative_candidate,,,AR,ArunachalPradesh,,28.15791585374594,93.7388292611669,,,,,,,,Point
NEG_AR_0417,0,negative,GADM_spatial_negative_candidate,,,AR,ArunachalPradesh,,27.812525573126145,93.32007947276236,,,,,,,,Point
NEG_AR_0418,0,negative,GADM_spatial_negative_candidate,,,AR,ArunachalPradesh,,29.28013900274905,94.6286469767864,,,,,,,,Point
NEG_AR_0419,0,negative,GADM_spatial_negative_candidate,,,AR,ArunachalPradesh,,27.617196194581833,96.22498020500349,,,,,,,,Point
NEG_AR_0420,0,negative,GADM_spatial_negative_candidate,,,AR,ArunachalPradesh,,28.231427174912046,95.35652438423519,,,,,,,,Point
NEG_AR_0421,0,negative,GADM_spatial_negative_candidate,,,AR,ArunachalPradesh,,28.740453376763828,94.7311165843507,,,,,,,,Point
NEG_AR_0422,0,negative,GADM_spatial_negative_candidate,,,AR,ArunachalPradesh,,27.29868231518913,96.28454020626062,,,,,,,,Point
NEG_AR_0423,0,negative,GADM_spatial_negative_candidate,,,AR,ArunachalPradesh,,28.224722454468196,93.89292263079511,,,,,,,,Point
NEG_AR_0424,0,negative,GADM_spatial_negative_candidate,,,AR,ArunachalPradesh,,28.42213146793155,96.2630451417895,,,,,,,,Point
NEG_AR_0425,0,negative,GADM_spatial_negative_candidate,,,AR,ArunachalPradesh,,27.783311875203104,93.80226298303364,,,,,,,,Point
NEG_AR_0426,0,negative,GADM_spatial_negative_candidate,,,AR,ArunachalPradesh,,28.667674666826244,96.32779396000257,,,,,,,,Point
NEG_AR_0427,0,negative,GADM_spatial_negative_candidate,,,AR,ArunachalPradesh,,27.626236278806992,96.23483940760777,,,,,,,,Point
NEG_AR_0428,0,negative,GADM_spatial_negative_candidate,,,AR,ArunachalPradesh,,27.283249512830217,92.84462371131167,,,,,,,,Point
NEG_AR_0429,0,negative,GADM_spatial_negative_candidate,,,AR,ArunachalPradesh,,27.285319994523967,93.18149822170585,,,,,,,,Point
NEG_AR_0430,0,negative,GADM_spatial_negative_candidate,,,AR,ArunachalPradesh,,27.492816167178873,95.9855401331954,,,,,,,,Point
NEG_AR_0431,0,negative,GADM_spatial_negative_candidate,,,AR,ArunachalPradesh,,28.268999113452214,96.20653539478863,,,,,,,,Point
NEG_AR_0432,0,negative,GADM_spatial_negative_candidate,,,AR,ArunachalPradesh,,27.919530061480387,92.9154086405413,,,,,,,,Point
NEG_AR_0433,0,negative,GADM_spatial_negative_candidate,,,AR,ArunachalPradesh,,27.922959575062382,93.25211429626904,,,,,,,,Point
NEG_AR_0434,0,negative,GADM_spatial_negative_candidate,,,AR,ArunachalPradesh,,28.3850197031909,95.42130855160852,,,,,,,,Point
NEG_AR_0435,0,negative,GADM_spatial_negative_candidate,,,AR,ArunachalPradesh,,27.328940086106016,93.70607231515199,,,,,,,,Point
NEG_AR_0436,0,negative,GADM_spatial_negative_candidate,,,AR,ArunachalPradesh,,28.546915572415983,94.35086516332261,,,,,,,,Point
NEG_AR_0437,0,negative,GADM_spatial_negative_candidate,,,AR,ArunachalPradesh,,28.383596804621103,93.52480526061612,,,,,,,,Point
NEG_AR_0438,0,negative,GADM_spatial_negative_candidate,,,AR,ArunachalPradesh,,28.964506920765555,94.37076027487886,,,,,,,,Point
NEG_AR_0439,0,negative,GADM_spatial_negative_candidate,,,AR,ArunachalPradesh,,26.68105841123776,95.32828942918961,,,,,,,,Point
NEG_AR_0440,0,negative,GADM_spatial_negative_candidate,,,AR,ArunachalPradesh,,28.480690243006556,93.4326992931738,,,,,,,,Point
NEG_AR_0441,0,negative,GADM_spatial_negative_candidate,,,AR,ArunachalPradesh,,27.44063583257574,92.74981273707671,,,,,,,,Point
NEG_AR_0442,0,negative,GADM_spatial_negative_candidate,,,AR,ArunachalPradesh,,28.1889897627619,95.06429745650597,,,,,,,,Point
NEG_AR_0443,0,negative,GADM_spatial_negative_candidate,,,AR,ArunachalPradesh,,27.1728042608827,93.45229910427207,,,,,,,,Point
NEG_AR_0444,0,negative,GADM_spatial_negative_candidate,,,AR,ArunachalPradesh,,27.89226600247953,94.75784361886174,,,,,,,,Point
NEG_AR_0445,0,negative,GADM_spatial_negative_candidate,,,AR,ArunachalPradesh,,27.97297273651682,92.96180436368496,,,,,,,,Point
NEG_AR_0446,0,negative,GADM_spatial_negative_candidate,,,AR,ArunachalPradesh,,27.622096085798255,93.18852946715187,,,,,,,,Point
NEG_AR_0447,0,negative,GADM_spatial_negative_candidate,,,AR,ArunachalPradesh,,28.628907556606293,95.29662565272533,,,,,,,,Point
NEG_AR_0448,0,negative,GADM_spatial_negative_candidate,,,AR,ArunachalPradesh,,27.838357399935884,94.23651194938509,,,,,,,,Point
NEG_AR_0449,0,negative,GADM_spatial_negative_candidate,,,AR,ArunachalPradesh,,27.564571271383144,96.02783860655724,,,,,,,,Point
NEG_AR_0450,0,negative,GADM_spatial_negative_candidate,,,AR,ArunachalPradesh,,27.994462097920543,96.58733752829318,,,,,,,,Point
NEG_AR_0451,0,negative,GADM_spatial_negative_candidate,,,AR,ArunachalPradesh,,28.696252017305312,95.28919098222707,,,,,,,,Point
NEG_AR_0452,0,negative,GADM_spatial_negative_candidate,,,AR,ArunachalPradesh,,28.093713224681267,95.25514207026532,,,,,,,,Point
NEG_AR_0453,0,negative,GADM_spatial_negative_candidate,,,AR,ArunachalPradesh,,29.32364552220148,95.7750826685892,,,,,,,,Point
NEG_AR_0454,0,negative,GADM_spatial_negative_candidate,,,AR,ArunachalPradesh,,28.288392412765848,95.7189485159956,,,,,,,,Point
NEG_AR_0455,0,negative,GADM_spatial_negative_candidate,,,AR,ArunachalPradesh,,28.472374510418334,94.5275942871087,,,,,,,,Point
NEG_AR_0456,0,negative,GADM_spatial_negative_candidate,,,AR,ArunachalPradesh,,27.009352302889305,92.12031535096554,,,,,,,,Point
NEG_AR_0457,0,negative,GADM_spatial_negative_candidate,,,AR,ArunachalPradesh,,28.1483642366033,93.61852917246091,,,,,,,,Point
NEG_AR_0458,0,negative,GADM_spatial_negative_candidate,,,AR,ArunachalPradesh,,28.082045229796208,96.5851652187149,,,,,,,,Point
NEG_AR_0459,0,negative,GADM_spatial_negative_candidate,,,AR,ArunachalPradesh,,28.398238960889906,95.98016111421909,,,,,,,,Point
NEG_AR_0460,0,negative,GADM_spatial_negative_candidate,,,AR,ArunachalPradesh,,27.995320257135457,96.42783326043784,,,,,,,,Point
NEG_AR_0461,0,negative,GADM_spatial_negative_candidate,,,AR,ArunachalPradesh,,27.978431033172185,93.18250808495863,,,,,,,,Point
NEG_AR_0462,0,negative,GADM_spatial_negative_candidate,,,AR,ArunachalPradesh,,27.891564754705144,94.88227975290576,,,,,,,,Point
NEG_AR_0463,0,negative,GADM_spatial_negative_candidate,,,AR,ArunachalPradesh,,27.891754104714142,92.91831366602683,,,,,,,,Point
NEG_AR_0464,0,negative,GADM_spatial_negative_candidate,,,AR,ArunachalPradesh,,28.815905538063916,95.72822939720349,,,,,,,,Point
NEG_AR_0465,0,negative,GADM_spatial_negative_candidate,,,AR,ArunachalPradesh,,28.450435753495412,96.08588578883254,,,,,,,,Point
NEG_AR_0466,0,negative,GADM_spatial_negative_candidate,,,AR,ArunachalPradesh,,28.78788473978136,95.75196621595502,,,,,,,,Point
NEG_AR_0467,0,negative,GADM_spatial_negative_candidate,,,AR,ArunachalPradesh,,28.4295772007155,94.06568497873837,,,,,,,,Point
NEG_AR_0468,0,negative,GADM_spatial_negative_candidate,,,AR,ArunachalPradesh,,28.588280818693214,94.46226400912079,,,,,,,,Point
NEG_AR_0469,0,negative,GADM_spatial_negative_candidate,,,AR,ArunachalPradesh,,27.247014813978083,92.6183016039579,,,,,,,,Point
NEG_AR_0470,0,negative,GADM_spatial_negative_candidate,,,AR,ArunachalPradesh,,28.05540785485482,95.36812939426189,,,,,,,,Point
NEG_AR_0471,0,negative,GADM_spatial_negative_candidate,,,AR,ArunachalPradesh,,27.38489139105889,92.10950799654364,,,,,,,,Point
NEG_AR_0472,0,negative,GADM_spatial_negative_candidate,,,AR,ArunachalPradesh,,28.38763637100056,94.23872779091103,,,,,,,,Point
NEG_AR_0473,0,negative,GADM_spatial_negative_candidate,,,AR,ArunachalPradesh,,28.07363322357284,96.6207462816482,,,,,,,,Point
NEG_AR_0474,0,negative,GADM_spatial_negative_candidate,,,AR,ArunachalPradesh,,26.91992102156569,95.74973503107624,,,,,,,,Point
NEG_AR_0475,0,negative,GADM_spatial_negative_candidate,,,AR,ArunachalPradesh,,28.3016194845921,94.71204853858542,,,,,,,,Point
NEG_AR_0476,0,negative,GADM_spatial_negative_candidate,,,AR,ArunachalPradesh,,27.328933766149206,92.76013212200999,,,,,,,,Point
NEG_AR_0477,0,negative,GADM_spatial_negative_candidate,,,AR,ArunachalPradesh,,28.107245495168645,95.41383506809501,,,,,,,,Point
NEG_AR_0478,0,negative,GADM_spatial_negative_candidate,,,AR,ArunachalPradesh,,28.14632120395231,96.6304598148244,,,,,,,,Point
NEG_AR_0479,0,negative,GADM_spatial_negative_candidate,,,AR,ArunachalPradesh,,29.105368981193227,94.47820016014519,,,,,,,,Point
NEG_AR_0480,0,negative,GADM_spatial_negative_candidate,,,AR,ArunachalPradesh,,28.064818736668695,94.93533554595803,,,,,,,,Point
NEG_AR_0481,0,negative,GADM_spatial_negative_candidate,,,AR,ArunachalPradesh,,28.51771841827072,93.7658380290476,,,,,,,,Point
NEG_AR_0482,0,negative,GADM_spatial_negative_candidate,,,AR,ArunachalPradesh,,27.700629696552408,91.9209195912508,,,,,,,,Point
NEG_AR_0483,0,negative,GADM_spatial_negative_candidate,,,AR,ArunachalPradesh,,28.986589008825803,96.32913736630827,,,,,,,,Point
NEG_AR_0484,0,negative,GADM_spatial_negative_candidate,,,AR,ArunachalPradesh,,27.862803134360007,95.90245777338642,,,,,,,,Point
NEG_AR_0485,0,negative,GADM_spatial_negative_candidate,,,AR,ArunachalPradesh,,28.941627017811253,94.53013776975979,,,,,,,,Point
NEG_AR_0486,0,negative,GADM_spatial_negative_candidate,,,AR,ArunachalPradesh,,28.008471073583458,95.43357043818386,,,,,,,,Point
NEG_AR_0487,0,negative,GADM_spatial_negative_candidate,,,AR,ArunachalPradesh,,26.982961164533318,93.30787201995304,,,,,,,,Point
NEG_AR_0488,0,negative,GADM_spatial_negative_candidate,,,AR,ArunachalPradesh,,28.85028843215011,95.37690633131203,,,,,,,,Point
NEG_AR_0489,0,negative,GADM_spatial_negative_candidate,,,AR,ArunachalPradesh,,28.075865975697486,93.81497472938145,,,,,,,,Point
NEG_AR_0490,0,negative,GADM_spatial_negative_candidate,,,AR,ArunachalPradesh,,27.0478511709098,92.14559182485749,,,,,,,,Point
NEG_AR_0491,0,negative,GADM_spatial_negative_candidate,,,AR,ArunachalPradesh,,28.011520046361575,94.40929035153847,,,,,,,,Point
NEG_AR_0492,0,negative,GADM_spatial_negative_candidate,,,AR,ArunachalPradesh,,28.921239906612925,95.97782946002263,,,,,,,,Point
NEG_AR_0493,0,negative,GADM_spatial_negative_candidate,,,AR,ArunachalPradesh,,28.062744501739047,95.01854042061551,,,,,,,,Point
NEG_AR_0494,0,negative,GADM_spatial_negative_candidate,,,AR,ArunachalPradesh,,28.090829277970798,93.07678031826636,,,,,,,,Point
NEG_AR_0495,0,negative,GADM_spatial_negative_candidate,,,AR,ArunachalPradesh,,28.280288121023922,96.68586620094057,,,,,,,,Point
NEG_AR_0496,0,negative,GADM_spatial_negative_candidate,,,AR,ArunachalPradesh,,29.2838829157712,96.18017380170122,,,,,,,,Point
NEG_AR_0497,0,negative,GADM_spatial_negative_candidate,,,AR,ArunachalPradesh,,27.772409623083263,96.03334188970996,,,,,,,,Point
NEG_AR_0498,0,negative,GADM_spatial_negative_candidate,,,AR,ArunachalPradesh,,28.127231158527117,95.62599097553354,,,,,,,,Point
NEG_AR_0499,0,negative,GADM_spatial_negative_candidate,,,AR,ArunachalPradesh,,27.969534011259515,93.95690806928162,,,,,,,,Point
NEG_AR_0500,0,negative,GADM_spatial_negative_candidate,,,AR,ArunachalPradesh,,28.8683396505158,95.7083810560156,,,,,,,,Point
NEG_AR_0501,0,negative,GADM_spatial_negative_candidate,,,AR,ArunachalPradesh,,28.159618469949322,94.27087566862768,,,,,,,,Point
NEG_AR_0502,0,negative,GADM_spatial_negative_candidate,,,AR,ArunachalPradesh,,28.096419866914648,92.6850996550591,,,,,,,,Point
NEG_AR_0503,0,negative,GADM_spatial_negative_candidate,,,AR,ArunachalPradesh,,28.134049284455834,96.53471488750799,,,,,,,,Point
NEG_AR_0504,0,negative,GADM_spatial_negative_candidate,,,AR,ArunachalPradesh,,28.71727550784043,94.33328246191053,,,,,,,,Point
NEG_AR_0505,0,negative,GADM_spatial_negative_candidate,,,AR,ArunachalPradesh,,28.34130332523924,97.08712885789168,,,,,,,,Point
NEG_AR_0506,0,negative,GADM_spatial_negative_candidate,,,AR,ArunachalPradesh,,27.497992576333214,92.94660029469136,,,,,,,,Point
NEG_AR_0507,0,negative,GADM_spatial_negative_candidate,,,AR,ArunachalPradesh,,28.493722185673203,95.26836506671778,,,,,,,,Point
NEG_AR_0508,0,negative,GADM_spatial_negative_candidate,,,AR,ArunachalPradesh,,27.098044893368936,92.96580493649024,,,,,,,,Point
NEG_AR_0509,0,negative,GADM_spatial_negative_candidate,,,AR,ArunachalPradesh,,27.895369256552172,93.80203292775178,,,,,,,,Point
NEG_AR_0510,0,negative,GADM_spatial_negative_candidate,,,AR,ArunachalPradesh,,27.93028522404861,94.86648195293382,,,,,,,,Point
NEG_AR_0511,0,negative,GADM_spatial_negative_candidate,,,AR,ArunachalPradesh,,28.366714148235005,95.09107278817439,,,,,,,,Point
NEG_AR_0512,0,negative,GADM_spatial_negative_candidate,,,AR,ArunachalPradesh,,27.528104778670436,93.43354800932774,,,,,,,,Point
NEG_AR_0513,0,negative,GADM_spatial_negative_candidate,,,AR,ArunachalPradesh,,29.031948712928937,95.37566528810946,,,,,,,,Point
NEG_AR_0514,0,negative,GADM_spatial_negative_candidate,,,AR,ArunachalPradesh,,27.621190314263465,93.97211487901401,,,,,,,,Point
NEG_AR_0515,0,negative,GADM_spatial_negative_candidate,,,AR,ArunachalPradesh,,26.95489517051092,95.58611008318941,,,,,,,,Point
NEG_AR_0516,0,negative,GADM_spatial_negative_candidate,,,AR,ArunachalPradesh,,27.933113660132776,96.17955764884414,,,,,,,,Point
NEG_AR_0517,0,negative,GADM_spatial_negative_candidate,,,AR,ArunachalPradesh,,27.809786385795558,93.03919701549802,,,,,,,,Point
NEG_AR_0518,0,negative,GADM_spatial_negative_candidate,,,AR,ArunachalPradesh,,28.638267819102083,93.39472318182845,,,,,,,,Point
NEG_AR_0519,0,negative,GADM_spatial_negative_candidate,,,AR,ArunachalPradesh,,27.5063229874209,96.62311522932345,,,,,,,,Point
NEG_AR_0520,0,negative,GADM_spatial_negative_candidate,,,AR,ArunachalPradesh,,28.33411575005417,94.25728057143675,,,,,,,,Point
NEG_AR_0521,0,negative,GADM_spatial_negative_candidate,,,AR,ArunachalPradesh,,29.180043376688563,95.82358026152757,,,,,,,,Point
NEG_AR_0522,0,negative,GADM_spatial_negative_candidate,,,AR,ArunachalPradesh,,27.881768702971552,96.12334735166807,,,,,,,,Point
NEG_AR_0523,0,negative,GADM_spatial_negative_candidate,,,AR,ArunachalPradesh,,29.104818724585613,95.710919820041,,,,,,,,Point
NEG_AR_0524,0,negative,GADM_spatial_negative_candidate,,,AR,ArunachalPradesh,,27.467786827918754,96.52501331158778,,,,,,,,Point
NEG_AR_0525,0,negative,GADM_spatial_negative_candidate,,,AR,ArunachalPradesh,,27.51784347461617,92.6759409259431,,,,,,,,Point
NEG_AR_0526,0,negative,GADM_spatial_negative_candidate,,,AR,ArunachalPradesh,,28.882252500118696,95.08804852270745,,,,,,,,Point
NEG_AR_0527,0,negative,GADM_spatial_negative_candidate,,,AR,ArunachalPradesh,,27.453977508744458,93.10088199156415,,,,,,,,Point
NEG_AR_0528,0,negative,GADM_spatial_negative_candidate,,,AR,ArunachalPradesh,,28.41705808503386,94.65158595391513,,,,,,,,Point
NEG_AR_0529,0,negative,GADM_spatial_negative_candidate,,,AR,ArunachalPradesh,,28.57081400368553,96.17815090553933,,,,,,,,Point
NEG_AR_0530,0,negative,GADM_spatial_negative_candidate,,,AR,ArunachalPradesh,,28.405481019183686,93.64901146233568,,,,,,,,Point
NEG_AR_0531,0,negative,GADM_spatial_negative_candidate,,,AR,ArunachalPradesh,,27.99124990901752,96.43235238592145,,,,,,,,Point
NEG_AR_0532,0,negative,GADM_spatial_negative_candidate,,,AR,ArunachalPradesh,,26.874863856399333,95.3410688813749,,,,,,,,Point
NEG_AR_0533,0,negative,GADM_spatial_negative_candidate,,,AR,ArunachalPradesh,,27.626825082848352,96.30223068360473,,,,,,,,Point
NEG_AR_0534,0,negative,GADM_spatial_negative_candidate,,,AR,ArunachalPradesh,,27.604486771923458,92.3059874095718,,,,,,,,Point
NEG_AR_0535,0,negative,GADM_spatial_negative_candidate,,,AR,ArunachalPradesh,,27.23373781122689,93.01873199167522,,,,,,,,Point
NEG_AR_0536,0,negative,GADM_spatial_negative_candidate,,,AR,ArunachalPradesh,,28.646919513001134,95.40354303909793,,,,,,,,Point
NEG_AR_0537,0,negative,GADM_spatial_negative_candidate,,,AR,ArunachalPradesh,,28.04295644412582,96.29972224295071,,,,,,,,Point
NEG_AR_0538,0,negative,GADM_spatial_negative_candidate,,,AR,ArunachalPradesh,,27.93252903620337,95.2076627215817,,,,,,,,Point
NEG_AR_0539,0,negative,GADM_spatial_negative_candidate,,,AR,ArunachalPradesh,,28.01152531296662,95.96315020017146,,,,,,,,Point
NEG_AR_0540,0,negative,GADM_spatial_negative_candidate,,,AR,ArunachalPradesh,,27.319595180009696,93.2338472923227,,,,,,,,Point
NEG_AR_0541,0,negative,GADM_spatial_negative_candidate,,,AR,ArunachalPradesh,,28.976390457623673,95.42018487376974,,,,,,,,Point
NEG_AR_0542,0,negative,GADM_spatial_negative_candidate,,,AR,ArunachalPradesh,,27.866767941229565,93.76342527568939,,,,,,,,Point
NEG_AR_0543,0,negative,GADM_spatial_negative_candidate,,,AR,ArunachalPradesh,,28.84525190708021,95.04296904710722,,,,,,,,Point
NEG_AR_0544,0,negative,GADM_spatial_negative_candidate,,,AR,ArunachalPradesh,,27.817863125260644,94.02977395948257,,,,,,,,Point
NEG_AR_0545,0,negative,GADM_spatial_negative_candidate,,,AR,ArunachalPradesh,,28.267957404269115,97.21944881678544,,,,,,,,Point
NEG_AR_0546,0,negative,GADM_spatial_negative_candidate,,,AR,ArunachalPradesh,,28.35799922071361,94.73574713691742,,,,,,,,Point
NEG_AR_0547,0,negative,GADM_spatial_negative_candidate,,,AR,ArunachalPradesh,,28.0245374857317,96.082050310457,,,,,,,,Point
NEG_AR_0548,0,negative,GADM_spatial_negative_candidate,,,AR,ArunachalPradesh,,27.954630966789995,94.54829819570482,,,,,,,,Point
NEG_AR_0549,0,negative,GADM_spatial_negative_candidate,,,AR,ArunachalPradesh,,27.699970461521023,95.82559030894835,,,,,,,,Point
NEG_AR_0550,0,negative,GADM_spatial_negative_candidate,,,AR,ArunachalPradesh,,28.255812183178712,96.6762866962077,,,,,,,,Point
NEG_AR_0551,0,negative,GADM_spatial_negative_candidate,,,AR,ArunachalPradesh,,28.205381036418053,95.84128950741292,,,,,,,,Point
NEG_AR_0552,0,negative,GADM_spatial_negative_candidate,,,AR,ArunachalPradesh,,28.267341835555882,96.34253911928832,,,,,,,,Point
NEG_AR_0553,0,negative,GADM_spatial_negative_candidate,,,AR,ArunachalPradesh,,28.488896980670155,95.68908715381468,,,,,,,,Point
NEG_AR_0554,0,negative,GADM_spatial_negative_candidate,,,AR,ArunachalPradesh,,27.504614645708816,95.9352878356074,,,,,,,,Point
NEG_AR_0555,0,negative,GADM_spatial_negative_candidate,,,AR,ArunachalPradesh,,28.913675956461823,95.2676123999044,,,,,,,,Point
NEG_AR_0556,0,negative,GADM_spatial_negative_candidate,,,AR,ArunachalPradesh,,27.121346631661716,92.20993126883543,,,,,,,,Point
NEG_AR_0557,0,negative,GADM_spatial_negative_candidate,,,AR,ArunachalPradesh,,27.881283087701,92.98161566760898,,,,,,,,Point
NEG_AR_0558,0,negative,GADM_spatial_negative_candidate,,,AR,ArunachalPradesh,,28.690339189324465,94.28939921895675,,,,,,,,Point
NEG_AR_0559,0,negative,GADM_spatial_negative_candidate,,,AR,ArunachalPradesh,,27.904959211387226,94.09705602096899,,,,,,,,Point
NEG_AR_0560,0,negative,GADM_spatial_negative_candidate,,,AR,ArunachalPradesh,,27.87208682682137,92.6408761444263,,,,,,,,Point
NEG_AR_0561,0,negative,GADM_spatial_negative_candidate,,,AR,ArunachalPradesh,,28.178761557205306,97.1472338304595,,,,,,,,Point
NEG_AR_0562,0,negative,GADM_spatial_negative_candidate,,,AR,ArunachalPradesh,,26.98042831031917,92.93111207465478,,,,,,,,Point
NEG_AR_0563,0,negative,GADM_spatial_negative_candidate,,,AR,ArunachalPradesh,,28.080437696360566,95.68237760502645,,,,,,,,Point
NEG_AR_0564,0,negative,GADM_spatial_negative_candidate,,,AR,ArunachalPradesh,,28.225199759373545,93.17307827541735,,,,,,,,Point
NEG_AR_0565,0,negative,GADM_spatial_negative_candidate,,,AR,ArunachalPradesh,,27.219988364691783,95.5341691655925,,,,,,,,Point
NEG_AR_0566,0,negative,GADM_spatial_negative_candidate,,,AR,ArunachalPradesh,,27.734073644185496,96.26013784220122,,,,,,,,Point
NEG_AR_0567,0,negative,GADM_spatial_negative_candidate,,,AR,ArunachalPradesh,,27.47437127532288,95.93289598864585,,,,,,,,Point
NEG_AR_0568,0,negative,GADM_spatial_negative_candidate,,,AR,ArunachalPradesh,,28.401147789202586,93.26150950707496,,,,,,,,Point
NEG_AR_0569,0,negative,GADM_spatial_negative_candidate,,,AR,ArunachalPradesh,,27.81754673170737,94.72269861293634,,,,,,,,Point
NEG_AR_0570,0,negative,GADM_spatial_negative_candidate,,,AR,ArunachalPradesh,,28.796323206309584,94.89558363509818,,,,,,,,Point
NEG_AR_0571,0,negative,GADM_spatial_negative_candidate,,,AR,ArunachalPradesh,,29.271186862234185,94.70054709039594,,,,,,,,Point
NEG_AR_0572,0,negative,GADM_spatial_negative_candidate,,,AR,ArunachalPradesh,,27.647909587953745,93.01931599254284,,,,,,,,Point
NEG_AR_0573,0,negative,GADM_spatial_negative_candidate,,,AR,ArunachalPradesh,,27.287213089306157,92.71489944800274,,,,,,,,Point
NEG_AR_0574,0,negative,GADM_spatial_negative_candidate,,,AR,ArunachalPradesh,,28.401579852196104,93.73999113067237,,,,,,,,Point
NEG_AR_0575,0,negative,GADM_spatial_negative_candidate,,,AR,ArunachalPradesh,,28.458914876066547,93.24690747732154,,,,,,,,Point
NEG_AR_0576,0,negative,GADM_spatial_negative_candidate,,,AR,ArunachalPradesh,,28.332367856382046,95.79955168693064,,,,,,,,Point
NEG_AR_0577,0,negative,GADM_spatial_negative_candidate,,,AR,ArunachalPradesh,,27.642814077530325,92.06564661692987,,,,,,,,Point
NEG_AR_0578,0,negative,GADM_spatial_negative_candidate,,,AR,ArunachalPradesh,,28.304129810048654,96.28543241353051,,,,,,,,Point
NEG_AR_0579,0,negative,GADM_spatial_negative_candidate,,,AR,ArunachalPradesh,,28.39857198100321,95.16748302563147,,,,,,,,Point
NEG_AR_0580,0,negative,GADM_spatial_negative_candidate,,,AR,ArunachalPradesh,,27.66133238498944,93.98460025747158,,,,,,,,Point
NEG_AR_0581,0,negative,GADM_spatial_negative_candidate,,,AR,ArunachalPradesh,,28.007447825048835,95.24813667283749,,,,,,,,Point
NEG_AR_0582,0,negative,GADM_spatial_negative_candidate,,,AR,ArunachalPradesh,,27.101522609607596,92.03297645587759,,,,,,,,Point
NEG_AR_0583,0,negative,GADM_spatial_negative_candidate,,,AR,ArunachalPradesh,,27.607261400780427,94.41556256677676,,,,,,,,Point
NEG_AR_0584,0,negative,GADM_spatial_negative_candidate,,,AR,ArunachalPradesh,,28.926028114792075,95.397084390909,,,,,,,,Point
NEG_AR_0585,0,negative,GADM_spatial_negative_candidate,,,AR,ArunachalPradesh,,27.879697436038875,95.93687326393197,,,,,,,,Point
NEG_AR_0586,0,negative,GADM_spatial_negative_candidate,,,AR,ArunachalPradesh,,27.674651719204952,92.99334427715617,,,,,,,,Point
NEG_AR_0587,0,negative,GADM_spatial_negative_candidate,,,AR,ArunachalPradesh,,27.995528827785407,97.29636140830192,,,,,,,,Point
NEG_AR_0588,0,negative,GADM_spatial_negative_candidate,,,AR,ArunachalPradesh,,28.453137231426293,94.51579010049399,,,,,,,,Point
NEG_AR_0589,0,negative,GADM_spatial_negative_candidate,,,AR,ArunachalPradesh,,26.723799321060223,95.35053495155256,,,,,,,,Point
NEG_AR_0590,0,negative,GADM_spatial_negative_candidate,,,AR,ArunachalPradesh,,27.938018662123973,95.13349246625333,,,,,,,,Point
NEG_AR_0591,0,negative,GADM_spatial_negative_candidate,,,AR,ArunachalPradesh,,27.320237110044697,93.31762717100081,,,,,,,,Point
NEG_AR_0592,0,negative,GADM_spatial_negative_candidate,,,AR,ArunachalPradesh,,28.376406442887205,96.76486761742204,,,,,,,,Point
NEG_AR_0593,0,negative,GADM_spatial_negative_candidate,,,AR,ArunachalPradesh,,28.66227431268414,94.31282682805592,,,,,,,,Point
NEG_AR_0594,0,negative,GADM_spatial_negative_candidate,,,AR,ArunachalPradesh,,28.04082925574949,95.57724497823399,,,,,,,,Point
NEG_AR_0595,0,negative,GADM_spatial_negative_candidate,,,AR,ArunachalPradesh,,28.87584779350385,94.50220984507052,,,,,,,,Point
NEG_AR_0596,0,negative,GADM_spatial_negative_candidate,,,AR,ArunachalPradesh,,26.792098190745865,95.24832982928264,,,,,,,,Point
NEG_AR_0597,0,negative,GADM_spatial_negative_candidate,,,AR,ArunachalPradesh,,27.052779349809366,92.66969521960661,,,,,,,,Point
NEG_AR_0598,0,negative,GADM_spatial_negative_candidate,,,AR,ArunachalPradesh,,28.426361243209893,93.4577256777472,,,,,,,,Point
NEG_AR_0599,0,negative,GADM_spatial_negative_candidate,,,AR,ArunachalPradesh,,29.00677017140744,94.22446360795226,,,,,,,,Point
NEG_AR_0600,0,negative,GADM_spatial_negative_candidate,,,AR,ArunachalPradesh,,28.736201715478128,94.80229625604215,,,,,,,,Point
NEG_AR_0601,0,negative,GADM_spatial_negative_candidate,,,AR,ArunachalPradesh,,29.299924481357316,95.93034919378188,,,,,,,,Point
NEG_AR_0602,0,negative,GADM_spatial_negative_candidate,,,AR,ArunachalPradesh,,27.792946603529625,92.44056485721028,,,,,,,,Point
NEG_AR_0603,0,negative,GADM_spatial_negative_candidate,,,AR,ArunachalPradesh,,27.111214420657614,92.9697010701041,,,,,,,,Point
NEG_AR_0604,0,negative,GADM_spatial_negative_candidate,,,AR,ArunachalPradesh,,28.946718198964614,94.9864621615462,,,,,,,,Point
NEG_AR_0605,0,negative,GADM_spatial_negative_candidate,,,AR,ArunachalPradesh,,28.972782397107903,95.94843740442568,,,,,,,,Point
NEG_AR_0606,0,negative,GADM_spatial_negative_candidate,,,AR,ArunachalPradesh,,28.254984039400735,95.85885968303754,,,,,,,,Point
NEG_AR_0607,0,negative,GADM_spatial_negative_candidate,,,AR,ArunachalPradesh,,28.197760157970187,97.18310392930718,,,,,,,,Point
NEG_AR_0608,0,negative,GADM_spatial_negative_candidate,,,AR,ArunachalPradesh,,29.265189750834416,96.07893259987539,,,,,,,,Point
NEG_AR_0609,0,negative,GADM_spatial_negative_candidate,,,AR,ArunachalPradesh,,27.873968843170246,94.56816090760134,,,,,,,,Point
NEG_AR_0610,0,negative,GADM_spatial_negative_candidate,,,AR,ArunachalPradesh,,27.731651662849696,93.92479145226793,,,,,,,,Point
NEG_AR_0611,0,negative,GADM_spatial_negative_candidate,,,AR,ArunachalPradesh,,28.958751931073625,94.78363875874909,,,,,,,,Point
NEG_AR_0612,0,negative,GADM_spatial_negative_candidate,,,AR,ArunachalPradesh,,27.57532965179306,91.75176435048337,,,,,,,,Point
NEG_AR_0613,0,negative,GADM_spatial_negative_candidate,,,AR,ArunachalPradesh,,27.17972821365715,93.14337151083423,,,,,,,,Point
NEG_AR_0614,0,negative,GADM_spatial_negative_candidate,,,AR,ArunachalPradesh,,28.09752967555909,96.30178625809461,,,,,,,,Point
NEG_AR_0615,0,negative,GADM_spatial_negative_candidate,,,AR,ArunachalPradesh,,28.32715612373311,95.94069002067378,,,,,,,,Point
NEG_AR_0616,0,negative,GADM_spatial_negative_candidate,,,AR,ArunachalPradesh,,27.858073368459582,93.24274265350151,,,,,,,,Point
NEG_AR_0617,0,negative,GADM_spatial_negative_candidate,,,AR,ArunachalPradesh,,28.451996221776724,94.72943635230601,,,,,,,,Point
NEG_AR_0618,0,negative,GADM_spatial_negative_candidate,,,AR,ArunachalPradesh,,27.62656908578513,96.32128593800078,,,,,,,,Point
NEG_AR_0619,0,negative,GADM_spatial_negative_candidate,,,AR,ArunachalPradesh,,27.68424844605243,96.47966115113636,,,,,,,,Point
NEG_AR_0620,0,negative,GADM_spatial_negative_candidate,,,AR,ArunachalPradesh,,27.85097997265993,93.38045746012837,,,,,,,,Point
NEG_AR_0621,0,negative,GADM_spatial_negative_candidate,,,AR,ArunachalPradesh,,27.46507928234703,96.83684894132297,,,,,,,,Point
NEG_AR_0622,0,negative,GADM_spatial_negative_candidate,,,AR,ArunachalPradesh,,29.16689145579117,96.15300471907366,,,,,,,,Point
NEG_AR_0623,0,negative,GADM_spatial_negative_candidate,,,AR,ArunachalPradesh,,29.021110409502064,95.02877195320099,,,,,,,,Point
NEG_AR_0624,0,negative,GADM_spatial_negative_candidate,,,AR,ArunachalPradesh,,27.861669000699045,93.64661574810827,,,,,,,,Point
NEG_AR_0625,0,negative,GADM_spatial_negative_candidate,,,AR,ArunachalPradesh,,27.828467077192098,94.6829785020487,,,,,,,,Point
NEG_AR_0626,0,negative,GADM_spatial_negative_candidate,,,AR,ArunachalPradesh,,27.651271665277633,92.80489787030172,,,,,,,,Point
NEG_AR_0627,0,negative,GADM_spatial_negative_candidate,,,AR,ArunachalPradesh,,28.55751217143597,94.88285995965467,,,,,,,,Point
NEG_AR_0628,0,negative,GADM_spatial_negative_candidate,,,AR,ArunachalPradesh,,28.9017078571647,95.33071069688319,,,,,,,,Point
NEG_AR_0629,0,negative,GADM_spatial_negative_candidate,,,AR,ArunachalPradesh,,28.267638778722034,96.06857125908505,,,,,,,,Point
NEG_AR_0630,0,negative,GADM_spatial_negative_candidate,,,AR,ArunachalPradesh,,28.065307411200422,93.03268117605887,,,,,,,,Point
NEG_AR_0631,0,negative,GADM_spatial_negative_candidate,,,AR,ArunachalPradesh,,28.950556784499888,96.46597611283396,,,,,,,,Point
NEG_AR_0632,0,negative,GADM_spatial_negative_candidate,,,AR,ArunachalPradesh,,28.096125634546684,96.56541066701271,,,,,,,,Point
NEG_AR_0633,0,negative,GADM_spatial_negative_candidate,,,AR,ArunachalPradesh,,28.25724860498221,96.00956801036884,,,,,,,,Point
NEG_AR_0634,0,negative,GADM_spatial_negative_candidate,,,AR,ArunachalPradesh,,28.307522348671913,95.8003380835808,,,,,,,,Point
NEG_AR_0635,0,negative,GADM_spatial_negative_candidate,,,AR,ArunachalPradesh,,27.516246885711883,96.25892580486136,,,,,,,,Point
NEG_AR_0636,0,negative,GADM_spatial_negative_candidate,,,AR,ArunachalPradesh,,27.13636168872201,92.22196906212032,,,,,,,,Point
NEG_AR_0637,0,negative,GADM_spatial_negative_candidate,,,AR,ArunachalPradesh,,27.837040470410184,96.65397867478373,,,,,,,,Point
NEG_AR_0638,0,negative,GADM_spatial_negative_candidate,,,AR,ArunachalPradesh,,27.456769033453103,92.10209719366281,,,,,,,,Point
NEG_AR_0639,0,negative,GADM_spatial_negative_candidate,,,AR,ArunachalPradesh,,28.241453082501,94.6267088048924,,,,,,,,Point
NEG_AR_0640,0,negative,GADM_spatial_negative_candidate,,,AR,ArunachalPradesh,,28.368004129869913,93.76495764154403,,,,,,,,Point
NEG_AR_0641,0,negative,GADM_spatial_negative_candidate,,,AR,ArunachalPradesh,,27.3270257080912,96.37435016422789,,,,,,,,Point
NEG_AR_0642,0,negative,GADM_spatial_negative_candidate,,,AR,ArunachalPradesh,,28.82925395942899,96.1042219153189,,,,,,,,Point
NEG_AR_0643,0,negative,GADM_spatial_negative_candidate,,,AR,ArunachalPradesh,,28.783205815857833,96.29835828268901,,,,,,,,Point
NEG_AR_0644,0,negative,GADM_spatial_negative_candidate,,,AR,ArunachalPradesh,,27.650911712091705,94.60889584606893,,,,,,,,Point
NEG_AR_0645,0,negative,GADM_spatial_negative_candidate,,,AR,ArunachalPradesh,,28.984978928781878,94.80316605460888,,,,,,,,Point
NEG_AR_0646,0,negative,GADM_spatial_negative_candidate,,,AR,ArunachalPradesh,,28.40467190845077,94.7865485983997,,,,,,,,Point
NEG_AR_0647,0,negative,GADM_spatial_negative_candidate,,,AR,ArunachalPradesh,,27.106683221021953,95.91914782689403,,,,,,,,Point
NEG_AR_0648,0,negative,GADM_spatial_negative_candidate,,,AR,ArunachalPradesh,,28.06503900109849,93.6990758402237,,,,,,,,Point
NEG_AR_0649,0,negative,GADM_spatial_negative_candidate,,,AR,ArunachalPradesh,,27.743023925674535,95.88189268786704,,,,,,,,Point
NEG_AR_0650,0,negative,GADM_spatial_negative_candidate,,,AR,ArunachalPradesh,,27.510591873553487,93.1896768902781,,,,,,,,Point
NEG_AR_0651,0,negative,GADM_spatial_negative_candidate,,,AR,ArunachalPradesh,,27.999248650845377,94.23375590148437,,,,,,,,Point
NEG_AR_0652,0,negative,GADM_spatial_negative_candidate,,,AR,ArunachalPradesh,,27.61836394411805,92.23645063860798,,,,,,,,Point
NEG_AR_0653,0,negative,GADM_spatial_negative_candidate,,,AR,ArunachalPradesh,,28.011781866413028,96.05668318571998,,,,,,,,Point
NEG_AR_0654,0,negative,GADM_spatial_negative_candidate,,,AR,ArunachalPradesh,,28.897464227527806,95.7590975746293,,,,,,,,Point
NEG_AR_0655,0,negative,GADM_spatial_negative_candidate,,,AR,ArunachalPradesh,,27.110240565063393,93.02415373332978,,,,,,,,Point
NEG_AR_0656,0,negative,GADM_spatial_negative_candidate,,,AR,ArunachalPradesh,,27.230749423354162,93.76535928342227,,,,,,,,Point
NEG_AR_0657,0,negative,GADM_spatial_negative_candidate,,,AR,ArunachalPradesh,,27.459618359961325,93.23446596191074,,,,,,,,Point
NEG_AR_0658,0,negative,GADM_spatial_negative_candidate,,,AR,ArunachalPradesh,,28.172925167683058,94.69155763857731,,,,,,,,Point
NEG_AR_0659,0,negative,GADM_spatial_negative_candidate,,,AR,ArunachalPradesh,,27.746449289378614,96.89590574950458,,,,,,,,Point
NEG_AR_0660,0,negative,GADM_spatial_negative_candidate,,,AR,ArunachalPradesh,,27.733641243916708,96.71971977662969,,,,,,,,Point
NEG_AR_0661,0,negative,GADM_spatial_negative_candidate,,,AR,ArunachalPradesh,,29.08777722444898,94.2465161723095,,,,,,,,Point
NEG_AR_0662,0,negative,GADM_spatial_negative_candidate,,,AR,ArunachalPradesh,,28.324455256278153,94.82452663758103,,,,,,,,Point
NEG_AR_0663,0,negative,GADM_spatial_negative_candidate,,,AR,ArunachalPradesh,,28.457100157296022,93.48008749997557,,,,,,,,Point
NEG_AR_0664,0,negative,GADM_spatial_negative_candidate,,,AR,ArunachalPradesh,,27.709466447240253,96.60255495257323,,,,,,,,Point
NEG_AR_0665,0,negative,GADM_spatial_negative_candidate,,,AR,ArunachalPradesh,,27.827008947478383,92.68225638496968,,,,,,,,Point
NEG_AR_0666,0,negative,GADM_spatial_negative_candidate,,,AR,ArunachalPradesh,,27.77277558565603,94.70780219561847,,,,,,,,Point
NEG_AR_0667,0,negative,GADM_spatial_negative_candidate,,,AR,ArunachalPradesh,,28.314376886588978,95.99022043291633,,,,,,,,Point
NEG_AR_0668,0,negative,GADM_spatial_negative_candidate,,,AR,ArunachalPradesh,,29.33680890952908,95.91885175844814,,,,,,,,Point
NEG_AR_0669,0,negative,GADM_spatial_negative_candidate,,,AR,ArunachalPradesh,,28.057546448740236,92.89715306278984,,,,,,,,Point
NEG_AR_0670,0,negative,GADM_spatial_negative_candidate,,,AR,ArunachalPradesh,,28.38826250481532,96.66297443527819,,,,,,,,Point
NEG_AR_0671,0,negative,GADM_spatial_negative_candidate,,,AR,ArunachalPradesh,,27.478191314457902,96.87652194881443,,,,,,,,Point
NEG_AR_0672,0,negative,GADM_spatial_negative_candidate,,,AR,ArunachalPradesh,,28.05649271354159,92.78031868513824,,,,,,,,Point
NEG_AR_0673,0,negative,GADM_spatial_negative_candidate,,,AR,ArunachalPradesh,,28.820845827222154,94.02737759591415,,,,,,,,Point
NEG_AR_0674,0,negative,GADM_spatial_negative_candidate,,,AR,ArunachalPradesh,,28.155298190097508,96.14026805358897,,,,,,,,Point
NEG_AR_0675,0,negative,GADM_spatial_negative_candidate,,,AR,ArunachalPradesh,,28.407762898283153,96.04236645599208,,,,,,,,Point
NEG_AR_0676,0,negative,GADM_spatial_negative_candidate,,,AR,ArunachalPradesh,,28.261584563990223,93.5504647750636,,,,,,,,Point
NEG_AR_0677,0,negative,GADM_spatial_negative_candidate,,,AR,ArunachalPradesh,,28.31674362595451,94.5677970200461,,,,,,,,Point
NEG_AR_0678,0,negative,GADM_spatial_negative_candidate,,,AR,ArunachalPradesh,,27.558196383183226,93.47880182474621,,,,,,,,Point
NEG_AR_0679,0,negative,GADM_spatial_negative_candidate,,,AR,ArunachalPradesh,,27.522939992265634,91.75712267589446,,,,,,,,Point
NEG_AR_0680,0,negative,GADM_spatial_negative_candidate,,,AR,ArunachalPradesh,,27.33911143072133,92.96673757806752,,,,,,,,Point
NEG_AR_0681,0,negative,GADM_spatial_negative_candidate,,,AR,ArunachalPradesh,,28.940169258466725,94.9280024555695,,,,,,,,Point
NEG_AR_0682,0,negative,GADM_spatial_negative_candidate,,,AR,ArunachalPradesh,,28.54655549349071,95.9806457614215,,,,,,,,Point
NEG_AR_0683,0,negative,GADM_spatial_negative_candidate,,,AR,ArunachalPradesh,,27.981942528933743,93.94756282909533,,,,,,,,Point
NEG_AR_0684,0,negative,GADM_spatial_negative_candidate,,,AR,ArunachalPradesh,,27.542108016986397,92.94701418322241,,,,,,,,Point
NEG_AR_0685,0,negative,GADM_spatial_negative_candidate,,,AR,ArunachalPradesh,,28.929887552981164,95.79655881027104,,,,,,,,Point
NEG_AR_0686,0,negative,GADM_spatial_negative_candidate,,,AR,ArunachalPradesh,,28.07466887221503,93.99924170364442,,,,,,,,Point
NEG_AR_0687,0,negative,GADM_spatial_negative_candidate,,,AR,ArunachalPradesh,,28.028797368709633,96.03136101743314,,,,,,,,Point
NEG_AR_0688,0,negative,GADM_spatial_negative_candidate,,,AR,ArunachalPradesh,,28.08539734312426,94.48751683111524,,,,,,,,Point
NEG_AR_0689,0,negative,GADM_spatial_negative_candidate,,,AR,ArunachalPradesh,,28.615378230998736,95.56783550593114,,,,,,,,Point
NEG_AR_0690,0,negative,GADM_spatial_negative_candidate,,,AR,ArunachalPradesh,,29.048606623176564,95.23787771040134,,,,,,,,Point
NEG_AR_0691,0,negative,GADM_spatial_negative_candidate,,,AR,ArunachalPradesh,,28.333108006059145,94.53246252253089,,,,,,,,Point
NEG_AR_0692,0,negative,GADM_spatial_negative_candidate,,,AR,ArunachalPradesh,,27.28388353305964,93.23359046526531,,,,,,,,Point
NEG_AR_0693,0,negative,GADM_spatial_negative_candidate,,,AR,ArunachalPradesh,,28.127853158077404,94.12012698750186,,,,,,,,Point
NEG_AR_0694,0,negative,GADM_spatial_negative_candidate,,,AR,ArunachalPradesh,,28.0459166292435,95.2924212620867,,,,,,,,Point
NEG_AR_0695,0,negative,GADM_spatial_negative_candidate,,,AR,ArunachalPradesh,,27.626991580921846,96.26321773132634,,,,,,,,Point
NEG_AR_0696,0,negative,GADM_spatial_negative_candidate,,,AR,ArunachalPradesh,,28.891346525268034,94.66164795421605,,,,,,,,Point
NEG_AR_0697,0,negative,GADM_spatial_negative_candidate,,,AR,ArunachalPradesh,,27.716677583557697,91.82364582363903,,,,,,,,Point
NEG_AR_0698,0,negative,GADM_spatial_negative_candidate,,,AR,ArunachalPradesh,,28.779389074392213,95.73537415412032,,,,,,,,Point
NEG_AR_0699,0,negative,GADM_spatial_negative_candidate,,,AR,ArunachalPradesh,,27.936273161554595,94.55951000525566,,,,,,,,Point
NEG_AR_0700,0,negative,GADM_spatial_negative_candidate,,,AR,ArunachalPradesh,,28.060420003048705,93.4037241279346,,,,,,,,Point
NEG_AR_0701,0,negative,GADM_spatial_negative_candidate,,,AR,ArunachalPradesh,,28.121429592748743,93.96245395718161,,,,,,,,Point
NEG_AR_0702,0,negative,GADM_spatial_negative_candidate,,,AR,ArunachalPradesh,,27.24763103159183,93.69661915012495,,,,,,,,Point
NEG_AR_0703,0,negative,GADM_spatial_negative_candidate,,,AR,ArunachalPradesh,,28.41514901967914,95.45848208778992,,,,,,,,Point
NEG_AR_0704,0,negative,GADM_spatial_negative_candidate,,,AR,ArunachalPradesh,,28.400912676715084,96.64857256338207,,,,,,,,Point
NEG_AR_0705,0,negative,GADM_spatial_negative_candidate,,,AR,ArunachalPradesh,,28.754596504873184,95.48464446278815,,,,,,,,Point
NEG_AR_0706,0,negative,GADM_spatial_negative_candidate,,,AR,ArunachalPradesh,,27.582878906451413,96.43452506779276,,,,,,,,Point
NEG_AR_0707,0,negative,GADM_spatial_negative_candidate,,,AR,ArunachalPradesh,,28.591581982810077,96.08986487590789,,,,,,,,Point
NEG_AR_0708,0,negative,GADM_spatial_negative_candidate,,,AR,ArunachalPradesh,,28.01682385511742,93.99752085909766,,,,,,,,Point
NEG_AR_0709,0,negative,GADM_spatial_negative_candidate,,,AR,ArunachalPradesh,,29.031870313118596,94.35192230979169,,,,,,,,Point
NEG_AR_0710,0,negative,GADM_spatial_negative_candidate,,,AR,ArunachalPradesh,,27.175089314086467,95.57569650328195,,,,,,,,Point
NEG_AR_0711,0,negative,GADM_spatial_negative_candidate,,,AR,ArunachalPradesh,,27.015982646704405,93.26324135731622,,,,,,,,Point
NEG_AR_0712,0,negative,GADM_spatial_negative_candidate,,,AR,ArunachalPradesh,,28.46464945168012,95.54540914823517,,,,,,,,Point
NEG_AR_0713,0,negative,GADM_spatial_negative_candidate,,,AR,ArunachalPradesh,,28.041145971288405,96.61924002022687,,,,,,,,Point
NEG_AR_0714,0,negative,GADM_spatial_negative_candidate,,,AR,ArunachalPradesh,,28.67698158984553,95.64880235556647,,,,,,,,Point
NEG_AR_0715,0,negative,GADM_spatial_negative_candidate,,,AR,ArunachalPradesh,,29.206592162952084,94.59492413406643,,,,,,,,Point
NEG_AR_0716,0,negative,GADM_spatial_negative_candidate,,,AR,ArunachalPradesh,,27.20080686089144,93.34732803407735,,,,,,,,Point
NEG_AR_0717,0,negative,GADM_spatial_negative_candidate,,,AR,ArunachalPradesh,,28.4223958117851,93.88019876589088,,,,,,,,Point
NEG_AR_0718,0,negative,GADM_spatial_negative_candidate,,,AR,ArunachalPradesh,,27.649573057080865,96.5802638245479,,,,,,,,Point
NEG_AR_0719,0,negative,GADM_spatial_negative_candidate,,,AR,ArunachalPradesh,,27.500014524664596,93.85864230099435,,,,,,,,Point
NEG_AR_0720,0,negative,GADM_spatial_negative_candidate,,,AR,ArunachalPradesh,,27.964898965532093,96.53518241432269,,,,,,,,Point
NEG_AR_0721,0,negative,GADM_spatial_negative_candidate,,,AR,ArunachalPradesh,,28.579965733427212,93.7926390333153,,,,,,,,Point
NEG_AR_0722,0,negative,GADM_spatial_negative_candidate,,,AR,ArunachalPradesh,,27.860028695221494,96.81901308916743,,,,,,,,Point
NEG_AR_0723,0,negative,GADM_spatial_negative_candidate,,,AR,ArunachalPradesh,,27.744402738301634,96.04555600771917,,,,,,,,Point
NEG_AS_0001,0,negative,GADM_spatial_negative_candidate,,,AS,Assam,,27.424016331229836,95.03333324211319,,,,,,,,Point
NEG_AS_0002,0,negative,GADM_spatial_negative_candidate,,,AS,Assam,,26.019464208998333,92.98677289515541,,,,,,,,Point
NEG_AS_0003,0,negative,GADM_spatial_negative_candidate,,,AS,Assam,,25.817549620149936,93.17070152483073,,,,,,,,Point
NEG_AS_0004,0,negative,GADM_spatial_negative_candidate,,,AS,Assam,,27.388123505298324,95.66586555681255,,,,,,,,Point
NEG_AS_0005,0,negative,GADM_spatial_negative_candidate,,,AS,Assam,,26.42721262499998,93.66180256172858,,,,,,,,Point
NEG_AS_0006,0,negative,GADM_spatial_negative_candidate,,,AS,Assam,,24.7091612117799,92.93963870063024,,,,,,,,Point
NEG_AS_0007,0,negative,GADM_spatial_negative_candidate,,,AS,Assam,,25.712049657360748,93.44136204356013,,,,,,,,Point
NEG_AS_0008,0,negative,GADM_spatial_negative_candidate,,,AS,Assam,,26.291112572902655,91.50108958361294,,,,,,,,Point
NEG_AS_0009,0,negative,GADM_spatial_negative_candidate,,,AS,Assam,,27.30991432142035,94.62583584561867,,,,,,,,Point
NEG_AS_0010,0,negative,GADM_spatial_negative_candidate,,,AS,Assam,,27.107810802348375,94.03343334740111,,,,,,,,Point
NEG_AS_0011,0,negative,GADM_spatial_negative_candidate,,,AS,Assam,,27.295251911091132,95.1787406082655,,,,,,,,Point
NEG_AS_0012,0,negative,GADM_spatial_negative_candidate,,,AS,Assam,,26.476044504439056,90.79957991663144,,,,,,,,Point
NEG_AS_0013,0,negative,GADM_spatial_negative_candidate,,,AS,Assam,,27.174785065744075,94.78352183237381,,,,,,,,Point
NEG_AS_0014,0,negative,GADM_spatial_negative_candidate,,,AS,Assam,,26.642048887271777,90.68739629349504,,,,,,,,Point
NEG_AS_0015,0,negative,GADM_spatial_negative_candidate,,,AS,Assam,,26.90156359370065,93.92397440692393,,,,,,,,Point
NEG_AS_0016,0,negative,GADM_spatial_negative_candidate,,,AS,Assam,,26.328691626556456,93.18873141200207,,,,,,,,Point
NEG_AS_0017,0,negative,GADM_spatial_negative_candidate,,,AS,Assam,,26.352592411349057,93.04171824119464,,,,,,,,Point
NEG_AS_0018,0,negative,GADM_spatial_negative_candidate,,,AS,Assam,,25.5110860558743,93.14329070972775,,,,,,,,Point
NEG_AS_0019,0,negative,GADM_spatial_negative_candidate,,,AS,Assam,,25.057358069108734,92.96596693115711,,,,,,,,Point
NEG_AS_0020,0,negative,GADM_spatial_negative_candidate,,,AS,Assam,,26.6336186217211,92.09722688189736,,,,,,,,Point
NEG_AS_0021,0,negative,GADM_spatial_negative_candidate,,,AS,Assam,,24.96134656428801,92.82931107442145,,,,,,,,Point
NEG_AS_0022,0,negative,GADM_spatial_negative_candidate,,,AS,Assam,,26.20459391768809,91.02282268091876,,,,,,,,Point
NEG_AS_0023,0,negative,GADM_spatial_negative_candidate,,,AS,Assam,,26.088252372609706,92.22240218990106,,,,,,,,Point
NEG_AS_0024,0,negative,GADM_spatial_negative_candidate,,,AS,Assam,,25.430409137197238,92.80516819744554,,,,,,,,Point
NEG_AS_0025,0,negative,GADM_spatial_negative_candidate,,,AS,Assam,,26.77186857193036,90.32078822952775,,,,,,,,Point
NEG_AS_0026,0,negative,GADM_spatial_negative_candidate,,,AS,Assam,,26.618003643678882,90.60016292753001,,,,,,,,Point
NEG_AS_0027,0,negative,GADM_spatial_negative_candidate,,,AS,Assam,,26.424816972536902,90.4167564601366,,,,,,,,Point
NEG_AS_0028,0,negative,GADM_spatial_negative_candidate,,,AS,Assam,,25.43342335833363,92.85819154899357,,,,,,,,Point
NEG_AS_0029,0,negative,GADM_spatial_negative_candidate,,,AS,Assam,,26.227410759077593,92.18348383802645,,,,,,,,Point
NEG_AS_0030,0,negative,GADM_spatial_negative_candidate,,,AS,Assam,,25.32387579397914,93.02064281711588,,,,,,,,Point
NEG_AS_0031,0,negative,GADM_spatial_negative_candidate,,,AS,Assam,,26.287552046640904,93.18426205252008,,,,,,,,Point
NEG_AS_0032,0,negative,GADM_spatial_negative_candidate,,,AS,Assam,,27.04772416119627,94.40192332818236,,,,,,,,Point
NEG_AS_0033,0,negative,GADM_spatial_negative_candidate,,,AS,Assam,,26.973928048349933,94.3385274376154,,,,,,,,Point
NEG_AS_0034,0,negative,GADM_spatial_negative_candidate,,,AS,Assam,,27.402153720916584,94.47859226713923,,,,,,,,Point
NEG_AS_0035,0,negative,GADM_spatial_negative_candidate,,,AS,Assam,,26.269970297466845,90.08959445893582,,,,,,,,Point
NEG_AS_0036,0,negative,GADM_spatial_negative_candidate,,,AS,Assam,,26.238701914033808,92.59807615461295,,,,,,,,Point
NEG_AS_0037,0,negative,GADM_spatial_negative_candidate,,,AS,Assam,,26.437204087260653,90.7287499643344,,,,,,,,Point
NEG_AS_0038,0,negative,GADM_spatial_negative_candidate,,,AS,Assam,,27.666214330649368,94.77431928741647,,,,,,,,Point
NEG_AS_0039,0,negative,GADM_spatial_negative_candidate,,,AS,Assam,,27.067144357041503,94.33549581039264,,,,,,,,Point
NEG_AS_0040,0,negative,GADM_spatial_negative_candidate,,,AS,Assam,,26.405508970726455,93.14063346103153,,,,,,,,Point
NEG_AS_0041,0,negative,GADM_spatial_negative_candidate,,,AS,Assam,,26.39050610824811,90.59634045032628,,,,,,,,Point
NEG_AS_0042,0,negative,GADM_spatial_negative_candidate,,,AS,Assam,,26.045737300060573,90.99842858146268,,,,,,,,Point
NEG_AS_0043,0,negative,GADM_spatial_negative_candidate,,,AS,Assam,,26.113178463971792,93.33831401949108,,,,,,,,Point
NEG_AS_0044,0,negative,GADM_spatial_negative_candidate,,,AS,Assam,,24.502714375933905,92.48777928485767,,,,,,,,Point
NEG_AS_0045,0,negative,GADM_spatial_negative_candidate,,,AS,Assam,,25.85115157688116,92.54407122416805,,,,,,,,Point
NEG_AS_0046,0,negative,GADM_spatial_negative_candidate,,,AS,Assam,,24.605877771095262,92.7744026363555,,,,,,,,Point
NEG_AS_0047,0,negative,GADM_spatial_negative_candidate,,,AS,Assam,,26.738565666761122,92.29255864529293,,,,,,,,Point
NEG_AS_0048,0,negative,GADM_spatial_negative_candidate,,,AS,Assam,,25.559271113077898,92.82455470446372,,,,,,,,Point
NEG_AS_0049,0,negative,GADM_spatial_negative_candidate,,,AS,Assam,,26.544418562628913,94.1715597844898,,,,,,,,Point
NEG_AS_0050,0,negative,GADM_spatial_negative_candidate,,,AS,Assam,,26.649068661254343,92.39661163211814,,,,,,,,Point
NEG_AS_0051,0,negative,GADM_spatial_negative_candidate,,,AS,Assam,,27.71014679318313,95.38352946270112,,,,,,,,Point
NEG_AS_0052,0,negative,GADM_spatial_negative_candidate,,,AS,Assam,,27.358919548365428,95.52379455697341,,,,,,,,Point
NEG_AS_0053,0,negative,GADM_spatial_negative_candidate,,,AS,Assam,,24.803995020994087,92.95148378938089,,,,,,,,Point
NEG_AS_0054,0,negative,GADM_spatial_negative_candidate,,,AS,Assam,,27.12541049295593,94.65994247101716,,,,,,,,Point
NEG_AS_0055,0,negative,GADM_spatial_negative_candidate,,,AS,Assam,,27.537078649381986,94.43706948307845,,,,,,,,Point
NEG_AS_0056,0,negative,GADM_spatial_negative_candidate,,,AS,Assam,,26.88225280924832,93.07558310362313,,,,,,,,Point
NEG_AS_0057,0,negative,GADM_spatial_negative_candidate,,,AS,Assam,,26.023168715620766,92.63935212842675,,,,,,,,Point
NEG_AS_0058,0,negative,GADM_spatial_negative_candidate,,,AS,Assam,,26.187632315433877,90.47080727797703,,,,,,,,Point
NEG_AS_0059,0,negative,GADM_spatial_negative_candidate,,,AS,Assam,,25.969727038313724,90.11614926437406,,,,,,,,Point
NEG_AS_0060,0,negative,GADM_spatial_negative_candidate,,,AS,Assam,,26.433178026501935,92.00171702352358,,,,,,,,Point
NEG_AS_0061,0,negative,GADM_spatial_negative_candidate,,,AS,Assam,,26.168682858170595,92.9404135240941,,,,,,,,Point
NEG_AS_0062,0,negative,GADM_spatial_negative_candidate,,,AS,Assam,,25.6796544422933,92.78007359805856,,,,,,,,Point
NEG_AS_0063,0,negative,GADM_spatial_negative_candidate,,,AS,Assam,,25.911474118745584,92.1994759527068,,,,,,,,Point
NEG_AS_0064,0,negative,GADM_spatial_negative_candidate,,,AS,Assam,,26.112373109360966,91.4073222312323,,,,,,,,Point
NEG_AS_0065,0,negative,GADM_spatial_negative_candidate,,,AS,Assam,,26.061063397818547,92.51057745549866,,,,,,,,Point
NEG_AS_0066,0,negative,GADM_spatial_negative_candidate,,,AS,Assam,,26.29138470683384,92.74934467099007,,,,,,,,Point
NEG_AS_0067,0,negative,GADM_spatial_negative_candidate,,,AS,Assam,,26.284020980722353,93.47786293549338,,,,,,,,Point
NEG_AS_0068,0,negative,GADM_spatial_negative_candidate,,,AS,Assam,,26.224754569917735,90.39138250210002,,,,,,,,Point
NEG_AS_0069,0,negative,GADM_spatial_negative_candidate,,,AS,Assam,,26.92674476065666,92.41801085672412,,,,,,,,Point
NEG_AS_0070,0,negative,GADM_spatial_negative_candidate,,,AS,Assam,,27.32068886452488,94.19627477151528,,,,,,,,Point
NEG_AS_0071,0,negative,GADM_spatial_negative_candidate,,,AS,Assam,,26.58774093659072,92.30585016527071,,,,,,,,Point
NEG_AS_0072,0,negative,GADM_spatial_negative_candidate,,,AS,Assam,,24.738057534952357,92.54732853342888,,,,,,,,Point
NEG_AS_0073,0,negative,GADM_spatial_negative_candidate,,,AS,Assam,,26.419952948884994,91.67843298890534,,,,,,,,Point
NEG_AS_0074,0,negative,GADM_spatial_negative_candidate,,,AS,Assam,,26.378632289068648,91.6225434313042,,,,,,,,Point
NEG_AS_0075,0,negative,GADM_spatial_negative_candidate,,,AS,Assam,,27.365569543653994,94.43153350794576,,,,,,,,Point
NEG_AS_0076,0,negative,GADM_spatial_negative_candidate,,,AS,Assam,,26.169321082244274,90.83805778945973,,,,,,,,Point
NEG_AS_0077,0,negative,GADM_spatial_negative_candidate,,,AS,Assam,,27.90568607239079,95.80939048602694,,,,,,,,Point
NEG_AS_0078,0,negative,GADM_spatial_negative_candidate,,,AS,Assam,,26.478029404007067,90.64371519532507,,,,,,,,Point
NEG_AS_0079,0,negative,GADM_spatial_negative_candidate,,,AS,Assam,,27.033946791597995,94.40802566678654,,,,,,,,Point
NEG_AS_0080,0,negative,GADM_spatial_negative_candidate,,,AS,Assam,,26.647511735858167,93.28820851188922,,,,,,,,Point
NEG_AS_0081,0,negative,GADM_spatial_negative_candidate,,,AS,Assam,,26.744407597008053,92.97013691779645,,,,,,,,Point
NEG_AS_0082,0,negative,GADM_spatial_negative_candidate,,,AS,Assam,,27.34210286350185,95.23860860904125,,,,,,,,Point
NEG_AS_0083,0,negative,GADM_spatial_negative_candidate,,,AS,Assam,,26.20999955102338,91.58541954432849,,,,,,,,Point
NEG_AS_0084,0,negative,GADM_spatial_negative_candidate,,,AS,Assam,,24.613518938880045,92.96527190074016,,,,,,,,Point
NEG_AS_0085,0,negative,GADM_spatial_negative_candidate,,,AS,Assam,,24.919536005846687,92.8165870443693,,,,,,,,Point
NEG_AS_0086,0,negative,GADM_spatial_negative_candidate,,,AS,Assam,,27.664160943726856,95.42808513586462,,,,,,,,Point
NEG_AS_0087,0,negative,GADM_spatial_negative_candidate,,,AS,Assam,,26.259172944050672,90.22259242953781,,,,,,,,Point
NEG_AS_0088,0,negative,GADM_spatial_negative_candidate,,,AS,Assam,,26.301929254370414,91.04666144913072,,,,,,,,Point
NEG_AS_0089,0,negative,GADM_spatial_negative_candidate,,,AS,Assam,,24.87854545099693,93.12951996518109,,,,,,,,Point
NEG_AS_0090,0,negative,GADM_spatial_negative_candidate,,,AS,Assam,,27.91433300640408,95.57648452448282,,,,,,,,Point
NEG_AS_0091,0,negative,GADM_spatial_negative_candidate,,,AS,Assam,,27.279726629450224,94.06193675439566,,,,,,,,Point
NEG_AS_0092,0,negative,GADM_spatial_negative_candidate,,,AS,Assam,,25.086227596382667,93.112466544801,,,,,,,,Point
NEG_AS_0093,0,negative,GADM_spatial_negative_candidate,,,AS,Assam,,25.495408247856208,92.90530423133636,,,,,,,,Point
NEG_AS_0094,0,negative,GADM_spatial_negative_candidate,,,AS,Assam,,26.72979228491982,90.57463991241274,,,,,,,,Point
NEG_AS_0095,0,negative,GADM_spatial_negative_candidate,,,AS,Assam,,26.3561573615492,89.91524394170276,,,,,,,,Point
NEG_AS_0096,0,negative,GADM_spatial_negative_candidate,,,AS,Assam,,26.431919116605936,91.56064667842315,,,,,,,,Point
NEG_AS_0097,0,negative,GADM_spatial_negative_candidate,,,AS,Assam,,26.095408725899,90.52520003756237,,,,,,,,Point
NEG_AS_0098,0,negative,GADM_spatial_negative_candidate,,,AS,Assam,,26.766246673292294,91.73293276902487,,,,,,,,Point
NEG_AS_0099,0,negative,GADM_spatial_negative_candidate,,,AS,Assam,,27.5211591893436,94.7131094957666,,,,,,,,Point
NEG_AS_0100,0,negative,GADM_spatial_negative_candidate,,,AS,Assam,,26.51132317017538,94.2310080153052,,,,,,,,Point
NEG_AS_0101,0,negative,GADM_spatial_negative_candidate,,,AS,Assam,,26.172045421497945,90.63588216532206,,,,,,,,Point
NEG_AS_0102,0,negative,GADM_spatial_negative_candidate,,,AS,Assam,,26.399449766888726,91.71366801076773,,,,,,,,Point
NEG_AS_0103,0,negative,GADM_spatial_negative_candidate,,,AS,Assam,,26.450277313455675,93.33404649694815,,,,,,,,Point
NEG_AS_0104,0,negative,GADM_spatial_negative_candidate,,,AS,Assam,,27.367443185453116,95.85714518035972,,,,,,,,Point
NEG_AS_0105,0,negative,GADM_spatial_negative_candidate,,,AS,Assam,,26.94305950559717,94.36234210885485,,,,,,,,Point
NEG_AS_0106,0,negative,GADM_spatial_negative_candidate,,,AS,Assam,,26.32069675628625,91.2403253720228,,,,,,,,Point
NEG_AS_0107,0,negative,GADM_spatial_negative_candidate,,,AS,Assam,,27.53413458120625,95.43362459369376,,,,,,,,Point
NEG_AS_0108,0,negative,GADM_spatial_negative_candidate,,,AS,Assam,,25.353644305711526,92.94317531888348,,,,,,,,Point
NEG_AS_0109,0,negative,GADM_spatial_negative_candidate,,,AS,Assam,,27.14300752592304,94.36758570912161,,,,,,,,Point
NEG_AS_0110,0,negative,GADM_spatial_negative_candidate,,,AS,Assam,,27.276457363869614,94.76622185127745,,,,,,,,Point
NEG_AS_0111,0,negative,GADM_spatial_negative_candidate,,,AS,Assam,,26.55388273794848,91.5795916976479,,,,,,,,Point
NEG_AS_0112,0,negative,GADM_spatial_negative_candidate,,,AS,Assam,,26.264194716606198,92.78303560712705,,,,,,,,Point
NEG_AS_0113,0,negative,GADM_spatial_negative_candidate,,,AS,Assam,,26.633446570155066,93.40249320831842,,,,,,,,Point
NEG_AS_0114,0,negative,GADM_spatial_negative_candidate,,,AS,Assam,,25.877135624548554,93.05344694023202,,,,,,,,Point
NEG_AS_0115,0,negative,GADM_spatial_negative_candidate,,,AS,Assam,,25.843748123120434,89.88225765053414,,,,,,,,Point
NEG_AS_0116,0,negative,GADM_spatial_negative_candidate,,,AS,Assam,,27.297782143822158,95.48467482191948,,,,,,,,Point
NEG_AS_0117,0,negative,GADM_spatial_negative_candidate,,,AS,Assam,,27.599556500232755,95.77798996835115,,,,,,,,Point
NEG_AS_0118,0,negative,GADM_spatial_negative_candidate,,,AS,Assam,,25.50367933069355,93.18013242432421,,,,,,,,Point
NEG_AS_0119,0,negative,GADM_spatial_negative_candidate,,,AS,Assam,,25.999310486380015,91.48746456260865,,,,,,,,Point
NEG_AS_0120,0,negative,GADM_spatial_negative_candidate,,,AS,Assam,,26.26750614260329,91.39776812062512,,,,,,,,Point
NEG_AS_0121,0,negative,GADM_spatial_negative_candidate,,,AS,Assam,,26.612892091651588,93.35632820353956,,,,,,,,Point
NEG_AS_0122,0,negative,GADM_spatial_negative_candidate,,,AS,Assam,,26.813608095375272,92.07905278406021,,,,,,,,Point
NEG_AS_0123,0,negative,GADM_spatial_negative_candidate,,,AS,Assam,,27.715039216603127,95.65945645189751,,,,,,,,Point
NEG_AS_0124,0,negative,GADM_spatial_negative_candidate,,,AS,Assam,,26.68409413004337,94.49986664957979,,,,,,,,Point
NEG_AS_0125,0,negative,GADM_spatial_negative_candidate,,,AS,Assam,,26.071382350385132,92.93116348219891,,,,,,,,Point
NEG_AS_0126,0,negative,GADM_spatial_negative_candidate,,,AS,Assam,,26.23300019627364,93.32628709359967,,,,,,,,Point
NEG_AS_0127,0,negative,GADM_spatial_negative_candidate,,,AS,Assam,,26.72225699912526,93.43737510868178,,,,,,,,Point
NEG_AS_0128,0,negative,GADM_spatial_negative_candidate,,,AS,Assam,,26.002153981064563,92.98729446353987,,,,,,,,Point
NEG_AS_0129,0,negative,GADM_spatial_negative_candidate,,,AS,Assam,,24.71581243983695,92.74653999430727,,,,,,,,Point
NEG_AS_0130,0,negative,GADM_spatial_negative_candidate,,,AS,Assam,,25.923618100132654,92.34965863226742,,,,,,,,Point
NEG_AS_0131,0,negative,GADM_spatial_negative_candidate,,,AS,Assam,,26.355281839362778,91.51204482571389,,,,,,,,Point
NEG_AS_0132,0,negative,GADM_spatial_negative_candidate,,,AS,Assam,,26.541461283635687,92.86020494980713,,,,,,,,Point
NEG_AS_0133,0,negative,GADM_spatial_negative_candidate,,,AS,Assam,,26.415094279974117,90.72051239970351,,,,,,,,Point
NEG_AS_0134,0,negative,GADM_spatial_negative_candidate,,,AS,Assam,,26.15956490433127,91.4056384159788,,,,,,,,Point
NEG_AS_0135,0,negative,GADM_spatial_negative_candidate,,,AS,Assam,,26.166981579484897,92.82492977061737,,,,,,,,Point
NEG_AS_0136,0,negative,GADM_spatial_negative_candidate,,,AS,Assam,,26.924435692606455,92.7091597572286,,,,,,,,Point
NEG_AS_0137,0,negative,GADM_spatial_negative_candidate,,,AS,Assam,,27.480548523540236,94.99139213017484,,,,,,,,Point
NEG_AS_0138,0,negative,GADM_spatial_negative_candidate,,,AS,Assam,,25.860004158393156,92.27441023358762,,,,,,,,Point
NEG_AS_0139,0,negative,GADM_spatial_negative_candidate,,,AS,Assam,,24.201369679689112,92.49509931553618,,,,,,,,Point
NEG_AS_0140,0,negative,GADM_spatial_negative_candidate,,,AS,Assam,,24.704657013559117,92.62543025217747,,,,,,,,Point
NEG_AS_0141,0,negative,GADM_spatial_negative_candidate,,,AS,Assam,,26.54206805837949,91.88615460937022,,,,,,,,Point
NEG_AS_0142,0,negative,GADM_spatial_negative_candidate,,,AS,Assam,,26.309416091243648,91.99707186745145,,,,,,,,Point
NEG_AS_0143,0,negative,GADM_spatial_negative_candidate,,,AS,Assam,,25.972270884753396,92.5574455676481,,,,,,,,Point
NEG_AS_0144,0,negative,GADM_spatial_negative_candidate,,,AS,Assam,,27.628998501743673,95.08190023758318,,,,,,,,Point
NEG_AS_0145,0,negative,GADM_spatial_negative_candidate,,,AS,Assam,,26.080121658155946,90.95860270925037,,,,,,,,Point
NEG_AS_0146,0,negative,GADM_spatial_negative_candidate,,,AS,Assam,,26.891303226421456,94.23836031469973,,,,,,,,Point
NEG_AS_0147,0,negative,GADM_spatial_negative_candidate,,,AS,Assam,,25.64810312589137,93.42742701418051,,,,,,,,Point
NEG_AS_0148,0,negative,GADM_spatial_negative_candidate,,,AS,Assam,,26.388081497819428,91.65237073120083,,,,,,,,Point
NEG_AS_0149,0,negative,GADM_spatial_negative_candidate,,,AS,Assam,,26.691522211379382,94.42719487157053,,,,,,,,Point
NEG_AS_0150,0,negative,GADM_spatial_negative_candidate,,,AS,Assam,,26.344042286450843,91.0717211263167,,,,,,,,Point
NEG_AS_0151,0,negative,GADM_spatial_negative_candidate,,,AS,Assam,,27.367581812940088,94.36569875690569,,,,,,,,Point
NEG_AS_0152,0,negative,GADM_spatial_negative_candidate,,,AS,Assam,,24.733193365914214,92.82751131449189,,,,,,,,Point
NEG_AS_0153,0,negative,GADM_spatial_negative_candidate,,,AS,Assam,,27.490441508466287,95.53964914712434,,,,,,,,Point
NEG_AS_0154,0,negative,GADM_spatial_negative_candidate,,,AS,Assam,,26.450737655122726,90.3170604629198,,,,,,,,Point
NEG_AS_0155,0,negative,GADM_spatial_negative_candidate,,,AS,Assam,,26.431697423677136,94.09201230354421,,,,,,,,Point
NEG_AS_0156,0,negative,GADM_spatial_negative_candidate,,,AS,Assam,,25.84511562279602,92.63938753391419,,,,,,,,Point
NEG_AS_0157,0,negative,GADM_spatial_negative_candidate,,,AS,Assam,,26.052968345161116,91.23453589902245,,,,,,,,Point
NEG_AS_0158,0,negative,GADM_spatial_negative_candidate,,,AS,Assam,,26.796314624476707,94.70573133319664,,,,,,,,Point
NEG_AS_0159,0,negative,GADM_spatial_negative_candidate,,,AS,Assam,,27.54564887839752,95.82917870432071,,,,,,,,Point
NEG_AS_0160,0,negative,GADM_spatial_negative_candidate,,,AS,Assam,,26.470554743215047,89.89981772360878,,,,,,,,Point
NEG_AS_0161,0,negative,GADM_spatial_negative_candidate,,,AS,Assam,,26.2253698818703,92.80487443476706,,,,,,,,Point
NEG_AS_0162,0,negative,GADM_spatial_negative_candidate,,,AS,Assam,,26.94633118103549,93.31954229423705,,,,,,,,Point
NEG_AS_0163,0,negative,GADM_spatial_negative_candidate,,,AS,Assam,,27.670666021948108,95.657282685674,,,,,,,,Point
NEG_AS_0164,0,negative,GADM_spatial_negative_candidate,,,AS,Assam,,26.51691204183322,92.9805711513863,,,,,,,,Point
NEG_AS_0165,0,negative,GADM_spatial_negative_candidate,,,AS,Assam,,26.60844046646773,93.92457868883363,,,,,,,,Point
NEG_AS_0166,0,negative,GADM_spatial_negative_candidate,,,AS,Assam,,26.097209819130406,91.16593469760193,,,,,,,,Point
NEG_AS_0167,0,negative,GADM_spatial_negative_candidate,,,AS,Assam,,26.255583712587168,90.58655017721674,,,,,,,,Point
NEG_AS_0168,0,negative,GADM_spatial_negative_candidate,,,AS,Assam,,27.09588172836096,93.8865754666527,,,,,,,,Point
NEG_AS_0169,0,negative,GADM_spatial_negative_candidate,,,AS,Assam,,27.18468559605843,95.15343214062645,,,,,,,,Point
NEG_AS_0170,0,negative,GADM_spatial_negative_candidate,,,AS,Assam,,27.493112439937306,94.48153673391732,,,,,,,,Point
NEG_AS_0171,0,negative,GADM_spatial_negative_candidate,,,AS,Assam,,27.817414868279887,95.5420745604417,,,,,,,,Point
NEG_AS_0172,0,negative,GADM_spatial_negative_candidate,,,AS,Assam,,25.66462179095424,93.48110116031489,,,,,,,,Point
NEG_AS_0173,0,negative,GADM_spatial_negative_candidate,,,AS,Assam,,27.014673392041097,94.96012219099845,,,,,,,,Point
NEG_AS_0174,0,negative,GADM_spatial_negative_candidate,,,AS,Assam,,26.65008673118078,93.64681158141588,,,,,,,,Point
NEG_AS_0175,0,negative,GADM_spatial_negative_candidate,,,AS,Assam,,27.038187476266753,94.37141860875695,,,,,,,,Point
NEG_AS_0176,0,negative,GADM_spatial_negative_candidate,,,AS,Assam,,27.4388363398724,94.49893353183238,,,,,,,,Point
NEG_AS_0177,0,negative,GADM_spatial_negative_candidate,,,AS,Assam,,25.88729232075124,93.53660854655223,,,,,,,,Point
NEG_AS_0178,0,negative,GADM_spatial_negative_candidate,,,AS,Assam,,26.455679936754002,92.50084957406816,,,,,,,,Point
NEG_AS_0179,0,negative,GADM_spatial_negative_candidate,,,AS,Assam,,27.771798692863726,95.25909530302478,,,,,,,,Point
NEG_AS_0180,0,negative,GADM_spatial_negative_candidate,,,AS,Assam,,26.28775316990356,91.69633838215196,,,,,,,,Point
NEG_AS_0181,0,negative,GADM_spatial_negative_candidate,,,AS,Assam,,25.20286422312087,92.91415902696878,,,,,,,,Point
NEG_AS_0182,0,negative,GADM_spatial_negative_candidate,,,AS,Assam,,26.88059780154206,93.96633202212959,,,,,,,,Point
NEG_AS_0183,0,negative,GADM_spatial_negative_candidate,,,AS,Assam,,26.112240950052097,90.11793385595857,,,,,,,,Point
NEG_AS_0184,0,negative,GADM_spatial_negative_candidate,,,AS,Assam,,25.122324581467673,93.30456497268666,,,,,,,,Point
NEG_AS_0185,0,negative,GADM_spatial_negative_candidate,,,AS,Assam,,26.429370407512597,93.53611068019764,,,,,,,,Point
NEG_AS_0186,0,negative,GADM_spatial_negative_candidate,,,AS,Assam,,26.88540360332881,92.41593881270899,,,,,,,,Point
NEG_AS_0187,0,negative,GADM_spatial_negative_candidate,,,AS,Assam,,26.949542102874457,94.90322670096654,,,,,,,,Point
NEG_AS_0188,0,negative,GADM_spatial_negative_candidate,,,AS,Assam,,26.443634083971514,93.77426618953106,,,,,,,,Point
NEG_AS_0189,0,negative,GADM_spatial_negative_candidate,,,AS,Assam,,25.85412130241696,92.8147695215035,,,,,,,,Point
NEG_AS_0190,0,negative,GADM_spatial_negative_candidate,,,AS,Assam,,26.368652268476964,92.02597701176676,,,,,,,,Point
NEG_AS_0191,0,negative,GADM_spatial_negative_candidate,,,AS,Assam,,26.19188205275214,90.29624803762897,,,,,,,,Point
NEG_AS_0192,0,negative,GADM_spatial_negative_candidate,,,AS,Assam,,25.020164449892484,93.11562613503942,,,,,,,,Point
NEG_AS_0193,0,negative,GADM_spatial_negative_candidate,,,AS,Assam,,27.32763740203046,95.25526996217285,,,,,,,,Point
NEG_AS_0194,0,negative,GADM_spatial_negative_candidate,,,AS,Assam,,26.197960601804176,91.44473999072342,,,,,,,,Point
NEG_AS_0195,0,negative,GADM_spatial_negative_candidate,,,AS,Assam,,25.392523777560132,93.2356372776661,,,,,,,,Point
NEG_AS_0196,0,negative,GADM_spatial_negative_candidate,,,AS,Assam,,27.025001848126113,95.08599707557151,,,,,,,,Point
NEG_AS_0197,0,negative,GADM_spatial_negative_candidate,,,AS,Assam,,26.66951599435826,90.58366122028114,,,,,,,,Point
NEG_AS_0198,0,negative,GADM_spatial_negative_candidate,,,AS,Assam,,26.893045042670607,94.2590569228972,,,,,,,,Point
NEG_AS_0199,0,negative,GADM_spatial_negative_candidate,,,AS,Assam,,26.581677457538802,92.17196357614557,,,,,,,,Point
NEG_AS_0200,0,negative,GADM_spatial_negative_candidate,,,AS,Assam,,26.584255972676438,92.21866072197703,,,,,,,,Point
NEG_AS_0201,0,negative,GADM_spatial_negative_candidate,,,AS,Assam,,26.297332997853157,92.09804036276148,,,,,,,,Point
NEG_AS_0202,0,negative,GADM_spatial_negative_candidate,,,AS,Assam,,24.574484691650063,92.24550692655374,,,,,,,,Point
NEG_AS_0203,0,negative,GADM_spatial_negative_candidate,,,AS,Assam,,26.785302324989477,91.44988129571776,,,,,,,,Point
NEG_AS_0204,0,negative,GADM_spatial_negative_candidate,,,AS,Assam,,26.055600793690406,93.94363342985326,,,,,,,,Point
NEG_AS_0205,0,negative,GADM_spatial_negative_candidate,,,AS,Assam,,27.683269608535138,95.06121680173284,,,,,,,,Point
NEG_AS_0206,0,negative,GADM_spatial_negative_candidate,,,AS,Assam,,26.885046054018304,92.73229304220575,,,,,,,,Point
NEG_AS_0207,0,negative,GADM_spatial_negative_candidate,,,AS,Assam,,26.069429549255492,90.76212980904684,,,,,,,,Point
NEG_AS_0208,0,negative,GADM_spatial_negative_candidate,,,AS,Assam,,25.92626280274412,89.95542520007977,,,,,,,,Point
NEG_AS_0209,0,negative,GADM_spatial_negative_candidate,,,AS,Assam,,26.280030563000988,90.09786687836773,,,,,,,,Point
NEG_AS_0210,0,negative,GADM_spatial_negative_candidate,,,AS,Assam,,26.424132952659782,90.37755889949857,,,,,,,,Point
NEG_AS_0211,0,negative,GADM_spatial_negative_candidate,,,AS,Assam,,26.642604392985355,92.58093102068317,,,,,,,,Point
NEG_AS_0212,0,negative,GADM_spatial_negative_candidate,,,AS,Assam,,26.80286625201314,91.14748557254201,,,,,,,,Point
NEG_AS_0213,0,negative,GADM_spatial_negative_candidate,,,AS,Assam,,26.39160446366047,92.86721950906977,,,,,,,,Point
NEG_AS_0214,0,negative,GADM_spatial_negative_candidate,,,AS,Assam,,26.28826979790137,92.36304535825033,,,,,,,,Point
NEG_AS_0215,0,negative,GADM_spatial_negative_candidate,,,AS,Assam,,25.27822918012295,93.31202687016946,,,,,,,,Point
NEG_AS_0216,0,negative,GADM_spatial_negative_candidate,,,AS,Assam,,26.358903333777203,93.3437918869394,,,,,,,,Point
NEG_AS_0217,0,negative,GADM_spatial_negative_candidate,,,AS,Assam,,24.222409830525205,92.47278650451298,,,,,,,,Point
NEG_AS_0218,0,negative,GADM_spatial_negative_candidate,,,AS,Assam,,24.523979056866224,92.47723656018412,,,,,,,,Point
NEG_AS_0219,0,negative,GADM_spatial_negative_candidate,,,AS,Assam,,27.83217411880135,95.60692109905447,,,,,,,,Point
NEG_AS_0220,0,negative,GADM_spatial_negative_candidate,,,AS,Assam,,25.738035793048745,93.20041085945019,,,,,,,,Point
NEG_AS_0221,0,negative,GADM_spatial_negative_candidate,,,AS,Assam,,26.48015432161238,93.43368618416284,,,,,,,,Point
NEG_AS_0222,0,negative,GADM_spatial_negative_candidate,,,AS,Assam,,26.161350317718387,91.70484350110837,,,,,,,,Point
NEG_AS_0223,0,negative,GADM_spatial_negative_candidate,,,AS,Assam,,25.327504337007507,93.45539904333222,,,,,,,,Point
NEG_AS_0224,0,negative,GADM_spatial_negative_candidate,,,AS,Assam,,26.83966810872271,94.79429791838496,,,,,,,,Point
NEG_AS_0225,0,negative,GADM_spatial_negative_candidate,,,AS,Assam,,26.89157224751529,94.77802057076487,,,,,,,,Point
NEG_AS_0226,0,negative,GADM_spatial_negative_candidate,,,AS,Assam,,24.816351316005232,93.0613741948151,,,,,,,,Point
NEG_AS_0227,0,negative,GADM_spatial_negative_candidate,,,AS,Assam,,24.409936240954092,92.67849585292319,,,,,,,,Point
NEG_AS_0228,0,negative,GADM_spatial_negative_candidate,,,AS,Assam,,26.479927569057367,90.29518809534031,,,,,,,,Point
NEG_AS_0229,0,negative,GADM_spatial_negative_candidate,,,AS,Assam,,26.363125325619787,91.13765435678337,,,,,,,,Point
NEG_AS_0230,0,negative,GADM_spatial_negative_candidate,,,AS,Assam,,25.77853529404236,92.46644063789235,,,,,,,,Point
NEG_AS_0231,0,negative,GADM_spatial_negative_candidate,,,AS,Assam,,26.15035917762939,92.97617576022603,,,,,,,,Point
NEG_AS_0232,0,negative,GADM_spatial_negative_candidate,,,AS,Assam,,27.591331922057517,95.36586455049823,,,,,,,,Point
NEG_AS_0233,0,negative,GADM_spatial_negative_candidate,,,AS,Assam,,24.67318473993822,92.60847707850722,,,,,,,,Point
NEG_AS_0234,0,negative,GADM_spatial_negative_candidate,,,AS,Assam,,25.70939223687299,93.32920699352647,,,,,,,,Point
NEG_AS_0235,0,negative,GADM_spatial_negative_candidate,,,AS,Assam,,27.628660705474086,95.66991795595473,,,,,,,,Point
NEG_AS_0236,0,negative,GADM_spatial_negative_candidate,,,AS,Assam,,25.525800774529493,92.66501226834588,,,,,,,,Point
NEG_AS_0237,0,negative,GADM_spatial_negative_candidate,,,AS,Assam,,26.626188240252453,92.65959306347546,,,,,,,,Point
NEG_AS_0238,0,negative,GADM_spatial_negative_candidate,,,AS,Assam,,25.84046578708851,89.83210493926343,,,,,,,,Point
NEG_AS_0239,0,negative,GADM_spatial_negative_candidate,,,AS,Assam,,26.106693936065692,93.70298164690234,,,,,,,,Point
NEG_AS_0240,0,negative,GADM_spatial_negative_candidate,,,AS,Assam,,26.811531933022724,94.54431970770474,,,,,,,,Point
NEG_AS_0241,0,negative,GADM_spatial_negative_candidate,,,AS,Assam,,26.181922741406517,92.38146606641395,,,,,,,,Point
NEG_AS_0242,0,negative,GADM_spatial_negative_candidate,,,AS,Assam,,26.658445926281747,93.9811132489985,,,,,,,,Point
NEG_AS_0243,0,negative,GADM_spatial_negative_candidate,,,AS,Assam,,26.586355059766344,90.64623094470019,,,,,,,,Point
NEG_AS_0244,0,negative,GADM_spatial_negative_candidate,,,AS,Assam,,25.461169875403556,93.39887269338492,,,,,,,,Point
NEG_AS_0245,0,negative,GADM_spatial_negative_candidate,,,AS,Assam,,26.91417048734566,92.64365004512223,,,,,,,,Point
NEG_AS_0246,0,negative,GADM_spatial_negative_candidate,,,AS,Assam,,25.554522545868053,93.24031354199008,,,,,,,,Point
NEG_AS_0247,0,negative,GADM_spatial_negative_candidate,,,AS,Assam,,26.79101303581566,90.60243615181035,,,,,,,,Point
NEG_AS_0248,0,negative,GADM_spatial_negative_candidate,,,AS,Assam,,27.9000245839053,95.78965706890841,,,,,,,,Point
NEG_AS_0249,0,negative,GADM_spatial_negative_candidate,,,AS,Assam,,26.576367201103437,93.02896457064807,,,,,,,,Point
NEG_AS_0250,0,negative,GADM_spatial_negative_candidate,,,AS,Assam,,26.78006688821965,94.50296625239432,,,,,,,,Point
NEG_AS_0251,0,negative,GADM_spatial_negative_candidate,,,AS,Assam,,25.47925975885876,93.24958650473035,,,,,,,,Point
NEG_AS_0252,0,negative,GADM_spatial_negative_candidate,,,AS,Assam,,26.434036547183013,91.24964682034185,,,,,,,,Point
NEG_MN_0001,0,negative,GADM_spatial_negative_candidate,,,MN,Manipur,,24.692318108805104,93.8439454677255,,,,,,,,Point
NEG_MN_0002,0,negative,GADM_spatial_negative_candidate,,,MN,Manipur,,24.191687604336582,93.65722910583544,,,,,,,,Point
NEG_MN_0003,0,negative,GADM_spatial_negative_candidate,,,MN,Manipur,,25.407914416313723,93.78994851264655,,,,,,,,Point
NEG_MN_0004,0,negative,GADM_spatial_negative_candidate,,,MN,Manipur,,24.849784945454047,93.90009720201581,,,,,,,,Point
NEG_MN_0005,0,negative,GADM_spatial_negative_candidate,,,MN,Manipur,,24.03261165422528,93.5988660546286,,,,,,,,Point
NEG_MN_0006,0,negative,GADM_spatial_negative_candidate,,,MN,Manipur,,25.035734004817645,93.77774484763904,,,,,,,,Point
NEG_MN_0007,0,negative,GADM_spatial_negative_candidate,,,MN,Manipur,,24.67337242697647,93.92037369925767,,,,,,,,Point
NEG_MN_0008,0,negative,GADM_spatial_negative_candidate,,,MN,Manipur,,24.70039410052254,93.25848380519119,,,,,,,,Point
NEG_MN_0009,0,negative,GADM_spatial_negative_candidate,,,MN,Manipur,,23.87491099169675,94.12308816127698,,,,,,,,Point
NEG_MN_0010,0,negative,GADM_spatial_negative_candidate,,,MN,Manipur,,25.4636069126133,93.83731952144288,,,,,,,,Point
NEG_MN_0011,0,negative,GADM_spatial_negative_candidate,,,MN,Manipur,,24.827075901021686,93.5282375913479,,,,,,,,Point
NEG_MN_0012,0,negative,GADM_spatial_negative_candidate,,,MN,Manipur,,24.154982005824333,93.5760751440135,,,,,,,,Point
NEG_MN_0013,0,negative,GADM_spatial_negative_candidate,,,MN,Manipur,,25.46182652435799,93.9116802561185,,,,,,,,Point
NEG_MN_0014,0,negative,GADM_spatial_negative_candidate,,,MN,Manipur,,24.515033962111772,94.09880132042929,,,,,,,,Point
NEG_MN_0015,0,negative,GADM_spatial_negative_candidate,,,MN,Manipur,,24.673664758877734,93.734570080563,,,,,,,,Point
NEG_MN_0016,0,negative,GADM_spatial_negative_candidate,,,MN,Manipur,,24.258618292855054,93.71775475420476,,,,,,,,Point
NEG_MN_0017,0,negative,GADM_spatial_negative_candidate,,,MN,Manipur,,24.611421477636334,93.37638943185078,,,,,,,,Point
NEG_MN_0018,0,negative,GADM_spatial_negative_candidate,,,MN,Manipur,,24.32541997510595,93.29473274810124,,,,,,,,Point
NEG_MN_0019,0,negative,GADM_spatial_negative_candidate,,,MN,Manipur,,24.427076635820043,93.03751006779719,,,,,,,,Point
NEG_MN_0020,0,negative,GADM_spatial_negative_candidate,,,MN,Manipur,,24.65471905173552,93.83507394777797,,,,,,,,Point
NEG_MN_0021,0,negative,GADM_spatial_negative_candidate,,,MN,Manipur,,24.479469425859524,94.32639829051053,,,,,,,,Point
NEG_MN_0022,0,negative,GADM_spatial_negative_candidate,,,MN,Manipur,,25.20907585239683,93.44263475458828,,,,,,,,Point
NEG_MN_0023,0,negative,GADM_spatial_negative_candidate,,,MN,Manipur,,24.78007803334901,93.52987984559103,,,,,,,,Point
NEG_MN_0024,0,negative,GADM_spatial_negative_candidate,,,MN,Manipur,,25.35345869957931,94.25573030235512,,,,,,,,Point
NEG_MN_0025,0,negative,GADM_spatial_negative_candidate,,,MN,Manipur,,24.61881057380909,93.43346760659422,,,,,,,,Point
NEG_MN_0026,0,negative,GADM_spatial_negative_candidate,,,MN,Manipur,,24.70261251852158,93.35469514703487,,,,,,,,Point
NEG_MN_0027,0,negative,GADM_spatial_negative_candidate,,,MN,Manipur,,24.268235892632283,94.3109677852364,,,,,,,,Point
NEG_MN_0028,0,negative,GADM_spatial_negative_candidate,,,MN,Manipur,,24.562173650836744,94.3586703343541,,,,,,,,Point
NEG_MN_0029,0,negative,GADM_spatial_negative_candidate,,,MN,Manipur,,24.02066421513171,94.06672825250095,,,,,,,,Point
NEG_MN_0030,0,negative,GADM_spatial_negative_candidate,,,MN,Manipur,,25.459607009209318,94.08975636743807,,,,,,,,Point
NEG_MN_0031,0,negative,GADM_spatial_negative_candidate,,,MN,Manipur,,25.121317584601645,93.5437813302544,,,,,,,,Point
NEG_MN_0032,0,negative,GADM_spatial_negative_candidate,,,MN,Manipur,,24.9783516637405,93.91021678429804,,,,,,,,Point
NEG_MN_0033,0,negative,GADM_spatial_negative_candidate,,,MN,Manipur,,24.788247561691893,93.60033580311627,,,,,,,,Point
NEG_MN_0034,0,negative,GADM_spatial_negative_candidate,,,MN,Manipur,,24.51374006213954,93.54983143968028,,,,,,,,Point
NEG_MN_0035,0,negative,GADM_spatial_negative_candidate,,,MN,Manipur,,25.093025035284604,93.809296795346,,,,,,,,Point
NEG_MN_0036,0,negative,GADM_spatial_negative_candidate,,,MN,Manipur,,24.837986946419587,93.40106413879538,,,,,,,,Point
NEG_MN_0037,0,negative,GADM_spatial_negative_candidate,,,MN,Manipur,,24.727261539359443,93.54038375614364,,,,,,,,Point
NEG_MN_0038,0,negative,GADM_spatial_negative_candidate,,,MN,Manipur,,24.012825303679588,93.76689495765594,,,,,,,,Point
NEG_MN_0039,0,negative,GADM_spatial_negative_candidate,,,MN,Manipur,,24.388282992512277,93.92107948451974,,,,,,,,Point
NEG_MN_0040,0,negative,GADM_spatial_negative_candidate,,,MN,Manipur,,24.82158932214048,94.43487455194695,,,,,,,,Point
NEG_MN_0041,0,negative,GADM_spatial_negative_candidate,,,MN,Manipur,,24.82040012139429,93.27970596042782,,,,,,,,Point
NEG_MN_0042,0,negative,GADM_spatial_negative_candidate,,,MN,Manipur,,24.854143104032463,94.0828166979614,,,,,,,,Point
NEG_MN_0043,0,negative,GADM_spatial_negative_candidate,,,MN,Manipur,,25.101730416397068,93.99148441743229,,,,,,,,Point
NEG_MN_0044,0,negative,GADM_spatial_negative_candidate,,,MN,Manipur,,25.578688827529664,94.51849711039316,,,,,,,,Point
NEG_MN_0045,0,negative,GADM_spatial_negative_candidate,,,MN,Manipur,,24.012909137725078,94.12709565547294,,,,,,,,Point
NEG_MN_0046,0,negative,GADM_spatial_negative_candidate,,,MN,Manipur,,24.021486597708126,93.54272194522167,,,,,,,,Point
NEG_MN_0047,0,negative,GADM_spatial_negative_candidate,,,MN,Manipur,,24.489394523426178,93.22809842204997,,,,,,,,Point
NEG_MN_0048,0,negative,GADM_spatial_negative_candidate,,,MN,Manipur,,24.652681501748383,93.83020039051017,,,,,,,,Point
NEG_MN_0049,0,negative,GADM_spatial_negative_candidate,,,MN,Manipur,,24.701057718187748,94.0974874649564,,,,,,,,Point
NEG_MN_0050,0,negative,GADM_spatial_negative_candidate,,,MN,Manipur,,24.65154085550454,94.27783105094954,,,,,,,,Point
NEG_MN_0051,0,negative,GADM_spatial_negative_candidate,,,MN,Manipur,,24.28450451199258,93.27486509905467,,,,,,,,Point
NEG_MN_0052,0,negative,GADM_spatial_negative_candidate,,,MN,Manipur,,24.757124485340043,94.08956759487178,,,,,,,,Point
NEG_MN_0053,0,negative,GADM_spatial_negative_candidate,,,MN,Manipur,,24.644900398263744,93.3814692351747,,,,,,,,Point
NEG_MN_0054,0,negative,GADM_spatial_negative_candidate,,,MN,Manipur,,24.936350757245023,93.9168741267347,,,,,,,,Point
NEG_MN_0055,0,negative,GADM_spatial_negative_candidate,,,MN,Manipur,,24.93401360905776,93.66231269130455,,,,,,,,Point
NEG_MN_0056,0,negative,GADM_spatial_negative_candidate,,,MN,Manipur,,25.53378886265032,94.04004047353511,,,,,,,,Point
NEG_MN_0057,0,negative,GADM_spatial_negative_candidate,,,MN,Manipur,,24.221877868225516,94.04689838157958,,,,,,,,Point
NEG_MN_0058,0,negative,GADM_spatial_negative_candidate,,,MN,Manipur,,25.340980904600684,93.70012612041424,,,,,,,,Point
NEG_MN_0059,0,negative,GADM_spatial_negative_candidate,,,MN,Manipur,,24.57463809947753,93.54220122219193,,,,,,,,Point
NEG_MN_0060,0,negative,GADM_spatial_negative_candidate,,,MN,Manipur,,25.121560396005545,93.4770527328952,,,,,,,,Point
NEG_MN_0061,0,negative,GADM_spatial_negative_candidate,,,MN,Manipur,,24.277294393543034,93.58053561787685,,,,,,,,Point
NEG_MN_0062,0,negative,GADM_spatial_negative_candidate,,,MN,Manipur,,25.34522654578432,93.86371890641877,,,,,,,,Point
NEG_MN_0063,0,negative,GADM_spatial_negative_candidate,,,MN,Manipur,,24.546928132021637,93.49195701291703,,,,,,,,Point
NEG_MN_0064,0,negative,GADM_spatial_negative_candidate,,,MN,Manipur,,24.22805056277315,93.22189618272846,,,,,,,,Point
NEG_MN_0065,0,negative,GADM_spatial_negative_candidate,,,MN,Manipur,,24.73603675341835,93.98401380825348,,,,,,,,Point
NEG_MN_0066,0,negative,GADM_spatial_negative_candidate,,,MN,Manipur,,24.032797733176253,94.1186866537754,,,,,,,,Point
NEG_MN_0067,0,negative,GADM_spatial_negative_candidate,,,MN,Manipur,,23.909466480017088,94.05947156987455,,,,,,,,Point
NEG_MN_0068,0,negative,GADM_spatial_negative_candidate,,,MN,Manipur,,24.816616916202808,93.38667977959436,,,,,,,,Point
NEG_MN_0069,0,negative,GADM_spatial_negative_candidate,,,MN,Manipur,,25.39152361500502,94.27303557092463,,,,,,,,Point
NEG_MN_0070,0,negative,GADM_spatial_negative_candidate,,,MN,Manipur,,24.910578516145122,93.9038770356809,,,,,,,,Point
NEG_MN_0071,0,negative,GADM_spatial_negative_candidate,,,MN,Manipur,,24.056622113885798,93.74085582246705,,,,,,,,Point
NEG_MN_0072,0,negative,GADM_spatial_negative_candidate,,,MN,Manipur,,25.18707643753586,94.1410343318758,,,,,,,,Point
NEG_MN_0073,0,negative,GADM_spatial_negative_candidate,,,MN,Manipur,,25.05449830271944,93.46687059755524,,,,,,,,Point
NEG_MN_0074,0,negative,GADM_spatial_negative_candidate,,,MN,Manipur,,24.10504561551121,93.3157964615986,,,,,,,,Point
NEG_MN_0075,0,negative,GADM_spatial_negative_candidate,,,MN,Manipur,,25.301460881907122,93.8495379731072,,,,,,,,Point
NEG_MN_0076,0,negative,GADM_spatial_negative_candidate,,,MN,Manipur,,25.29938025677746,93.89953673873816,,,,,,,,Point
NEG_MN_0077,0,negative,GADM_spatial_negative_candidate,,,MN,Manipur,,24.44366584354329,94.12572683601611,,,,,,,,Point
NEG_MN_0078,0,negative,GADM_spatial_negative_candidate,,,MN,Manipur,,24.987786230760342,93.54740430921433,,,,,,,,Point
NEG_MN_0079,0,negative,GADM_spatial_negative_candidate,,,MN,Manipur,,25.403304707040878,94.61303296022392,,,,,,,,Point
NEG_MN_0080,0,negative,GADM_spatial_negative_candidate,,,MN,Manipur,,24.96298706141936,93.47297839347817,,,,,,,,Point
NEG_MN_0081,0,negative,GADM_spatial_negative_candidate,,,MN,Manipur,,25.284145225385462,93.70188538756788,,,,,,,,Point
NEG_MN_0082,0,negative,GADM_spatial_negative_candidate,,,MN,Manipur,,24.097576738529266,93.03680363255717,,,,,,,,Point
NEG_MN_0083,0,negative,GADM_spatial_negative_candidate,,,MN,Manipur,,24.990717368232037,93.28053832477704,,,,,,,,Point
NEG_MN_0084,0,negative,GADM_spatial_negative_candidate,,,MN,Manipur,,24.48529814647118,93.74556183335058,,,,,,,,Point
NEG_MN_0085,0,negative,GADM_spatial_negative_candidate,,,MN,Manipur,,25.134888013618617,93.51854674000772,,,,,,,,Point
NEG_MN_0086,0,negative,GADM_spatial_negative_candidate,,,MN,Manipur,,25.084298762992105,93.88955876979504,,,,,,,,Point
NEG_MN_0087,0,negative,GADM_spatial_negative_candidate,,,MN,Manipur,,24.290476909761722,93.14847835068238,,,,,,,,Point
NEG_MN_0088,0,negative,GADM_spatial_negative_candidate,,,MN,Manipur,,25.40477522166452,94.30057635426597,,,,,,,,Point
NEG_MN_0089,0,negative,GADM_spatial_negative_candidate,,,MN,Manipur,,25.00533076749511,93.27501611176606,,,,,,,,Point
NEG_MN_0090,0,negative,GADM_spatial_negative_candidate,,,MN,Manipur,,24.135724922040396,93.8489780472434,,,,,,,,Point
NEG_MN_0091,0,negative,GADM_spatial_negative_candidate,,,MN,Manipur,,25.06280774326702,93.36725471378337,,,,,,,,Point
NEG_MN_0092,0,negative,GADM_spatial_negative_candidate,,,MN,Manipur,,23.94196010448485,93.98621076356669,,,,,,,,Point
NEG_MN_0093,0,negative,GADM_spatial_negative_candidate,,,MN,Manipur,,24.419910182788797,93.09135751852033,,,,,,,,Point
NEG_MN_0094,0,negative,GADM_spatial_negative_candidate,,,MN,Manipur,,24.632001794003223,93.83228197323109,,,,,,,,Point
NEG_MN_0095,0,negative,GADM_spatial_negative_candidate,,,MN,Manipur,,24.3415598050572,94.1184416346491,,,,,,,,Point
NEG_MN_0096,0,negative,GADM_spatial_negative_candidate,,,MN,Manipur,,24.636071811924126,93.17458100544413,,,,,,,,Point
NEG_MN_0097,0,negative,GADM_spatial_negative_candidate,,,MN,Manipur,,24.39434884081507,93.96971038639002,,,,,,,,Point
NEG_MN_0098,0,negative,GADM_spatial_negative_candidate,,,MN,Manipur,,25.014934554919154,94.23874591700428,,,,,,,,Point
NEG_MN_0099,0,negative,GADM_spatial_negative_candidate,,,MN,Manipur,,24.080320675572683,94.2422041690412,,,,,,,,Point
NEG_MN_0100,0,negative,GADM_spatial_negative_candidate,,,MN,Manipur,,25.224804852580128,94.13579121721288,,,,,,,,Point
NEG_MN_0101,0,negative,GADM_spatial_negative_candidate,,,MN,Manipur,,24.13195392476465,94.1080014312528,,,,,,,,Point
NEG_MN_0102,0,negative,GADM_spatial_negative_candidate,,,MN,Manipur,,24.929547686077477,94.37868648523614,,,,,,,,Point
NEG_MN_0103,0,negative,GADM_spatial_negative_candidate,,,MN,Manipur,,25.087331143843638,94.1059652627961,,,,,,,,Point
NEG_MN_0104,0,negative,GADM_spatial_negative_candidate,,,MN,Manipur,,24.468726940953378,93.93368563642368,,,,,,,,Point
NEG_MN_0105,0,negative,GADM_spatial_negative_candidate,,,MN,Manipur,,25.24489400902425,93.71501891802255,,,,,,,,Point
NEG_MN_0106,0,negative,GADM_spatial_negative_candidate,,,MN,Manipur,,25.238768968843686,93.49606546938111,,,,,,,,Point
NEG_MN_0107,0,negative,GADM_spatial_negative_candidate,,,MN,Manipur,,25.080847646238713,94.10130264939832,,,,,,,,Point
NEG_MN_0108,0,negative,GADM_spatial_negative_candidate,,,MN,Manipur,,24.308923712582438,93.52269100193625,,,,,,,,Point
NEG_MN_0109,0,negative,GADM_spatial_negative_candidate,,,MN,Manipur,,24.82644329289791,93.48690732092734,,,,,,,,Point
NEG_MN_0110,0,negative,GADM_spatial_negative_candidate,,,MN,Manipur,,24.988199988802865,93.78616760437214,,,,,,,,Point
NEG_MN_0111,0,negative,GADM_spatial_negative_candidate,,,MN,Manipur,,24.717355682083458,94.43548834047591,,,,,,,,Point
NEG_MN_0112,0,negative,GADM_spatial_negative_candidate,,,MN,Manipur,,24.16667342987219,94.0775271731892,,,,,,,,Point
NEG_MN_0113,0,negative,GADM_spatial_negative_candidate,,,MN,Manipur,,24.707982405736164,93.82677478290549,,,,,,,,Point
NEG_MN_0114,0,negative,GADM_spatial_negative_candidate,,,MN,Manipur,,24.654316401223277,94.45142240286786,,,,,,,,Point
NEG_MN_0115,0,negative,GADM_spatial_negative_candidate,,,MN,Manipur,,25.07970149275767,93.34146856767956,,,,,,,,Point
NEG_MN_0116,0,negative,GADM_spatial_negative_candidate,,,MN,Manipur,,24.25231319311921,93.34986648273915,,,,,,,,Point
NEG_MN_0117,0,negative,GADM_spatial_negative_candidate,,,MN,Manipur,,25.417024279510894,94.62175317747068,,,,,,,,Point
NEG_MN_0118,0,negative,GADM_spatial_negative_candidate,,,MN,Manipur,,25.140921738292672,94.37707081239661,,,,,,,,Point
NEG_MN_0119,0,negative,GADM_spatial_negative_candidate,,,MN,Manipur,,24.46616191250356,93.07760852448125,,,,,,,,Point
NEG_MN_0120,0,negative,GADM_spatial_negative_candidate,,,MN,Manipur,,24.697237128336702,93.57585619586354,,,,,,,,Point
NEG_MN_0121,0,negative,GADM_spatial_negative_candidate,,,MN,Manipur,,24.806902792296157,93.56400350946222,,,,,,,,Point
NEG_MN_0122,0,negative,GADM_spatial_negative_candidate,,,MN,Manipur,,24.033790002038504,94.17326914115337,,,,,,,,Point
NEG_MN_0123,0,negative,GADM_spatial_negative_candidate,,,MN,Manipur,,24.630623368700217,93.80571797367143,,,,,,,,Point
NEG_MN_0124,0,negative,GADM_spatial_negative_candidate,,,MN,Manipur,,24.736965895597656,93.54850294501692,,,,,,,,Point
NEG_MN_0125,0,negative,GADM_spatial_negative_candidate,,,MN,Manipur,,24.624369666664304,93.64763178479767,,,,,,,,Point
NEG_MN_0126,0,negative,GADM_spatial_negative_candidate,,,MN,Manipur,,24.683199793124743,94.13283917320058,,,,,,,,Point
NEG_MN_0127,0,negative,GADM_spatial_negative_candidate,,,MN,Manipur,,25.19632756302267,94.33803070868352,,,,,,,,Point
NEG_MN_0128,0,negative,GADM_spatial_negative_candidate,,,MN,Manipur,,24.681986282016616,94.45619824266552,,,,,,,,Point
NEG_MN_0129,0,negative,GADM_spatial_negative_candidate,,,MN,Manipur,,25.415276802251988,93.95759034630186,,,,,,,,Point
NEG_MN_0130,0,negative,GADM_spatial_negative_candidate,,,MN,Manipur,,24.54733878904931,93.60571563497946,,,,,,,,Point
NEG_MN_0131,0,negative,GADM_spatial_negative_candidate,,,MN,Manipur,,24.121204412459697,93.5614826464071,,,,,,,,Point
NEG_ML_0001,0,negative,GADM_spatial_negative_candidate,,,ML,Meghalaya,,25.19036546164723,90.43564605990831,,,,,,,,Point
NEG_ML_0002,0,negative,GADM_spatial_negative_candidate,,,ML,Meghalaya,,25.59760791726398,92.29345302151458,,,,,,,,Point
NEG_ML_0003,0,negative,GADM_spatial_negative_candidate,,,ML,Meghalaya,,25.53364797479162,91.58068717083383,,,,,,,,Point
NEG_ML_0004,0,negative,GADM_spatial_negative_candidate,,,ML,Meghalaya,,25.66035260511262,91.17005598725828,,,,,,,,Point
NEG_ML_0005,0,negative,GADM_spatial_negative_candidate,,,ML,Meghalaya,,25.288177972581597,90.0778366127352,,,,,,,,Point
NEG_ML_0006,0,negative,GADM_spatial_negative_candidate,,,ML,Meghalaya,,25.259765529872922,92.18697451860996,,,,,,,,Point
NEG_ML_0007,0,negative,GADM_spatial_negative_candidate,,,ML,Meghalaya,,25.502045185101956,92.41549962258645,,,,,,,,Point
NEG_ML_0008,0,negative,GADM_spatial_negative_candidate,,,ML,Meghalaya,,25.8412779357338,90.67381208539663,,,,,,,,Point
NEG_ML_0009,0,negative,GADM_spatial_negative_candidate,,,ML,Meghalaya,,25.431429932415693,90.57760954589865,,,,,,,,Point
NEG_ML_0010,0,negative,GADM_spatial_negative_candidate,,,ML,Meghalaya,,25.234786202015936,90.6573066705005,,,,,,,,Point
NEG_ML_0011,0,negative,GADM_spatial_negative_candidate,,,ML,Meghalaya,,25.514983535652377,90.82765625205127,,,,,,,,Point
NEG_ML_0012,0,negative,GADM_spatial_negative_candidate,,,ML,Meghalaya,,25.327615932345406,90.88365744168529,,,,,,,,Point
NEG_ML_0013,0,negative,GADM_spatial_negative_candidate,,,ML,Meghalaya,,25.27098234609577,91.20551940962132,,,,,,,,Point
NEG_ML_0014,0,negative,GADM_spatial_negative_candidate,,,ML,Meghalaya,,25.10397138350102,92.43456076354565,,,,,,,,Point
NEG_ML_0015,0,negative,GADM_spatial_negative_candidate,,,ML,Meghalaya,,25.84216032919701,90.0674383388479,,,,,,,,Point
NEG_ML_0016,0,negative,GADM_spatial_negative_candidate,,,ML,Meghalaya,,25.50377688402763,91.39529509870957,,,,,,,,Point
NEG_ML_0017,0,negative,GADM_spatial_negative_candidate,,,ML,Meghalaya,,25.380383799193027,90.55272364927934,,,,,,,,Point
NEG_ML_0018,0,negative,GADM_spatial_negative_candidate,,,ML,Meghalaya,,25.153249309487325,92.5768572549521,,,,,,,,Point
NEG_ML_0019,0,negative,GADM_spatial_negative_candidate,,,ML,Meghalaya,,25.796499780959643,91.58887042454731,,,,,,,,Point
NEG_ML_0020,0,negative,GADM_spatial_negative_candidate,,,ML,Meghalaya,,25.38633025634356,92.66504625987773,,,,,,,,Point
NEG_ML_0021,0,negative,GADM_spatial_negative_candidate,,,ML,Meghalaya,,25.241070467571255,90.09560023132697,,,,,,,,Point
NEG_ML_0022,0,negative,GADM_spatial_negative_candidate,,,ML,Meghalaya,,25.28019431163162,90.35312539023413,,,,,,,,Point
NEG_ML_0023,0,negative,GADM_spatial_negative_candidate,,,ML,Meghalaya,,25.612966550644497,91.05711439454664,,,,,,,,Point
NEG_ML_0024,0,negative,GADM_spatial_negative_candidate,,,ML,Meghalaya,,25.920655083815202,91.91017110307132,,,,,,,,Point
NEG_ML_0025,0,negative,GADM_spatial_negative_candidate,,,ML,Meghalaya,,25.5467910019143,92.2509488290717,,,,,,,,Point
NEG_ML_0026,0,negative,GADM_spatial_negative_candidate,,,ML,Meghalaya,,25.348852118701558,92.10830078357885,,,,,,,,Point
NEG_ML_0027,0,negative,GADM_spatial_negative_candidate,,,ML,Meghalaya,,25.333520929901024,91.14921278738525,,,,,,,,Point
NEG_ML_0028,0,negative,GADM_spatial_negative_candidate,,,ML,Meghalaya,,25.283898741782885,91.59385719871597,,,,,,,,Point
NEG_ML_0029,0,negative,GADM_spatial_negative_candidate,,,ML,Meghalaya,,25.786166341340024,91.05785287932824,,,,,,,,Point
NEG_ML_0030,0,negative,GADM_spatial_negative_candidate,,,ML,Meghalaya,,25.453354469853195,92.09648432495139,,,,,,,,Point
NEG_ML_0031,0,negative,GADM_spatial_negative_candidate,,,ML,Meghalaya,,25.575519084743625,91.93510315221805,,,,,,,,Point
NEG_ML_0032,0,negative,GADM_spatial_negative_candidate,,,ML,Meghalaya,,25.352934999828452,90.37771609733707,,,,,,,,Point
NEG_ML_0033,0,negative,GADM_spatial_negative_candidate,,,ML,Meghalaya,,25.624517702473064,90.59233441802137,,,,,,,,Point
NEG_ML_0034,0,negative,GADM_spatial_negative_candidate,,,ML,Meghalaya,,25.229088896975544,92.51122033112784,,,,,,,,Point
NEG_ML_0035,0,negative,GADM_spatial_negative_candidate,,,ML,Meghalaya,,25.21401223934102,90.91700290923322,,,,,,,,Point
NEG_ML_0036,0,negative,GADM_spatial_negative_candidate,,,ML,Meghalaya,,25.842924818157616,91.70956584386096,,,,,,,,Point
NEG_ML_0037,0,negative,GADM_spatial_negative_candidate,,,ML,Meghalaya,,25.924986045658958,90.4937475194799,,,,,,,,Point
NEG_ML_0038,0,negative,GADM_spatial_negative_candidate,,,ML,Meghalaya,,25.288085662436025,91.64979844748306,,,,,,,,Point
NEG_ML_0039,0,negative,GADM_spatial_negative_candidate,,,ML,Meghalaya,,25.304431101863344,91.21995074683711,,,,,,,,Point
NEG_ML_0040,0,negative,GADM_spatial_negative_candidate,,,ML,Meghalaya,,25.96075007736307,91.97411766871495,,,,,,,,Point
NEG_ML_0041,0,negative,GADM_spatial_negative_candidate,,,ML,Meghalaya,,25.289195509654594,92.74789472107581,,,,,,,,Point
NEG_ML_0042,0,negative,GADM_spatial_negative_candidate,,,ML,Meghalaya,,25.755724461388684,90.95178131208348,,,,,,,,Point
NEG_ML_0043,0,negative,GADM_spatial_negative_candidate,,,ML,Meghalaya,,25.833452330584397,90.00560896957187,,,,,,,,Point
NEG_ML_0044,0,negative,GADM_spatial_negative_candidate,,,ML,Meghalaya,,25.382336294464746,90.52339445398417,,,,,,,,Point
NEG_ML_0045,0,negative,GADM_spatial_negative_candidate,,,ML,Meghalaya,,25.664150470841314,90.56808047315889,,,,,,,,Point
NEG_ML_0046,0,negative,GADM_spatial_negative_candidate,,,ML,Meghalaya,,25.847318381411284,91.51464474194688,,,,,,,,Point
NEG_ML_0047,0,negative,GADM_spatial_negative_candidate,,,ML,Meghalaya,,25.664333749827072,90.00197412218904,,,,,,,,Point
NEG_ML_0048,0,negative,GADM_spatial_negative_candidate,,,ML,Meghalaya,,25.696623987822186,92.09061261015879,,,,,,,,Point
NEG_ML_0049,0,negative,GADM_spatial_negative_candidate,,,ML,Meghalaya,,25.627955376260676,90.96973631507525,,,,,,,,Point
NEG_ML_0050,0,negative,GADM_spatial_negative_candidate,,,ML,Meghalaya,,25.50686385761633,90.70579865301335,,,,,,,,Point
NEG_ML_0051,0,negative,GADM_spatial_negative_candidate,,,ML,Meghalaya,,25.561666843930293,89.99889149571106,,,,,,,,Point
NEG_ML_0052,0,negative,GADM_spatial_negative_candidate,,,ML,Meghalaya,,25.42066590836646,90.94527125780553,,,,,,,,Point
NEG_ML_0053,0,negative,GADM_spatial_negative_candidate,,,ML,Meghalaya,,25.788731567039154,90.94535020617062,,,,,,,,Point
NEG_ML_0054,0,negative,GADM_spatial_negative_candidate,,,ML,Meghalaya,,25.600178185051107,90.81709586064669,,,,,,,,Point
NEG_ML_0055,0,negative,GADM_spatial_negative_candidate,,,ML,Meghalaya,,25.206631111922984,92.15870981397194,,,,,,,,Point
NEG_ML_0056,0,negative,GADM_spatial_negative_candidate,,,ML,Meghalaya,,25.985872460696402,90.33971742476653,,,,,,,,Point
NEG_ML_0057,0,negative,GADM_spatial_negative_candidate,,,ML,Meghalaya,,25.773303824040926,90.3320771898168,,,,,,,,Point
NEG_ML_0058,0,negative,GADM_spatial_negative_candidate,,,ML,Meghalaya,,25.444170422934615,91.05258091626766,,,,,,,,Point
NEG_ML_0059,0,negative,GADM_spatial_negative_candidate,,,ML,Meghalaya,,25.463958687488002,92.29592930574952,,,,,,,,Point
NEG_ML_0060,0,negative,GADM_spatial_negative_candidate,,,ML,Meghalaya,,25.783422798755442,90.12790785513258,,,,,,,,Point
NEG_ML_0061,0,negative,GADM_spatial_negative_candidate,,,ML,Meghalaya,,25.40939538625153,91.21545204181574,,,,,,,,Point
NEG_ML_0062,0,negative,GADM_spatial_negative_candidate,,,ML,Meghalaya,,25.76071079577487,92.11408951841837,,,,,,,,Point
NEG_ML_0063,0,negative,GADM_spatial_negative_candidate,,,ML,Meghalaya,,25.415761754953063,91.43909772871292,,,,,,,,Point
NEG_ML_0064,0,negative,GADM_spatial_negative_candidate,,,ML,Meghalaya,,25.263434657166844,92.68325715489898,,,,,,,,Point
NEG_ML_0065,0,negative,GADM_spatial_negative_candidate,,,ML,Meghalaya,,25.42411067939653,92.5502971893499,,,,,,,,Point
NEG_ML_0066,0,negative,GADM_spatial_negative_candidate,,,ML,Meghalaya,,25.357770660738936,92.25006875238742,,,,,,,,Point
NEG_ML_0067,0,negative,GADM_spatial_negative_candidate,,,ML,Meghalaya,,25.824133141284186,90.45574395575602,,,,,,,,Point
NEG_ML_0068,0,negative,GADM_spatial_negative_candidate,,,ML,Meghalaya,,25.470587098531126,89.9505290032065,,,,,,,,Point
NEG_ML_0069,0,negative,GADM_spatial_negative_candidate,,,ML,Meghalaya,,25.977327220024005,91.84004630924264,,,,,,,,Point
NEG_ML_0070,0,negative,GADM_spatial_negative_candidate,,,ML,Meghalaya,,25.505964091117818,91.53059674459057,,,,,,,,Point
NEG_ML_0071,0,negative,GADM_spatial_negative_candidate,,,ML,Meghalaya,,25.971802736022685,90.49266042966865,,,,,,,,Point
NEG_ML_0072,0,negative,GADM_spatial_negative_candidate,,,ML,Meghalaya,,25.830973750807033,91.92007608999062,,,,,,,,Point
NEG_ML_0073,0,negative,GADM_spatial_negative_candidate,,,ML,Meghalaya,,25.2966011310811,91.23850753470748,,,,,,,,Point
NEG_ML_0074,0,negative,GADM_spatial_negative_candidate,,,ML,Meghalaya,,25.52884575421145,90.60226980925226,,,,,,,,Point
NEG_ML_0075,0,negative,GADM_spatial_negative_candidate,,,ML,Meghalaya,,25.421130044664718,90.98170643267817,,,,,,,,Point
NEG_ML_0076,0,negative,GADM_spatial_negative_candidate,,,ML,Meghalaya,,25.515842395235655,92.42051745949186,,,,,,,,Point
NEG_ML_0077,0,negative,GADM_spatial_negative_candidate,,,ML,Meghalaya,,25.32212632459383,91.2366034032156,,,,,,,,Point
NEG_ML_0078,0,negative,GADM_spatial_negative_candidate,,,ML,Meghalaya,,25.230819865615263,92.78018356747549,,,,,,,,Point
NEG_ML_0079,0,negative,GADM_spatial_negative_candidate,,,ML,Meghalaya,,25.44029646848474,90.96031437887655,,,,,,,,Point
NEG_ML_0080,0,negative,GADM_spatial_negative_candidate,,,ML,Meghalaya,,25.386130836468954,92.16517645367747,,,,,,,,Point
NEG_ML_0081,0,negative,GADM_spatial_negative_candidate,,,ML,Meghalaya,,25.703631725974645,91.40637836713147,,,,,,,,Point
NEG_ML_0082,0,negative,GADM_spatial_negative_candidate,,,ML,Meghalaya,,25.714189855995123,91.66196243971697,,,,,,,,Point
NEG_ML_0083,0,negative,GADM_spatial_negative_candidate,,,ML,Meghalaya,,25.598812474687723,92.52853238039343,,,,,,,,Point
NEG_ML_0084,0,negative,GADM_spatial_negative_candidate,,,ML,Meghalaya,,25.266354396908145,92.70066914073905,,,,,,,,Point
NEG_ML_0085,0,negative,GADM_spatial_negative_candidate,,,ML,Meghalaya,,25.822266852423684,90.27669793732994,,,,,,,,Point
NEG_ML_0086,0,negative,GADM_spatial_negative_candidate,,,ML,Meghalaya,,25.312372552015336,90.54310549929902,,,,,,,,Point
NEG_ML_0087,0,negative,GADM_spatial_negative_candidate,,,ML,Meghalaya,,25.51381434683901,90.24769085047997,,,,,,,,Point
NEG_ML_0088,0,negative,GADM_spatial_negative_candidate,,,ML,Meghalaya,,25.210470141861336,91.70082435560788,,,,,,,,Point
NEG_ML_0089,0,negative,GADM_spatial_negative_candidate,,,ML,Meghalaya,,25.78335267561708,90.77359193202771,,,,,,,,Point
NEG_ML_0090,0,negative,GADM_spatial_negative_candidate,,,ML,Meghalaya,,25.843840250930754,90.7290363444928,,,,,,,,Point
NEG_ML_0091,0,negative,GADM_spatial_negative_candidate,,,ML,Meghalaya,,25.297975357962404,91.22419250693639,,,,,,,,Point
NEG_ML_0092,0,negative,GADM_spatial_negative_candidate,,,ML,Meghalaya,,25.879757170640033,92.1343005227462,,,,,,,,Point
NEG_ML_0093,0,negative,GADM_spatial_negative_candidate,,,ML,Meghalaya,,25.423914728521613,91.51351411401401,,,,,,,,Point
NEG_ML_0094,0,negative,GADM_spatial_negative_candidate,,,ML,Meghalaya,,25.553158092326182,91.98562380114434,,,,,,,,Point
NEG_ML_0095,0,negative,GADM_spatial_negative_candidate,,,ML,Meghalaya,,25.916459575193887,90.16522164460895,,,,,,,,Point
NEG_ML_0096,0,negative,GADM_spatial_negative_candidate,,,ML,Meghalaya,,25.1935515250874,90.43890346073152,,,,,,,,Point
NEG_ML_0097,0,negative,GADM_spatial_negative_candidate,,,ML,Meghalaya,,25.228228346759014,90.40828727926628,,,,,,,,Point
NEG_ML_0098,0,negative,GADM_spatial_negative_candidate,,,ML,Meghalaya,,25.856461048833506,92.16381481329239,,,,,,,,Point
NEG_ML_0099,0,negative,GADM_spatial_negative_candidate,,,ML,Meghalaya,,25.73566287764475,91.31749078991115,,,,,,,,Point
NEG_ML_0100,0,negative,GADM_spatial_negative_candidate,,,ML,Meghalaya,,25.649552999895384,91.21812612175505,,,,,,,,Point
NEG_ML_0101,0,negative,GADM_spatial_negative_candidate,,,ML,Meghalaya,,25.879019731600373,90.31972776181306,,,,,,,,Point
NEG_ML_0102,0,negative,GADM_spatial_negative_candidate,,,ML,Meghalaya,,25.418277179293018,91.70493808488193,,,,,,,,Point
NEG_ML_0103,0,negative,GADM_spatial_negative_candidate,,,ML,Meghalaya,,25.858898480022148,91.73069903681241,,,,,,,,Point
NEG_ML_0104,0,negative,GADM_spatial_negative_candidate,,,ML,Meghalaya,,25.5331042739023,90.3929251667251,,,,,,,,Point
NEG_ML_0105,0,negative,GADM_spatial_negative_candidate,,,ML,Meghalaya,,25.90417901738558,92.15899764866077,,,,,,,,Point
NEG_ML_0106,0,negative,GADM_spatial_negative_candidate,,,ML,Meghalaya,,25.17354373582342,90.86596797014836,,,,,,,,Point
NEG_ML_0107,0,negative,GADM_spatial_negative_candidate,,,ML,Meghalaya,,25.385949368873945,90.23327568810896,,,,,,,,Point
NEG_ML_0108,0,negative,GADM_spatial_negative_candidate,,,ML,Meghalaya,,25.29183699036739,92.36263696498152,,,,,,,,Point
NEG_ML_0109,0,negative,GADM_spatial_negative_candidate,,,ML,Meghalaya,,25.570120586575513,91.1546342049394,,,,,,,,Point
NEG_ML_0110,0,negative,GADM_spatial_negative_candidate,,,ML,Meghalaya,,25.784794539963663,90.81778115660501,,,,,,,,Point
NEG_ML_0111,0,negative,GADM_spatial_negative_candidate,,,ML,Meghalaya,,25.22321245349776,90.97162315370589,,,,,,,,Point
NEG_ML_0112,0,negative,GADM_spatial_negative_candidate,,,ML,Meghalaya,,25.62728382924198,91.92902689871356,,,,,,,,Point
NEG_ML_0113,0,negative,GADM_spatial_negative_candidate,,,ML,Meghalaya,,25.742906687552804,90.19842565243393,,,,,,,,Point
NEG_ML_0114,0,negative,GADM_spatial_negative_candidate,,,ML,Meghalaya,,25.26283085988959,91.21447986134064,,,,,,,,Point
NEG_ML_0115,0,negative,GADM_spatial_negative_candidate,,,ML,Meghalaya,,25.460087789266346,89.95916413014302,,,,,,,,Point
NEG_ML_0116,0,negative,GADM_spatial_negative_candidate,,,ML,Meghalaya,,25.407677702493043,92.53173881799792,,,,,,,,Point
NEG_ML_0117,0,negative,GADM_spatial_negative_candidate,,,ML,Meghalaya,,25.85929514750492,91.79476917512055,,,,,,,,Point
NEG_ML_0118,0,negative,GADM_spatial_negative_candidate,,,ML,Meghalaya,,25.657703785681438,91.88595965350723,,,,,,,,Point
NEG_ML_0119,0,negative,GADM_spatial_negative_candidate,,,ML,Meghalaya,,25.885729345909922,90.8275240774843,,,,,,,,Point
NEG_ML_0120,0,negative,GADM_spatial_negative_candidate,,,ML,Meghalaya,,25.958999191017373,91.55781952623651,,,,,,,,Point
NEG_ML_0121,0,negative,GADM_spatial_negative_candidate,,,ML,Meghalaya,,25.50649639307149,90.33751290548022,,,,,,,,Point
NEG_ML_0122,0,negative,GADM_spatial_negative_candidate,,,ML,Meghalaya,,25.587447403285164,90.31684555858803,,,,,,,,Point
NEG_ML_0123,0,negative,GADM_spatial_negative_candidate,,,ML,Meghalaya,,25.515009940007708,92.5096672866543,,,,,,,,Point
NEG_ML_0124,0,negative,GADM_spatial_negative_candidate,,,ML,Meghalaya,,25.916058668570038,90.09924496401662,,,,,,,,Point
NEG_ML_0125,0,negative,GADM_spatial_negative_candidate,,,ML,Meghalaya,,25.226678752172365,92.79309215858491,,,,,,,,Point
NEG_ML_0126,0,negative,GADM_spatial_negative_candidate,,,ML,Meghalaya,,25.348082837347274,91.33343893410907,,,,,,,,Point
NEG_ML_0127,0,negative,GADM_spatial_negative_candidate,,,ML,Meghalaya,,25.246546902117956,92.2967158174593,,,,,,,,Point
NEG_ML_0128,0,negative,GADM_spatial_negative_candidate,,,ML,Meghalaya,,25.151533099165768,91.73849108062194,,,,,,,,Point
NEG_ML_0129,0,negative,GADM_spatial_negative_candidate,,,ML,Meghalaya,,25.76984352147424,91.1139348080364,,,,,,,,Point
NEG_ML_0130,0,negative,GADM_spatial_negative_candidate,,,ML,Meghalaya,,25.09956554506761,92.26523484724791,,,,,,,,Point
NEG_ML_0131,0,negative,GADM_spatial_negative_candidate,,,ML,Meghalaya,,25.28810800070497,90.82771464190665,,,,,,,,Point
NEG_ML_0132,0,negative,GADM_spatial_negative_candidate,,,ML,Meghalaya,,25.310413660991387,91.04622032318721,,,,,,,,Point
NEG_ML_0133,0,negative,GADM_spatial_negative_candidate,,,ML,Meghalaya,,25.251569520074888,91.60836093375868,,,,,,,,Point
NEG_ML_0134,0,negative,GADM_spatial_negative_candidate,,,ML,Meghalaya,,25.63873963817036,91.51525898104632,,,,,,,,Point
NEG_ML_0135,0,negative,GADM_spatial_negative_candidate,,,ML,Meghalaya,,25.378321627338163,90.04592789542063,,,,,,,,Point
NEG_ML_0136,0,negative,GADM_spatial_negative_candidate,,,ML,Meghalaya,,25.19783748848698,91.8523035109317,,,,,,,,Point
NEG_ML_0137,0,negative,GADM_spatial_negative_candidate,,,ML,Meghalaya,,25.65830310615765,91.47421673412931,,,,,,,,Point
NEG_ML_0138,0,negative,GADM_spatial_negative_candidate,,,ML,Meghalaya,,25.650251238352517,92.15402032696124,,,,,,,,Point
NEG_ML_0139,0,negative,GADM_spatial_negative_candidate,,,ML,Meghalaya,,25.659667800925185,91.89541723719806,,,,,,,,Point
NEG_ML_0140,0,negative,GADM_spatial_negative_candidate,,,ML,Meghalaya,,25.97633775294067,91.79150826838095,,,,,,,,Point
NEG_ML_0141,0,negative,GADM_spatial_negative_candidate,,,ML,Meghalaya,,25.203929273454946,91.84699603375871,,,,,,,,Point
NEG_ML_0142,0,negative,GADM_spatial_negative_candidate,,,ML,Meghalaya,,25.511657059968314,92.35019684065449,,,,,,,,Point
NEG_ML_0143,0,negative,GADM_spatial_negative_candidate,,,ML,Meghalaya,,25.610605377650423,92.04876501243584,,,,,,,,Point
NEG_ML_0144,0,negative,GADM_spatial_negative_candidate,,,ML,Meghalaya,,25.4702000102925,92.01987789713839,,,,,,,,Point
NEG_ML_0145,0,negative,GADM_spatial_negative_candidate,,,ML,Meghalaya,,25.341900963616332,89.83386937378233,,,,,,,,Point
NEG_ML_0146,0,negative,GADM_spatial_negative_candidate,,,ML,Meghalaya,,25.708093780334444,90.58705600426272,,,,,,,,Point
NEG_ML_0147,0,negative,GADM_spatial_negative_candidate,,,ML,Meghalaya,,25.722839206441662,91.86146453824269,,,,,,,,Point
NEG_ML_0148,0,negative,GADM_spatial_negative_candidate,,,ML,Meghalaya,,25.741646709573033,92.39557738551756,,,,,,,,Point
NEG_ML_0149,0,negative,GADM_spatial_negative_candidate,,,ML,Meghalaya,,25.390876524612693,92.44822832915372,,,,,,,,Point
NEG_ML_0150,0,negative,GADM_spatial_negative_candidate,,,ML,Meghalaya,,25.6255249613905,90.71024686991129,,,,,,,,Point
NEG_ML_0151,0,negative,GADM_spatial_negative_candidate,,,ML,Meghalaya,,25.365068245950322,91.74868645157655,,,,,,,,Point
NEG_ML_0152,0,negative,GADM_spatial_negative_candidate,,,ML,Meghalaya,,25.564565064834294,90.39399861099183,,,,,,,,Point
NEG_ML_0153,0,negative,GADM_spatial_negative_candidate,,,ML,Meghalaya,,25.58607958652688,91.95011365772139,,,,,,,,Point
NEG_ML_0154,0,negative,GADM_spatial_negative_candidate,,,ML,Meghalaya,,25.687874753197438,92.25445225328457,,,,,,,,Point
NEG_ML_0155,0,negative,GADM_spatial_negative_candidate,,,ML,Meghalaya,,25.895514057962227,92.19352193346815,,,,,,,,Point
NEG_ML_0156,0,negative,GADM_spatial_negative_candidate,,,ML,Meghalaya,,25.51113551598041,91.80999093380537,,,,,,,,Point
NEG_ML_0157,0,negative,GADM_spatial_negative_candidate,,,ML,Meghalaya,,25.096588908279585,92.33798085219084,,,,,,,,Point
NEG_ML_0158,0,negative,GADM_spatial_negative_candidate,,,ML,Meghalaya,,25.507591928969738,89.93830663115338,,,,,,,,Point
NEG_ML_0159,0,negative,GADM_spatial_negative_candidate,,,ML,Meghalaya,,25.636930840266977,90.34014572270485,,,,,,,,Point
NEG_ML_0160,0,negative,GADM_spatial_negative_candidate,,,ML,Meghalaya,,25.542296270537243,90.39236695724644,,,,,,,,Point
NEG_ML_0161,0,negative,GADM_spatial_negative_candidate,,,ML,Meghalaya,,25.419397565272718,90.18033803403422,,,,,,,,Point
NEG_ML_0162,0,negative,GADM_spatial_negative_candidate,,,ML,Meghalaya,,25.680397103660145,90.58647386727158,,,,,,,,Point
NEG_ML_0163,0,negative,GADM_spatial_negative_candidate,,,ML,Meghalaya,,25.648566311537635,92.42204102370249,,,,,,,,Point
NEG_ML_0164,0,negative,GADM_spatial_negative_candidate,,,ML,Meghalaya,,25.725227224535928,91.66677865277896,,,,,,,,Point
NEG_ML_0165,0,negative,GADM_spatial_negative_candidate,,,ML,Meghalaya,,25.423777800786937,90.68370540853284,,,,,,,,Point
NEG_ML_0166,0,negative,GADM_spatial_negative_candidate,,,ML,Meghalaya,,25.206548016570864,91.10568690656189,,,,,,,,Point
NEG_ML_0167,0,negative,GADM_spatial_negative_candidate,,,ML,Meghalaya,,25.48454143125633,90.6772691995445,,,,,,,,Point
NEG_ML_0168,0,negative,GADM_spatial_negative_candidate,,,ML,Meghalaya,,25.843414171726618,90.8107747071197,,,,,,,,Point
NEG_ML_0169,0,negative,GADM_spatial_negative_candidate,,,ML,Meghalaya,,25.33330138417916,92.17325247824026,,,,,,,,Point
NEG_ML_0170,0,negative,GADM_spatial_negative_candidate,,,ML,Meghalaya,,25.390981168613063,91.86325516678642,,,,,,,,Point
NEG_ML_0171,0,negative,GADM_spatial_negative_candidate,,,ML,Meghalaya,,25.140138502790048,92.28300498917893,,,,,,,,Point
NEG_ML_0172,0,negative,GADM_spatial_negative_candidate,,,ML,Meghalaya,,25.385490009378277,91.80307585998213,,,,,,,,Point
NEG_ML_0173,0,negative,GADM_spatial_negative_candidate,,,ML,Meghalaya,,25.379485673968883,90.5425644242512,,,,,,,,Point
NEG_ML_0174,0,negative,GADM_spatial_negative_candidate,,,ML,Meghalaya,,25.651781279481433,91.52547772887905,,,,,,,,Point
NEG_ML_0175,0,negative,GADM_spatial_negative_candidate,,,ML,Meghalaya,,25.593710604328116,90.18777316441188,,,,,,,,Point
NEG_ML_0176,0,negative,GADM_spatial_negative_candidate,,,ML,Meghalaya,,25.673225576004295,92.18942490813487,,,,,,,,Point
NEG_ML_0177,0,negative,GADM_spatial_negative_candidate,,,ML,Meghalaya,,25.267393656115587,90.34135908798089,,,,,,,,Point
NEG_ML_0178,0,negative,GADM_spatial_negative_candidate,,,ML,Meghalaya,,25.27579623501797,92.17481007872529,,,,,,,,Point
NEG_ML_0179,0,negative,GADM_spatial_negative_candidate,,,ML,Meghalaya,,25.13374675998045,92.28344625184603,,,,,,,,Point
NEG_ML_0180,0,negative,GADM_spatial_negative_candidate,,,ML,Meghalaya,,25.3463869587346,92.40915167279219,,,,,,,,Point
NEG_ML_0181,0,negative,GADM_spatial_negative_candidate,,,ML,Meghalaya,,25.382425118909094,91.3154232683645,,,,,,,,Point
NEG_ML_0182,0,negative,GADM_spatial_negative_candidate,,,ML,Meghalaya,,25.25820588760794,90.36931907645676,,,,,,,,Point
NEG_ML_0183,0,negative,GADM_spatial_negative_candidate,,,ML,Meghalaya,,25.91782350292981,90.90057312147404,,,,,,,,Point
NEG_ML_0184,0,negative,GADM_spatial_negative_candidate,,,ML,Meghalaya,,25.44220249070413,91.11273523270157,,,,,,,,Point
NEG_ML_0185,0,negative,GADM_spatial_negative_candidate,,,ML,Meghalaya,,25.78336907328255,90.78066267564922,,,,,,,,Point
NEG_ML_0186,0,negative,GADM_spatial_negative_candidate,,,ML,Meghalaya,,25.344044443672963,90.9124244126081,,,,,,,,Point
NEG_ML_0187,0,negative,GADM_spatial_negative_candidate,,,ML,Meghalaya,,25.51489053066683,90.4957705151425,,,,,,,,Point
NEG_ML_0188,0,negative,GADM_spatial_negative_candidate,,,ML,Meghalaya,,25.24700199048522,90.95304616380515,,,,,,,,Point
NEG_ML_0189,0,negative,GADM_spatial_negative_candidate,,,ML,Meghalaya,,25.9481586160282,90.49857095009936,,,,,,,,Point
NEG_ML_0190,0,negative,GADM_spatial_negative_candidate,,,ML,Meghalaya,,25.510864371689653,91.6139575561074,,,,,,,,Point
NEG_ML_0191,0,negative,GADM_spatial_negative_candidate,,,ML,Meghalaya,,25.529493285196995,91.9363396711105,,,,,,,,Point
NEG_ML_0192,0,negative,GADM_spatial_negative_candidate,,,ML,Meghalaya,,25.21493971867984,90.82110367732271,,,,,,,,Point
NEG_ML_0193,0,negative,GADM_spatial_negative_candidate,,,ML,Meghalaya,,25.330148226139354,91.14975210707902,,,,,,,,Point
NEG_ML_0194,0,negative,GADM_spatial_negative_candidate,,,ML,Meghalaya,,25.95840670976268,91.94314605495654,,,,,,,,Point
NEG_ML_0195,0,negative,GADM_spatial_negative_candidate,,,ML,Meghalaya,,25.32763006310743,92.24288061443485,,,,,,,,Point
NEG_ML_0196,0,negative,GADM_spatial_negative_candidate,,,ML,Meghalaya,,25.17543454847121,91.54195531600035,,,,,,,,Point
NEG_ML_0197,0,negative,GADM_spatial_negative_candidate,,,ML,Meghalaya,,25.291665711846328,92.69657942834377,,,,,,,,Point
NEG_ML_0198,0,negative,GADM_spatial_negative_candidate,,,ML,Meghalaya,,25.82933355003665,92.15220288471303,,,,,,,,Point
NEG_ML_0199,0,negative,GADM_spatial_negative_candidate,,,ML,Meghalaya,,25.51616417152733,92.53486470857978,,,,,,,,Point
NEG_ML_0200,0,negative,GADM_spatial_negative_candidate,,,ML,Meghalaya,,25.401191227404436,92.6625776034881,,,,,,,,Point
NEG_ML_0201,0,negative,GADM_spatial_negative_candidate,,,ML,Meghalaya,,25.467000876389132,92.00482921710439,,,,,,,,Point
NEG_ML_0202,0,negative,GADM_spatial_negative_candidate,,,ML,Meghalaya,,25.351594897480314,92.56754761667833,,,,,,,,Point
NEG_ML_0203,0,negative,GADM_spatial_negative_candidate,,,ML,Meghalaya,,25.548877098682542,91.86339912674839,,,,,,,,Point
NEG_ML_0204,0,negative,GADM_spatial_negative_candidate,,,ML,Meghalaya,,25.60512087834405,91.72300754364511,,,,,,,,Point
NEG_ML_0205,0,negative,GADM_spatial_negative_candidate,,,ML,Meghalaya,,25.231026348298105,91.16276920255484,,,,,,,,Point
NEG_ML_0206,0,negative,GADM_spatial_negative_candidate,,,ML,Meghalaya,,25.466910013274003,91.72522114018459,,,,,,,,Point
NEG_ML_0207,0,negative,GADM_spatial_negative_candidate,,,ML,Meghalaya,,25.37555586520252,90.9905562869124,,,,,,,,Point
NEG_ML_0208,0,negative,GADM_spatial_negative_candidate,,,ML,Meghalaya,,25.554786365335982,91.38996449455622,,,,,,,,Point
NEG_ML_0209,0,negative,GADM_spatial_negative_candidate,,,ML,Meghalaya,,25.370570574872414,90.88457345482331,,,,,,,,Point
NEG_ML_0210,0,negative,GADM_spatial_negative_candidate,,,ML,Meghalaya,,25.52521597319955,91.29594606122055,,,,,,,,Point
NEG_ML_0211,0,negative,GADM_spatial_negative_candidate,,,ML,Meghalaya,,25.878094301038693,90.84647574170936,,,,,,,,Point
NEG_ML_0212,0,negative,GADM_spatial_negative_candidate,,,ML,Meghalaya,,25.57221597980768,92.05826780599376,,,,,,,,Point
NEG_ML_0213,0,negative,GADM_spatial_negative_candidate,,,ML,Meghalaya,,25.23442945947802,91.40368456240614,,,,,,,,Point
NEG_ML_0214,0,negative,GADM_spatial_negative_candidate,,,ML,Meghalaya,,25.34080444049454,91.35757899100939,,,,,,,,Point
NEG_ML_0215,0,negative,GADM_spatial_negative_candidate,,,ML,Meghalaya,,25.30369638916659,90.38209946886592,,,,,,,,Point
NEG_ML_0216,0,negative,GADM_spatial_negative_candidate,,,ML,Meghalaya,,25.936764427887205,90.28692014065317,,,,,,,,Point
NEG_ML_0217,0,negative,GADM_spatial_negative_candidate,,,ML,Meghalaya,,25.310794873413517,90.13952688777081,,,,,,,,Point
NEG_ML_0218,0,negative,GADM_spatial_negative_candidate,,,ML,Meghalaya,,25.242782238185235,90.50940374263182,,,,,,,,Point
NEG_ML_0219,0,negative,GADM_spatial_negative_candidate,,,ML,Meghalaya,,25.69141940490468,90.07351943587149,,,,,,,,Point
NEG_ML_0220,0,negative,GADM_spatial_negative_candidate,,,ML,Meghalaya,,26.014826658319272,91.89978421014948,,,,,,,,Point
NEG_ML_0221,0,negative,GADM_spatial_negative_candidate,,,ML,Meghalaya,,25.847686643506524,90.75490787694643,,,,,,,,Point
NEG_ML_0222,0,negative,GADM_spatial_negative_candidate,,,ML,Meghalaya,,25.27334470119987,91.59936063478399,,,,,,,,Point
NEG_ML_0223,0,negative,GADM_spatial_negative_candidate,,,ML,Meghalaya,,25.647212841871916,91.08281593343331,,,,,,,,Point
NEG_ML_0224,0,negative,GADM_spatial_negative_candidate,,,ML,Meghalaya,,25.584780931471407,91.91384296223673,,,,,,,,Point
NEG_ML_0225,0,negative,GADM_spatial_negative_candidate,,,ML,Meghalaya,,25.8672728376843,92.09487315536246,,,,,,,,Point
NEG_ML_0226,0,negative,GADM_spatial_negative_candidate,,,ML,Meghalaya,,25.92486247521727,90.34371392141122,,,,,,,,Point
NEG_ML_0227,0,negative,GADM_spatial_negative_candidate,,,ML,Meghalaya,,25.67251213570767,90.34628891167576,,,,,,,,Point
NEG_ML_0228,0,negative,GADM_spatial_negative_candidate,,,ML,Meghalaya,,25.858711131850225,92.02390793369557,,,,,,,,Point
NEG_ML_0229,0,negative,GADM_spatial_negative_candidate,,,ML,Meghalaya,,25.839382754648717,90.34095034582471,,,,,,,,Point
NEG_ML_0230,0,negative,GADM_spatial_negative_candidate,,,ML,Meghalaya,,25.814609486202663,91.16426314097669,,,,,,,,Point
NEG_ML_0231,0,negative,GADM_spatial_negative_candidate,,,ML,Meghalaya,,25.497094583148794,91.29553076815573,,,,,,,,Point
NEG_ML_0232,0,negative,GADM_spatial_negative_candidate,,,ML,Meghalaya,,25.652275335417844,91.8421613864437,,,,,,,,Point
NEG_ML_0233,0,negative,GADM_spatial_negative_candidate,,,ML,Meghalaya,,25.67150787016716,91.32363988749879,,,,,,,,Point
NEG_ML_0234,0,negative,GADM_spatial_negative_candidate,,,ML,Meghalaya,,25.40230123374227,90.67483195146424,,,,,,,,Point
NEG_ML_0235,0,negative,GADM_spatial_negative_candidate,,,ML,Meghalaya,,25.275705039428654,91.08370239213176,,,,,,,,Point
NEG_ML_0236,0,negative,GADM_spatial_negative_candidate,,,ML,Meghalaya,,25.72307274696455,90.75520008427047,,,,,,,,Point
NEG_ML_0237,0,negative,GADM_spatial_negative_candidate,,,ML,Meghalaya,,25.665764630150534,90.68643905617026,,,,,,,,Point
NEG_ML_0238,0,negative,GADM_spatial_negative_candidate,,,ML,Meghalaya,,25.536897452284503,90.63258080741838,,,,,,,,Point
NEG_ML_0239,0,negative,GADM_spatial_negative_candidate,,,ML,Meghalaya,,25.401618785582578,91.99991488272336,,,,,,,,Point
NEG_ML_0240,0,negative,GADM_spatial_negative_candidate,,,ML,Meghalaya,,25.69179767502902,91.69448202455037,,,,,,,,Point
NEG_ML_0241,0,negative,GADM_spatial_negative_candidate,,,ML,Meghalaya,,25.93967316387447,91.96001619005487,,,,,,,,Point
NEG_ML_0242,0,negative,GADM_spatial_negative_candidate,,,ML,Meghalaya,,25.179459662614853,91.67386283093586,,,,,,,,Point
NEG_ML_0243,0,negative,GADM_spatial_negative_candidate,,,ML,Meghalaya,,25.37294996737528,90.67619511278197,,,,,,,,Point
NEG_ML_0244,0,negative,GADM_spatial_negative_candidate,,,ML,Meghalaya,,25.248615624028098,92.08519306083424,,,,,,,,Point
NEG_ML_0245,0,negative,GADM_spatial_negative_candidate,,,ML,Meghalaya,,25.869948995217943,91.97047843498527,,,,,,,,Point
NEG_ML_0246,0,negative,GADM_spatial_negative_candidate,,,ML,Meghalaya,,25.535676348554492,91.28533353403104,,,,,,,,Point
NEG_ML_0247,0,negative,GADM_spatial_negative_candidate,,,ML,Meghalaya,,25.848053232826274,90.02861914911105,,,,,,,,Point
NEG_ML_0248,0,negative,GADM_spatial_negative_candidate,,,ML,Meghalaya,,25.87392564408014,91.77723753487739,,,,,,,,Point
NEG_ML_0249,0,negative,GADM_spatial_negative_candidate,,,ML,Meghalaya,,25.45883045709231,90.33569050008983,,,,,,,,Point
NEG_ML_0250,0,negative,GADM_spatial_negative_candidate,,,ML,Meghalaya,,25.278125333222782,92.75489784285725,,,,,,,,Point
NEG_ML_0251,0,negative,GADM_spatial_negative_candidate,,,ML,Meghalaya,,25.384827225705905,91.85519024027913,,,,,,,,Point
NEG_ML_0252,0,negative,GADM_spatial_negative_candidate,,,ML,Meghalaya,,25.863602907048698,90.12460160148801,,,,,,,,Point
NEG_ML_0253,0,negative,GADM_spatial_negative_candidate,,,ML,Meghalaya,,25.804240890662093,91.473095276502,,,,,,,,Point
NEG_ML_0254,0,negative,GADM_spatial_negative_candidate,,,ML,Meghalaya,,25.177246281392787,92.36113551613482,,,,,,,,Point
NEG_ML_0255,0,negative,GADM_spatial_negative_candidate,,,ML,Meghalaya,,25.386384078887794,90.23954906620634,,,,,,,,Point
NEG_ML_0256,0,negative,GADM_spatial_negative_candidate,,,ML,Meghalaya,,25.597064181026255,91.27046226269056,,,,,,,,Point
NEG_ML_0257,0,negative,GADM_spatial_negative_candidate,,,ML,Meghalaya,,25.882885603291697,90.26388240453562,,,,,,,,Point
NEG_ML_0258,0,negative,GADM_spatial_negative_candidate,,,ML,Meghalaya,,25.438666196250654,92.01393881998446,,,,,,,,Point
NEG_ML_0259,0,negative,GADM_spatial_negative_candidate,,,ML,Meghalaya,,25.683198046848062,90.93173210452149,,,,,,,,Point
NEG_ML_0260,0,negative,GADM_spatial_negative_candidate,,,ML,Meghalaya,,25.625024705703797,91.84704166765944,,,,,,,,Point
NEG_ML_0261,0,negative,GADM_spatial_negative_candidate,,,ML,Meghalaya,,25.441930731251006,91.85249321804997,,,,,,,,Point
NEG_ML_0262,0,negative,GADM_spatial_negative_candidate,,,ML,Meghalaya,,25.486156503378783,91.4133232927432,,,,,,,,Point
NEG_ML_0263,0,negative,GADM_spatial_negative_candidate,,,ML,Meghalaya,,25.385567689263382,89.87625634082166,,,,,,,,Point
NEG_ML_0264,0,negative,GADM_spatial_negative_candidate,,,ML,Meghalaya,,25.547656761914624,90.61275618670462,,,,,,,,Point
NEG_ML_0265,0,negative,GADM_spatial_negative_candidate,,,ML,Meghalaya,,25.528045051576253,90.1668527801478,,,,,,,,Point
NEG_ML_0266,0,negative,GADM_spatial_negative_candidate,,,ML,Meghalaya,,25.685447887917398,92.36813723092067,,,,,,,,Point
NEG_ML_0267,0,negative,GADM_spatial_negative_candidate,,,ML,Meghalaya,,25.662306176305087,90.36332749194956,,,,,,,,Point
NEG_ML_0268,0,negative,GADM_spatial_negative_candidate,,,ML,Meghalaya,,25.23394379014467,92.51869857583571,,,,,,,,Point
NEG_ML_0269,0,negative,GADM_spatial_negative_candidate,,,ML,Meghalaya,,25.568825527590818,91.29941476554448,,,,,,,,Point
NEG_ML_0270,0,negative,GADM_spatial_negative_candidate,,,ML,Meghalaya,,25.464130980486473,91.08334457483002,,,,,,,,Point
NEG_ML_0271,0,negative,GADM_spatial_negative_candidate,,,ML,Meghalaya,,25.407870677294685,92.51315242740677,,,,,,,,Point
NEG_ML_0272,0,negative,GADM_spatial_negative_candidate,,,ML,Meghalaya,,25.350275376479495,90.5158131511472,,,,,,,,Point
NEG_ML_0273,0,negative,GADM_spatial_negative_candidate,,,ML,Meghalaya,,25.197377346925375,92.04511646865555,,,,,,,,Point
NEG_ML_0274,0,negative,GADM_spatial_negative_candidate,,,ML,Meghalaya,,25.40037102368042,91.83218757776446,,,,,,,,Point
NEG_ML_0275,0,negative,GADM_spatial_negative_candidate,,,ML,Meghalaya,,25.14468181149881,92.18911631559781,,,,,,,,Point
NEG_ML_0276,0,negative,GADM_spatial_negative_candidate,,,ML,Meghalaya,,25.53435671895854,92.42952213546155,,,,,,,,Point
NEG_ML_0277,0,negative,GADM_spatial_negative_candidate,,,ML,Meghalaya,,25.211901463036792,92.38402655943617,,,,,,,,Point
NEG_ML_0278,0,negative,GADM_spatial_negative_candidate,,,ML,Meghalaya,,25.489154214782715,89.94731105770369,,,,,,,,Point
NEG_ML_0279,0,negative,GADM_spatial_negative_candidate,,,ML,Meghalaya,,25.407684823792774,90.68148726897539,,,,,,,,Point
NEG_ML_0280,0,negative,GADM_spatial_negative_candidate,,,ML,Meghalaya,,25.423752795850888,89.87946229665832,,,,,,,,Point
NEG_ML_0281,0,negative,GADM_spatial_negative_candidate,,,ML,Meghalaya,,25.66904690138618,91.1338067356802,,,,,,,,Point
NEG_ML_0282,0,negative,GADM_spatial_negative_candidate,,,ML,Meghalaya,,25.798164792642098,90.38091773487187,,,,,,,,Point
NEG_ML_0283,0,negative,GADM_spatial_negative_candidate,,,ML,Meghalaya,,25.279033724716726,91.75503052942126,,,,,,,,Point
NEG_ML_0284,0,negative,GADM_spatial_negative_candidate,,,ML,Meghalaya,,25.655929689553343,92.2754132179341,,,,,,,,Point
NEG_ML_0285,0,negative,GADM_spatial_negative_candidate,,,ML,Meghalaya,,25.841618486527505,91.38207753056307,,,,,,,,Point
NEG_ML_0286,0,negative,GADM_spatial_negative_candidate,,,ML,Meghalaya,,25.852646436396466,90.89952081590258,,,,,,,,Point
NEG_ML_0287,0,negative,GADM_spatial_negative_candidate,,,ML,Meghalaya,,25.298611124272835,91.90650076210602,,,,,,,,Point
NEG_ML_0288,0,negative,GADM_spatial_negative_candidate,,,ML,Meghalaya,,25.379927588371352,90.81262814162108,,,,,,,,Point
NEG_ML_0289,0,negative,GADM_spatial_negative_candidate,,,ML,Meghalaya,,25.538092519296054,91.1618551334408,,,,,,,,Point
NEG_ML_0290,0,negative,GADM_spatial_negative_candidate,,,ML,Meghalaya,,25.400783095458852,90.91209236475187,,,,,,,,Point
NEG_ML_0291,0,negative,GADM_spatial_negative_candidate,,,ML,Meghalaya,,25.568260981643576,90.39740076132568,,,,,,,,Point
NEG_ML_0292,0,negative,GADM_spatial_negative_candidate,,,ML,Meghalaya,,25.562929178004882,90.83161478697723,,,,,,,,Point
NEG_ML_0293,0,negative,GADM_spatial_negative_candidate,,,ML,Meghalaya,,25.48353563951694,90.38063750530884,,,,,,,,Point
NEG_ML_0294,0,negative,GADM_spatial_negative_candidate,,,ML,Meghalaya,,25.574609291995365,91.49201785833554,,,,,,,,Point
NEG_ML_0295,0,negative,GADM_spatial_negative_candidate,,,ML,Meghalaya,,25.379143783996547,91.63012201592774,,,,,,,,Point
NEG_ML_0296,0,negative,GADM_spatial_negative_candidate,,,ML,Meghalaya,,25.286663045799493,92.44678478920724,,,,,,,,Point
NEG_ML_0297,0,negative,GADM_spatial_negative_candidate,,,ML,Meghalaya,,25.283646567633543,90.34611143924256,,,,,,,,Point
NEG_ML_0298,0,negative,GADM_spatial_negative_candidate,,,ML,Meghalaya,,25.380960358007837,91.58307909795836,,,,,,,,Point
NEG_ML_0299,0,negative,GADM_spatial_negative_candidate,,,ML,Meghalaya,,25.25364527008985,90.81338625775524,,,,,,,,Point
NEG_ML_0300,0,negative,GADM_spatial_negative_candidate,,,ML,Meghalaya,,25.234757012503646,90.89082858082928,,,,,,,,Point
NEG_ML_0301,0,negative,GADM_spatial_negative_candidate,,,ML,Meghalaya,,25.406798162046897,91.83183456020056,,,,,,,,Point
NEG_ML_0302,0,negative,GADM_spatial_negative_candidate,,,ML,Meghalaya,,25.29816714151986,92.66356737056876,,,,,,,,Point
NEG_ML_0303,0,negative,GADM_spatial_negative_candidate,,,ML,Meghalaya,,25.525020326468386,90.72633704193551,,,,,,,,Point
NEG_ML_0304,0,negative,GADM_spatial_negative_candidate,,,ML,Meghalaya,,25.385929233317235,91.87742709863349,,,,,,,,Point
NEG_ML_0305,0,negative,GADM_spatial_negative_candidate,,,ML,Meghalaya,,25.0839415918636,92.28146381328749,,,,,,,,Point
NEG_ML_0306,0,negative,GADM_spatial_negative_candidate,,,ML,Meghalaya,,25.795075362339,90.8777694949293,,,,,,,,Point
NEG_ML_0307,0,negative,GADM_spatial_negative_candidate,,,ML,Meghalaya,,25.267396564580373,92.55956088413272,,,,,,,,Point
NEG_ML_0308,0,negative,GADM_spatial_negative_candidate,,,ML,Meghalaya,,25.57523999913718,91.94704541168885,,,,,,,,Point
NEG_ML_0309,0,negative,GADM_spatial_negative_candidate,,,ML,Meghalaya,,25.27115768683642,90.32365608481321,,,,,,,,Point
NEG_ML_0310,0,negative,GADM_spatial_negative_candidate,,,ML,Meghalaya,,25.72087560182907,91.3398201392823,,,,,,,,Point
NEG_ML_0311,0,negative,GADM_spatial_negative_candidate,,,ML,Meghalaya,,25.197573072585893,91.95117601597754,,,,,,,,Point
NEG_ML_0312,0,negative,GADM_spatial_negative_candidate,,,ML,Meghalaya,,25.977727074976865,91.77570218777018,,,,,,,,Point
NEG_ML_0313,0,negative,GADM_spatial_negative_candidate,,,ML,Meghalaya,,25.643383136591982,92.09481300307273,,,,,,,,Point
NEG_ML_0314,0,negative,GADM_spatial_negative_candidate,,,ML,Meghalaya,,25.842715125886983,91.68453800185583,,,,,,,,Point
NEG_ML_0315,0,negative,GADM_spatial_negative_candidate,,,ML,Meghalaya,,25.920396261507975,90.4267738327321,,,,,,,,Point
NEG_ML_0316,0,negative,GADM_spatial_negative_candidate,,,ML,Meghalaya,,25.949450218882404,91.84539364430479,,,,,,,,Point
NEG_ML_0317,0,negative,GADM_spatial_negative_candidate,,,ML,Meghalaya,,25.30788990395119,91.37053612135867,,,,,,,,Point
NEG_ML_0318,0,negative,GADM_spatial_negative_candidate,,,ML,Meghalaya,,25.24421712510388,91.0672656587785,,,,,,,,Point
NEG_ML_0319,0,negative,GADM_spatial_negative_candidate,,,ML,Meghalaya,,25.77622254965821,91.64187067737747,,,,,,,,Point
NEG_ML_0320,0,negative,GADM_spatial_negative_candidate,,,ML,Meghalaya,,25.74598714003877,90.52798413296397,,,,,,,,Point
NEG_ML_0321,0,negative,GADM_spatial_negative_candidate,,,ML,Meghalaya,,25.680994006570124,90.40507934481138,,,,,,,,Point
NEG_ML_0322,0,negative,GADM_spatial_negative_candidate,,,ML,Meghalaya,,25.80520634616063,91.38490632813125,,,,,,,,Point
NEG_ML_0323,0,negative,GADM_spatial_negative_candidate,,,ML,Meghalaya,,25.372327678424945,92.01195204920856,,,,,,,,Point
NEG_ML_0324,0,negative,GADM_spatial_negative_candidate,,,ML,Meghalaya,,25.433935918099788,90.13008581291173,,,,,,,,Point
NEG_ML_0325,0,negative,GADM_spatial_negative_candidate,,,ML,Meghalaya,,25.380743453780603,90.88975799741374,,,,,,,,Point
NEG_ML_0326,0,negative,GADM_spatial_negative_candidate,,,ML,Meghalaya,,25.29335093307086,92.07216289106643,,,,,,,,Point
NEG_ML_0327,0,negative,GADM_spatial_negative_candidate,,,ML,Meghalaya,,25.351720538779986,91.50718684739176,,,,,,,,Point
NEG_ML_0328,0,negative,GADM_spatial_negative_candidate,,,ML,Meghalaya,,25.065691874136945,92.42826688858074,,,,,,,,Point
NEG_ML_0329,0,negative,GADM_spatial_negative_candidate,,,ML,Meghalaya,,25.93257592838269,91.92842232277779,,,,,,,,Point
NEG_ML_0330,0,negative,GADM_spatial_negative_candidate,,,ML,Meghalaya,,25.247222551726555,92.52492550362531,,,,,,,,Point
NEG_ML_0331,0,negative,GADM_spatial_negative_candidate,,,ML,Meghalaya,,25.8862135385379,90.79645821928266,,,,,,,,Point
NEG_ML_0332,0,negative,GADM_spatial_negative_candidate,,,ML,Meghalaya,,25.175230391464893,90.52917360680472,,,,,,,,Point
NEG_ML_0333,0,negative,GADM_spatial_negative_candidate,,,ML,Meghalaya,,25.554930582035936,90.7806999990598,,,,,,,,Point
NEG_ML_0334,0,negative,GADM_spatial_negative_candidate,,,ML,Meghalaya,,25.544994233401734,90.79889676289436,,,,,,,,Point
NEG_ML_0335,0,negative,GADM_spatial_negative_candidate,,,ML,Meghalaya,,25.767179408036863,90.68033079985337,,,,,,,,Point
NEG_ML_0336,0,negative,GADM_spatial_negative_candidate,,,ML,Meghalaya,,25.58583111218595,92.2618662189468,,,,,,,,Point
NEG_ML_0337,0,negative,GADM_spatial_negative_candidate,,,ML,Meghalaya,,25.69517632914122,90.81929677709923,,,,,,,,Point
NEG_ML_0338,0,negative,GADM_spatial_negative_candidate,,,ML,Meghalaya,,25.756034062230576,90.83039770639401,,,,,,,,Point
NEG_ML_0339,0,negative,GADM_spatial_negative_candidate,,,ML,Meghalaya,,25.417330067949592,92.50850236240709,,,,,,,,Point
NEG_ML_0340,0,negative,GADM_spatial_negative_candidate,,,ML,Meghalaya,,25.797337004208835,92.15169093460169,,,,,,,,Point
NEG_ML_0341,0,negative,GADM_spatial_negative_candidate,,,ML,Meghalaya,,25.532802621586765,92.17281491812366,,,,,,,,Point
NEG_ML_0342,0,negative,GADM_spatial_negative_candidate,,,ML,Meghalaya,,25.255073390073136,91.79590800422258,,,,,,,,Point
NEG_ML_0343,0,negative,GADM_spatial_negative_candidate,,,ML,Meghalaya,,25.166792140069273,90.41311394643408,,,,,,,,Point
NEG_ML_0344,0,negative,GADM_spatial_negative_candidate,,,ML,Meghalaya,,25.440636129214298,91.34539054495178,,,,,,,,Point
NEG_ML_0345,0,negative,GADM_spatial_negative_candidate,,,ML,Meghalaya,,25.627066456208556,91.34032629844098,,,,,,,,Point
NEG_ML_0346,0,negative,GADM_spatial_negative_candidate,,,ML,Meghalaya,,25.232125119735965,91.89444427421923,,,,,,,,Point
NEG_ML_0347,0,negative,GADM_spatial_negative_candidate,,,ML,Meghalaya,,25.646620555380217,90.0691598159793,,,,,,,,Point
NEG_ML_0348,0,negative,GADM_spatial_negative_candidate,,,ML,Meghalaya,,25.609004596624406,91.50117988517796,,,,,,,,Point
NEG_ML_0349,0,negative,GADM_spatial_negative_candidate,,,ML,Meghalaya,,25.718231083733805,91.18472222479731,,,,,,,,Point
NEG_ML_0350,0,negative,GADM_spatial_negative_candidate,,,ML,Meghalaya,,25.326793391484422,90.99858912054738,,,,,,,,Point
NEG_ML_0351,0,negative,GADM_spatial_negative_candidate,,,ML,Meghalaya,,25.37887575877035,92.06436517063231,,,,,,,,Point
NEG_ML_0352,0,negative,GADM_spatial_negative_candidate,,,ML,Meghalaya,,25.80162941673689,90.89872333113338,,,,,,,,Point
NEG_ML_0353,0,negative,GADM_spatial_negative_candidate,,,ML,Meghalaya,,25.088006568161955,92.39257650006375,,,,,,,,Point
NEG_ML_0354,0,negative,GADM_spatial_negative_candidate,,,ML,Meghalaya,,25.925775280052527,90.19506469346281,,,,,,,,Point
NEG_ML_0355,0,negative,GADM_spatial_negative_candidate,,,ML,Meghalaya,,25.402313542627937,91.26535877860614,,,,,,,,Point
NEG_ML_0356,0,negative,GADM_spatial_negative_candidate,,,ML,Meghalaya,,25.679930374453566,90.94373078547517,,,,,,,,Point
NEG_ML_0357,0,negative,GADM_spatial_negative_candidate,,,ML,Meghalaya,,25.878059213225036,90.30423664903012,,,,,,,,Point
NEG_ML_0358,0,negative,GADM_spatial_negative_candidate,,,ML,Meghalaya,,25.939629366864654,90.71715070347844,,,,,,,,Point
NEG_ML_0359,0,negative,GADM_spatial_negative_candidate,,,ML,Meghalaya,,25.28593524152259,90.11736917666254,,,,,,,,Point
NEG_ML_0360,0,negative,GADM_spatial_negative_candidate,,,ML,Meghalaya,,25.378968519332496,91.95381228856812,,,,,,,,Point
NEG_ML_0361,0,negative,GADM_spatial_negative_candidate,,,ML,Meghalaya,,25.346909281191714,90.30690443934711,,,,,,,,Point
NEG_ML_0362,0,negative,GADM_spatial_negative_candidate,,,ML,Meghalaya,,25.194152201101495,90.98928766348524,,,,,,,,Point
NEG_ML_0363,0,negative,GADM_spatial_negative_candidate,,,ML,Meghalaya,,25.409437721658016,91.28038525747753,,,,,,,,Point
NEG_ML_0364,0,negative,GADM_spatial_negative_candidate,,,ML,Meghalaya,,25.325321728905667,90.12047411166212,,,,,,,,Point
NEG_ML_0365,0,negative,GADM_spatial_negative_candidate,,,ML,Meghalaya,,25.329137231400235,90.16830439815269,,,,,,,,Point
NEG_ML_0366,0,negative,GADM_spatial_negative_candidate,,,ML,Meghalaya,,25.420831096833062,92.39276296503493,,,,,,,,Point
NEG_ML_0367,0,negative,GADM_spatial_negative_candidate,,,ML,Meghalaya,,25.571099411099254,90.42295444874567,,,,,,,,Point
NEG_ML_0368,0,negative,GADM_spatial_negative_candidate,,,ML,Meghalaya,,25.814120075394843,91.62436671820147,,,,,,,,Point
NEG_ML_0369,0,negative,GADM_spatial_negative_candidate,,,ML,Meghalaya,,25.70894292264915,91.91175053253781,,,,,,,,Point
NEG_ML_0370,0,negative,GADM_spatial_negative_candidate,,,ML,Meghalaya,,25.307887666904072,90.7383989672972,,,,,,,,Point
NEG_ML_0371,0,negative,GADM_spatial_negative_candidate,,,ML,Meghalaya,,25.874669172224625,90.97110217416653,,,,,,,,Point
NEG_ML_0372,0,negative,GADM_spatial_negative_candidate,,,ML,Meghalaya,,25.330242496740553,90.04795269673622,,,,,,,,Point
NEG_ML_0373,0,negative,GADM_spatial_negative_candidate,,,ML,Meghalaya,,25.709373515638706,90.33913354387403,,,,,,,,Point
NEG_ML_0374,0,negative,GADM_spatial_negative_candidate,,,ML,Meghalaya,,25.31279084630783,91.77401647642277,,,,,,,,Point
NEG_ML_0375,0,negative,GADM_spatial_negative_candidate,,,ML,Meghalaya,,25.913175579326012,90.85251855570363,,,,,,,,Point
NEG_ML_0376,0,negative,GADM_spatial_negative_candidate,,,ML,Meghalaya,,25.55328818532014,91.90817066220679,,,,,,,,Point
NEG_ML_0377,0,negative,GADM_spatial_negative_candidate,,,ML,Meghalaya,,25.41706342138693,90.42572835138542,,,,,,,,Point
NEG_ML_0378,0,negative,GADM_spatial_negative_candidate,,,ML,Meghalaya,,25.661615855550526,91.78263687279751,,,,,,,,Point
NEG_ML_0379,0,negative,GADM_spatial_negative_candidate,,,ML,Meghalaya,,25.90328519567471,90.26593252720158,,,,,,,,Point
NEG_ML_0380,0,negative,GADM_spatial_negative_candidate,,,ML,Meghalaya,,25.367185454714186,90.29576050708916,,,,,,,,Point
NEG_ML_0381,0,negative,GADM_spatial_negative_candidate,,,ML,Meghalaya,,25.272428593373782,90.46478756931324,,,,,,,,Point
NEG_ML_0382,0,negative,GADM_spatial_negative_candidate,,,ML,Meghalaya,,25.555016258208635,91.19410671080774,,,,,,,,Point
NEG_ML_0383,0,negative,GADM_spatial_negative_candidate,,,ML,Meghalaya,,25.425411485091992,90.55778945666493,,,,,,,,Point
NEG_ML_0384,0,negative,GADM_spatial_negative_candidate,,,ML,Meghalaya,,25.925895026671867,90.6067802847482,,,,,,,,Point
NEG_ML_0385,0,negative,GADM_spatial_negative_candidate,,,ML,Meghalaya,,25.604624179779865,90.704693294034,,,,,,,,Point
NEG_ML_0386,0,negative,GADM_spatial_negative_candidate,,,ML,Meghalaya,,25.39332995719723,92.10874887284258,,,,,,,,Point
NEG_ML_0387,0,negative,GADM_spatial_negative_candidate,,,ML,Meghalaya,,25.882855174989707,91.93344814895693,,,,,,,,Point
NEG_ML_0388,0,negative,GADM_spatial_negative_candidate,,,ML,Meghalaya,,25.333141351844112,91.35829355366832,,,,,,,,Point
NEG_ML_0389,0,negative,GADM_spatial_negative_candidate,,,ML,Meghalaya,,25.53627971638496,91.82704392905912,,,,,,,,Point
NEG_ML_0390,0,negative,GADM_spatial_negative_candidate,,,ML,Meghalaya,,25.558308633835768,89.91290751528224,,,,,,,,Point
NEG_ML_0391,0,negative,GADM_spatial_negative_candidate,,,ML,Meghalaya,,25.428396558451507,91.13641258005242,,,,,,,,Point
NEG_ML_0392,0,negative,GADM_spatial_negative_candidate,,,ML,Meghalaya,,25.303974560034135,91.66922632113454,,,,,,,,Point
NEG_ML_0393,0,negative,GADM_spatial_negative_candidate,,,ML,Meghalaya,,25.368736202224138,91.0180018812159,,,,,,,,Point
NEG_ML_0394,0,negative,GADM_spatial_negative_candidate,,,ML,Meghalaya,,25.504098096965365,90.08397684748613,,,,,,,,Point
NEG_ML_0395,0,negative,GADM_spatial_negative_candidate,,,ML,Meghalaya,,25.344913389670378,89.84601102335446,,,,,,,,Point
NEG_ML_0396,0,negative,GADM_spatial_negative_candidate,,,ML,Meghalaya,,25.524124414246703,89.91342465122719,,,,,,,,Point
NEG_ML_0397,0,negative,GADM_spatial_negative_candidate,,,ML,Meghalaya,,25.554919206370286,90.51749447387418,,,,,,,,Point
NEG_ML_0398,0,negative,GADM_spatial_negative_candidate,,,ML,Meghalaya,,26.033060182151317,91.81968221480298,,,,,,,,Point
NEG_ML_0399,0,negative,GADM_spatial_negative_candidate,,,ML,Meghalaya,,25.634818387863966,91.65979414671469,,,,,,,,Point
NEG_ML_0400,0,negative,GADM_spatial_negative_candidate,,,ML,Meghalaya,,25.560672029153377,92.53390174140914,,,,,,,,Point
NEG_ML_0401,0,negative,GADM_spatial_negative_candidate,,,ML,Meghalaya,,25.475815007264334,90.25195479960668,,,,,,,,Point
NEG_ML_0402,0,negative,GADM_spatial_negative_candidate,,,ML,Meghalaya,,25.510130986075637,91.7749847291985,,,,,,,,Point
NEG_ML_0403,0,negative,GADM_spatial_negative_candidate,,,ML,Meghalaya,,25.847861563094863,90.54697127471148,,,,,,,,Point
NEG_ML_0404,0,negative,GADM_spatial_negative_candidate,,,ML,Meghalaya,,25.321356855828466,91.19642261026134,,,,,,,,Point
NEG_ML_0405,0,negative,GADM_spatial_negative_candidate,,,ML,Meghalaya,,25.52665254860413,92.59680150499038,,,,,,,,Point
NEG_ML_0406,0,negative,GADM_spatial_negative_candidate,,,ML,Meghalaya,,25.332639534373197,89.98011788717251,,,,,,,,Point
NEG_ML_0407,0,negative,GADM_spatial_negative_candidate,,,ML,Meghalaya,,25.718497337407733,90.45687489867616,,,,,,,,Point
NEG_ML_0408,0,negative,GADM_spatial_negative_candidate,,,ML,Meghalaya,,25.904554721882132,91.721568863604,,,,,,,,Point
NEG_ML_0409,0,negative,GADM_spatial_negative_candidate,,,ML,Meghalaya,,25.364209814349152,91.53409404347465,,,,,,,,Point
NEG_ML_0410,0,negative,GADM_spatial_negative_candidate,,,ML,Meghalaya,,25.380538437897084,92.22992253116958,,,,,,,,Point
NEG_ML_0411,0,negative,GADM_spatial_negative_candidate,,,ML,Meghalaya,,25.577444192987663,91.96197075254173,,,,,,,,Point
NEG_ML_0412,0,negative,GADM_spatial_negative_candidate,,,ML,Meghalaya,,25.791916661759945,90.7308639602394,,,,,,,,Point
NEG_ML_0413,0,negative,GADM_spatial_negative_candidate,,,ML,Meghalaya,,25.57282695729591,92.36247938140352,,,,,,,,Point
NEG_ML_0414,0,negative,GADM_spatial_negative_candidate,,,ML,Meghalaya,,25.736191631621534,90.06950918807775,,,,,,,,Point
NEG_ML_0415,0,negative,GADM_spatial_negative_candidate,,,ML,Meghalaya,,25.45007626858871,92.07098273727578,,,,,,,,Point
NEG_ML_0416,0,negative,GADM_spatial_negative_candidate,,,ML,Meghalaya,,25.910680900016498,91.76175646844223,,,,,,,,Point
NEG_ML_0417,0,negative,GADM_spatial_negative_candidate,,,ML,Meghalaya,,25.850041250660475,90.22574719901415,,,,,,,,Point
NEG_ML_0418,0,negative,GADM_spatial_negative_candidate,,,ML,Meghalaya,,25.657275316927617,90.7837904072189,,,,,,,,Point
NEG_ML_0419,0,negative,GADM_spatial_negative_candidate,,,ML,Meghalaya,,25.180844427902606,91.95879800846433,,,,,,,,Point
NEG_ML_0420,0,negative,GADM_spatial_negative_candidate,,,ML,Meghalaya,,25.253704528154817,92.15362051640099,,,,,,,,Point
NEG_ML_0421,0,negative,GADM_spatial_negative_candidate,,,ML,Meghalaya,,25.535036318878035,90.19955144715802,,,,,,,,Point
NEG_ML_0422,0,negative,GADM_spatial_negative_candidate,,,ML,Meghalaya,,25.56415738766567,90.76857401843812,,,,,,,,Point
NEG_ML_0423,0,negative,GADM_spatial_negative_candidate,,,ML,Meghalaya,,25.397314778129584,91.36897474459379,,,,,,,,Point
NEG_ML_0424,0,negative,GADM_spatial_negative_candidate,,,ML,Meghalaya,,25.29762124480511,92.75247673149087,,,,,,,,Point
NEG_ML_0425,0,negative,GADM_spatial_negative_candidate,,,ML,Meghalaya,,25.30302978685844,90.38715933984363,,,,,,,,Point
NEG_ML_0426,0,negative,GADM_spatial_negative_candidate,,,ML,Meghalaya,,25.58742126616141,90.33713844409176,,,,,,,,Point
NEG_ML_0427,0,negative,GADM_spatial_negative_candidate,,,ML,Meghalaya,,25.28553913278097,92.45087685910805,,,,,,,,Point
NEG_ML_0428,0,negative,GADM_spatial_negative_candidate,,,ML,Meghalaya,,25.243396734256066,92.01336265263059,,,,,,,,Point
NEG_ML_0429,0,negative,GADM_spatial_negative_candidate,,,ML,Meghalaya,,25.602448867082867,92.1648029279759,,,,,,,,Point
NEG_ML_0430,0,negative,GADM_spatial_negative_candidate,,,ML,Meghalaya,,25.513590309391972,90.53584310439888,,,,,,,,Point
NEG_ML_0431,0,negative,GADM_spatial_negative_candidate,,,ML,Meghalaya,,25.806648578538017,91.1098850226354,,,,,,,,Point
NEG_ML_0432,0,negative,GADM_spatial_negative_candidate,,,ML,Meghalaya,,26.05441017084804,92.17629883050425,,,,,,,,Point
NEG_ML_0433,0,negative,GADM_spatial_negative_candidate,,,ML,Meghalaya,,25.800861189407335,91.10929327367333,,,,,,,,Point
NEG_ML_0434,0,negative,GADM_spatial_negative_candidate,,,ML,Meghalaya,,25.482325894515533,90.78848479138334,,,,,,,,Point
NEG_ML_0435,0,negative,GADM_spatial_negative_candidate,,,ML,Meghalaya,,25.344320821558867,90.92727781395908,,,,,,,,Point
NEG_ML_0436,0,negative,GADM_spatial_negative_candidate,,,ML,Meghalaya,,25.197879880714435,92.6941815054443,,,,,,,,Point
NEG_ML_0437,0,negative,GADM_spatial_negative_candidate,,,ML,Meghalaya,,25.382712873601736,90.77551849263713,,,,,,,,Point
NEG_ML_0438,0,negative,GADM_spatial_negative_candidate,,,ML,Meghalaya,,25.648581722191743,91.23026672992887,,,,,,,,Point
NEG_ML_0439,0,negative,GADM_spatial_negative_candidate,,,ML,Meghalaya,,25.23657586099056,92.45259743358672,,,,,,,,Point
NEG_ML_0440,0,negative,GADM_spatial_negative_candidate,,,ML,Meghalaya,,25.670959953304887,91.43701527432279,,,,,,,,Point
NEG_ML_0441,0,negative,GADM_spatial_negative_candidate,,,ML,Meghalaya,,25.317243935629737,92.74442273997887,,,,,,,,Point
NEG_ML_0442,0,negative,GADM_spatial_negative_candidate,,,ML,Meghalaya,,25.136840725924017,92.3395894096447,,,,,,,,Point
NEG_ML_0443,0,negative,GADM_spatial_negative_candidate,,,ML,Meghalaya,,25.633264478591588,91.13351307529268,,,,,,,,Point
NEG_ML_0444,0,negative,GADM_spatial_negative_candidate,,,ML,Meghalaya,,25.295759361631553,90.72757071177375,,,,,,,,Point
NEG_ML_0445,0,negative,GADM_spatial_negative_candidate,,,ML,Meghalaya,,25.421724686573025,90.54898970363587,,,,,,,,Point
NEG_ML_0446,0,negative,GADM_spatial_negative_candidate,,,ML,Meghalaya,,25.49590894688519,91.55694115830075,,,,,,,,Point
NEG_ML_0447,0,negative,GADM_spatial_negative_candidate,,,ML,Meghalaya,,25.6820215954387,90.53778381552631,,,,,,,,Point
NEG_ML_0448,0,negative,GADM_spatial_negative_candidate,,,ML,Meghalaya,,25.24204551806453,92.22861262311591,,,,,,,,Point
NEG_ML_0449,0,negative,GADM_spatial_negative_candidate,,,ML,Meghalaya,,25.54652813088046,91.69445601542604,,,,,,,,Point
NEG_ML_0450,0,negative,GADM_spatial_negative_candidate,,,ML,Meghalaya,,25.527897172905593,90.23767270333319,,,,,,,,Point
NEG_ML_0451,0,negative,GADM_spatial_negative_candidate,,,ML,Meghalaya,,25.846129137349394,91.43330238822163,,,,,,,,Point
NEG_ML_0452,0,negative,GADM_spatial_negative_candidate,,,ML,Meghalaya,,25.2649753510138,91.76628715794088,,,,,,,,Point
NEG_ML_0453,0,negative,GADM_spatial_negative_candidate,,,ML,Meghalaya,,25.45654277683137,90.82220792929441,,,,,,,,Point
NEG_ML_0454,0,negative,GADM_spatial_negative_candidate,,,ML,Meghalaya,,25.9090865088945,90.92499477332791,,,,,,,,Point
NEG_ML_0455,0,negative,GADM_spatial_negative_candidate,,,ML,Meghalaya,,25.28433659926182,92.2477013767649,,,,,,,,Point
NEG_ML_0456,0,negative,GADM_spatial_negative_candidate,,,ML,Meghalaya,,25.29149953524429,91.13987142811071,,,,,,,,Point
NEG_ML_0457,0,negative,GADM_spatial_negative_candidate,,,ML,Meghalaya,,25.644492455210877,91.41979764895876,,,,,,,,Point
NEG_ML_0458,0,negative,GADM_spatial_negative_candidate,,,ML,Meghalaya,,25.657809174677297,90.11174920891256,,,,,,,,Point
NEG_ML_0459,0,negative,GADM_spatial_negative_candidate,,,ML,Meghalaya,,25.76507352049752,90.89654649603622,,,,,,,,Point
NEG_ML_0460,0,negative,GADM_spatial_negative_candidate,,,ML,Meghalaya,,25.68862180548188,90.52657729042423,,,,,,,,Point
NEG_ML_0461,0,negative,GADM_spatial_negative_candidate,,,ML,Meghalaya,,25.41772958489271,90.12437043142205,,,,,,,,Point
NEG_ML_0462,0,negative,GADM_spatial_negative_candidate,,,ML,Meghalaya,,25.587837081829154,92.20543076719639,,,,,,,,Point
NEG_ML_0463,0,negative,GADM_spatial_negative_candidate,,,ML,Meghalaya,,25.86412180378955,90.25168341833175,,,,,,,,Point
NEG_ML_0464,0,negative,GADM_spatial_negative_candidate,,,ML,Meghalaya,,25.759474282611187,90.71913937685133,,,,,,,,Point
NEG_ML_0465,0,negative,GADM_spatial_negative_candidate,,,ML,Meghalaya,,25.310629518019887,90.90069966526836,,,,,,,,Point
NEG_ML_0466,0,negative,GADM_spatial_negative_candidate,,,ML,Meghalaya,,25.48876255839102,91.5118230025011,,,,,,,,Point
NEG_ML_0467,0,negative,GADM_spatial_negative_candidate,,,ML,Meghalaya,,25.589316135499686,90.36316394645861,,,,,,,,Point
NEG_ML_0468,0,negative,GADM_spatial_negative_candidate,,,ML,Meghalaya,,25.76135520298413,91.6164505906446,,,,,,,,Point
NEG_ML_0469,0,negative,GADM_spatial_negative_candidate,,,ML,Meghalaya,,25.84137098640426,91.92928202331063,,,,,,,,Point
NEG_ML_0470,0,negative,GADM_spatial_negative_candidate,,,ML,Meghalaya,,25.986101517331182,92.03671806403112,,,,,,,,Point
NEG_ML_0471,0,negative,GADM_spatial_negative_candidate,,,ML,Meghalaya,,25.34495172230753,90.96631581496888,,,,,,,,Point
NEG_ML_0472,0,negative,GADM_spatial_negative_candidate,,,ML,Meghalaya,,25.630975074279355,90.58545989766121,,,,,,,,Point
NEG_ML_0473,0,negative,GADM_spatial_negative_candidate,,,ML,Meghalaya,,25.544018178950598,91.39467362987715,,,,,,,,Point
NEG_ML_0474,0,negative,GADM_spatial_negative_candidate,,,ML,Meghalaya,,25.079750824185993,92.41675259797793,,,,,,,,Point
NEG_ML_0475,0,negative,GADM_spatial_negative_candidate,,,ML,Meghalaya,,25.315454745992557,91.77634607348863,,,,,,,,Point
NEG_ML_0476,0,negative,GADM_spatial_negative_candidate,,,ML,Meghalaya,,25.483758641709294,90.64197506768281,,,,,,,,Point
NEG_ML_0477,0,negative,GADM_spatial_negative_candidate,,,ML,Meghalaya,,25.283745148231436,92.49968890982747,,,,,,,,Point
NEG_ML_0478,0,negative,GADM_spatial_negative_candidate,,,ML,Meghalaya,,25.461997597365308,90.46973418188884,,,,,,,,Point
NEG_ML_0479,0,negative,GADM_spatial_negative_candidate,,,ML,Meghalaya,,25.190089399640375,90.45712863826277,,,,,,,,Point
NEG_ML_0480,0,negative,GADM_spatial_negative_candidate,,,ML,Meghalaya,,25.343742588964183,90.70735620281799,,,,,,,,Point
NEG_ML_0481,0,negative,GADM_spatial_negative_candidate,,,ML,Meghalaya,,25.331519244433572,90.77676373449657,,,,,,,,Point
NEG_ML_0482,0,negative,GADM_spatial_negative_candidate,,,ML,Meghalaya,,25.88398216457449,90.95759359942528,,,,,,,,Point
NEG_ML_0483,0,negative,GADM_spatial_negative_candidate,,,ML,Meghalaya,,25.971795032619063,92.09842977623381,,,,,,,,Point
NEG_ML_0484,0,negative,GADM_spatial_negative_candidate,,,ML,Meghalaya,,25.576211980876344,91.73724790316228,,,,,,,,Point
NEG_ML_0485,0,negative,GADM_spatial_negative_candidate,,,ML,Meghalaya,,25.901003580353528,91.60487478751173,,,,,,,,Point
NEG_ML_0486,0,negative,GADM_spatial_negative_candidate,,,ML,Meghalaya,,25.58830201329491,91.49475226584464,,,,,,,,Point
NEG_ML_0487,0,negative,GADM_spatial_negative_candidate,,,ML,Meghalaya,,25.212243848355115,91.80780574832335,,,,,,,,Point
NEG_ML_0488,0,negative,GADM_spatial_negative_candidate,,,ML,Meghalaya,,25.863146880516585,90.08259939720972,,,,,,,,Point
NEG_ML_0489,0,negative,GADM_spatial_negative_candidate,,,ML,Meghalaya,,25.201971711021788,90.88470538126474,,,,,,,,Point
NEG_ML_0490,0,negative,GADM_spatial_negative_candidate,,,ML,Meghalaya,,25.86481418454546,90.20712444603366,,,,,,,,Point
NEG_ML_0491,0,negative,GADM_spatial_negative_candidate,,,ML,Meghalaya,,25.204670694800818,92.49292054200667,,,,,,,,Point
NEG_ML_0492,0,negative,GADM_spatial_negative_candidate,,,ML,Meghalaya,,25.919760489147066,91.938941310984,,,,,,,,Point
NEG_ML_0493,0,negative,GADM_spatial_negative_candidate,,,ML,Meghalaya,,25.928033691684618,90.80731691978839,,,,,,,,Point
NEG_ML_0494,0,negative,GADM_spatial_negative_candidate,,,ML,Meghalaya,,25.29494018692169,92.75534851432928,,,,,,,,Point
NEG_ML_0495,0,negative,GADM_spatial_negative_candidate,,,ML,Meghalaya,,25.417560264421905,91.82123908302623,,,,,,,,Point
NEG_ML_0496,0,negative,GADM_spatial_negative_candidate,,,ML,Meghalaya,,25.849763629768805,90.90588163654664,,,,,,,,Point
NEG_ML_0497,0,negative,GADM_spatial_negative_candidate,,,ML,Meghalaya,,25.231888468392004,92.55596076961545,,,,,,,,Point
NEG_ML_0498,0,negative,GADM_spatial_negative_candidate,,,ML,Meghalaya,,25.45396340565389,90.7560639997647,,,,,,,,Point
NEG_ML_0499,0,negative,GADM_spatial_negative_candidate,,,ML,Meghalaya,,25.257634855991654,90.56039185668548,,,,,,,,Point
NEG_ML_0500,0,negative,GADM_spatial_negative_candidate,,,ML,Meghalaya,,25.57722404495314,90.6661474801287,,,,,,,,Point
NEG_ML_0501,0,negative,GADM_spatial_negative_candidate,,,ML,Meghalaya,,25.566473106653806,90.65920857512697,,,,,,,,Point
NEG_ML_0502,0,negative,GADM_spatial_negative_candidate,,,ML,Meghalaya,,25.857596569150626,90.93911473646385,,,,,,,,Point
NEG_ML_0503,0,negative,GADM_spatial_negative_candidate,,,ML,Meghalaya,,25.370070210432694,90.91822621315866,,,,,,,,Point
NEG_ML_0504,0,negative,GADM_spatial_negative_candidate,,,ML,Meghalaya,,25.732805307078976,91.8979786056231,,,,,,,,Point
NEG_ML_0505,0,negative,GADM_spatial_negative_candidate,,,ML,Meghalaya,,25.254285852515313,90.13377587857006,,,,,,,,Point
NEG_ML_0506,0,negative,GADM_spatial_negative_candidate,,,ML,Meghalaya,,25.804535875497223,91.65937727746007,,,,,,,,Point
NEG_ML_0507,0,negative,GADM_spatial_negative_candidate,,,ML,Meghalaya,,25.38506767168306,90.83879144611375,,,,,,,,Point
NEG_MZ_0001,0,negative,GADM_spatial_negative_candidate,,,MZ,Mizoram,,23.059548234400427,92.52527997274304,,,,,,,,Point
NEG_MZ_0002,0,negative,GADM_spatial_negative_candidate,,,MZ,Mizoram,,23.684703491176084,92.76412693261572,,,,,,,,Point
NEG_MZ_0003,0,negative,GADM_spatial_negative_candidate,,,MZ,Mizoram,,23.77038330477814,93.03316650271019,,,,,,,,Point
NEG_MZ_0004,0,negative,GADM_spatial_negative_candidate,,,MZ,Mizoram,,24.270953409074497,92.74604811566657,,,,,,,,Point
NEG_MZ_0005,0,negative,GADM_spatial_negative_candidate,,,MZ,Mizoram,,23.439233265755412,93.11004437522897,,,,,,,,Point
NEG_MZ_0006,0,negative,GADM_spatial_negative_candidate,,,MZ,Mizoram,,23.163672451130427,92.93131992079725,,,,,,,,Point
NEG_MZ_0007,0,negative,GADM_spatial_negative_candidate,,,MZ,Mizoram,,23.249202413592887,92.7811844389153,,,,,,,,Point
NEG_MZ_0008,0,negative,GADM_spatial_negative_candidate,,,MZ,Mizoram,,22.315122335919323,92.58405348398915,,,,,,,,Point
NEG_MZ_0009,0,negative,GADM_spatial_negative_candidate,,,MZ,Mizoram,,23.303485357504897,92.72071003467944,,,,,,,,Point
NEG_MZ_0010,0,negative,GADM_spatial_negative_candidate,,,MZ,Mizoram,,22.20651445869892,93.00473366025314,,,,,,,,Point
NEG_MZ_0011,0,negative,GADM_spatial_negative_candidate,,,MZ,Mizoram,,22.964689235081785,92.55985146232283,,,,,,,,Point
NEG_MZ_0012,0,negative,GADM_spatial_negative_candidate,,,MZ,Mizoram,,22.564073505395854,92.66600697891813,,,,,,,,Point
NEG_MZ_0013,0,negative,GADM_spatial_negative_candidate,,,MZ,Mizoram,,22.814575322759975,93.03012987570979,,,,,,,,Point
NEG_MZ_0014,0,negative,GADM_spatial_negative_candidate,,,MZ,Mizoram,,23.6244129761508,92.3798402873981,,,,,,,,Point
NEG_MZ_0015,0,negative,GADM_spatial_negative_candidate,,,MZ,Mizoram,,24.222431376833512,92.9613185381594,,,,,,,,Point
NEG_MZ_0016,0,negative,GADM_spatial_negative_candidate,,,MZ,Mizoram,,23.553190026075022,92.61092839573449,,,,,,,,Point
NEG_MZ_0017,0,negative,GADM_spatial_negative_candidate,,,MZ,Mizoram,,22.484816849430935,92.61907290668654,,,,,,,,Point
NEG_MZ_0018,0,negative,GADM_spatial_negative_candidate,,,MZ,Mizoram,,23.426747866717662,92.83114750241043,,,,,,,,Point
NEG_MZ_0019,0,negative,GADM_spatial_negative_candidate,,,MZ,Mizoram,,23.59523854534622,93.11538438126253,,,,,,,,Point
NEG_MZ_0020,0,negative,GADM_spatial_negative_candidate,,,MZ,Mizoram,,22.350423928365895,93.11848757427542,,,,,,,,Point
NEG_MZ_0021,0,negative,GADM_spatial_negative_candidate,,,MZ,Mizoram,,23.981891073436525,92.41594061970005,,,,,,,,Point
NEG_MZ_0022,0,negative,GADM_spatial_negative_candidate,,,MZ,Mizoram,,23.580337550413674,93.12422914509027,,,,,,,,Point
NEG_MZ_0023,0,negative,GADM_spatial_negative_candidate,,,MZ,Mizoram,,23.669744096867625,93.13693948228264,,,,,,,,Point
NEG_MZ_0024,0,negative,GADM_spatial_negative_candidate,,,MZ,Mizoram,,23.834450275212085,93.0475697204365,,,,,,,,Point
NEG_MZ_0025,0,negative,GADM_spatial_negative_candidate,,,MZ,Mizoram,,24.13387554636806,92.88905047755833,,,,,,,,Point
NEG_MZ_0026,0,negative,GADM_spatial_negative_candidate,,,MZ,Mizoram,,23.38852198046714,93.30717151878414,,,,,,,,Point
NEG_MZ_0027,0,negative,GADM_spatial_negative_candidate,,,MZ,Mizoram,,22.210706610545575,92.97498256699738,,,,,,,,Point
NEG_MZ_0028,0,negative,GADM_spatial_negative_candidate,,,MZ,Mizoram,,23.957727693064566,93.27102039040007,,,,,,,,Point
NEG_MZ_0029,0,negative,GADM_spatial_negative_candidate,,,MZ,Mizoram,,23.54366495180758,92.34755595680866,,,,,,,,Point
NEG_MZ_0030,0,negative,GADM_spatial_negative_candidate,,,MZ,Mizoram,,22.88472354081544,92.50020951801925,,,,,,,,Point
NEG_MZ_0031,0,negative,GADM_spatial_negative_candidate,,,MZ,Mizoram,,23.80752370721057,93.1673651098088,,,,,,,,Point
NEG_MZ_0032,0,negative,GADM_spatial_negative_candidate,,,MZ,Mizoram,,23.217852703557945,93.35777283566966,,,,,,,,Point
NEG_MZ_0033,0,negative,GADM_spatial_negative_candidate,,,MZ,Mizoram,,23.875224845286468,93.24577925972974,,,,,,,,Point
NEG_MZ_0034,0,negative,GADM_spatial_negative_candidate,,,MZ,Mizoram,,22.24164543665204,93.01361915031246,,,,,,,,Point
NEG_MZ_0035,0,negative,GADM_spatial_negative_candidate,,,MZ,Mizoram,,23.788367132994864,92.27140777513695,,,,,,,,Point
NEG_MZ_0036,0,negative,GADM_spatial_negative_candidate,,,MZ,Mizoram,,23.905125487061074,92.34467168038574,,,,,,,,Point
NEG_MZ_0037,0,negative,GADM_spatial_negative_candidate,,,MZ,Mizoram,,23.474869716719244,92.52973671796187,,,,,,,,Point
NEG_MZ_0038,0,negative,GADM_spatial_negative_candidate,,,MZ,Mizoram,,23.60420403189262,92.93684008462674,,,,,,,,Point
NEG_MZ_0039,0,negative,GADM_spatial_negative_candidate,,,MZ,Mizoram,,23.58649969528463,92.85991882483312,,,,,,,,Point
NEG_MZ_0040,0,negative,GADM_spatial_negative_candidate,,,MZ,Mizoram,,22.15087670588281,92.80809938276678,,,,,,,,Point
NEG_MZ_0041,0,negative,GADM_spatial_negative_candidate,,,MZ,Mizoram,,23.102016258741912,93.20280696986681,,,,,,,,Point
NEG_MZ_0042,0,negative,GADM_spatial_negative_candidate,,,MZ,Mizoram,,23.120298537407834,93.20913607420415,,,,,,,,Point
NEG_MZ_0043,0,negative,GADM_spatial_negative_candidate,,,MZ,Mizoram,,22.802855546142084,92.85339884905625,,,,,,,,Point
NEG_MZ_0044,0,negative,GADM_spatial_negative_candidate,,,MZ,Mizoram,,23.256588406408206,92.55015029868926,,,,,,,,Point
NEG_MZ_0045,0,negative,GADM_spatial_negative_candidate,,,MZ,Mizoram,,22.651473202061798,92.70141722329357,,,,,,,,Point
NEG_MZ_0046,0,negative,GADM_spatial_negative_candidate,,,MZ,Mizoram,,22.967304336725395,92.8774644193134,,,,,,,,Point
NEG_MZ_0047,0,negative,GADM_spatial_negative_candidate,,,MZ,Mizoram,,22.27219201549665,93.1326851725407,,,,,,,,Point
NEG_MZ_0048,0,negative,GADM_spatial_negative_candidate,,,MZ,Mizoram,,23.517115472612183,92.89427813743974,,,,,,,,Point
NEG_MZ_0049,0,negative,GADM_spatial_negative_candidate,,,MZ,Mizoram,,23.501053772558976,92.93181496322191,,,,,,,,Point
NEG_MZ_0050,0,negative,GADM_spatial_negative_candidate,,,MZ,Mizoram,,22.475996546748434,93.0278085985609,,,,,,,,Point
NEG_MZ_0051,0,negative,GADM_spatial_negative_candidate,,,MZ,Mizoram,,22.897314637474867,92.84952449982518,,,,,,,,Point
NEG_MZ_0052,0,negative,GADM_spatial_negative_candidate,,,MZ,Mizoram,,23.66461256632505,92.57673803473638,,,,,,,,Point
NEG_MZ_0053,0,negative,GADM_spatial_negative_candidate,,,MZ,Mizoram,,23.661352670678024,93.25515265685809,,,,,,,,Point
NEG_MZ_0054,0,negative,GADM_spatial_negative_candidate,,,MZ,Mizoram,,23.128826333010057,92.81223460870268,,,,,,,,Point
NEG_MZ_0055,0,negative,GADM_spatial_negative_candidate,,,MZ,Mizoram,,23.640149792790634,93.22972643310807,,,,,,,,Point
NEG_MZ_0056,0,negative,GADM_spatial_negative_candidate,,,MZ,Mizoram,,23.439220060103576,92.59821456893968,,,,,,,,Point
NEG_MZ_0057,0,negative,GADM_spatial_negative_candidate,,,MZ,Mizoram,,22.42883676964472,93.0086614840589,,,,,,,,Point
NEG_MZ_0058,0,negative,GADM_spatial_negative_candidate,,,MZ,Mizoram,,22.837433401414533,92.99158623211206,,,,,,,,Point
NEG_MZ_0059,0,negative,GADM_spatial_negative_candidate,,,MZ,Mizoram,,23.80319641778976,92.44251211603927,,,,,,,,Point
NEG_MZ_0060,0,negative,GADM_spatial_negative_candidate,,,MZ,Mizoram,,23.950513786425397,93.17492811973119,,,,,,,,Point
NEG_MZ_0061,0,negative,GADM_spatial_negative_candidate,,,MZ,Mizoram,,23.92025583947798,92.66782716085734,,,,,,,,Point
NEG_MZ_0062,0,negative,GADM_spatial_negative_candidate,,,MZ,Mizoram,,23.558107328901094,92.517340971722,,,,,,,,Point
NEG_MZ_0063,0,negative,GADM_spatial_negative_candidate,,,MZ,Mizoram,,23.90595222925734,93.12095304132684,,,,,,,,Point
NEG_MZ_0064,0,negative,GADM_spatial_negative_candidate,,,MZ,Mizoram,,22.26418824243069,92.66634101874894,,,,,,,,Point
NEG_MZ_0065,0,negative,GADM_spatial_negative_candidate,,,MZ,Mizoram,,23.099118050569245,93.16379585640095,,,,,,,,Point
NEG_MZ_0066,0,negative,GADM_spatial_negative_candidate,,,MZ,Mizoram,,23.013202185135302,93.29695357975422,,,,,,,,Point
NEG_MZ_0067,0,negative,GADM_spatial_negative_candidate,,,MZ,Mizoram,,22.73979269153468,92.71409654772691,,,,,,,,Point
NEG_MZ_0068,0,negative,GADM_spatial_negative_candidate,,,MZ,Mizoram,,23.20899067315301,92.87698822306788,,,,,,,,Point
NEG_MZ_0069,0,negative,GADM_spatial_negative_candidate,,,MZ,Mizoram,,22.473862976354706,92.54991059955371,,,,,,,,Point
NEG_MZ_0070,0,negative,GADM_spatial_negative_candidate,,,MZ,Mizoram,,22.35567219106619,92.61492688527093,,,,,,,,Point
NEG_MZ_0071,0,negative,GADM_spatial_negative_candidate,,,MZ,Mizoram,,22.641311068908106,92.95804632061807,,,,,,,,Point
NEG_MZ_0072,0,negative,GADM_spatial_negative_candidate,,,MZ,Mizoram,,22.92432981403444,93.09369676281482,,,,,,,,Point
NEG_MZ_0073,0,negative,GADM_spatial_negative_candidate,,,MZ,Mizoram,,22.291727165209377,93.11123734705198,,,,,,,,Point
NEG_MZ_0074,0,negative,GADM_spatial_negative_candidate,,,MZ,Mizoram,,22.82918915303627,92.60330488789386,,,,,,,,Point
NEG_MZ_0075,0,negative,GADM_spatial_negative_candidate,,,MZ,Mizoram,,23.213961466068238,93.04219078366003,,,,,,,,Point
NEG_MZ_0076,0,negative,GADM_spatial_negative_candidate,,,MZ,Mizoram,,22.998196929188918,92.45002406942791,,,,,,,,Point
NEG_MZ_0077,0,negative,GADM_spatial_negative_candidate,,,MZ,Mizoram,,22.07678977023669,92.59938852264672,,,,,,,,Point
NEG_MZ_0078,0,negative,GADM_spatial_negative_candidate,,,MZ,Mizoram,,23.94123204696382,92.65962288286863,,,,,,,,Point
NEG_MZ_0079,0,negative,GADM_spatial_negative_candidate,,,MZ,Mizoram,,22.142803373916944,92.90856597571772,,,,,,,,Point
NEG_MZ_0080,0,negative,GADM_spatial_negative_candidate,,,MZ,Mizoram,,22.96944944181659,92.5768771201977,,,,,,,,Point
NEG_MZ_0081,0,negative,GADM_spatial_negative_candidate,,,MZ,Mizoram,,22.755605529314924,92.83644400871309,,,,,,,,Point
NEG_MZ_0082,0,negative,GADM_spatial_negative_candidate,,,MZ,Mizoram,,23.390297913688347,93.3803292625376,,,,,,,,Point
NEG_MZ_0083,0,negative,GADM_spatial_negative_candidate,,,MZ,Mizoram,,22.2026195493921,92.84492297302344,,,,,,,,Point
NEG_MZ_0084,0,negative,GADM_spatial_negative_candidate,,,MZ,Mizoram,,22.615743242499324,92.79332536095664,,,,,,,,Point
NEG_MZ_0085,0,negative,GADM_spatial_negative_candidate,,,MZ,Mizoram,,22.34036396851614,92.69556604235522,,,,,,,,Point
NEG_MZ_0086,0,negative,GADM_spatial_negative_candidate,,,MZ,Mizoram,,22.0174756545074,92.92932550552686,,,,,,,,Point
NEG_MZ_0087,0,negative,GADM_spatial_negative_candidate,,,MZ,Mizoram,,22.563643177082586,92.78556564961937,,,,,,,,Point
NEG_MZ_0088,0,negative,GADM_spatial_negative_candidate,,,MZ,Mizoram,,23.154213766025133,92.89559194620946,,,,,,,,Point
NEG_MZ_0089,0,negative,GADM_spatial_negative_candidate,,,MZ,Mizoram,,22.56627208818682,92.93084553992948,,,,,,,,Point
NEG_MZ_0090,0,negative,GADM_spatial_negative_candidate,,,MZ,Mizoram,,23.160537910134693,92.78294412689017,,,,,,,,Point
NEG_MZ_0091,0,negative,GADM_spatial_negative_candidate,,,MZ,Mizoram,,22.39761965605848,93.02590371270875,,,,,,,,Point
NEG_MZ_0092,0,negative,GADM_spatial_negative_candidate,,,MZ,Mizoram,,23.82617781869833,93.23962213949956,,,,,,,,Point
NEG_MZ_0093,0,negative,GADM_spatial_negative_candidate,,,MZ,Mizoram,,22.99088695134069,92.9483589410834,,,,,,,,Point
NEG_MZ_0094,0,negative,GADM_spatial_negative_candidate,,,MZ,Mizoram,,22.281441854454343,92.79125526471714,,,,,,,,Point
NEG_MZ_0095,0,negative,GADM_spatial_negative_candidate,,,MZ,Mizoram,,23.244530591052307,92.61585426100284,,,,,,,,Point
NEG_MZ_0096,0,negative,GADM_spatial_negative_candidate,,,MZ,Mizoram,,23.22349417810289,92.58392832390047,,,,,,,,Point
NEG_MZ_0097,0,negative,GADM_spatial_negative_candidate,,,MZ,Mizoram,,23.162063909725862,92.5551229576588,,,,,,,,Point
NEG_MZ_0098,0,negative,GADM_spatial_negative_candidate,,,MZ,Mizoram,,22.41487674353065,92.95876168373037,,,,,,,,Point
NEG_MZ_0099,0,negative,GADM_spatial_negative_candidate,,,MZ,Mizoram,,22.466444687601015,92.97895940921262,,,,,,,,Point
NEG_MZ_0100,0,negative,GADM_spatial_negative_candidate,,,MZ,Mizoram,,22.462650520040444,92.59536836548928,,,,,,,,Point
NEG_MZ_0101,0,negative,GADM_spatial_negative_candidate,,,MZ,Mizoram,,24.23938624726758,92.62024116017655,,,,,,,,Point
NEG_MZ_0102,0,negative,GADM_spatial_negative_candidate,,,MZ,Mizoram,,23.300388785415986,93.04259738307249,,,,,,,,Point
NEG_MZ_0103,0,negative,GADM_spatial_negative_candidate,,,MZ,Mizoram,,23.903821572742803,92.7018772515339,,,,,,,,Point
NEG_MZ_0104,0,negative,GADM_spatial_negative_candidate,,,MZ,Mizoram,,23.411888618025785,93.20728271970587,,,,,,,,Point
NEG_MZ_0105,0,negative,GADM_spatial_negative_candidate,,,MZ,Mizoram,,22.42695629095983,92.6249745333469,,,,,,,,Point
NEG_MZ_0106,0,negative,GADM_spatial_negative_candidate,,,MZ,Mizoram,,24.234138955858946,92.34888457383347,,,,,,,,Point
NEG_MZ_0107,0,negative,GADM_spatial_negative_candidate,,,MZ,Mizoram,,22.693359089381364,92.8954389044479,,,,,,,,Point
NEG_MZ_0108,0,negative,GADM_spatial_negative_candidate,,,MZ,Mizoram,,22.95119744188488,92.52561031519465,,,,,,,,Point
NEG_MZ_0109,0,negative,GADM_spatial_negative_candidate,,,MZ,Mizoram,,23.493273897233042,93.38674034918564,,,,,,,,Point
NEG_MZ_0110,0,negative,GADM_spatial_negative_candidate,,,MZ,Mizoram,,23.925666365090223,92.76998285709105,,,,,,,,Point
NEG_MZ_0111,0,negative,GADM_spatial_negative_candidate,,,MZ,Mizoram,,23.73128708359972,92.84633642564255,,,,,,,,Point
NEG_MZ_0112,0,negative,GADM_spatial_negative_candidate,,,MZ,Mizoram,,22.685921951951542,92.5551080374937,,,,,,,,Point
NEG_MZ_0113,0,negative,GADM_spatial_negative_candidate,,,MZ,Mizoram,,23.989966582998953,92.58013963244828,,,,,,,,Point
NEG_MZ_0114,0,negative,GADM_spatial_negative_candidate,,,MZ,Mizoram,,23.955857977123625,92.5857213496897,,,,,,,,Point
NEG_MZ_0115,0,negative,GADM_spatial_negative_candidate,,,MZ,Mizoram,,23.78764682177655,92.83220038154998,,,,,,,,Point
NEG_MZ_0116,0,negative,GADM_spatial_negative_candidate,,,MZ,Mizoram,,24.30289604384697,92.6957586160138,,,,,,,,Point
NEG_MZ_0117,0,negative,GADM_spatial_negative_candidate,,,MZ,Mizoram,,23.267858898612904,92.51806245708516,,,,,,,,Point
NEG_MZ_0118,0,negative,GADM_spatial_negative_candidate,,,MZ,Mizoram,,23.47789861433869,92.8520827740458,,,,,,,,Point
NEG_MZ_0119,0,negative,GADM_spatial_negative_candidate,,,MZ,Mizoram,,23.26797957361528,93.11474047872696,,,,,,,,Point
NEG_MZ_0120,0,negative,GADM_spatial_negative_candidate,,,MZ,Mizoram,,23.943146487009315,92.37617863663836,,,,,,,,Point
NEG_MZ_0121,0,negative,GADM_spatial_negative_candidate,,,MZ,Mizoram,,22.768969795166978,92.9208759918859,,,,,,,,Point
NEG_MZ_0122,0,negative,GADM_spatial_negative_candidate,,,MZ,Mizoram,,23.943812570518165,93.07486802934632,,,,,,,,Point
NEG_MZ_0123,0,negative,GADM_spatial_negative_candidate,,,MZ,Mizoram,,24.21436463377453,92.386715885138,,,,,,,,Point
NEG_MZ_0124,0,negative,GADM_spatial_negative_candidate,,,MZ,Mizoram,,22.67093849962057,92.8244012258286,,,,,,,,Point
NEG_MZ_0125,0,negative,GADM_spatial_negative_candidate,,,MZ,Mizoram,,23.58390171435569,92.3237841077255,,,,,,,,Point
NEG_MZ_0126,0,negative,GADM_spatial_negative_candidate,,,MZ,Mizoram,,22.64113450392297,92.97304768919587,,,,,,,,Point
NEG_MZ_0127,0,negative,GADM_spatial_negative_candidate,,,MZ,Mizoram,,23.58577014055766,93.23131527330331,,,,,,,,Point
NEG_MZ_0128,0,negative,GADM_spatial_negative_candidate,,,MZ,Mizoram,,23.225347355494492,92.49192937933054,,,,,,,,Point
NEG_MZ_0129,0,negative,GADM_spatial_negative_candidate,,,MZ,Mizoram,,24.221116373832942,92.32964853882238,,,,,,,,Point
NEG_MZ_0130,0,negative,GADM_spatial_negative_candidate,,,MZ,Mizoram,,22.82883169596768,92.6808942935603,,,,,,,,Point
NEG_MZ_0131,0,negative,GADM_spatial_negative_candidate,,,MZ,Mizoram,,23.059435117599012,92.61766862811024,,,,,,,,Point
NEG_MZ_0132,0,negative,GADM_spatial_negative_candidate,,,MZ,Mizoram,,22.917974754882884,93.0042667995237,,,,,,,,Point
NEG_MZ_0133,0,negative,GADM_spatial_negative_candidate,,,MZ,Mizoram,,24.03253213760351,93.0033969277318,,,,,,,,Point
NEG_MZ_0134,0,negative,GADM_spatial_negative_candidate,,,MZ,Mizoram,,24.03983776127789,93.24879004902004,,,,,,,,Point
NEG_MZ_0135,0,negative,GADM_spatial_negative_candidate,,,MZ,Mizoram,,23.46734253723139,92.92527224443151,,,,,,,,Point
NEG_MZ_0136,0,negative,GADM_spatial_negative_candidate,,,MZ,Mizoram,,23.778282892309967,92.8563622822117,,,,,,,,Point
NEG_MZ_0137,0,negative,GADM_spatial_negative_candidate,,,MZ,Mizoram,,22.861969076002758,92.99600310386839,,,,,,,,Point
NEG_MZ_0138,0,negative,GADM_spatial_negative_candidate,,,MZ,Mizoram,,22.12400851654143,93.01357729239913,,,,,,,,Point
NEG_MZ_0139,0,negative,GADM_spatial_negative_candidate,,,MZ,Mizoram,,23.632084563575123,93.21336395489584,,,,,,,,Point
NEG_MZ_0140,0,negative,GADM_spatial_negative_candidate,,,MZ,Mizoram,,22.133679728030277,92.75764755899912,,,,,,,,Point
NEG_MZ_0141,0,negative,GADM_spatial_negative_candidate,,,MZ,Mizoram,,24.08413300109812,92.9354840387841,,,,,,,,Point
NEG_MZ_0142,0,negative,GADM_spatial_negative_candidate,,,MZ,Mizoram,,23.036093947019364,92.80515722185898,,,,,,,,Point
NEG_MZ_0143,0,negative,GADM_spatial_negative_candidate,,,MZ,Mizoram,,23.924167885347813,92.55649058993065,,,,,,,,Point
NEG_MZ_0144,0,negative,GADM_spatial_negative_candidate,,,MZ,Mizoram,,23.24371902700218,92.49173656234606,,,,,,,,Point
NEG_MZ_0145,0,negative,GADM_spatial_negative_candidate,,,MZ,Mizoram,,24.124125647597502,92.72800268945907,,,,,,,,Point
NEG_MZ_0146,0,negative,GADM_spatial_negative_candidate,,,MZ,Mizoram,,24.35535402623085,92.78991977802733,,,,,,,,Point
NEG_MZ_0147,0,negative,GADM_spatial_negative_candidate,,,MZ,Mizoram,,23.48514181296623,92.5716452884572,,,,,,,,Point
NEG_MZ_0148,0,negative,GADM_spatial_negative_candidate,,,MZ,Mizoram,,22.325799260282224,92.93871440749297,,,,,,,,Point
NEG_MZ_0149,0,negative,GADM_spatial_negative_candidate,,,MZ,Mizoram,,23.490192322544473,92.463520123039,,,,,,,,Point
NEG_MZ_0150,0,negative,GADM_spatial_negative_candidate,,,MZ,Mizoram,,22.967277404093906,93.04740737404519,,,,,,,,Point
NEG_MZ_0151,0,negative,GADM_spatial_negative_candidate,,,MZ,Mizoram,,22.61123447123,93.08832745168355,,,,,,,,Point
NEG_MZ_0152,0,negative,GADM_spatial_negative_candidate,,,MZ,Mizoram,,23.798765265437133,92.34088823097487,,,,,,,,Point
NEG_MZ_0153,0,negative,GADM_spatial_negative_candidate,,,MZ,Mizoram,,23.660148731777035,92.34213753163858,,,,,,,,Point
NEG_MZ_0154,0,negative,GADM_spatial_negative_candidate,,,MZ,Mizoram,,23.534896377817148,92.77444789668947,,,,,,,,Point
NEG_MZ_0155,0,negative,GADM_spatial_negative_candidate,,,MZ,Mizoram,,23.74775684570506,92.52345430006446,,,,,,,,Point
NEG_MZ_0156,0,negative,GADM_spatial_negative_candidate,,,MZ,Mizoram,,22.859433137413156,92.71061418212248,,,,,,,,Point
NEG_MZ_0157,0,negative,GADM_spatial_negative_candidate,,,MZ,Mizoram,,24.005975988976203,92.83428480866975,,,,,,,,Point
NEG_MZ_0158,0,negative,GADM_spatial_negative_candidate,,,MZ,Mizoram,,23.7868205951383,92.38708039964428,,,,,,,,Point
NEG_MZ_0159,0,negative,GADM_spatial_negative_candidate,,,MZ,Mizoram,,23.779058395463206,93.04123504620829,,,,,,,,Point
NEG_MZ_0160,0,negative,GADM_spatial_negative_candidate,,,MZ,Mizoram,,24.22980281240155,92.99291335139922,,,,,,,,Point
NEG_MZ_0161,0,negative,GADM_spatial_negative_candidate,,,MZ,Mizoram,,23.63071291383625,93.21724708064471,,,,,,,,Point
NEG_MZ_0162,0,negative,GADM_spatial_negative_candidate,,,MZ,Mizoram,,23.261483486858218,93.32156388214689,,,,,,,,Point
NEG_MZ_0163,0,negative,GADM_spatial_negative_candidate,,,MZ,Mizoram,,22.245179376689066,92.9159858080396,,,,,,,,Point
NEG_MZ_0164,0,negative,GADM_spatial_negative_candidate,,,MZ,Mizoram,,23.641558197844063,92.89791267446412,,,,,,,,Point
NEG_MZ_0165,0,negative,GADM_spatial_negative_candidate,,,MZ,Mizoram,,22.79625756855614,92.84646486214926,,,,,,,,Point
NEG_MZ_0166,0,negative,GADM_spatial_negative_candidate,,,MZ,Mizoram,,22.989386326601856,92.90587278211599,,,,,,,,Point
NEG_MZ_0167,0,negative,GADM_spatial_negative_candidate,,,MZ,Mizoram,,22.27319035488992,92.72581432790986,,,,,,,,Point
NEG_MZ_0168,0,negative,GADM_spatial_negative_candidate,,,MZ,Mizoram,,23.56958260264288,93.30974575794393,,,,,,,,Point
NEG_MZ_0169,0,negative,GADM_spatial_negative_candidate,,,MZ,Mizoram,,24.062793236051654,92.72791682404686,,,,,,,,Point
NEG_MZ_0170,0,negative,GADM_spatial_negative_candidate,,,MZ,Mizoram,,23.327849880999217,92.7252613835867,,,,,,,,Point
NEG_MZ_0171,0,negative,GADM_spatial_negative_candidate,,,MZ,Mizoram,,24.450358551039216,92.73558768947946,,,,,,,,Point
NEG_MZ_0172,0,negative,GADM_spatial_negative_candidate,,,MZ,Mizoram,,23.880252998129478,92.41843553880905,,,,,,,,Point
NEG_MZ_0173,0,negative,GADM_spatial_negative_candidate,,,MZ,Mizoram,,23.17207014403651,92.95644093585743,,,,,,,,Point
NEG_MZ_0174,0,negative,GADM_spatial_negative_candidate,,,MZ,Mizoram,,23.739208376464052,92.81112753445282,,,,,,,,Point
NEG_MZ_0175,0,negative,GADM_spatial_negative_candidate,,,MZ,Mizoram,,22.591410164663365,93.06915168779244,,,,,,,,Point
NEG_MZ_0176,0,negative,GADM_spatial_negative_candidate,,,MZ,Mizoram,,23.30659073743128,92.42506120773996,,,,,,,,Point
NEG_MZ_0177,0,negative,GADM_spatial_negative_candidate,,,MZ,Mizoram,,23.513125608401708,92.57846294531132,,,,,,,,Point
NEG_MZ_0178,0,negative,GADM_spatial_negative_candidate,,,MZ,Mizoram,,23.812241078047435,92.53280440449846,,,,,,,,Point
NEG_MZ_0179,0,negative,GADM_spatial_negative_candidate,,,MZ,Mizoram,,23.653692448561017,93.03085409003727,,,,,,,,Point
NEG_MZ_0180,0,negative,GADM_spatial_negative_candidate,,,MZ,Mizoram,,23.882624169241993,92.35604713571567,,,,,,,,Point
NEG_MZ_0181,0,negative,GADM_spatial_negative_candidate,,,MZ,Mizoram,,23.844024855130005,92.29991517227592,,,,,,,,Point
NEG_MZ_0182,0,negative,GADM_spatial_negative_candidate,,,MZ,Mizoram,,24.073924122193816,92.49132650217598,,,,,,,,Point
NEG_MZ_0183,0,negative,GADM_spatial_negative_candidate,,,MZ,Mizoram,,22.72660863189609,92.84399388169385,,,,,,,,Point
NEG_MZ_0184,0,negative,GADM_spatial_negative_candidate,,,MZ,Mizoram,,23.61653190352609,92.64091421978694,,,,,,,,Point
NEG_MZ_0185,0,negative,GADM_spatial_negative_candidate,,,MZ,Mizoram,,23.356791223884326,92.6837659281418,,,,,,,,Point
NEG_MZ_0186,0,negative,GADM_spatial_negative_candidate,,,MZ,Mizoram,,24.16061916839002,92.64010339812613,,,,,,,,Point
NEG_MZ_0187,0,negative,GADM_spatial_negative_candidate,,,MZ,Mizoram,,23.735130821553987,93.33662709203699,,,,,,,,Point
NEG_MZ_0188,0,negative,GADM_spatial_negative_candidate,,,MZ,Mizoram,,23.397160052079524,93.101863352334,,,,,,,,Point
NEG_MZ_0189,0,negative,GADM_spatial_negative_candidate,,,MZ,Mizoram,,22.905245606375317,92.99672514651516,,,,,,,,Point
NEG_MZ_0190,0,negative,GADM_spatial_negative_candidate,,,MZ,Mizoram,,22.858191528126337,92.8160791042678,,,,,,,,Point
NEG_MZ_0191,0,negative,GADM_spatial_negative_candidate,,,MZ,Mizoram,,22.23097492485039,92.77488470883395,,,,,,,,Point
NEG_MZ_0192,0,negative,GADM_spatial_negative_candidate,,,MZ,Mizoram,,22.771701884561942,92.92382339867787,,,,,,,,Point
NEG_MZ_0193,0,negative,GADM_spatial_negative_candidate,,,MZ,Mizoram,,22.727691311798143,92.71658275989097,,,,,,,,Point
NEG_MZ_0194,0,negative,GADM_spatial_negative_candidate,,,MZ,Mizoram,,23.597025793910156,93.16181505709169,,,,,,,,Point
NEG_MZ_0195,0,negative,GADM_spatial_negative_candidate,,,MZ,Mizoram,,24.010796738362874,92.40528808729974,,,,,,,,Point
NEG_MZ_0196,0,negative,GADM_spatial_negative_candidate,,,MZ,Mizoram,,23.88364832218986,92.69519988554946,,,,,,,,Point
NEG_MZ_0197,0,negative,GADM_spatial_negative_candidate,,,MZ,Mizoram,,22.176290862260874,92.73323381957361,,,,,,,,Point
NEG_MZ_0198,0,negative,GADM_spatial_negative_candidate,,,MZ,Mizoram,,22.76238632762386,92.74497353151168,,,,,,,,Point
NEG_MZ_0199,0,negative,GADM_spatial_negative_candidate,,,MZ,Mizoram,,23.179874026132126,93.12588278392211,,,,,,,,Point
NEG_MZ_0200,0,negative,GADM_spatial_negative_candidate,,,MZ,Mizoram,,23.98865817358687,92.38081494906058,,,,,,,,Point
NEG_MZ_0201,0,negative,GADM_spatial_negative_candidate,,,MZ,Mizoram,,23.060422146539565,92.52548579769545,,,,,,,,Point
NEG_MZ_0202,0,negative,GADM_spatial_negative_candidate,,,MZ,Mizoram,,22.748450812437614,92.7911593030184,,,,,,,,Point
NEG_MZ_0203,0,negative,GADM_spatial_negative_candidate,,,MZ,Mizoram,,24.349959750213287,92.76766170155537,,,,,,,,Point
NEG_MZ_0204,0,negative,GADM_spatial_negative_candidate,,,MZ,Mizoram,,23.442669554212088,92.83176202768948,,,,,,,,Point
NEG_MZ_0205,0,negative,GADM_spatial_negative_candidate,,,MZ,Mizoram,,24.338672495044317,92.85250690960991,,,,,,,,Point
NEG_MZ_0206,0,negative,GADM_spatial_negative_candidate,,,MZ,Mizoram,,23.199237545323598,92.4427141428237,,,,,,,,Point
NEG_MZ_0207,0,negative,GADM_spatial_negative_candidate,,,MZ,Mizoram,,22.880919985056977,92.60496061937252,,,,,,,,Point
NEG_MZ_0208,0,negative,GADM_spatial_negative_candidate,,,MZ,Mizoram,,22.407435170619255,93.07148933391356,,,,,,,,Point
NEG_MZ_0209,0,negative,GADM_spatial_negative_candidate,,,MZ,Mizoram,,23.46450554317366,92.72710423514812,,,,,,,,Point
NEG_MZ_0210,0,negative,GADM_spatial_negative_candidate,,,MZ,Mizoram,,22.307860585521855,93.1866197167887,,,,,,,,Point
NEG_MZ_0211,0,negative,GADM_spatial_negative_candidate,,,MZ,Mizoram,,23.641918589937774,93.13304024813486,,,,,,,,Point
NEG_MZ_0212,0,negative,GADM_spatial_negative_candidate,,,MZ,Mizoram,,23.486686148341,92.54542246656808,,,,,,,,Point
NEG_MZ_0213,0,negative,GADM_spatial_negative_candidate,,,MZ,Mizoram,,22.342195072570284,92.95098984231005,,,,,,,,Point
NEG_MZ_0214,0,negative,GADM_spatial_negative_candidate,,,MZ,Mizoram,,24.223327789205648,92.72324027269303,,,,,,,,Point
NEG_MZ_0215,0,negative,GADM_spatial_negative_candidate,,,MZ,Mizoram,,23.77118966770527,92.48983103354703,,,,,,,,Point
NEG_MZ_0216,0,negative,GADM_spatial_negative_candidate,,,MZ,Mizoram,,23.31886429392675,92.59396250928127,,,,,,,,Point
NEG_MZ_0217,0,negative,GADM_spatial_negative_candidate,,,MZ,Mizoram,,23.08923205889289,92.42104296871801,,,,,,,,Point
NEG_MZ_0218,0,negative,GADM_spatial_negative_candidate,,,MZ,Mizoram,,23.614664484837853,93.20529127027936,,,,,,,,Point
NEG_MZ_0219,0,negative,GADM_spatial_negative_candidate,,,MZ,Mizoram,,23.37477660691661,92.56649440943688,,,,,,,,Point
NEG_MZ_0220,0,negative,GADM_spatial_negative_candidate,,,MZ,Mizoram,,22.30938916216195,92.75421535544335,,,,,,,,Point
NEG_MZ_0221,0,negative,GADM_spatial_negative_candidate,,,MZ,Mizoram,,22.457093131411213,92.62684639477665,,,,,,,,Point
NEG_MZ_0222,0,negative,GADM_spatial_negative_candidate,,,MZ,Mizoram,,23.8651966042357,92.96495048715282,,,,,,,,Point
NEG_MZ_0223,0,negative,GADM_spatial_negative_candidate,,,MZ,Mizoram,,23.70813499939106,93.19390217486608,,,,,,,,Point
NEG_MZ_0224,0,negative,GADM_spatial_negative_candidate,,,MZ,Mizoram,,23.334083981820164,93.18977422743154,,,,,,,,Point
NEG_MZ_0225,0,negative,GADM_spatial_negative_candidate,,,MZ,Mizoram,,22.9984800393409,93.0471390151185,,,,,,,,Point
NEG_MZ_0226,0,negative,GADM_spatial_negative_candidate,,,MZ,Mizoram,,23.571586926759977,92.58239032574122,,,,,,,,Point
NEG_MZ_0227,0,negative,GADM_spatial_negative_candidate,,,MZ,Mizoram,,23.326384760028887,92.73622782610913,,,,,,,,Point
NEG_MZ_0228,0,negative,GADM_spatial_negative_candidate,,,MZ,Mizoram,,23.363349008786983,93.13497891478795,,,,,,,,Point
NEG_MZ_0229,0,negative,GADM_spatial_negative_candidate,,,MZ,Mizoram,,22.399508567762474,92.75307369459767,,,,,,,,Point
NEG_MZ_0230,0,negative,GADM_spatial_negative_candidate,,,MZ,Mizoram,,22.474958383795407,92.68096471086368,,,,,,,,Point
NEG_MZ_0231,0,negative,GADM_spatial_negative_candidate,,,MZ,Mizoram,,23.895484127852924,92.47516142831506,,,,,,,,Point
NEG_MZ_0232,0,negative,GADM_spatial_negative_candidate,,,MZ,Mizoram,,23.588243931626817,93.02744213510593,,,,,,,,Point
NEG_MZ_0233,0,negative,GADM_spatial_negative_candidate,,,MZ,Mizoram,,23.62295276146092,93.42577587485978,,,,,,,,Point
NEG_MZ_0234,0,negative,GADM_spatial_negative_candidate,,,MZ,Mizoram,,23.77165905677843,93.15381959819979,,,,,,,,Point
NEG_MZ_0235,0,negative,GADM_spatial_negative_candidate,,,MZ,Mizoram,,22.750353053459886,92.59622667089063,,,,,,,,Point
NEG_MZ_0236,0,negative,GADM_spatial_negative_candidate,,,MZ,Mizoram,,23.414792273610136,93.22233658989695,,,,,,,,Point
NEG_MZ_0237,0,negative,GADM_spatial_negative_candidate,,,MZ,Mizoram,,23.718561925208334,92.97343755843472,,,,,,,,Point
NEG_MZ_0238,0,negative,GADM_spatial_negative_candidate,,,MZ,Mizoram,,22.999134266172664,92.61818203718151,,,,,,,,Point
NEG_MZ_0239,0,negative,GADM_spatial_negative_candidate,,,MZ,Mizoram,,22.299641669213667,93.01629026413342,,,,,,,,Point
NEG_MZ_0240,0,negative,GADM_spatial_negative_candidate,,,MZ,Mizoram,,23.544827275722653,92.90440262961388,,,,,,,,Point
NEG_MZ_0241,0,negative,GADM_spatial_negative_candidate,,,MZ,Mizoram,,23.786840852843795,92.44877273872969,,,,,,,,Point
NEG_MZ_0242,0,negative,GADM_spatial_negative_candidate,,,MZ,Mizoram,,22.316499699903762,92.74768894400943,,,,,,,,Point
NEG_MZ_0243,0,negative,GADM_spatial_negative_candidate,,,MZ,Mizoram,,23.72942247076965,93.13312876628426,,,,,,,,Point
NEG_MZ_0244,0,negative,GADM_spatial_negative_candidate,,,MZ,Mizoram,,22.59709962915638,92.6046030396217,,,,,,,,Point
NEG_MZ_0245,0,negative,GADM_spatial_negative_candidate,,,MZ,Mizoram,,22.524491383051686,93.07021154213386,,,,,,,,Point
NEG_MZ_0246,0,negative,GADM_spatial_negative_candidate,,,MZ,Mizoram,,22.74872720856109,92.998020473949,,,,,,,,Point
NEG_MZ_0247,0,negative,GADM_spatial_negative_candidate,,,MZ,Mizoram,,22.94610289815432,93.06611784049909,,,,,,,,Point
NEG_MZ_0248,0,negative,GADM_spatial_negative_candidate,,,MZ,Mizoram,,23.70548511224752,93.14347614932873,,,,,,,,Point
NEG_MZ_0249,0,negative,GADM_spatial_negative_candidate,,,MZ,Mizoram,,22.067072904435154,92.91685487559761,,,,,,,,Point
NEG_MZ_0250,0,negative,GADM_spatial_negative_candidate,,,MZ,Mizoram,,22.10419330623722,92.82587153497569,,,,,,,,Point
NEG_MZ_0251,0,negative,GADM_spatial_negative_candidate,,,MZ,Mizoram,,22.96854276547134,92.61591468309246,,,,,,,,Point
NEG_MZ_0252,0,negative,GADM_spatial_negative_candidate,,,MZ,Mizoram,,22.869271444172398,92.51055294474007,,,,,,,,Point
NEG_MZ_0253,0,negative,GADM_spatial_negative_candidate,,,MZ,Mizoram,,22.57216070108828,93.0342049631275,,,,,,,,Point
NEG_MZ_0254,0,negative,GADM_spatial_negative_candidate,,,MZ,Mizoram,,23.54406533126109,93.05536147064065,,,,,,,,Point
NEG_MZ_0255,0,negative,GADM_spatial_negative_candidate,,,MZ,Mizoram,,22.662605373184423,92.82520093118032,,,,,,,,Point
NEG_MZ_0256,0,negative,GADM_spatial_negative_candidate,,,MZ,Mizoram,,22.586143962132947,93.12760226143523,,,,,,,,Point
NEG_MZ_0257,0,negative,GADM_spatial_negative_candidate,,,MZ,Mizoram,,23.100626299080194,92.72320564275931,,,,,,,,Point
NEG_MZ_0258,0,negative,GADM_spatial_negative_candidate,,,MZ,Mizoram,,23.09479989941878,93.09076253103444,,,,,,,,Point
NEG_MZ_0259,0,negative,GADM_spatial_negative_candidate,,,MZ,Mizoram,,22.607484112652152,92.83261884108448,,,,,,,,Point
NEG_MZ_0260,0,negative,GADM_spatial_negative_candidate,,,MZ,Mizoram,,23.415101367228715,92.58247395629569,,,,,,,,Point
NEG_MZ_0261,0,negative,GADM_spatial_negative_candidate,,,MZ,Mizoram,,22.768679884485188,92.9176519152689,,,,,,,,Point
NEG_MZ_0262,0,negative,GADM_spatial_negative_candidate,,,MZ,Mizoram,,23.390017543003385,92.40501524967313,,,,,,,,Point
NEG_MZ_0263,0,negative,GADM_spatial_negative_candidate,,,MZ,Mizoram,,22.341523596505972,93.18383378166608,,,,,,,,Point
NEG_MZ_0264,0,negative,GADM_spatial_negative_candidate,,,MZ,Mizoram,,22.346258412306117,92.98037781379578,,,,,,,,Point
NEG_MZ_0265,0,negative,GADM_spatial_negative_candidate,,,MZ,Mizoram,,22.61005858398746,93.1286857224015,,,,,,,,Point
NEG_MZ_0266,0,negative,GADM_spatial_negative_candidate,,,MZ,Mizoram,,23.16367543423684,92.61442862037558,,,,,,,,Point
NEG_MZ_0267,0,negative,GADM_spatial_negative_candidate,,,MZ,Mizoram,,23.173248326817227,92.728856772573,,,,,,,,Point
NEG_MZ_0268,0,negative,GADM_spatial_negative_candidate,,,MZ,Mizoram,,23.200193777741568,93.00088982978937,,,,,,,,Point
NEG_MZ_0269,0,negative,GADM_spatial_negative_candidate,,,MZ,Mizoram,,23.055281088338415,92.60126175922933,,,,,,,,Point
NEG_MZ_0270,0,negative,GADM_spatial_negative_candidate,,,MZ,Mizoram,,22.959449738308965,92.54677383545787,,,,,,,,Point
NEG_MZ_0271,0,negative,GADM_spatial_negative_candidate,,,MZ,Mizoram,,22.354710082068596,92.79925748261155,,,,,,,,Point
NEG_MZ_0272,0,negative,GADM_spatial_negative_candidate,,,MZ,Mizoram,,23.719327804491602,92.46139088099468,,,,,,,,Point
NEG_MZ_0273,0,negative,GADM_spatial_negative_candidate,,,MZ,Mizoram,,24.321553253714914,92.8730021729231,,,,,,,,Point
NEG_MZ_0274,0,negative,GADM_spatial_negative_candidate,,,MZ,Mizoram,,23.269217365483758,92.86151104259696,,,,,,,,Point
NEG_MZ_0275,0,negative,GADM_spatial_negative_candidate,,,MZ,Mizoram,,22.33751751436558,92.84893696048478,,,,,,,,Point
NEG_MZ_0276,0,negative,GADM_spatial_negative_candidate,,,MZ,Mizoram,,22.30320384757946,92.80726147425838,,,,,,,,Point
NEG_MZ_0277,0,negative,GADM_spatial_negative_candidate,,,MZ,Mizoram,,23.63425211323494,93.10826844035147,,,,,,,,Point
NEG_MZ_0278,0,negative,GADM_spatial_negative_candidate,,,MZ,Mizoram,,24.423264753826246,92.77352648830208,,,,,,,,Point
NEG_MZ_0279,0,negative,GADM_spatial_negative_candidate,,,MZ,Mizoram,,22.822070383248228,92.74539049057489,,,,,,,,Point
NEG_MZ_0280,0,negative,GADM_spatial_negative_candidate,,,MZ,Mizoram,,22.089343821918337,92.86880200823879,,,,,,,,Point
NEG_MZ_0281,0,negative,GADM_spatial_negative_candidate,,,MZ,Mizoram,,22.92548222743143,93.09588259045378,,,,,,,,Point
NEG_MZ_0282,0,negative,GADM_spatial_negative_candidate,,,MZ,Mizoram,,23.030827006031448,93.27814212910573,,,,,,,,Point
NEG_MZ_0283,0,negative,GADM_spatial_negative_candidate,,,MZ,Mizoram,,23.990053308490367,93.05221099920756,,,,,,,,Point
NEG_MZ_0284,0,negative,GADM_spatial_negative_candidate,,,MZ,Mizoram,,23.393861299089373,93.1415373569803,,,,,,,,Point
NEG_MZ_0285,0,negative,GADM_spatial_negative_candidate,,,MZ,Mizoram,,23.497676925692026,93.26366572633657,,,,,,,,Point
NEG_MZ_0286,0,negative,GADM_spatial_negative_candidate,,,MZ,Mizoram,,22.162598802004517,93.0049939240541,,,,,,,,Point
NEG_MZ_0287,0,negative,GADM_spatial_negative_candidate,,,MZ,Mizoram,,23.272879150684613,92.48806196559195,,,,,,,,Point
NEG_MZ_0288,0,negative,GADM_spatial_negative_candidate,,,MZ,Mizoram,,23.525678632405807,93.18106306342743,,,,,,,,Point
NEG_MZ_0289,0,negative,GADM_spatial_negative_candidate,,,MZ,Mizoram,,23.652681929618712,92.50626441116066,,,,,,,,Point
NEG_MZ_0290,0,negative,GADM_spatial_negative_candidate,,,MZ,Mizoram,,24.29372421740665,92.94755808517203,,,,,,,,Point
NEG_MZ_0291,0,negative,GADM_spatial_negative_candidate,,,MZ,Mizoram,,23.805744462936385,93.12065570567968,,,,,,,,Point
NEG_MZ_0292,0,negative,GADM_spatial_negative_candidate,,,MZ,Mizoram,,24.37279295004288,92.7439225768668,,,,,,,,Point
NEG_MZ_0293,0,negative,GADM_spatial_negative_candidate,,,MZ,Mizoram,,24.178267812274264,92.36821225340417,,,,,,,,Point
NEG_MZ_0294,0,negative,GADM_spatial_negative_candidate,,,MZ,Mizoram,,22.30903158275426,93.03392444713123,,,,,,,,Point
NEG_MZ_0295,0,negative,GADM_spatial_negative_candidate,,,MZ,Mizoram,,23.17987309638782,93.0070345098154,,,,,,,,Point
NEG_MZ_0296,0,negative,GADM_spatial_negative_candidate,,,MZ,Mizoram,,23.363404288550356,93.24506150070182,,,,,,,,Point
NEG_MZ_0297,0,negative,GADM_spatial_negative_candidate,,,MZ,Mizoram,,22.599482484609588,92.66399612831216,,,,,,,,Point
NEG_MZ_0298,0,negative,GADM_spatial_negative_candidate,,,MZ,Mizoram,,22.275432400978406,92.73440547666182,,,,,,,,Point
NEG_MZ_0299,0,negative,GADM_spatial_negative_candidate,,,MZ,Mizoram,,22.064715454147358,92.8921973060471,,,,,,,,Point
NEG_MZ_0300,0,negative,GADM_spatial_negative_candidate,,,MZ,Mizoram,,22.457324951236416,92.6265236686115,,,,,,,,Point
NEG_MZ_0301,0,negative,GADM_spatial_negative_candidate,,,MZ,Mizoram,,23.95326414459114,92.59295884049108,,,,,,,,Point
NEG_MZ_0302,0,negative,GADM_spatial_negative_candidate,,,MZ,Mizoram,,22.772214791831956,92.9389299634803,,,,,,,,Point
NEG_MZ_0303,0,negative,GADM_spatial_negative_candidate,,,MZ,Mizoram,,23.309885036451384,93.04454165500306,,,,,,,,Point
NEG_MZ_0304,0,negative,GADM_spatial_negative_candidate,,,MZ,Mizoram,,23.383604110697345,92.64704960337191,,,,,,,,Point
NEG_MZ_0305,0,negative,GADM_spatial_negative_candidate,,,MZ,Mizoram,,23.93709072764748,92.59108517009571,,,,,,,,Point
NEG_MZ_0306,0,negative,GADM_spatial_negative_candidate,,,MZ,Mizoram,,23.46110438391496,92.50983355460934,,,,,,,,Point
NEG_MZ_0307,0,negative,GADM_spatial_negative_candidate,,,MZ,Mizoram,,22.905976828477886,92.98822991816554,,,,,,,,Point
NEG_MZ_0308,0,negative,GADM_spatial_negative_candidate,,,MZ,Mizoram,,23.626434599768064,92.59629363898723,,,,,,,,Point
NEG_MZ_0309,0,negative,GADM_spatial_negative_candidate,,,MZ,Mizoram,,24.049883162750852,93.02620593708195,,,,,,,,Point
NEG_MZ_0310,0,negative,GADM_spatial_negative_candidate,,,MZ,Mizoram,,23.876389765540967,92.90697076596558,,,,,,,,Point
NEG_MZ_0311,0,negative,GADM_spatial_negative_candidate,,,MZ,Mizoram,,23.991470878262362,92.37259883200305,,,,,,,,Point
NEG_MZ_0312,0,negative,GADM_spatial_negative_candidate,,,MZ,Mizoram,,22.73219177002013,92.79335949259497,,,,,,,,Point
NEG_MZ_0313,0,negative,GADM_spatial_negative_candidate,,,MZ,Mizoram,,23.257560307212856,92.58793740337435,,,,,,,,Point
NEG_MZ_0314,0,negative,GADM_spatial_negative_candidate,,,MZ,Mizoram,,23.892867408362505,92.46047733425327,,,,,,,,Point
NEG_MZ_0315,0,negative,GADM_spatial_negative_candidate,,,MZ,Mizoram,,22.540526462981106,92.87029684027144,,,,,,,,Point
NEG_MZ_0316,0,negative,GADM_spatial_negative_candidate,,,MZ,Mizoram,,23.14142874748616,93.20206277638273,,,,,,,,Point
NEG_MZ_0317,0,negative,GADM_spatial_negative_candidate,,,MZ,Mizoram,,23.862016806307956,92.81282812703007,,,,,,,,Point
NEG_MZ_0318,0,negative,GADM_spatial_negative_candidate,,,MZ,Mizoram,,23.951875179337584,92.52907485849045,,,,,,,,Point
NEG_MZ_0319,0,negative,GADM_spatial_negative_candidate,,,MZ,Mizoram,,23.206545549008162,93.00855000463542,,,,,,,,Point
NEG_MZ_0320,0,negative,GADM_spatial_negative_candidate,,,MZ,Mizoram,,22.833251735249345,92.7927842189866,,,,,,,,Point
NEG_MZ_0321,0,negative,GADM_spatial_negative_candidate,,,MZ,Mizoram,,24.23512598575228,92.57041103313631,,,,,,,,Point
NEG_MZ_0322,0,negative,GADM_spatial_negative_candidate,,,MZ,Mizoram,,22.30761932136533,93.1442830282604,,,,,,,,Point
NEG_MZ_0323,0,negative,GADM_spatial_negative_candidate,,,MZ,Mizoram,,22.204982688570283,92.85114558503962,,,,,,,,Point
NEG_MZ_0324,0,negative,GADM_spatial_negative_candidate,,,MZ,Mizoram,,22.80963168033842,92.8670839552459,,,,,,,,Point
NEG_MZ_0325,0,negative,GADM_spatial_negative_candidate,,,MZ,Mizoram,,23.013791601692176,93.0909643198376,,,,,,,,Point
NEG_MZ_0326,0,negative,GADM_spatial_negative_candidate,,,MZ,Mizoram,,23.270084902485237,93.28882345178789,,,,,,,,Point
NEG_MZ_0327,0,negative,GADM_spatial_negative_candidate,,,MZ,Mizoram,,23.917879455965053,92.54533552125314,,,,,,,,Point
NEG_MZ_0328,0,negative,GADM_spatial_negative_candidate,,,MZ,Mizoram,,22.40196122433767,92.67408411700951,,,,,,,,Point
NEG_MZ_0329,0,negative,GADM_spatial_negative_candidate,,,MZ,Mizoram,,24.11624044293181,92.89173510270305,,,,,,,,Point
NEG_MZ_0330,0,negative,GADM_spatial_negative_candidate,,,MZ,Mizoram,,24.05115761114774,93.13620229357105,,,,,,,,Point
NEG_MZ_0331,0,negative,GADM_spatial_negative_candidate,,,MZ,Mizoram,,23.025971341098717,93.084384088338,,,,,,,,Point
NEG_MZ_0332,0,negative,GADM_spatial_negative_candidate,,,MZ,Mizoram,,23.661517577859343,92.54336220562085,,,,,,,,Point
NEG_MZ_0333,0,negative,GADM_spatial_negative_candidate,,,MZ,Mizoram,,24.477768000581378,92.7560299005057,,,,,,,,Point
NEG_MZ_0334,0,negative,GADM_spatial_negative_candidate,,,MZ,Mizoram,,24.201083386309136,92.68838807999546,,,,,,,,Point
NEG_MZ_0335,0,negative,GADM_spatial_negative_candidate,,,MZ,Mizoram,,23.688011484245195,93.25730489397215,,,,,,,,Point
NEG_MZ_0336,0,negative,GADM_spatial_negative_candidate,,,MZ,Mizoram,,24.285451275183185,92.99171405266306,,,,,,,,Point
NEG_MZ_0337,0,negative,GADM_spatial_negative_candidate,,,MZ,Mizoram,,23.799257909345705,93.31283227713826,,,,,,,,Point
NEG_MZ_0338,0,negative,GADM_spatial_negative_candidate,,,MZ,Mizoram,,22.85945513981668,92.87207010815955,,,,,,,,Point
NEG_MZ_0339,0,negative,GADM_spatial_negative_candidate,,,MZ,Mizoram,,24.380038450000207,92.84170402787302,,,,,,,,Point
NEG_MZ_0340,0,negative,GADM_spatial_negative_candidate,,,MZ,Mizoram,,22.859285723766448,93.10630454624636,,,,,,,,Point
NEG_MZ_0341,0,negative,GADM_spatial_negative_candidate,,,MZ,Mizoram,,22.738376281792775,92.87730252433911,,,,,,,,Point
NEG_MZ_0342,0,negative,GADM_spatial_negative_candidate,,,MZ,Mizoram,,23.217723775719563,92.51083272959721,,,,,,,,Point
NEG_MZ_0343,0,negative,GADM_spatial_negative_candidate,,,MZ,Mizoram,,22.904936748312306,92.65483948787478,,,,,,,,Point
NEG_MZ_0344,0,negative,GADM_spatial_negative_candidate,,,MZ,Mizoram,,23.389757730116713,92.97883391717687,,,,,,,,Point
NEG_MZ_0345,0,negative,GADM_spatial_negative_candidate,,,MZ,Mizoram,,23.171632633398392,92.89506352837495,,,,,,,,Point
NEG_MZ_0346,0,negative,GADM_spatial_negative_candidate,,,MZ,Mizoram,,23.182973572254795,92.69116004915166,,,,,,,,Point
NEG_MZ_0347,0,negative,GADM_spatial_negative_candidate,,,MZ,Mizoram,,23.13309043196006,92.8273788705568,,,,,,,,Point
NEG_MZ_0348,0,negative,GADM_spatial_negative_candidate,,,MZ,Mizoram,,24.335036310005574,92.8582357705253,,,,,,,,Point
NEG_MZ_0349,0,negative,GADM_spatial_negative_candidate,,,MZ,Mizoram,,24.06795778101683,93.03105493368996,,,,,,,,Point
NEG_MZ_0350,0,negative,GADM_spatial_negative_candidate,,,MZ,Mizoram,,22.36766942451805,93.0900094402747,,,,,,,,Point
NEG_MZ_0351,0,negative,GADM_spatial_negative_candidate,,,MZ,Mizoram,,23.574019439606815,92.91401248560615,,,,,,,,Point
NEG_MZ_0352,0,negative,GADM_spatial_negative_candidate,,,MZ,Mizoram,,22.981713199982874,92.84881560424073,,,,,,,,Point
NEG_MZ_0353,0,negative,GADM_spatial_negative_candidate,,,MZ,Mizoram,,22.644229626989755,92.70614208024166,,,,,,,,Point
NEG_MZ_0354,0,negative,GADM_spatial_negative_candidate,,,MZ,Mizoram,,23.598140634758124,93.3348706672929,,,,,,,,Point
NEG_NL_0001,0,negative,GADM_spatial_negative_candidate,,,NL,Nagaland,,25.505982628396943,93.45210480009355,,,,,,,,Point
NEG_NL_0002,0,negative,GADM_spatial_negative_candidate,,,NL,Nagaland,,26.71082405603443,94.92185357569139,,,,,,,,Point
NEG_NL_0003,0,negative,GADM_spatial_negative_candidate,,,NL,Nagaland,,26.443364135155477,94.25075007985843,,,,,,,,Point
NEG_NL_0004,0,negative,GADM_spatial_negative_candidate,,,NL,Nagaland,,25.802933182468486,94.1126379783251,,,,,,,,Point
NEG_NL_0005,0,negative,GADM_spatial_negative_candidate,,,NL,Nagaland,,26.39866571431493,94.2549873820581,,,,,,,,Point
NEG_NL_0006,0,negative,GADM_spatial_negative_candidate,,,NL,Nagaland,,26.445318097586497,94.36956055299451,,,,,,,,Point
NEG_NL_0007,0,negative,GADM_spatial_negative_candidate,,,NL,Nagaland,,25.70989132695359,94.60917267849094,,,,,,,,Point
NEG_NL_0008,0,negative,GADM_spatial_negative_candidate,,,NL,Nagaland,,25.972708958626136,94.32482674125727,,,,,,,,Point
NEG_SK_0001,0,negative,GADM_spatial_negative_candidate,,,SK,Sikkim,,27.921198983283382,88.33212177321334,,,,,,,,Point
NEG_SK_0002,0,negative,GADM_spatial_negative_candidate,,,SK,Sikkim,,27.43043928456267,88.227969447902,,,,,,,,Point
NEG_SK_0003,0,negative,GADM_spatial_negative_candidate,,,SK,Sikkim,,27.162488399254475,88.41478214624605,,,,,,,,Point
NEG_SK_0004,0,negative,GADM_spatial_negative_candidate,,,SK,Sikkim,,27.6931778935641,88.56693957201891,,,,,,,,Point
NEG_SK_0005,0,negative,GADM_spatial_negative_candidate,,,SK,Sikkim,,27.402264341412526,88.39801961076564,,,,,,,,Point
NEG_SK_0006,0,negative,GADM_spatial_negative_candidate,,,SK,Sikkim,,27.84255206630574,88.40668253662814,,,,,,,,Point
NEG_SK_0007,0,negative,GADM_spatial_negative_candidate,,,SK,Sikkim,,27.82811468938455,88.78858907474405,,,,,,,,Point
NEG_SK_0008,0,negative,GADM_spatial_negative_candidate,,,SK,Sikkim,,27.295232708765543,88.35976270717298,,,,,,,,Point
NEG_SK_0009,0,negative,GADM_spatial_negative_candidate,,,SK,Sikkim,,27.87488351390165,88.34280800410053,,,,,,,,Point
NEG_SK_0010,0,negative,GADM_spatial_negative_candidate,,,SK,Sikkim,,27.933141879689664,88.41051720462755,,,,,,,,Point
NEG_SK_0011,0,negative,GADM_spatial_negative_candidate,,,SK,Sikkim,,27.68758577830429,88.42969101425781,,,,,,,,Point
NEG_SK_0012,0,negative,GADM_spatial_negative_candidate,,,SK,Sikkim,,27.620417957685174,88.51975713254954,,,,,,,,Point
NEG_SK_0013,0,negative,GADM_spatial_negative_candidate,,,SK,Sikkim,,27.66843345495623,88.34264069183585,,,,,,,,Point
NEG_SK_0014,0,negative,GADM_spatial_negative_candidate,,,SK,Sikkim,,27.50161010679306,88.0850168937698,,,,,,,,Point
NEG_SK_0015,0,negative,GADM_spatial_negative_candidate,,,SK,Sikkim,,27.712897189996987,88.1613010684072,,,,,,,,Point
NEG_SK_0016,0,negative,GADM_spatial_negative_candidate,,,SK,Sikkim,,27.378206623233222,88.81543406524389,,,,,,,,Point
NEG_SK_0017,0,negative,GADM_spatial_negative_candidate,,,SK,Sikkim,,27.44500645084144,88.08232804047617,,,,,,,,Point
NEG_SK_0018,0,negative,GADM_spatial_negative_candidate,,,SK,Sikkim,,27.298175204694203,88.51314678292412,,,,,,,,Point
NEG_SK_0019,0,negative,GADM_spatial_negative_candidate,,,SK,Sikkim,,27.78480081802339,88.54474181426497,,,,,,,,Point
NEG_SK_0020,0,negative,GADM_spatial_negative_candidate,,,SK,Sikkim,,27.746443512899145,88.59917282568037,,,,,,,,Point
NEG_SK_0021,0,negative,GADM_spatial_negative_candidate,,,SK,Sikkim,,27.706368141165985,88.34775807867995,,,,,,,,Point
NEG_TR_0001,0,negative,GADM_spatial_negative_candidate,,,TR,Tripura,,23.908867278854682,92.12885994544837,,,,,,,,Point
NEG_TR_0002,0,negative,GADM_spatial_negative_candidate,,,TR,Tripura,,24.06637736870144,91.47626221425088,,,,,,,,Point
NEG_TR_0003,0,negative,GADM_spatial_negative_candidate,,,TR,Tripura,,23.640301156816783,91.54555354082744,,,,,,,,Point
NEG_TR_0004,0,negative,GADM_spatial_negative_candidate,,,TR,Tripura,,23.83730312695933,92.15217901449661,,,,,,,,Point
NEG_TR_0005,0,negative,GADM_spatial_negative_candidate,,,TR,Tripura,,23.783804294266307,91.56791565417733,,,,,,,,Point
NEG_TR_0006,0,negative,GADM_spatial_negative_candidate,,,TR,Tripura,,23.383728784325367,91.34982660288391,,,,,,,,Point
NEG_TR_0007,0,negative,GADM_spatial_negative_candidate,,,TR,Tripura,,24.128347439041185,92.19180170698135,,,,,,,,Point
NEG_TR_0008,0,negative,GADM_spatial_negative_candidate,,,TR,Tripura,,23.47583038900355,91.37178991268006,,,,,,,,Point
NEG_TR_0009,0,negative,GADM_spatial_negative_candidate,,,TR,Tripura,,24.13905709475564,92.11079542905787,,,,,,,,Point
NEG_TR_0010,0,negative,GADM_spatial_negative_candidate,,,TR,Tripura,,23.558865727567056,91.27059927181135,,,,,,,,Point
NEG_TR_0011,0,negative,GADM_spatial_negative_candidate,,,TR,Tripura,,24.327026662713184,92.02640909624537,,,,,,,,Point
NEG_TR_0012,0,negative,GADM_spatial_negative_candidate,,,TR,Tripura,,23.17976366777619,91.65199569288555,,,,,,,,Point
