sample_id,label,sample_type,source,slide_no,feature_id,state_code,state,district,latitude,longitude,year,triggering,activity,geomorph,lithology,lulc,area_sqm,geometry_type
LS2014_000001,1,positive,bhuvan_2014,AR/TA/78M10/2014/13,,AR,Arunachal Pradesh,Tawang,27.5925,91.6087,2014,Rainfall,Active,Denudational Hills - Moderately Dissected (DHM),"Gneiss (Sela Group), Palaeoproterozoic",Evergreen / Semi evergreen,1796,MultiPolygon
LS2014_000002,1,positive,bhuvan_2014,AR/TA/78M10/2014/19,,AR,Arunachal Pradesh,Tawang,27.5463,91.6645,2014,Rainfall,Active,Denudational Hills - Moderately Dissected (DHM),Schist (Dirang Formation (Lumla Formation) Mesoproterozoic,Evergreen / Semi evergreen,3720,MultiPolygon
LS2014_000003,1,positive,bhuvan_2014,AR/TA/78M10/2014/22,,AR,Arunachal Pradesh,Tawang,27.5415,91.6846,2014,Rainfall,Active,Denudational Hills - Moderately Dissected (DHM),Schist (Dirang Formation (Lumla Formation) Mesoproterozoic,Evergreen / Semi evergreen,499,MultiPolygon
LS2014_000004,1,positive,bhuvan_2014,AR/TA/78M14/2014/16,,AR,Arunachal Pradesh,Tawang,27.5627,91.8233,2014,Rainfall,Active,Denudational Hills - Moderately Dissected (DHM),Granitoid Gneiss (Ziro Granite Gneiss),Scrub land,9400,MultiPolygon
LS2014_000005,1,positive,bhuvan_2014,AR/TA/78M14/2014/17,,AR,Arunachal Pradesh,Tawang,27.5597,91.906,2014,Rainfall,Active,Denudational Slope (DS),Granitoid Gneiss (Ziro Granite Gneiss),Scrub land,233,MultiPolygon
LS2014_000006,1,positive,bhuvan_2014,AR/WK/83B05/2014/383,,AR,Arunachal Pradesh,West Kameng,26.9691,92.4361,2014,Rainfall,Active,Structural Hills - Highly Dissected (SHH),Shaly sandstone (Siwalik Super Group),Evergreen / Semi evergreen,866,MultiPolygon
LS2014_000007,1,positive,bhuvan_2014,AR/WK/83B05/2014/389,,AR,Arunachal Pradesh,West Kameng,26.9659,92.4404,2014,Rainfall,Active,Structural Hills - Highly Dissected (SHH),Shaly sandstone (Siwalik Super Group),Evergreen / Semi evergreen,180,MultiPolygon
LS2014_000008,1,positive,bhuvan_2014,AR/WK/83B05/2014/391,,AR,Arunachal Pradesh,West Kameng,26.9653,92.4402,2014,Rainfall,Active,Structural Hills - Highly Dissected (SHH),Shaly sandstone (Siwalik Super Group),Evergreen / Semi evergreen,353,MultiPolygon
LS2014_000009,1,positive,bhuvan_2014,AR/WK/83B05/2014/399,,AR,Arunachal Pradesh,West Kameng,26.9622,92.3212,2014,Rainfall,Active,Structural Hills - Moderately Dissected (SHM),Sandstone with shales (Siwalik Super Group (Lower),Evergreen / Semi evergreen,1587,MultiPolygon
LS2014_000010,1,positive,bhuvan_2014,AR/WK/83B05/2014/401,,AR,Arunachal Pradesh,West Kameng,26.962,92.3148,2014,Rainfall,Active,Structural Hills - Less Dissected (SHL),Sandstone with shales (Siwalik Super Group (Lower),Evergreen / Semi evergreen,1517,MultiPolygon
LS2014_000011,1,positive,bhuvan_2014,AR/WK/83B05/2014/402,,AR,Arunachal Pradesh,West Kameng,26.9611,92.3712,2014,Rainfall,Active,Structural Hills - Less Dissected (SHL),Sandstone with shales (Siwalik Super Group (Lower),Evergreen / Semi evergreen,2296,MultiPolygon
LS2014_000012,1,positive,bhuvan_2014,AR/WK/83B05/2014/404,,AR,Arunachal Pradesh,West Kameng,26.9523,92.3855,2014,Rainfall,Active,Structural Hills - Highly Dissected (SHH),Shaly sandstone (Siwalik Super Group),Evergreen / Semi evergreen,395,MultiPolygon
LS2014_000013,1,positive,bhuvan_2014,AR/WK/83B05/2014/406,,AR,Arunachal Pradesh,West Kameng,26.9519,92.3083,2014,Rainfall,Active,Structural Hills - Highly Dissected (SHH),Shaly sandstone (Siwalik Super Group),Evergreen / Semi evergreen,987,MultiPolygon
LS2014_000014,1,positive,bhuvan_2014,AR/WK/83B05/2014/407,,AR,Arunachal Pradesh,West Kameng,26.9514,92.3359,2014,Rainfall,Active,Structural Hills - Moderately Dissected (SHM),Sandstone with shales (Siwalik Super Group (Lower),Evergreen / Semi evergreen,216,MultiPolygon
LS2014_000015,1,positive,bhuvan_2014,AR/WK/83B05/2014/408,,AR,Arunachal Pradesh,West Kameng,26.9513,92.3357,2014,Rainfall,Active,Structural Hills - Moderately Dissected (SHM),Sandstone with shales (Siwalik Super Group (Lower),Evergreen / Semi evergreen,1637,MultiPolygon
LS2014_000016,1,positive,bhuvan_2014,AR/WK/83B05/2014/409,,AR,Arunachal Pradesh,West Kameng,26.9505,92.3928,2014,Rainfall,Active,Structural Hills - Highly Dissected (SHH),Shaly sandstone (Siwalik Super Group),Evergreen / Semi evergreen,276,MultiPolygon
LS2014_000017,1,positive,bhuvan_2014,AR/WK/83B05/2014/410,,AR,Arunachal Pradesh,West Kameng,26.9503,92.3133,2014,Rainfall,Active,Structural Hills - Highly Dissected (SHH),Shaly sandstone (Siwalik Super Group),Evergreen / Semi evergreen,297,MultiPolygon
LS2014_000018,1,positive,bhuvan_2014,AR/WK/83B05/2014/411,,AR,Arunachal Pradesh,West Kameng,26.9495,92.3259,2014,Rainfall,Active,Denudational Slope (DS),Sandstone with shales (Siwalik Super Group (Lower),Evergreen / Semi evergreen,349,MultiPolygon
LS2014_000019,1,positive,bhuvan_2014,AR/WK/83B05/2014/412,,AR,Arunachal Pradesh,West Kameng,26.9466,92.3973,2014,Rainfall,Active,Structural Hills - Highly Dissected (SHH),Shaly sandstone (Siwalik Super Group),Evergreen / Semi evergreen,237,MultiPolygon
LS2014_000020,1,positive,bhuvan_2014,AR/WK/83B05/2014/413,,AR,Arunachal Pradesh,West Kameng,26.9466,92.3135,2014,Rainfall,Active,Structural Hills - Highly Dissected (SHH),Shaly sandstone (Siwalik Super Group),Evergreen / Semi evergreen,524,MultiPolygon
LS2014_000021,1,positive,bhuvan_2014,AR/WK/83B05/2014/414,,AR,Arunachal Pradesh,West Kameng,26.9443,92.3896,2014,Rainfall,Active,Structural Hills - Highly Dissected (SHH),Shaly sandstone (Siwalik Super Group),Evergreen / Semi evergreen,1653,MultiPolygon
LS2014_000022,1,positive,bhuvan_2014,AR/WK/83B05/2014/415,,AR,Arunachal Pradesh,West Kameng,26.9435,92.3407,2014,Rainfall,Active,Structural Hills - Highly Dissected (SHH),Shaly sandstone (Siwalik Super Group),Evergreen / Semi evergreen,402,MultiPolygon
LS2014_000023,1,positive,bhuvan_2014,AR/WK/83B05/2014/416,,AR,Arunachal Pradesh,West Kameng,26.9431,92.3536,2014,Rainfall,Active,Structural Hills - Highly Dissected (SHH),Shaly sandstone (Siwalik Super Group),Evergreen / Semi evergreen,131,MultiPolygon
LS2014_000024,1,positive,bhuvan_2014,AR/WK/83B05/2014/417,,AR,Arunachal Pradesh,West Kameng,26.9426,92.3583,2014,Rainfall,Active,Structural Hills - Highly Dissected (SHH),Shaly sandstone (Siwalik Super Group),Evergreen / Semi evergreen,219,MultiPolygon
LS2014_000025,1,positive,bhuvan_2014,AR/WK/83B05/2014/418,,AR,Arunachal Pradesh,West Kameng,26.942,92.3935,2014,Rainfall,Active,Valley (V),Shaly sandstone (Siwalik Super Group),Evergreen / Semi evergreen,459,MultiPolygon
LS2014_000026,1,positive,bhuvan_2014,AR/WK/83B05/2014/419,,AR,Arunachal Pradesh,West Kameng,26.9416,92.3591,2014,Rainfall,Active,Structural Hills - Highly Dissected (SHH),Shaly sandstone (Siwalik Super Group),Evergreen / Semi evergreen,200,MultiPolygon
LS2014_000027,1,positive,bhuvan_2014,AR/WK/83B05/2014/420,,AR,Arunachal Pradesh,West Kameng,26.9415,92.3493,2014,Rainfall,Active,Structural Hills - Highly Dissected (SHH),Shaly sandstone (Siwalik Super Group),Evergreen / Semi evergreen,362,MultiPolygon
LS2014_000028,1,positive,bhuvan_2014,AR/WK/83B05/2014/422,,AR,Arunachal Pradesh,West Kameng,26.9413,92.3925,2014,Rainfall,Active,Structural Hills - Highly Dissected (SHH),Shaly sandstone (Siwalik Super Group),Evergreen / Semi evergreen,274,MultiPolygon
LS2014_000029,1,positive,bhuvan_2014,AR/WK/83B05/2014/423,,AR,Arunachal Pradesh,West Kameng,26.9413,92.3919,2014,Rainfall,Active,Structural Hills - Highly Dissected (SHH),Shaly sandstone (Siwalik Super Group),Evergreen / Semi evergreen,876,MultiPolygon
LS2014_000030,1,positive,bhuvan_2014,AR/WK/83B05/2014/424,,AR,Arunachal Pradesh,West Kameng,26.9411,92.3952,2014,Rainfall,Active,Valley (V),Shaly sandstone (Siwalik Super Group),Evergreen / Semi evergreen,221,MultiPolygon
LS2014_000031,1,positive,bhuvan_2014,AR/WK/83B05/2014/425,,AR,Arunachal Pradesh,West Kameng,26.9405,92.3415,2014,Rainfall,Active,Structural Hills - Highly Dissected (SHH),Shaly sandstone (Siwalik Super Group),Evergreen / Semi evergreen,860,MultiPolygon
LS2014_000032,1,positive,bhuvan_2014,AR/WK/83B05/2014/426,,AR,Arunachal Pradesh,West Kameng,26.9397,92.3531,2014,Rainfall,Active,Structural Hills - Highly Dissected (SHH),Shaly sandstone (Siwalik Super Group),Evergreen / Semi evergreen,223,MultiPolygon
LS2014_000033,1,positive,bhuvan_2014,AR/WK/83B05/2014/428,,AR,Arunachal Pradesh,West Kameng,26.9378,92.3548,2014,Rainfall,Active,Structural Hills - Highly Dissected (SHH),Shaly sandstone (Siwalik Super Group),Evergreen / Semi evergreen,270,MultiPolygon
LS2014_000034,1,positive,bhuvan_2014,AR/WK/83B05/2014/432,,AR,Arunachal Pradesh,West Kameng,26.9326,92.3766,2014,Rainfall,Active,Structural Hills - Highly Dissected (SHH),Shaly sandstone (Siwalik Super Group),Evergreen / Semi evergreen,220,MultiPolygon
LS2014_000035,1,positive,bhuvan_2014,AR/WK/83B05/2014/439,,AR,Arunachal Pradesh,West Kameng,26.9299,92.3992,2014,Rainfall,Active,Structural Hills - Highly Dissected (SHH),"Cement assorted mixture of gravel, sand, silt&clay",Evergreen / Semi evergreen,276,MultiPolygon
LS2014_000036,1,positive,bhuvan_2014,AR/WK/83A04/2014/246,,AR,Arunachal Pradesh,West Kameng,27.0962,92.1149,2014,Rainfall,Active,Denudational Hills - Less Dissected (DHL),Granitoid Gneiss (Ziro Granite Gneiss),Evergreen / Semi evergreen,633,MultiPolygon
LS2014_000037,1,positive,bhuvan_2014,AR/WK/83A04/2014/247,,AR,Arunachal Pradesh,West Kameng,27.0931,92.1179,2014,Rainfall,Active,Denudational Hills - Less Dissected (DHL),Granitoid Gneiss (Ziro Granite Gneiss),Evergreen / Semi evergreen,5735,MultiPolygon
LS2014_000038,1,positive,bhuvan_2014,AR/WK/83A04/2014/155,,AR,Arunachal Pradesh,West Kameng,27.202,92.0841,2014,Rainfall,Active,Denudational Hills - Moderately Dissected (DHM),Schist (Dirang Formation (Lumla Formation) Mesoproterozoic,Evergreen / Semi evergreen,8986,MultiPolygon
LS2014_000039,1,positive,bhuvan_2014,AR/WK/83A04/2014/174,,AR,Arunachal Pradesh,West Kameng,27.1951,92.1511,2014,Rainfall,Active,Denudational Hills - Moderately Dissected (DHM),Schist (Dirang Formation (Lumla Formation) Mesoproterozoic,Evergreen / Semi evergreen,700,MultiPolygon
LS2014_000040,1,positive,bhuvan_2014,AR/WK/83A04/2014/176,,AR,Arunachal Pradesh,West Kameng,27.1938,92.1461,2014,Rainfall,Active,Denudational Hills - Moderately Dissected (DHM),Schist (Dirang Formation (Lumla Formation) Mesoproterozoic,Evergreen / Semi evergreen,2979,MultiPolygon
LS2014_000041,1,positive,bhuvan_2014,AR/WK/83A08/2014/248,,AR,Arunachal Pradesh,West Kameng,27.0912,92.326,2014,Rainfall,Active,Denudational Hills - Moderately Dissected (DHM),"Quartzite (Tenga Formation, Bomdila Group), Palaeoproterozoic",Evergreen / Semi evergreen,13973,MultiPolygon
LS2014_000042,1,positive,bhuvan_2014,AR/WK/83A08/2014/249,,AR,Arunachal Pradesh,West Kameng,27.0911,92.326,2014,Rainfall,Active,Denudational Hills - Moderately Dissected (DHM),"Quartzite (Tenga Formation, Bomdila Group), Palaeoproterozoic",Evergreen / Semi evergreen,5452,MultiPolygon
LS2014_000043,1,positive,bhuvan_2014,AR/WK/83A08/2014/250,,AR,Arunachal Pradesh,West Kameng,27.0911,92.326,2014,Rainfall,Active,Denudational Hills - Moderately Dissected (DHM),"Quartzite (Tenga Formation, Bomdila Group), Palaeoproterozoic",Evergreen / Semi evergreen,5452,MultiPolygon
LS2014_000044,1,positive,bhuvan_2014,AR/WK/83A08/2014/265,,AR,Arunachal Pradesh,West Kameng,27.0695,92.433,2014,Rainfall,Active,Denudational Hills - Moderately Dissected (DHM),Granitoid Gneiss (Ziro Granite Gneiss),Evergreen / Semi evergreen,1252,MultiPolygon
LS2014_000045,1,positive,bhuvan_2014,AR/WK/83A08/2014/267,,AR,Arunachal Pradesh,West Kameng,27.0668,92.4102,2014,Rainfall,Active,Denudational Hills - Moderately Dissected (DHM),Granitoid Gneiss (Ziro Granite Gneiss),Evergreen / Semi evergreen,649,MultiPolygon
LS2014_000046,1,positive,bhuvan_2014,AR/WK/83A08/2014/268,,AR,Arunachal Pradesh,West Kameng,27.0618,92.4144,2014,Rainfall,Active,Denudational Hills - Moderately Dissected (DHM),Granitoid Gneiss (Ziro Granite Gneiss),Evergreen / Semi evergreen,2620,MultiPolygon
LS2014_000047,1,positive,bhuvan_2014,AR/WK/83A08/2014/269,,AR,Arunachal Pradesh,West Kameng,27.0602,92.3901,2014,Rainfall,Active,Denudational Hills - Less Dissected (DHL),Granitoid Gneiss (Ziro Granite Gneiss),Evergreen / Semi evergreen,537,MultiPolygon
LS2014_000048,1,positive,bhuvan_2014,AR/WK/83A08/2014/270,,AR,Arunachal Pradesh,West Kameng,27.0562,92.4085,2014,Rainfall,Active,Denudational Hills - Moderately Dissected (DHM),Granitoid Gneiss (Ziro Granite Gneiss),Evergreen / Semi evergreen,434,MultiPolygon
LS2014_000049,1,positive,bhuvan_2014,AR/WK/83A08/2014/275,,AR,Arunachal Pradesh,West Kameng,27.0519,92.4425,2014,Rainfall,Active,Denudational Hills - Moderately Dissected (DHM),Granitoid Gneiss (Ziro Granite Gneiss),Evergreen / Semi evergreen,416,MultiPolygon
LS2014_000050,1,positive,bhuvan_2014,AR/WK/83A08/2014/280,,AR,Arunachal Pradesh,West Kameng,27.0439,92.3867,2014,Rainfall,Active,Denudational Hills - Moderately Dissected (DHM),Granitoid Gneiss (Ziro Granite Gneiss),Evergreen / Semi evergreen,1102,MultiPolygon
LS2014_000051,1,positive,bhuvan_2014,AR/WK/83A08/2014/284,,AR,Arunachal Pradesh,West Kameng,27.0387,92.3171,2014,Rainfall,Active,Denudational Hills - Moderately Dissected (DHM),Granitoid Gneiss (Ziro Granite Gneiss),Evergreen / Semi evergreen,1815,MultiPolygon
LS2014_000052,1,positive,bhuvan_2014,AR/WK/83A08/2014/285,,AR,Arunachal Pradesh,West Kameng,27.0345,92.3557,2014,Rainfall,Active,Denudational Hills - Moderately Dissected (DHM),Granitoid Gneiss (Ziro Granite Gneiss),Evergreen / Semi evergreen,308,MultiPolygon
LS2014_000053,1,positive,bhuvan_2014,AR/WK/83A08/2014/286,,AR,Arunachal Pradesh,West Kameng,27.0334,92.3323,2014,Rainfall,Active,Denudational Hills - Moderately Dissected (DHM),Granitoid Gneiss (Ziro Granite Gneiss),Evergreen / Semi evergreen,645,MultiPolygon
LS2014_000054,1,positive,bhuvan_2014,AR/WK/83A08/2014/287,,AR,Arunachal Pradesh,West Kameng,27.0328,92.425,2014,Rainfall,Active,Structural Hills - Moderately Dissected (SHM),"Shale (Bichom Formation, Gondwana Group)",Evergreen / Semi evergreen,273,MultiPolygon
LS2014_000055,1,positive,bhuvan_2014,AR/WK/83A08/2014/288,,AR,Arunachal Pradesh,West Kameng,27.0319,92.4197,2014,Rainfall,Active,Structural Hills - Moderately Dissected (SHM),"Shale (Bichom Formation, Gondwana Group)",Evergreen / Semi evergreen,1182,MultiPolygon
LS2014_000056,1,positive,bhuvan_2014,AR/WK/83A08/2014/289,,AR,Arunachal Pradesh,West Kameng,27.0316,92.3577,2014,Rainfall,Active,Denudational Hills - Moderately Dissected (DHM),Granitoid Gneiss (Ziro Granite Gneiss),Evergreen / Semi evergreen,400,MultiPolygon
LS2014_000057,1,positive,bhuvan_2014,AR/WK/83A08/2014/290,,AR,Arunachal Pradesh,West Kameng,27.0314,92.3684,2014,Rainfall,Active,Denudational Hills - Moderately Dissected (DHM),Granitoid Gneiss (Ziro Granite Gneiss),Evergreen / Semi evergreen,282,MultiPolygon
LS2014_000058,1,positive,bhuvan_2014,AR/WK/83A08/2014/291,,AR,Arunachal Pradesh,West Kameng,27.0307,92.3443,2014,Rainfall,Active,Denudational Hills - Moderately Dissected (DHM),Granitoid Gneiss (Ziro Granite Gneiss),Evergreen / Semi evergreen,1198,MultiPolygon
LS2014_000059,1,positive,bhuvan_2014,AR/WK/83A07/2014/39,,AR,Arunachal Pradesh,West Kameng,27.3414,92.3705,2014,Rainfall,Active,Denudational Hills - Moderately Dissected (DHM),Granitoid Gneiss (Ziro Granite Gneiss),Evergreen / Semi evergreen,9935,MultiPolygon
LS2014_000060,1,positive,bhuvan_2014,AR/WK/83A07/2014/40,,AR,Arunachal Pradesh,West Kameng,27.3404,92.3202,2014,Rainfall,Active,Denudational Hills - Less Dissected (DHL),Schist (Dirang Formation (Lumla Formation) Mesoproterozoic,Scrub land,3359,MultiPolygon
LS2014_000061,1,positive,bhuvan_2014,AR/WK/83A07/2014/12,,AR,Arunachal Pradesh,West Kameng,27.4605,92.4313,2014,Rainfall,Active,Denudational Hills - Moderately Dissected (DHM),Granites (Tourmaline Granite),Evergreen / Semi evergreen,1246,MultiPolygon
LS2014_000062,1,positive,bhuvan_2014,AR/WK/83A07/2014/14,,AR,Arunachal Pradesh,West Kameng,27.4321,92.4195,2014,Rainfall,Active,Denudational Hills - Moderately Dissected (DHM),Granitoid Gneiss (Ziro Granite Gneiss),Evergreen / Semi evergreen,634,MultiPolygon
LS2014_000063,1,positive,bhuvan_2014,AR/WK/83B09/2014/379,,AR,Arunachal Pradesh,West Kameng,26.9698,92.5603,2014,Rainfall,Active,Structural Hills - Highly Dissected (SHH),"Cement assorted mixture of gravel, sand, silt&clay",Evergreen / Semi evergreen,365,MultiPolygon
LS2014_000064,1,positive,bhuvan_2014,AR/WK/83B09/2014/381,,AR,Arunachal Pradesh,West Kameng,26.9695,92.5614,2014,Rainfall,Active,Structural Hills - Highly Dissected (SHH),"Cement assorted mixture of gravel, sand, silt&clay",Evergreen / Semi evergreen,379,MultiPolygon
LS2014_000065,1,positive,bhuvan_2014,AR/WK/83B09/2014/385,,AR,Arunachal Pradesh,West Kameng,26.9673,92.5962,2014,Rainfall,Active,Structural Hills - Highly Dissected (SHH),"Cement assorted mixture of gravel, sand, silt&clay",Evergreen / Semi evergreen,345,MultiPolygon
LS2014_000066,1,positive,bhuvan_2014,AR/WK/83B09/2014/386,,AR,Arunachal Pradesh,West Kameng,26.9672,92.5883,2014,Rainfall,Active,Structural Hills - Highly Dissected (SHH),"Cement assorted mixture of gravel, sand, silt&clay",Evergreen / Semi evergreen,474,MultiPolygon
LS2014_000067,1,positive,bhuvan_2014,AR/WK/83B09/2014/388,,AR,Arunachal Pradesh,West Kameng,26.9661,92.5814,2014,Rainfall,Active,Structural Hills - Highly Dissected (SHH),"Cement assorted mixture of gravel, sand, silt&clay",Evergreen / Semi evergreen,875,MultiPolygon
LS2014_000068,1,positive,bhuvan_2014,AR/WK/83B09/2014/390,,AR,Arunachal Pradesh,West Kameng,26.9654,92.5812,2014,Rainfall,Active,Structural Hills - Highly Dissected (SHH),"Cement assorted mixture of gravel, sand, silt&clay",Evergreen / Semi evergreen,175,MultiPolygon
LS2014_000069,1,positive,bhuvan_2014,AR/WK/83B09/2014/393,,AR,Arunachal Pradesh,West Kameng,26.9648,92.5854,2014,Rainfall,Active,Structural Hills - Highly Dissected (SHH),"Cement assorted mixture of gravel, sand, silt&clay",Evergreen / Semi evergreen,322,MultiPolygon
LS2014_000070,1,positive,bhuvan_2014,AR/EK/83A12/2014/147,,AR,Arunachal Pradesh,East Kameng,27.0866,92.6526,2014,Rainfall,Active,Structural Hills - Moderately Dissected (SHM),Sandstone with shales (Siwalik Super Group (Lower),Evergreen / Semi evergreen,3375,MultiPolygon
LS2014_000071,1,positive,bhuvan_2014,AR/EK/83A12/2014/150,,AR,Arunachal Pradesh,East Kameng,27.0853,92.6167,2014,Rainfall,Active,Structural Hills - Moderately Dissected (SHM),Sandstone with shale/coal bands (Bhareli Formation),Evergreen / Semi evergreen,301,MultiPolygon
LS2014_000072,1,positive,bhuvan_2014,AR/WK/83A12/2014/255,,AR,Arunachal Pradesh,West Kameng,27.0771,92.5866,2014,Rainfall,Active,Structural Hills - Moderately Dissected (SHM),Sandstone with shale/coal bands (Bhareli Formation),Evergreen / Semi evergreen,851,MultiPolygon
LS2014_000073,1,positive,bhuvan_2014,AR/WK/83A12/2014/259,,AR,Arunachal Pradesh,West Kameng,27.074,92.5875,2014,Rainfall,Active,Structural Hills - Moderately Dissected (SHM),Sandstone with shale/coal bands (Bhareli Formation),Evergreen / Semi evergreen,1007,MultiPolygon
LS2014_000074,1,positive,bhuvan_2014,AR/WK/83A12/2014/260,,AR,Arunachal Pradesh,West Kameng,27.0736,92.5866,2014,Rainfall,Active,Structural Hills - Moderately Dissected (SHM),Sandstone with shale/coal bands (Bhareli Formation),Evergreen / Semi evergreen,598,MultiPolygon
LS2014_000075,1,positive,bhuvan_2014,AR/EK/83A12/2014/162,,AR,Arunachal Pradesh,East Kameng,27.0728,92.6077,2014,Rainfall,Active,Structural Hills - Moderately Dissected (SHM),Sandstone with shale/coal bands (Bhareli Formation),Evergreen / Semi evergreen,3758,MultiPolygon
LS2014_000076,1,positive,bhuvan_2014,AR/EK/83A12/2014/163,,AR,Arunachal Pradesh,East Kameng,27.0721,92.5998,2014,Rainfall,Active,Structural Hills - Moderately Dissected (SHM),Sandstone with shale/coal bands (Bhareli Formation),Cuirrent Shifting Cultivation,1358,MultiPolygon
LS2014_000077,1,positive,bhuvan_2014,AR/EK/83A12/2014/164,,AR,Arunachal Pradesh,East Kameng,27.0715,92.5994,2014,Rainfall,Active,Structural Hills - Moderately Dissected (SHM),Sandstone with shale/coal bands (Bhareli Formation),Evergreen / Semi evergreen,829,MultiPolygon
LS2014_000078,1,positive,bhuvan_2014,AR/WK/83A12/2014/264,,AR,Arunachal Pradesh,West Kameng,27.0697,92.5859,2014,Rainfall,Active,Structural Hills - Moderately Dissected (SHM),Sandstone with shale/coal bands (Bhareli Formation),Evergreen / Semi evergreen,1283,MultiPolygon
LS2014_000079,1,positive,bhuvan_2014,AR/WK/83A12/2014/266,,AR,Arunachal Pradesh,West Kameng,27.0668,92.5829,2014,Rainfall,Active,Structural Hills - Moderately Dissected (SHM),Sandstone with shale/coal bands (Bhareli Formation),Evergreen / Semi evergreen,5281,MultiPolygon
LS2014_000080,1,positive,bhuvan_2014,AR/EK/83A12/2014/170,,AR,Arunachal Pradesh,East Kameng,27.0547,92.6143,2014,Rainfall,Active,Structural Hills - Moderately Dissected (SHM),Sandstone with shales (Siwalik Super Group (Lower),Evergreen / Semi evergreen,1025,MultiPolygon
LS2014_000081,1,positive,bhuvan_2014,AR/WK/83A12/2014/272,,AR,Arunachal Pradesh,West Kameng,27.0534,92.5792,2014,Rainfall,Active,Structural Hills - Moderately Dissected (SHM),Sandstone with shale/coal bands (Bhareli Formation),Evergreen / Semi evergreen,1187,MultiPolygon
LS2014_000082,1,positive,bhuvan_2014,AR/WK/83A12/2014/274,,AR,Arunachal Pradesh,West Kameng,27.0521,92.5653,2014,Rainfall,Active,Structural Hills - Moderately Dissected (SHM),Sandstone with shale/coal bands (Bhareli Formation),Evergreen / Semi evergreen,289,MultiPolygon
LS2014_000083,1,positive,bhuvan_2014,AR/WK/83A12/2014/276,,AR,Arunachal Pradesh,West Kameng,27.0507,92.589,2014,Rainfall,Active,Structural Hills - Moderately Dissected (SHM),Sandstone with shale/coal bands (Bhareli Formation),Evergreen / Semi evergreen,567,MultiPolygon
LS2014_000084,1,positive,bhuvan_2014,AR/WK/83A12/2014/277,,AR,Arunachal Pradesh,West Kameng,27.0507,92.5867,2014,Rainfall,Active,Structural Hills - Moderately Dissected (SHM),Sandstone with shale/coal bands (Bhareli Formation),River / Stream / Canals,293,MultiPolygon
LS2014_000085,1,positive,bhuvan_2014,AR/EK/83A12/2014/174,,AR,Arunachal Pradesh,East Kameng,27.0504,92.6895,2014,Rainfall,Active,Structural Hills - Highly Dissected (SHH),"Cement assorted mixture of gravel, sand, silt&clay",Evergreen / Semi evergreen,369,MultiPolygon
LS2014_000086,1,positive,bhuvan_2014,AR/WK/83A12/2014/279,,AR,Arunachal Pradesh,West Kameng,27.0463,92.5582,2014,Rainfall,Active,Structural Hills - Moderately Dissected (SHM),Sandstone with shale/coal bands (Bhareli Formation),Evergreen / Semi evergreen,2489,MultiPolygon
LS2014_000087,1,positive,bhuvan_2014,AR/EK/83A12/2014/177,,AR,Arunachal Pradesh,East Kameng,27.046,92.633,2014,Rainfall,Active,Structural Hills - Moderately Dissected (SHM),Shaly sandstone (Siwalik Super Group),Evergreen / Semi evergreen,399,MultiPolygon
LS2014_000088,1,positive,bhuvan_2014,AR/EK/83A12/2014/179,,AR,Arunachal Pradesh,East Kameng,27.0455,92.6579,2014,Rainfall,Active,Structural Hills - Highly Dissected (SHH),"Cement assorted mixture of gravel, sand, silt&clay",Evergreen / Semi evergreen,687,MultiPolygon
LS2014_000089,1,positive,bhuvan_2014,AR/EK/83A12/2014/183,,AR,Arunachal Pradesh,East Kameng,27.0409,92.6324,2014,Rainfall,Active,Structural Hills - Moderately Dissected (SHM),Shaly sandstone (Siwalik Super Group),Evergreen / Semi evergreen,578,MultiPolygon
LS2014_000090,1,positive,bhuvan_2014,AR/WK/83A12/2014/283,,AR,Arunachal Pradesh,West Kameng,27.0393,92.5763,2014,Rainfall,Active,Structural Hills - Moderately Dissected (SHM),Sandstone with shale/coal bands (Bhareli Formation),Evergreen / Semi evergreen,1744,MultiPolygon
LS2014_000091,1,positive,bhuvan_2014,AR/EK/83A12/2014/190,,AR,Arunachal Pradesh,East Kameng,27.0296,92.652,2014,Rainfall,Active,Structural Hills - Highly Dissected (SHH),"Cement assorted mixture of gravel, sand, silt&clay",Barren Rocky,1476,MultiPolygon
LS2014_000092,1,positive,bhuvan_2014,AR/WK/83A12/2014/117,,AR,Arunachal Pradesh,West Kameng,27.2163,92.6251,2014,Rainfall,Active,Denudational Hills - Moderately Dissected (DHM),"Quartzite (Tenga Formation, Bomdila Group), Palaeoproterozoic",Cuirrent Shifting Cultivation,950,MultiPolygon
LS2014_000093,1,positive,bhuvan_2014,AR/WK/83A12/2014/140,,AR,Arunachal Pradesh,West Kameng,27.2088,92.6097,2014,Rainfall,Active,Denudational Hills - Moderately Dissected (DHM),"Quartzite (Tenga Formation, Bomdila Group), Palaeoproterozoic",River / Stream / Canals,1355,MultiPolygon
LS2014_000094,1,positive,bhuvan_2014,AR/WK/83A12/2014/148,,AR,Arunachal Pradesh,West Kameng,27.2055,92.6039,2014,Rainfall,Active,Denudational Hills - Moderately Dissected (DHM),"Quartzite (Tenga Formation, Bomdila Group), Palaeoproterozoic",River / Stream / Canals,2273,MultiPolygon
LS2014_000095,1,positive,bhuvan_2014,AR/WK/83A12/2014/175,,AR,Arunachal Pradesh,West Kameng,27.1942,92.5656,2014,Rainfall,Active,Denudational Hills - Moderately Dissected (DHM),Granitoid Gneiss (Ziro Granite Gneiss),Evergreen / Semi evergreen,382,MultiPolygon
LS2014_000096,1,positive,bhuvan_2014,AR/WK/83A12/2014/184,,AR,Arunachal Pradesh,West Kameng,27.1911,92.5651,2014,Rainfall,Active,Denudational Hills - Moderately Dissected (DHM),Granitoid Gneiss (Ziro Granite Gneiss),Evergreen / Semi evergreen,241,MultiPolygon
LS2014_000097,1,positive,bhuvan_2014,AR/WK/83A12/2014/193,,AR,Arunachal Pradesh,West Kameng,27.1839,92.5551,2014,Rainfall,Active,Denudational Hills - Moderately Dissected (DHM),Granitoid Gneiss (Ziro Granite Gneiss),Evergreen / Semi evergreen,420,MultiPolygon
LS2014_000098,1,positive,bhuvan_2014,AR/WK/83A12/2014/195,,AR,Arunachal Pradesh,West Kameng,27.1824,92.6261,2014,Rainfall,Active,Denudational Hills - Moderately Dissected (DHM),Granitoid Gneiss (Ziro Granite Gneiss),Evergreen / Semi evergreen,385,MultiPolygon
LS2014_000099,1,positive,bhuvan_2014,AR/WK/83A12/2014/198,,AR,Arunachal Pradesh,West Kameng,27.1793,92.5842,2014,Rainfall,Active,Denudational Hills - Moderately Dissected (DHM),"Quartzite (Tenga Formation, Bomdila Group), Palaeoproterozoic",Scrub land,317,MultiPolygon
LS2014_000100,1,positive,bhuvan_2014,AR/WK/83A12/2014/199,,AR,Arunachal Pradesh,West Kameng,27.1786,92.5838,2014,Rainfall,Active,Denudational Hills - Moderately Dissected (DHM),"Quartzite (Tenga Formation, Bomdila Group), Palaeoproterozoic",Evergreen / Semi evergreen,1502,MultiPolygon
LS2014_000101,1,positive,bhuvan_2014,AR/WK/83A12/2014/200,,AR,Arunachal Pradesh,West Kameng,27.1784,92.5835,2014,Rainfall,Active,Denudational Hills - Moderately Dissected (DHM),"Quartzite (Tenga Formation, Bomdila Group), Palaeoproterozoic",Scrub land,881,MultiPolygon
LS2014_000102,1,positive,bhuvan_2014,AR/WK/83A12/2014/201,,AR,Arunachal Pradesh,West Kameng,27.1782,92.5778,2014,Rainfall,Active,Denudational Hills - Moderately Dissected (DHM),"Quartzite (Tenga Formation, Bomdila Group), Palaeoproterozoic",Scrub land,2125,MultiPolygon
LS2014_000103,1,positive,bhuvan_2014,AR/WK/83A12/2014/202,,AR,Arunachal Pradesh,West Kameng,27.1781,92.58,2014,Rainfall,Active,Denudational Hills - Moderately Dissected (DHM),"Quartzite (Tenga Formation, Bomdila Group), Palaeoproterozoic",Scrub land,1019,MultiPolygon
LS2014_000104,1,positive,bhuvan_2014,AR/WK/83A12/2014/203,,AR,Arunachal Pradesh,West Kameng,27.178,92.5797,2014,Rainfall,Active,Denudational Hills - Moderately Dissected (DHM),"Quartzite (Tenga Formation, Bomdila Group), Palaeoproterozoic",Scrub land,278,MultiPolygon
LS2014_000105,1,positive,bhuvan_2014,AR/WK/83A12/2014/204,,AR,Arunachal Pradesh,West Kameng,27.1779,92.5805,2014,Rainfall,Active,Denudational Hills - Moderately Dissected (DHM),"Quartzite (Tenga Formation, Bomdila Group), Palaeoproterozoic",Scrub land,615,MultiPolygon
LS2014_000106,1,positive,bhuvan_2014,AR/WK/83A12/2014/205,,AR,Arunachal Pradesh,West Kameng,27.1774,92.5813,2014,Rainfall,Active,Denudational Hills - Moderately Dissected (DHM),"Quartzite (Tenga Formation, Bomdila Group), Palaeoproterozoic",Scrub land,425,MultiPolygon
LS2014_000107,1,positive,bhuvan_2014,AR/WK/83A12/2014/206,,AR,Arunachal Pradesh,West Kameng,27.1762,92.5762,2014,Rainfall,Active,Denudational Hills - Moderately Dissected (DHM),"Quartzite (Tenga Formation, Bomdila Group), Palaeoproterozoic",Scrub land,508,MultiPolygon
LS2014_000108,1,positive,bhuvan_2014,AR/WK/83A12/2014/207,,AR,Arunachal Pradesh,West Kameng,27.1726,92.6054,2014,Rainfall,Active,Denudational Hills - Moderately Dissected (DHM),Granitoid Gneiss (Ziro Granite Gneiss),Evergreen / Semi evergreen,2380,MultiPolygon
LS2014_000109,1,positive,bhuvan_2014,AR/WK/83A12/2014/208,,AR,Arunachal Pradesh,West Kameng,27.1695,92.6323,2014,Rainfall,Active,Structural Hills - Moderately Dissected (SHM),"Shale (Bichom Formation, Gondwana Group)",Evergreen / Semi evergreen,839,MultiPolygon
LS2014_000110,1,positive,bhuvan_2014,AR/WK/83A12/2014/209,,AR,Arunachal Pradesh,West Kameng,27.1679,92.5601,2014,Rainfall,Active,Denudational Hills - Moderately Dissected (DHM),"Quartzite (Tenga Formation, Bomdila Group), Palaeoproterozoic",Evergreen / Semi evergreen,1137,MultiPolygon
LS2014_000111,1,positive,bhuvan_2014,AR/WK/83A12/2014/210,,AR,Arunachal Pradesh,West Kameng,27.1635,92.6111,2014,Rainfall,Active,Denudational Hills - Moderately Dissected (DHM),Granitoid Gneiss (Ziro Granite Gneiss),Evergreen / Semi evergreen,538,MultiPolygon
LS2014_000112,1,positive,bhuvan_2014,AR/WK/83A12/2014/211,,AR,Arunachal Pradesh,West Kameng,27.1633,92.5792,2014,Rainfall,Active,Denudational Hills - Moderately Dissected (DHM),Granitoid Gneiss (Ziro Granite Gneiss),Evergreen / Semi evergreen,6588,MultiPolygon
LS2014_000113,1,positive,bhuvan_2014,AR/WK/83A12/2014/212,,AR,Arunachal Pradesh,West Kameng,27.1607,92.6004,2014,Rainfall,Active,Denudational Hills - Moderately Dissected (DHM),Granitoid Gneiss (Ziro Granite Gneiss),Evergreen / Semi evergreen,705,MultiPolygon
LS2014_000114,1,positive,bhuvan_2014,AR/WK/83A12/2014/213,,AR,Arunachal Pradesh,West Kameng,27.1593,92.6221,2014,Rainfall,Active,Structural Hills - Moderately Dissected (SHM),"Shale (Bichom Formation, Gondwana Group)",Evergreen / Semi evergreen,766,MultiPolygon
LS2014_000115,1,positive,bhuvan_2014,AR/WK/83A12/2014/214,,AR,Arunachal Pradesh,West Kameng,27.1589,92.5677,2014,Rainfall,Active,Denudational Hills - Moderately Dissected (DHM),Granitoid Gneiss (Ziro Granite Gneiss),Evergreen / Semi evergreen,437,MultiPolygon
LS2014_000116,1,positive,bhuvan_2014,AR/WK/83A12/2014/215,,AR,Arunachal Pradesh,West Kameng,27.1569,92.5808,2014,Rainfall,Active,Denudational Hills - Moderately Dissected (DHM),Granitoid Gneiss (Ziro Granite Gneiss),Evergreen / Semi evergreen,877,MultiPolygon
LS2014_000117,1,positive,bhuvan_2014,AR/WK/83A12/2014/216,,AR,Arunachal Pradesh,West Kameng,27.154,92.6448,2014,Rainfall,Active,Structural Hills - Moderately Dissected (SHM),"Shale (Bichom Formation, Gondwana Group)",Evergreen / Semi evergreen,9280,MultiPolygon
LS2014_000118,1,positive,bhuvan_2014,AR/WK/83A12/2014/217,,AR,Arunachal Pradesh,West Kameng,27.1533,92.5949,2014,Rainfall,Active,Denudational Hills - Moderately Dissected (DHM),Granitoid Gneiss (Ziro Granite Gneiss),Evergreen / Semi evergreen,1521,MultiPolygon
LS2014_000119,1,positive,bhuvan_2014,AR/EK/83A16/2014/144,,AR,Arunachal Pradesh,East Kameng,27.0871,92.9302,2014,Rainfall,Active,Structural Hills - Moderately Dissected (SHM),Sandstone with shales (Siwalik Super Group (Lower),Evergreen / Semi evergreen,616,MultiPolygon
LS2014_000120,1,positive,bhuvan_2014,AR/EK/83A16/2014/145,,AR,Arunachal Pradesh,East Kameng,27.0871,92.9284,2014,Rainfall,Active,Structural Hills - Moderately Dissected (SHM),Sandstone with shales (Siwalik Super Group (Lower),River / Stream / Canals,700,MultiPolygon
LS2014_000121,1,positive,bhuvan_2014,AR/EK/83A16/2014/152,,AR,Arunachal Pradesh,East Kameng,27.0823,92.8251,2014,Rainfall,Active,Structural Hills - Moderately Dissected (SHM),Shaly sandstone (Siwalik Super Group),Evergreen / Semi evergreen,373,MultiPolygon
LS2014_000122,1,positive,bhuvan_2014,AR/EK/83A16/2014/153,,AR,Arunachal Pradesh,East Kameng,27.0822,92.8236,2014,Rainfall,Active,Structural Hills - Moderately Dissected (SHM),Shaly sandstone (Siwalik Super Group),Evergreen / Semi evergreen,1665,MultiPolygon
LS2014_000123,1,positive,bhuvan_2014,AR/EK/83A16/2014/155,,AR,Arunachal Pradesh,East Kameng,27.0794,92.8979,2014,Rainfall,Active,Structural Hills - Moderately Dissected (SHM),Sandstone with shales (Siwalik Super Group (Lower),Evergreen / Semi evergreen,1097,MultiPolygon
LS2014_000124,1,positive,bhuvan_2014,AR/EK/83A16/2014/156,,AR,Arunachal Pradesh,East Kameng,27.0782,92.8214,2014,Rainfall,Active,Structural Hills - Moderately Dissected (SHM),Shaly sandstone (Siwalik Super Group),Evergreen / Semi evergreen,4792,MultiPolygon
LS2014_000125,1,positive,bhuvan_2014,AR/EK/83A16/2014/157,,AR,Arunachal Pradesh,East Kameng,27.0768,92.8246,2014,Rainfall,Active,Structural Hills - Moderately Dissected (SHM),Shaly sandstone (Siwalik Super Group),Evergreen / Semi evergreen,676,MultiPolygon
LS2014_000126,1,positive,bhuvan_2014,AR/EK/83A16/2014/158,,AR,Arunachal Pradesh,East Kameng,27.0762,92.8443,2014,Rainfall,Active,Structural Hills - Moderately Dissected (SHM),Shaly sandstone (Siwalik Super Group),Evergreen / Semi evergreen,1362,MultiPolygon
LS2014_000127,1,positive,bhuvan_2014,AR/EK/83A16/2014/165,,AR,Arunachal Pradesh,East Kameng,27.0686,92.8156,2014,Rainfall,Active,Structural Hills - Moderately Dissected (SHM),Shaly sandstone (Siwalik Super Group),Barren Rocky,16925,MultiPolygon
LS2014_000128,1,positive,bhuvan_2014,AR/WK/83A16/2014/118,,AR,Arunachal Pradesh,West Kameng,27.2162,92.8361,2014,Rainfall,Active,Structural Hills - Moderately Dissected (SHM),"Shale (Bichom Formation, Gondwana Group)",Evergreen / Semi evergreen,288,MultiPolygon
LS2014_000129,1,positive,bhuvan_2014,AR/WK/83A16/2014/119,,AR,Arunachal Pradesh,West Kameng,27.2158,92.837,2014,Rainfall,Active,Structural Hills - Moderately Dissected (SHM),"Shale (Bichom Formation, Gondwana Group)",Evergreen / Semi evergreen,149,MultiPolygon
LS2014_000130,1,positive,bhuvan_2014,AR/WK/83A16/2014/120,,AR,Arunachal Pradesh,West Kameng,27.2132,92.829,2014,Rainfall,Active,Structural Hills - Moderately Dissected (SHM),Sandstone with shale/coal bands (Bhareli Formation),Evergreen / Semi evergreen,1544,MultiPolygon
LS2014_000131,1,positive,bhuvan_2014,AR/WK/83A16/2014/121,,AR,Arunachal Pradesh,West Kameng,27.2129,92.8353,2014,Rainfall,Active,Structural Hills - Moderately Dissected (SHM),Sandstone with shale/coal bands (Bhareli Formation),Evergreen / Semi evergreen,1372,MultiPolygon
LS2014_000132,1,positive,bhuvan_2014,AR/WK/83A16/2014/122,,AR,Arunachal Pradesh,West Kameng,27.2128,92.8553,2014,Rainfall,Active,Structural Hills - Moderately Dissected (SHM),Sandstone with shale/coal bands (Bhareli Formation),Evergreen / Semi evergreen,575,MultiPolygon
LS2014_000133,1,positive,bhuvan_2014,AR/WK/83A16/2014/123,,AR,Arunachal Pradesh,West Kameng,27.2127,92.8393,2014,Rainfall,Active,Structural Hills - Moderately Dissected (SHM),Sandstone with shale/coal bands (Bhareli Formation),Evergreen / Semi evergreen,453,MultiPolygon
LS2014_000134,1,positive,bhuvan_2014,AR/WK/83A16/2014/124,,AR,Arunachal Pradesh,West Kameng,27.2127,92.8337,2014,Rainfall,Active,Structural Hills - Moderately Dissected (SHM),Sandstone with shale/coal bands (Bhareli Formation),Evergreen / Semi evergreen,489,MultiPolygon
LS2014_000135,1,positive,bhuvan_2014,AR/WK/83A16/2014/125,,AR,Arunachal Pradesh,West Kameng,27.2124,92.8368,2014,Rainfall,Active,Structural Hills - Moderately Dissected (SHM),Sandstone with shale/coal bands (Bhareli Formation),Evergreen / Semi evergreen,2735,MultiPolygon
LS2014_000136,1,positive,bhuvan_2014,AR/WK/83A16/2014/126,,AR,Arunachal Pradesh,West Kameng,27.2124,92.8302,2014,Rainfall,Active,Structural Hills - Moderately Dissected (SHM),Sandstone with shale/coal bands (Bhareli Formation),Evergreen / Semi evergreen,17784,MultiPolygon
LS2014_000137,1,positive,bhuvan_2014,AR/WK/83A16/2014/127,,AR,Arunachal Pradesh,West Kameng,27.212,92.8554,2014,Rainfall,Active,Structural Hills - Moderately Dissected (SHM),Sandstone with shale/coal bands (Bhareli Formation),Evergreen / Semi evergreen,1700,MultiPolygon
LS2014_000138,1,positive,bhuvan_2014,AR/WK/83A16/2014/128,,AR,Arunachal Pradesh,West Kameng,27.212,92.8355,2014,Rainfall,Active,Structural Hills - Moderately Dissected (SHM),Sandstone with shale/coal bands (Bhareli Formation),Evergreen / Semi evergreen,479,MultiPolygon
LS2014_000139,1,positive,bhuvan_2014,AR/WK/83A16/2014/129,,AR,Arunachal Pradesh,West Kameng,27.2119,92.8373,2014,Rainfall,Active,Structural Hills - Moderately Dissected (SHM),Sandstone with shale/coal bands (Bhareli Formation),Evergreen / Semi evergreen,350,MultiPolygon
LS2014_000140,1,positive,bhuvan_2014,AR/WK/83A16/2014/130,,AR,Arunachal Pradesh,West Kameng,27.2116,92.8517,2014,Rainfall,Active,Structural Hills - Moderately Dissected (SHM),Sandstone with shale/coal bands (Bhareli Formation),Evergreen / Semi evergreen,1625,MultiPolygon
LS2014_000141,1,positive,bhuvan_2014,AR/WK/83A16/2014/131,,AR,Arunachal Pradesh,West Kameng,27.2115,92.8365,2014,Rainfall,Active,Structural Hills - Moderately Dissected (SHM),Sandstone with shale/coal bands (Bhareli Formation),Evergreen / Semi evergreen,457,MultiPolygon
LS2014_000142,1,positive,bhuvan_2014,AR/WK/83A16/2014/132,,AR,Arunachal Pradesh,West Kameng,27.2109,92.8539,2014,Rainfall,Active,Structural Hills - Moderately Dissected (SHM),Sandstone with shale/coal bands (Bhareli Formation),Evergreen / Semi evergreen,295,MultiPolygon
LS2014_000143,1,positive,bhuvan_2014,AR/WK/83A16/2014/133,,AR,Arunachal Pradesh,West Kameng,27.2106,92.8417,2014,Rainfall,Active,Structural Hills - Moderately Dissected (SHM),Sandstone with shale/coal bands (Bhareli Formation),Evergreen / Semi evergreen,317,MultiPolygon
LS2014_000144,1,positive,bhuvan_2014,AR/WK/83A16/2014/134,,AR,Arunachal Pradesh,West Kameng,27.2105,92.8355,2014,Rainfall,Active,Structural Hills - Moderately Dissected (SHM),Sandstone with shale/coal bands (Bhareli Formation),Evergreen / Semi evergreen,13274,MultiPolygon
LS2014_000145,1,positive,bhuvan_2014,AR/WK/83A16/2014/135,,AR,Arunachal Pradesh,West Kameng,27.2101,92.8547,2014,Rainfall,Active,Structural Hills - Moderately Dissected (SHM),Sandstone with shale/coal bands (Bhareli Formation),Evergreen / Semi evergreen,401,MultiPolygon
LS2014_000146,1,positive,bhuvan_2014,AR/WK/83A16/2014/136,,AR,Arunachal Pradesh,West Kameng,27.2095,92.8221,2014,Rainfall,Active,Structural Hills - Moderately Dissected (SHM),Sandstone with shale/coal bands (Bhareli Formation),Evergreen / Semi evergreen,1496,MultiPolygon
LS2014_000147,1,positive,bhuvan_2014,AR/WK/83A16/2014/137,,AR,Arunachal Pradesh,West Kameng,27.2093,92.854,2014,Rainfall,Active,Structural Hills - Moderately Dissected (SHM),Sandstone with shale/coal bands (Bhareli Formation),Evergreen / Semi evergreen,2726,MultiPolygon
LS2014_000148,1,positive,bhuvan_2014,AR/WK/83A16/2014/138,,AR,Arunachal Pradesh,West Kameng,27.2091,92.8359,2014,Rainfall,Active,Structural Hills - Moderately Dissected (SHM),Sandstone with shale/coal bands (Bhareli Formation),Evergreen / Semi evergreen,1835,MultiPolygon
LS2014_000149,1,positive,bhuvan_2014,AR/WK/83A16/2014/139,,AR,Arunachal Pradesh,West Kameng,27.209,92.8365,2014,Rainfall,Active,Structural Hills - Moderately Dissected (SHM),Sandstone with shale/coal bands (Bhareli Formation),Evergreen / Semi evergreen,673,MultiPolygon
LS2014_000150,1,positive,bhuvan_2014,AR/WK/83A16/2014/141,,AR,Arunachal Pradesh,West Kameng,27.2085,92.8359,2014,Rainfall,Active,Structural Hills - Moderately Dissected (SHM),Sandstone with shale/coal bands (Bhareli Formation),Evergreen / Semi evergreen,4471,MultiPolygon
LS2014_000151,1,positive,bhuvan_2014,AR/WK/83A16/2014/142,,AR,Arunachal Pradesh,West Kameng,27.2083,92.8537,2014,Rainfall,Active,Structural Hills - Moderately Dissected (SHM),Sandstone with shale/coal bands (Bhareli Formation),Evergreen / Semi evergreen,2646,MultiPolygon
LS2014_000152,1,positive,bhuvan_2014,AR/WK/83A16/2014/143,,AR,Arunachal Pradesh,West Kameng,27.2081,92.8233,2014,Rainfall,Active,Structural Hills - Moderately Dissected (SHM),Sandstone with shale/coal bands (Bhareli Formation),Evergreen / Semi evergreen,946,MultiPolygon
LS2014_000153,1,positive,bhuvan_2014,AR/WK/83A16/2014/144,,AR,Arunachal Pradesh,West Kameng,27.2077,92.8521,2014,Rainfall,Active,Structural Hills - Moderately Dissected (SHM),Sandstone with shale/coal bands (Bhareli Formation),Evergreen / Semi evergreen,6477,MultiPolygon
LS2014_000154,1,positive,bhuvan_2014,AR/WK/83A16/2014/145,,AR,Arunachal Pradesh,West Kameng,27.2075,92.8372,2014,Rainfall,Active,Structural Hills - Moderately Dissected (SHM),Sandstone with shale/coal bands (Bhareli Formation),Evergreen / Semi evergreen,2976,MultiPolygon
LS2014_000155,1,positive,bhuvan_2014,AR/WK/83A16/2014/146,,AR,Arunachal Pradesh,West Kameng,27.2074,92.8479,2014,Rainfall,Active,Structural Hills - Moderately Dissected (SHM),Sandstone with shale/coal bands (Bhareli Formation),Evergreen / Semi evergreen,932,MultiPolygon
LS2014_000156,1,positive,bhuvan_2014,AR/WK/83A16/2014/147,,AR,Arunachal Pradesh,West Kameng,27.2074,92.8366,2014,Rainfall,Active,Structural Hills - Moderately Dissected (SHM),Sandstone with shale/coal bands (Bhareli Formation),Evergreen / Semi evergreen,937,MultiPolygon
LS2014_000157,1,positive,bhuvan_2014,AR/WK/83A16/2014/149,,AR,Arunachal Pradesh,West Kameng,27.2046,92.8523,2014,Rainfall,Active,Structural Hills - Moderately Dissected (SHM),Sandstone with shale/coal bands (Bhareli Formation),Evergreen / Semi evergreen,387,MultiPolygon
LS2014_000158,1,positive,bhuvan_2014,AR/WK/83A16/2014/150,,AR,Arunachal Pradesh,West Kameng,27.2032,92.8371,2014,Rainfall,Active,Structural Hills - Moderately Dissected (SHM),Sandstone with shale/coal bands (Bhareli Formation),Evergreen / Semi evergreen,2706,MultiPolygon
LS2014_000159,1,positive,bhuvan_2014,AR/WK/83A16/2014/151,,AR,Arunachal Pradesh,West Kameng,27.2027,92.8175,2014,Rainfall,Active,Structural Hills - Moderately Dissected (SHM),Sandstone with shale/coal bands (Bhareli Formation),Evergreen / Semi evergreen,1067,MultiPolygon
LS2014_000160,1,positive,bhuvan_2014,AR/EK/83A16/2014/88,,AR,Arunachal Pradesh,East Kameng,27.2026,92.9356,2014,Rainfall,Active,Denudational Hills - Moderately Dissected (DHM),Granitoid Gneiss (Ziro Granite Gneiss),Evergreen / Semi evergreen,612,MultiPolygon
LS2014_000161,1,positive,bhuvan_2014,AR/WK/83A16/2014/152,,AR,Arunachal Pradesh,West Kameng,27.2025,92.817,2014,Rainfall,Active,Structural Hills - Moderately Dissected (SHM),Sandstone with shale/coal bands (Bhareli Formation),Evergreen / Semi evergreen,726,MultiPolygon
LS2014_000162,1,positive,bhuvan_2014,AR/WK/83A16/2014/153,,AR,Arunachal Pradesh,West Kameng,27.2024,92.8166,2014,Rainfall,Active,Structural Hills - Moderately Dissected (SHM),Sandstone with shale/coal bands (Bhareli Formation),Evergreen / Semi evergreen,720,MultiPolygon
LS2014_000163,1,positive,bhuvan_2014,AR/WK/83A16/2014/154,,AR,Arunachal Pradesh,West Kameng,27.2021,92.8197,2014,Rainfall,Active,Structural Hills - Moderately Dissected (SHM),Sandstone with shale/coal bands (Bhareli Formation),Evergreen / Semi evergreen,471,MultiPolygon
LS2014_000164,1,positive,bhuvan_2014,AR/WK/83A16/2014/156,,AR,Arunachal Pradesh,West Kameng,27.2014,92.8171,2014,Rainfall,Active,Structural Hills - Moderately Dissected (SHM),Sandstone with shale/coal bands (Bhareli Formation),Evergreen / Semi evergreen,1558,MultiPolygon
LS2014_000165,1,positive,bhuvan_2014,AR/WK/83A16/2014/157,,AR,Arunachal Pradesh,West Kameng,27.2013,92.8666,2014,Rainfall,Active,Structural Hills - Moderately Dissected (SHM),Sandstone with shale/coal bands (Bhareli Formation),Evergreen / Semi evergreen,2246,MultiPolygon
LS2014_000166,1,positive,bhuvan_2014,AR/WK/83A16/2014/158,,AR,Arunachal Pradesh,West Kameng,27.2012,92.8133,2014,Rainfall,Active,Structural Hills - Moderately Dissected (SHM),Sandstone with shale/coal bands (Bhareli Formation),Evergreen / Semi evergreen,694,MultiPolygon
LS2014_000167,1,positive,bhuvan_2014,AR/WK/83A16/2014/159,,AR,Arunachal Pradesh,West Kameng,27.2009,92.8265,2014,Rainfall,Active,Structural Hills - Moderately Dissected (SHM),Sandstone with shale/coal bands (Bhareli Formation),Evergreen / Semi evergreen,1167,MultiPolygon
LS2014_000168,1,positive,bhuvan_2014,AR/WK/83A16/2014/160,,AR,Arunachal Pradesh,West Kameng,27.2009,92.8131,2014,Rainfall,Active,Structural Hills - Moderately Dissected (SHM),Sandstone with shale/coal bands (Bhareli Formation),Evergreen / Semi evergreen,165,MultiPolygon
LS2014_000169,1,positive,bhuvan_2014,AR/WK/83A16/2014/161,,AR,Arunachal Pradesh,West Kameng,27.2005,92.8149,2014,Rainfall,Active,Structural Hills - Moderately Dissected (SHM),Sandstone with shale/coal bands (Bhareli Formation),Evergreen / Semi evergreen,2053,MultiPolygon
LS2014_000170,1,positive,bhuvan_2014,AR/WK/83A16/2014/162,,AR,Arunachal Pradesh,West Kameng,27.2002,92.8253,2014,Rainfall,Active,Structural Hills - Moderately Dissected (SHM),Sandstone with shale/coal bands (Bhareli Formation),Evergreen / Semi evergreen,4263,MultiPolygon
LS2014_000171,1,positive,bhuvan_2014,AR/WK/83A16/2014/163,,AR,Arunachal Pradesh,West Kameng,27.1994,92.8201,2014,Rainfall,Active,Structural Hills - Moderately Dissected (SHM),Sandstone with shale/coal bands (Bhareli Formation),Evergreen / Semi evergreen,1906,MultiPolygon
LS2014_000172,1,positive,bhuvan_2014,AR/WK/83A16/2014/164,,AR,Arunachal Pradesh,West Kameng,27.1994,92.8115,2014,Rainfall,Active,Structural Hills - Moderately Dissected (SHM),Sandstone with shale/coal bands (Bhareli Formation),Evergreen / Semi evergreen,660,MultiPolygon
LS2014_000173,1,positive,bhuvan_2014,AR/WK/83A16/2014/165,,AR,Arunachal Pradesh,West Kameng,27.1992,92.8166,2014,Rainfall,Active,Structural Hills - Moderately Dissected (SHM),Sandstone with shale/coal bands (Bhareli Formation),Evergreen / Semi evergreen,553,MultiPolygon
LS2014_000174,1,positive,bhuvan_2014,AR/WK/83A16/2014/166,,AR,Arunachal Pradesh,West Kameng,27.1991,92.8112,2014,Rainfall,Active,Structural Hills - Moderately Dissected (SHM),Sandstone with shale/coal bands (Bhareli Formation),Evergreen / Semi evergreen,383,MultiPolygon
LS2014_000175,1,positive,bhuvan_2014,AR/EK/83A16/2014/89,,AR,Arunachal Pradesh,East Kameng,27.198,92.9348,2014,Rainfall,Active,Denudational Hills - Moderately Dissected (DHM),Granitoid Gneiss (Ziro Granite Gneiss),River / Stream / Canals,3257,MultiPolygon
LS2014_000176,1,positive,bhuvan_2014,AR/WK/83A16/2014/168,,AR,Arunachal Pradesh,West Kameng,27.1964,92.8267,2014,Rainfall,Active,Structural Hills - Moderately Dissected (SHM),Sandstone with shale/coal bands (Bhareli Formation),Evergreen / Semi evergreen,1544,MultiPolygon
LS2014_000177,1,positive,bhuvan_2014,AR/WK/83A16/2014/171,,AR,Arunachal Pradesh,West Kameng,27.196,92.832,2014,Rainfall,Active,Structural Hills - Moderately Dissected (SHM),Sandstone with shale/coal bands (Bhareli Formation),Evergreen / Semi evergreen,1134,MultiPolygon
LS2014_000178,1,positive,bhuvan_2014,AR/WK/83A11/2014/42,,AR,Arunachal Pradesh,West Kameng,27.3272,92.6446,2014,Rainfall,Active,Denudational Hills - Moderately Dissected (DHM),Granitoid Gneiss (Ziro Granite Gneiss),Evergreen / Semi evergreen,337,MultiPolygon
LS2014_000179,1,positive,bhuvan_2014,AR/WK/83A11/2014/43,,AR,Arunachal Pradesh,West Kameng,27.327,92.6662,2014,Rainfall,Active,Denudational Hills - Less Dissected (DHL),"Quartzite (Tenga Formation, Bomdila Group), Palaeoproterozoic",Scrub Forest,1257,MultiPolygon
LS2014_000180,1,positive,bhuvan_2014,AR/WK/83A11/2014/44,,AR,Arunachal Pradesh,West Kameng,27.325,92.6776,2014,Rainfall,Active,Denudational Hills - Less Dissected (DHL),"Quartzite (Tenga Formation, Bomdila Group), Palaeoproterozoic",Evergreen / Semi evergreen,553,MultiPolygon
LS2014_000181,1,positive,bhuvan_2014,AR/WK/83A11/2014/45,,AR,Arunachal Pradesh,West Kameng,27.3232,92.6606,2014,Rainfall,Active,Denudational Hills - Less Dissected (DHL),"Quartzite (Tenga Formation, Bomdila Group), Palaeoproterozoic",Scrub Forest,1600,MultiPolygon
LS2014_000182,1,positive,bhuvan_2014,AR/WK/83A11/2014/46,,AR,Arunachal Pradesh,West Kameng,27.3218,92.6734,2014,Rainfall,Active,Denudational Hills - Less Dissected (DHL),"Quartzite (Tenga Formation, Bomdila Group), Palaeoproterozoic",Scrub Forest,267,MultiPolygon
LS2014_000183,1,positive,bhuvan_2014,AR/WK/83A11/2014/47,,AR,Arunachal Pradesh,West Kameng,27.3218,92.6616,2014,Rainfall,Active,Denudational Hills - Less Dissected (DHL),"Quartzite (Tenga Formation, Bomdila Group), Palaeoproterozoic",Scrub Forest,1388,MultiPolygon
LS2014_000184,1,positive,bhuvan_2014,AR/WK/83A11/2014/48,,AR,Arunachal Pradesh,West Kameng,27.3218,92.6582,2014,Rainfall,Active,Denudational Hills - Less Dissected (DHL),"Quartzite (Tenga Formation, Bomdila Group), Palaeoproterozoic",Scrub Forest,304,MultiPolygon
LS2014_000185,1,positive,bhuvan_2014,AR/WK/83A11/2014/49,,AR,Arunachal Pradesh,West Kameng,27.3218,92.6543,2014,Rainfall,Active,Denudational Hills - Less Dissected (DHL),"Quartzite (Tenga Formation, Bomdila Group), Palaeoproterozoic",Scrub Forest,674,MultiPolygon
LS2014_000186,1,positive,bhuvan_2014,AR/WK/83A11/2014/52,,AR,Arunachal Pradesh,West Kameng,27.2933,92.6732,2014,Rainfall,Active,Valley (V),"Quartzite (Tenga Formation, Bomdila Group), Palaeoproterozoic",Evergreen / Semi evergreen,965,MultiPolygon
LS2014_000187,1,positive,bhuvan_2014,AR/EK/83A15/2014/67,,AR,Arunachal Pradesh,East Kameng,27.344,92.8331,2014,Rainfall,Active,Denudational Hills - Moderately Dissected (DHM),"Quartzite (Tenga Formation, Bomdila Group), Palaeoproterozoic",Evergreen / Semi evergreen,1278,MultiPolygon
LS2014_000188,1,positive,bhuvan_2014,AR/EK/83A15/2014/69,,AR,Arunachal Pradesh,East Kameng,27.2794,92.9123,2014,Rainfall,Active,Denudational Hills - Moderately Dissected (DHM),"Quartzite (Tenga Formation, Bomdila Group), Palaeoproterozoic",Evergreen / Semi evergreen,213,MultiPolygon
LS2014_000189,1,positive,bhuvan_2014,AR/EK/83A15/2014/52,,AR,Arunachal Pradesh,East Kameng,27.4361,92.8378,2014,Rainfall,Active,Denudational Hills - Moderately Dissected (DHM),"Quartzite (Tenga Formation, Bomdila Group), Palaeoproterozoic",Evergreen / Semi evergreen,298,MultiPolygon
LS2014_000190,1,positive,bhuvan_2014,AR/EK/83A15/2014/53,,AR,Arunachal Pradesh,East Kameng,27.4345,92.8359,2014,Rainfall,Active,Denudational Hills - Moderately Dissected (DHM),"Quartzite (Tenga Formation, Bomdila Group), Palaeoproterozoic",Evergreen / Semi evergreen,881,MultiPolygon
LS2014_000191,1,positive,bhuvan_2014,AR/EK/83A15/2014/54,,AR,Arunachal Pradesh,East Kameng,27.4269,92.8551,2014,Rainfall,Active,Denudational Hills - Moderately Dissected (DHM),Granitoid Gneiss (Ziro Granite Gneiss),Evergreen / Semi evergreen,1229,MultiPolygon
LS2014_000192,1,positive,bhuvan_2014,AR/EK/83A15/2014/55,,AR,Arunachal Pradesh,East Kameng,27.4264,92.8566,2014,Rainfall,Active,Denudational Hills - Moderately Dissected (DHM),Granitoid Gneiss (Ziro Granite Gneiss),Evergreen / Semi evergreen,378,MultiPolygon
LS2014_000193,1,positive,bhuvan_2014,AR/EK/83A15/2014/56,,AR,Arunachal Pradesh,East Kameng,27.4064,92.8627,2014,Rainfall,Active,Denudational Hills - Moderately Dissected (DHM),Granitoid Gneiss (Ziro Granite Gneiss),Evergreen / Semi evergreen,1294,MultiPolygon
LS2014_000194,1,positive,bhuvan_2014,AR/EK/83A15/2014/57,,AR,Arunachal Pradesh,East Kameng,27.4059,92.9087,2014,Rainfall,Active,Denudational Hills - Moderately Dissected (DHM),Granitoid Gneiss (Ziro Granite Gneiss),Evergreen / Semi evergreen,715,MultiPolygon
LS2014_000195,1,positive,bhuvan_2014,AR/EK/83A14/2014/48,,AR,Arunachal Pradesh,East Kameng,27.5929,92.8104,2014,Rainfall,Active,Denudational Hills - Moderately Dissected (DHM),"Quartzite (Tenga Formation, Bomdila Group), Palaeoproterozoic",Evergreen / Semi evergreen,4162,MultiPolygon
LS2014_000196,1,positive,bhuvan_2014,AR/EK/83A14/2014/49,,AR,Arunachal Pradesh,East Kameng,27.5727,92.8453,2014,Rainfall,Active,Denudational Hills - Moderately Dissected (DHM),Granitoid Gneiss (Ziro Granite Gneiss),Evergreen / Semi evergreen,856,MultiPolygon
LS2014_000197,1,positive,bhuvan_2014,AR/EK/83A14/2014/34,,AR,Arunachal Pradesh,East Kameng,27.7194,92.8643,2014,Rainfall,Active,Denudational Hills - Moderately Dissected (DHM),Granitoid Gneiss (Ziro Granite Gneiss),Evergreen / Semi evergreen,466,MultiPolygon
LS2014_000198,1,positive,bhuvan_2014,AR/EK/83A14/2014/35,,AR,Arunachal Pradesh,East Kameng,27.7193,92.8622,2014,Rainfall,Active,Denudational Hills - Moderately Dissected (DHM),Granitoid Gneiss (Ziro Granite Gneiss),Evergreen / Semi evergreen,2112,MultiPolygon
LS2014_000199,1,positive,bhuvan_2014,AR/EK/83A14/2014/36,,AR,Arunachal Pradesh,East Kameng,27.7192,92.865,2014,Rainfall,Active,Denudational Hills - Moderately Dissected (DHM),Granitoid Gneiss (Ziro Granite Gneiss),Evergreen / Semi evergreen,879,MultiPolygon
LS2014_000200,1,positive,bhuvan_2014,AR/EK/83A14/2014/41,,AR,Arunachal Pradesh,East Kameng,27.711,92.859,2014,Rainfall,Active,Denudational Hills - Moderately Dissected (DHM),Granitoid Gneiss (Ziro Granite Gneiss),Evergreen / Semi evergreen,2132,MultiPolygon
LS2014_000201,1,positive,bhuvan_2014,AR/EK/83A14/2014/44,,AR,Arunachal Pradesh,East Kameng,27.6599,92.8665,2014,Rainfall,Active,Denudational Hills - Moderately Dissected (DHM),Granitoid Gneiss (Ziro Granite Gneiss),Evergreen / Semi evergreen,539,MultiPolygon
LS2014_000202,1,positive,bhuvan_2014,AR/EK/83A13/2014/10,,AR,Arunachal Pradesh,East Kameng,27.8425,92.9239,2014,Rainfall,Active,Denudational Hills - Moderately Dissected (DHM),Schist (Dirang Formation (Lumla Formation) Mesoproterozoic,Evergreen / Semi evergreen,10438,MultiPolygon
LS2014_000203,1,positive,bhuvan_2014,AR/EK/83A13/2014/11,,AR,Arunachal Pradesh,East Kameng,27.8409,92.9238,2014,Rainfall,Active,Denudational Hills - Moderately Dissected (DHM),Schist (Dirang Formation (Lumla Formation) Mesoproterozoic,Evergreen / Semi evergreen,1659,MultiPolygon
LS2014_000204,1,positive,bhuvan_2014,AR/EK/83A13/2014/19,,AR,Arunachal Pradesh,East Kameng,27.7851,92.8677,2014,Rainfall,Active,Denudational Hills - Less Dissected (DHL),Schist (Dirang Formation (Lumla Formation) Mesoproterozoic,Evergreen / Semi evergreen,2753,MultiPolygon
LS2014_000205,1,positive,bhuvan_2014,AR/EK/83F05/2014/228,,AR,Arunachal Pradesh,East Kameng,26.9686,93.343,2014,Rainfall,Active,Structural Hills - Moderately Dissected (SHM),Shaly sandstone (Siwalik Super Group),Evergreen / Semi evergreen,5569,MultiPolygon
LS2014_000206,1,positive,bhuvan_2014,AR/EK/83F05/2014/229,,AR,Arunachal Pradesh,East Kameng,26.9672,93.3162,2014,Rainfall,Active,Structural Hills - Moderately Dissected (SHM),Shaly sandstone (Siwalik Super Group),Evergreen / Semi evergreen,488,MultiPolygon
LS2014_000207,1,positive,bhuvan_2014,AR/EK/83F05/2014/231,,AR,Arunachal Pradesh,East Kameng,26.9664,93.3397,2014,Rainfall,Active,Structural Hills - Moderately Dissected (SHM),Shaly sandstone (Siwalik Super Group),Barren Rocky,1464,MultiPolygon
LS2014_000208,1,positive,bhuvan_2014,AR/EK/83F05/2014/236,,AR,Arunachal Pradesh,East Kameng,26.9634,93.3195,2014,Rainfall,Active,Structural Hills - Moderately Dissected (SHM),Shaly sandstone (Siwalik Super Group),Evergreen / Semi evergreen,1318,MultiPolygon
LS2014_000209,1,positive,bhuvan_2014,AR/EK/83E04/2014/176,,AR,Arunachal Pradesh,East Kameng,27.0465,93.0655,2014,Rainfall,Active,Structural Hills - Moderately Dissected (SHM),Sandstone with shales (Siwalik Super Group (Lower),Evergreen / Semi evergreen,560,MultiPolygon
LS2014_000210,1,positive,bhuvan_2014,AR/EK/83E04/2014/87,,AR,Arunachal Pradesh,East Kameng,27.2173,93.0921,2014,Rainfall,Active,Denudational Hills - Less Dissected (DHL),Granitoid Gneiss (Ziro Granite Gneiss),Evergreen / Semi evergreen,5515,MultiPolygon
LS2014_000211,1,positive,bhuvan_2014,AR/PA/83E08/2014/212,,AR,Arunachal Pradesh,Papumpare,27.0712,93.4409,2014,Rainfall,Active,Structural Hills - Moderately Dissected (SHM),Shaly sandstone (Siwalik Super Group),Evergreen / Semi evergreen,1106,MultiPolygon
LS2014_000212,1,positive,bhuvan_2014,AR/EK/83E08/2014/169,,AR,Arunachal Pradesh,East Kameng,27.0549,93.325,2014,Rainfall,Active,Structural Hills - Less Dissected (SHL),Shaly sandstone (Siwalik Super Group),Evergreen / Semi evergreen,307,MultiPolygon
LS2014_000213,1,positive,bhuvan_2014,AR/EK/83E08/2014/186,,AR,Arunachal Pradesh,East Kameng,27.0346,93.3241,2014,Rainfall,Active,Structural Hills - Highly Dissected (SHH),Shaly sandstone (Siwalik Super Group),Evergreen / Semi evergreen,517,MultiPolygon
LS2014_000214,1,positive,bhuvan_2014,AR/PA/83E08/2014/219,,AR,Arunachal Pradesh,Papumpare,27.0336,93.4332,2014,Rainfall,Active,Structural Hills - Less Dissected (SHL),Shaly sandstone (Siwalik Super Group),Evergreen / Semi evergreen,810,MultiPolygon
LS2014_000215,1,positive,bhuvan_2014,AR/PA/83E08/2014/221,,AR,Arunachal Pradesh,Papumpare,27.0293,93.3458,2014,Rainfall,Active,Structural Hills - Less Dissected (SHL),"Cement assorted mixture of gravel, sand, silt&clay",Evergreen / Semi evergreen,371,MultiPolygon
LS2014_000216,1,positive,bhuvan_2014,AR/PA/83E08/2014/140,,AR,Arunachal Pradesh,Papumpare,27.2172,93.3285,2014,Rainfall,Active,Denudational Hills - Moderately Dissected (DHM),Granitoid Gneiss (Ziro Granite Gneiss),Cuirrent Shifting Cultivation,4759,MultiPolygon
LS2014_000217,1,positive,bhuvan_2014,AR/EK/83E03/2014/68,,AR,Arunachal Pradesh,East Kameng,27.299,93.0971,2014,Rainfall,Active,Denudational Hills - Moderately Dissected (DHM),"Granites (Biotite Granite), Proterozoic",Evergreen / Semi evergreen,18245,MultiPolygon
LS2014_000218,1,positive,bhuvan_2014,AR/EK/83E01/2014/13,,AR,Arunachal Pradesh,East Kameng,27.8252,93.0642,2014,Rainfall,Active,Snow Cover (SC),Granitoid Gneiss (Ziro Granite Gneiss),Scrub land,306,MultiPolygon
LS2014_000219,1,positive,bhuvan_2014,AR/EK/83E01/2014/14,,AR,Arunachal Pradesh,East Kameng,27.825,93.0626,2014,Rainfall,Active,Denudational Hills - Moderately Dissected (DHM),Granitoid Gneiss (Ziro Granite Gneiss),Scrub land,126,MultiPolygon
LS2014_000220,1,positive,bhuvan_2014,AR/EK/83E01/2014/15,,AR,Arunachal Pradesh,East Kameng,27.8243,93.0624,2014,Rainfall,Active,Denudational Hills - Moderately Dissected (DHM),Granitoid Gneiss (Ziro Granite Gneiss),Scrub land,145,MultiPolygon
LS2014_000221,1,positive,bhuvan_2014,AR/KK/83E01/2014/17,,AR,Arunachal Pradesh,Kurung Kumey,27.968,93.0683,2014,Rainfall,Active,Denudational Hills - Moderately Dissected (DHM),Granitoid Gneiss (Ziro Granite Gneiss),Evergreen / Semi evergreen,313,MultiPolygon
LS2014_000222,1,positive,bhuvan_2014,AR/KK/83E01/2014/18,,AR,Arunachal Pradesh,Kurung Kumey,27.9663,93.0834,2014,Rainfall,Active,Denudational Hills - Moderately Dissected (DHM),Granitoid Gneiss (Ziro Granite Gneiss),Evergreen / Semi evergreen,1353,MultiPolygon
LS2014_000223,1,positive,bhuvan_2014,AR/KK/83E01/2014/19,,AR,Arunachal Pradesh,Kurung Kumey,27.9618,93.0565,2014,Rainfall,Active,Denudational Hills - Moderately Dissected (DHM),Granitoid Gneiss (Ziro Granite Gneiss),Cuirrent Shifting Cultivation,613,MultiPolygon
LS2014_000224,1,positive,bhuvan_2014,AR/KK/83E01/2014/21,,AR,Arunachal Pradesh,Kurung Kumey,27.9605,93.0563,2014,Rainfall,Active,Denudational Hills - Moderately Dissected (DHM),Granitoid Gneiss (Ziro Granite Gneiss),Cuirrent Shifting Cultivation,980,MultiPolygon
LS2014_000225,1,positive,bhuvan_2014,AR/KK/83E01/2014/22,,AR,Arunachal Pradesh,Kurung Kumey,27.9603,93.0782,2014,Rainfall,Active,Denudational Hills - Moderately Dissected (DHM),Granitoid Gneiss (Ziro Granite Gneiss),Evergreen / Semi evergreen,294,MultiPolygon
LS2014_000226,1,positive,bhuvan_2014,AR/PA/83F09/2014/288,,AR,Arunachal Pradesh,Papumpare,26.9677,93.5655,2014,Rainfall,Active,Structural Hills - Highly Dissected (SHH),"Cement assorted mixture of gravel, sand, silt&clay",Evergreen / Semi evergreen,421,MultiPolygon
LS2014_000227,1,positive,bhuvan_2014,AR/PA/83E12/2014/213,,AR,Arunachal Pradesh,Papumpare,27.0653,93.665,2014,Rainfall,Active,Structural Hills - Highly Dissected (SHH),"Cement assorted mixture of gravel, sand, silt&clay",Evergreen / Semi evergreen,1808,MultiPolygon
LS2014_000228,1,positive,bhuvan_2014,AR/PA/83E12/2014/216,,AR,Arunachal Pradesh,Papumpare,27.0585,93.6493,2014,Rainfall,Active,Structural Hills - Highly Dissected (SHH),"Cement assorted mixture of gravel, sand, silt&clay",Evergreen / Semi evergreen,397,MultiPolygon
LS2014_000229,1,positive,bhuvan_2014,AR/PA/83E12/2014/217,,AR,Arunachal Pradesh,Papumpare,27.0554,93.6477,2014,Rainfall,Active,Structural Hills - Highly Dissected (SHH),"Cement assorted mixture of gravel, sand, silt&clay",Evergreen / Semi evergreen,523,MultiPolygon
LS2014_000230,1,positive,bhuvan_2014,AR/PA/83E12/2014/144,,AR,Arunachal Pradesh,Papumpare,27.2131,93.5845,2014,Rainfall,Active,Denudational Hills - Moderately Dissected (DHM),Granitoid Gneiss (Ziro Granite Gneiss),Scrub Forest,546,MultiPolygon
LS2014_000231,1,positive,bhuvan_2014,AR/PA/83E12/2014/162,,AR,Arunachal Pradesh,Papumpare,27.1742,93.6854,2014,Rainfall,Active,Structural Hills - Moderately Dissected (SHM),Sandstone with shales (Siwalik Super Group (Lower),Evergreen / Semi evergreen,964,MultiPolygon
LS2014_000232,1,positive,bhuvan_2014,AR/PA/83E16/2014/143,,AR,Arunachal Pradesh,Papumpare,27.2142,93.8419,2014,Rainfall,Active,Structural Hills - Highly Dissected (SHH),"Cement assorted mixture of gravel, sand, silt&clay",Evergreen / Semi evergreen,269,MultiPolygon
LS2014_000233,1,positive,bhuvan_2014,AR/PA/83E16/2014/145,,AR,Arunachal Pradesh,Papumpare,27.213,93.874,2014,Rainfall,Active,Structural Hills - Highly Dissected (SHH),"Cement assorted mixture of gravel, sand, silt&clay",Evergreen / Semi evergreen,474,MultiPolygon
LS2014_000234,1,positive,bhuvan_2014,AR/PA/83E16/2014/147,,AR,Arunachal Pradesh,Papumpare,27.2097,93.8537,2014,Rainfall,Active,Structural Hills - Highly Dissected (SHH),"Cement assorted mixture of gravel, sand, silt&clay",Evergreen / Semi evergreen,308,MultiPolygon
LS2014_000235,1,positive,bhuvan_2014,AR/PA/83E16/2014/155,,AR,Arunachal Pradesh,Papumpare,27.1938,93.8345,2014,Rainfall,Active,Structural Hills - Highly Dissected (SHH),"Cement assorted mixture of gravel, sand, silt&clay",Evergreen / Semi evergreen,473,MultiPolygon
LS2014_000236,1,positive,bhuvan_2014,AR/PA/83E16/2014/156,,AR,Arunachal Pradesh,Papumpare,27.1909,93.8255,2014,Rainfall,Active,Structural Hills - Highly Dissected (SHH),"Cement assorted mixture of gravel, sand, silt&clay",Evergreen / Semi evergreen,314,MultiPolygon
LS2014_000237,1,positive,bhuvan_2014,AR/PA/83E16/2014/158,,AR,Arunachal Pradesh,Papumpare,27.1886,93.8089,2014,Rainfall,Active,Structural Hills - Highly Dissected (SHH),"Cement assorted mixture of gravel, sand, silt&clay",Evergreen / Semi evergreen,317,MultiPolygon
LS2014_000238,1,positive,bhuvan_2014,AR/PA/83E16/2014/159,,AR,Arunachal Pradesh,Papumpare,27.1829,93.8154,2014,Rainfall,Active,Structural Hills - Highly Dissected (SHH),"Cement assorted mixture of gravel, sand, silt&clay",Evergreen / Semi evergreen,1267,MultiPolygon
LS2014_000239,1,positive,bhuvan_2014,AR/PA/83E15/2014/65,,AR,Arunachal Pradesh,Papumpare,27.3322,93.8093,2014,Rainfall,Active,Denudational Hills - Moderately Dissected (DHM),Granitoid Gneiss (Ziro Granite Gneiss),Evergreen / Semi evergreen,1521,MultiPolygon
LS2014_000240,1,positive,bhuvan_2014,AR/PA/83E15/2014/75,,AR,Arunachal Pradesh,Papumpare,27.3186,93.9004,2014,Rainfall,Active,Structural Hills - Moderately Dissected (SHM),"Thick bedded quartzite (Miri Formation, Gondwana Group)",Evergreen / Semi evergreen,1586,MultiPolygon
LS2014_000241,1,positive,bhuvan_2014,AR/PA/83E15/2014/78,,AR,Arunachal Pradesh,Papumpare,27.3116,93.8509,2014,Rainfall,Active,Structural Hills - Moderately Dissected (SHM),"Thick bedded quartzite (Miri Formation, Gondwana Group)",Evergreen / Semi evergreen,2426,MultiPolygon
LS2014_000242,1,positive,bhuvan_2014,AR/PA/83E15/2014/79,,AR,Arunachal Pradesh,Papumpare,27.3108,93.9283,2014,Rainfall,Active,Structural Hills - Highly Dissected (SHH),Shaly sandstone (Siwalik Super Group),Evergreen / Semi evergreen,543,MultiPolygon
LS2014_000243,1,positive,bhuvan_2014,AR/PA/83E15/2014/82,,AR,Arunachal Pradesh,Papumpare,27.3052,93.9381,2014,Rainfall,Active,Structural Hills - Highly Dissected (SHH),Shaly sandstone (Siwalik Super Group),Evergreen / Semi evergreen,372,MultiPolygon
LS2014_000244,1,positive,bhuvan_2014,AR/PA/83E15/2014/84,,AR,Arunachal Pradesh,Papumpare,27.3042,93.937,2014,Rainfall,Active,Structural Hills - Highly Dissected (SHH),Shaly sandstone (Siwalik Super Group),Evergreen / Semi evergreen,349,MultiPolygon
LS2014_000245,1,positive,bhuvan_2014,AR/PA/83E15/2014/85,,AR,Arunachal Pradesh,Papumpare,27.3038,93.9397,2014,Rainfall,Active,Structural Hills - Highly Dissected (SHH),Shaly sandstone (Siwalik Super Group),Evergreen / Semi evergreen,815,MultiPolygon
LS2014_000246,1,positive,bhuvan_2014,AR/PA/83E15/2014/88,,AR,Arunachal Pradesh,Papumpare,27.2946,93.9425,2014,Rainfall,Active,Structural Hills - Highly Dissected (SHH),"Cement assorted mixture of gravel, sand, silt&clay",Evergreen / Semi evergreen,1139,MultiPolygon
LS2014_000247,1,positive,bhuvan_2014,AR/PA/83E15/2014/89,,AR,Arunachal Pradesh,Papumpare,27.2945,93.9254,2014,Rainfall,Active,Structural Hills - Highly Dissected (SHH),Shaly sandstone (Siwalik Super Group),Evergreen / Semi evergreen,1116,MultiPolygon
LS2014_000248,1,positive,bhuvan_2014,AR/PA/83E15/2014/90,,AR,Arunachal Pradesh,Papumpare,27.2914,93.9146,2014,Rainfall,Active,Structural Hills - Highly Dissected (SHH),Shaly sandstone (Siwalik Super Group),Evergreen / Semi evergreen,465,MultiPolygon
LS2014_000249,1,positive,bhuvan_2014,AR/PA/83E15/2014/94,,AR,Arunachal Pradesh,Papumpare,27.2871,93.8579,2014,Rainfall,Active,Structural Hills - Moderately Dissected (SHM),Sandstone with shales (Siwalik Super Group (Lower),Evergreen / Semi evergreen,2688,MultiPolygon
LS2014_000250,1,positive,bhuvan_2014,AR/PA/83E15/2014/96,,AR,Arunachal Pradesh,Papumpare,27.2868,93.8574,2014,Rainfall,Active,Structural Hills - Moderately Dissected (SHM),Sandstone with shales (Siwalik Super Group (Lower),Evergreen / Semi evergreen,4714,MultiPolygon
LS2014_000251,1,positive,bhuvan_2014,AR/PA/83E15/2014/97,,AR,Arunachal Pradesh,Papumpare,27.2862,93.8566,2014,Rainfall,Active,Structural Hills - Moderately Dissected (SHM),Sandstone with shales (Siwalik Super Group (Lower),Evergreen / Semi evergreen,5237,MultiPolygon
LS2014_000252,1,positive,bhuvan_2014,AR/PA/83E15/2014/16,,AR,Arunachal Pradesh,Papumpare,27.4263,93.9209,2014,Rainfall,Active,Denudational Hills - Moderately Dissected (DHM),Granitoid Gneiss (Ziro Granite Gneiss),Evergreen / Semi evergreen,612,MultiPolygon
LS2014_000253,1,positive,bhuvan_2014,AR/LB/83E10/2014/39,,AR,Arunachal Pradesh,Lower Subansiri,27.5894,93.6498,2014,Rainfall,Active,Structural Hills - Moderately Dissected (SHM),Granitoid Gneiss (Ziro Granite Gneiss),Evergreen / Semi evergreen,4189,MultiPolygon
LS2014_000254,1,positive,bhuvan_2014,AR/LB/83E10/2014/40,,AR,Arunachal Pradesh,Lower Subansiri,27.5812,93.6413,2014,Rainfall,Active,Structural Hills - Moderately Dissected (SHM),Granitoid Gneiss (Ziro Granite Gneiss),Evergreen / Semi evergreen,2297,MultiPolygon
LS2014_000255,1,positive,bhuvan_2014,AR/LB/83E10/2014/41,,AR,Arunachal Pradesh,Lower Subansiri,27.5811,93.6412,2014,Rainfall,Active,Structural Hills - Moderately Dissected (SHM),Granitoid Gneiss (Ziro Granite Gneiss),Evergreen / Semi evergreen,1489,MultiPolygon
LS2014_000256,1,positive,bhuvan_2014,AR/LB/83E14/2014/28,,AR,Arunachal Pradesh,Lower Subansiri,27.666,93.8231,2014,Rainfall,Active,Denudational Hills - Moderately Dissected (DHM),Granitoid Gneiss (Ziro Granite Gneiss),Scrub Forest,2371,MultiPolygon
LS2014_000257,1,positive,bhuvan_2014,AR/KK/83E09/2014/33,,AR,Arunachal Pradesh,Kurung Kumey,27.7844,93.6243,2014,Rainfall,Active,Denudational Hills - Moderately Dissected (DHM),"Quartzite (Tenga Formation, Bomdila Group), Palaeoproterozoic",Evergreen / Semi evergreen,1060,MultiPolygon
LS2014_000258,1,positive,bhuvan_2014,AR/KK/83E09/2014/13,,AR,Arunachal Pradesh,Kurung Kumey,27.9708,93.5801,2014,Rainfall,Active,Denudational Hills - Moderately Dissected (DHM),"Quartzite (Tenga Formation, Bomdila Group), Palaeoproterozoic",Scrub land,3919,MultiPolygon
LS2014_000259,1,positive,bhuvan_2014,AR/KK/83E09/2014/14,,AR,Arunachal Pradesh,Kurung Kumey,27.9708,93.5801,2014,Rainfall,Active,Denudational Hills - Moderately Dissected (DHM),"Quartzite (Tenga Formation, Bomdila Group), Palaeoproterozoic",Scrub land,3919,MultiPolygon
LS2014_000260,1,positive,bhuvan_2014,AR/LB/83E13/2014/4,,AR,Arunachal Pradesh,Lower Subansiri,27.8296,93.9316,2014,Rainfall,Active,Denudational Hills - Moderately Dissected (DHM),Granitoid Gneiss (Ziro Granite Gneiss),Evergreen / Semi evergreen,673,MultiPolygon
LS2014_000261,1,positive,bhuvan_2014,AR/KK/82H12/2014/8,,AR,Arunachal Pradesh,Kurung Kumey,28.0733,93.6522,2014,Rainfall,Active,Denudational Hills - Moderately Dissected (DHM),"Thick bedded dolomite (Dolomite, Chillepam Formation, Bomdila Group)",Evergreen / Semi evergreen,2113,MultiPolygon
LS2014_000262,1,positive,bhuvan_2014,AR/KK/82H12/2014/9,,AR,Arunachal Pradesh,Kurung Kumey,28.0664,93.6583,2014,Rainfall,Active,Denudational Hills - Moderately Dissected (DHM),"Thick bedded dolomite (Dolomite, Chillepam Formation, Bomdila Group)",Evergreen / Semi evergreen,988,MultiPolygon
LS2014_000263,1,positive,bhuvan_2014,AR/UB/82H15/2014/1,,AR,Arunachal Pradesh,Upper Subansiri,28.4309,93.8203,2014,Rainfall,Active,Denudational Hills - Moderately Dissected (DHM),"Gneiss (Sela Group), Palaeoproterozoic",Evergreen / Semi evergreen,2212,MultiPolygon
LS2014_000264,1,positive,bhuvan_2014,AR/UB/82H15/2014/3,,AR,Arunachal Pradesh,Upper Subansiri,28.4126,93.8355,2014,Rainfall,Active,Denudational Hills - Moderately Dissected (DHM),Schist (Dirang Formation (Lumla Formation) Mesoproterozoic,Evergreen / Semi evergreen,1058,MultiPolygon
LS2014_000265,1,positive,bhuvan_2014,AR/UB/82H15/2014/4,,AR,Arunachal Pradesh,Upper Subansiri,28.4124,93.8344,2014,Rainfall,Active,Denudational Hills - Moderately Dissected (DHM),Schist (Dirang Formation (Lumla Formation) Mesoproterozoic,Evergreen / Semi evergreen,2313,MultiPolygon
LS2014_000266,1,positive,bhuvan_2014,AR/UB/82H15/2014/8,,AR,Arunachal Pradesh,Upper Subansiri,28.4088,93.8401,2014,Rainfall,Active,Denudational Hills - Moderately Dissected (DHM),Schist (Dirang Formation (Lumla Formation) Mesoproterozoic,Evergreen / Semi evergreen,3411,MultiPolygon
LS2014_000267,1,positive,bhuvan_2014,AR/PA/83I03/2014/10,,AR,Arunachal Pradesh,Papumpare,27.4696,94.14,2014,Rainfall,Active,Structural Hills - Moderately Dissected (SHM),Shaly sandstone (Siwalik Super Group),Evergreen / Semi evergreen,520,MultiPolygon
LS2014_000268,1,positive,bhuvan_2014,AR/PA/83I03/2014/11,,AR,Arunachal Pradesh,Papumpare,27.464,94.1269,2014,Rainfall,Active,Structural Hills - Moderately Dissected (SHM),Shaly sandstone (Siwalik Super Group),Evergreen / Semi evergreen,424,MultiPolygon
LS2014_000269,1,positive,bhuvan_2014,AR/PA/83I03/2014/12,,AR,Arunachal Pradesh,Papumpare,27.4637,94.1267,2014,Rainfall,Active,Structural Hills - Moderately Dissected (SHM),Shaly sandstone (Siwalik Super Group),Evergreen / Semi evergreen,724,MultiPolygon
LS2014_000270,1,positive,bhuvan_2014,AR/PA/83I03/2014/13,,AR,Arunachal Pradesh,Papumpare,27.462,94.1031,2014,Rainfall,Active,Structural Hills - Moderately Dissected (SHM),Shaly sandstone (Siwalik Super Group),Evergreen / Semi evergreen,373,MultiPolygon
LS2014_000271,1,positive,bhuvan_2014,AR/PA/83I03/2014/14,,AR,Arunachal Pradesh,Papumpare,27.4618,94.1266,2014,Rainfall,Active,Structural Hills - Moderately Dissected (SHM),Shaly sandstone (Siwalik Super Group),Evergreen / Semi evergreen,659,MultiPolygon
LS2014_000272,1,positive,bhuvan_2014,AR/PA/83I03/2014/17,,AR,Arunachal Pradesh,Papumpare,27.4246,94.0986,2014,Rainfall,Active,Structural Hills - Highly Dissected (SHH),Shaly sandstone (Siwalik Super Group),Evergreen / Semi evergreen,202,MultiPolygon
LS2014_000273,1,positive,bhuvan_2014,AR/LB/83I02/2014/37,,AR,Arunachal Pradesh,Lower Subansiri,27.5897,94.1078,2014,Rainfall,Active,Structural Hills - Moderately Dissected (SHM),"Thick bedded quartzite (Miri Formation, Gondwana Group)",Evergreen / Semi evergreen,3646,MultiPolygon
LS2014_000274,1,positive,bhuvan_2014,AR/WS/83I06/2014/174,,AR,Arunachal Pradesh,West Siang,27.7173,94.4299,2014,Rainfall,Active,Structural Hills - Highly Dissected (SHH),Sandstone with shales (Siwalik Super Group (Lower),Evergreen / Semi evergreen,1041,MultiPolygon
LS2014_000275,1,positive,bhuvan_2014,AR/WS/83I06/2014/180,,AR,Arunachal Pradesh,West Siang,27.6958,94.3623,2014,Rainfall,Active,Structural Hills - Highly Dissected (SHH),Sandstone with shales (Siwalik Super Group (Lower),Evergreen / Semi evergreen,459,MultiPolygon
LS2014_000276,1,positive,bhuvan_2014,AR/WS/83I06/2014/181,,AR,Arunachal Pradesh,West Siang,27.6952,94.3602,2014,Rainfall,Active,Structural Hills - Highly Dissected (SHH),Sandstone with shales (Siwalik Super Group (Lower),Evergreen / Semi evergreen,1002,MultiPolygon
LS2014_000277,1,positive,bhuvan_2014,AR/WS/83I06/2014/185,,AR,Arunachal Pradesh,West Siang,27.6924,94.4261,2014,Rainfall,Active,Structural Hills - Moderately Dissected (SHM),Sandstone with shales (Siwalik Super Group (Lower),Cuirrent Shifting Cultivation,1084,MultiPolygon
LS2014_000278,1,positive,bhuvan_2014,AR/WS/83I06/2014/193,,AR,Arunachal Pradesh,West Siang,27.6859,94.3295,2014,Rainfall,Active,Structural Hills - Highly Dissected (SHH),Sandstone with shales (Siwalik Super Group (Lower),Evergreen / Semi evergreen,310,MultiPolygon
LS2014_000279,1,positive,bhuvan_2014,AR/WS/83I06/2014/194,,AR,Arunachal Pradesh,West Siang,27.6854,94.3825,2014,Rainfall,Active,Structural Hills - Moderately Dissected (SHM),Sandstone with shales (Siwalik Super Group (Lower),Evergreen / Semi evergreen,1078,MultiPolygon
LS2014_000280,1,positive,bhuvan_2014,AR/WS/83I06/2014/195,,AR,Arunachal Pradesh,West Siang,27.6854,94.3754,2014,Rainfall,Active,Structural Hills - Moderately Dissected (SHM),Sandstone with shales (Siwalik Super Group (Lower),Evergreen / Semi evergreen,482,MultiPolygon
LS2014_000281,1,positive,bhuvan_2014,AR/WS/83I06/2014/196,,AR,Arunachal Pradesh,West Siang,27.6849,94.4063,2014,Rainfall,Active,Structural Hills - Moderately Dissected (SHM),Sandstone with shales (Siwalik Super Group (Lower),Evergreen / Semi evergreen,444,MultiPolygon
LS2014_000282,1,positive,bhuvan_2014,AR/WS/83I06/2014/198,,AR,Arunachal Pradesh,West Siang,27.6834,94.4027,2014,Rainfall,Active,Structural Hills - Moderately Dissected (SHM),Sandstone with shales (Siwalik Super Group (Lower),Cuirrent Shifting Cultivation,1887,MultiPolygon
LS2014_000283,1,positive,bhuvan_2014,AR/WS/83I06/2014/200,,AR,Arunachal Pradesh,West Siang,27.6831,94.3758,2014,Rainfall,Active,Structural Hills - Moderately Dissected (SHM),Sandstone with shales (Siwalik Super Group (Lower),Evergreen / Semi evergreen,496,MultiPolygon
LS2014_000284,1,positive,bhuvan_2014,AR/WS/83I06/2014/207,,AR,Arunachal Pradesh,West Siang,27.6771,94.396,2014,Rainfall,Active,Structural Hills - Moderately Dissected (SHM),Sandstone with shales (Siwalik Super Group (Lower),Evergreen / Semi evergreen,2334,MultiPolygon
LS2014_000285,1,positive,bhuvan_2014,AR/LB/83I01/2014/5,,AR,Arunachal Pradesh,Lower Subansiri,27.8255,94.0802,2014,Rainfall,Active,Denudational Hills - Moderately Dissected (DHM),"Quartzite (Khetabari Formation, Bomdila Group)",Evergreen / Semi evergreen,902,MultiPolygon
LS2014_000286,1,positive,bhuvan_2014,AR/UB/83I01/2014/53,,AR,Arunachal Pradesh,Upper Subansiri,27.9373,94.0952,2014,Rainfall,Active,Denudational Hills - Moderately Dissected (DHM),Granitoid Gneiss (Ziro Granite Gneiss),Evergreen / Semi evergreen,375,MultiPolygon
LS2014_000287,1,positive,bhuvan_2014,AR/UB/83I05/2014/62,,AR,Arunachal Pradesh,Upper Subansiri,27.81,94.3199,2014,Rainfall,Active,Structural Hills - Moderately Dissected (SHM),"Thick bedded quartzite (Miri Formation, Gondwana Group)",Evergreen / Semi evergreen,315,MultiPolygon
LS2014_000288,1,positive,bhuvan_2014,AR/UB/83I05/2014/63,,AR,Arunachal Pradesh,Upper Subansiri,27.8099,94.3175,2014,Rainfall,Active,Structural Hills - Moderately Dissected (SHM),"Thick bedded quartzite (Miri Formation, Gondwana Group)",Evergreen / Semi evergreen,970,MultiPolygon
LS2014_000289,1,positive,bhuvan_2014,AR/UB/83I05/2014/64,,AR,Arunachal Pradesh,Upper Subansiri,27.7938,94.3138,2014,Rainfall,Active,Structural Hills - Moderately Dissected (SHM),"Thick bedded quartzite (Miri Formation, Gondwana Group)",Evergreen / Semi evergreen,281,MultiPolygon
LS2014_000290,1,positive,bhuvan_2014,AR/UB/82L04/2014/47,,AR,Arunachal Pradesh,Upper Subansiri,28.0915,94.1769,2014,Rainfall,Active,Denudational Hills - Moderately Dissected (DHM),"Quartzite (Tenga Formation, Bomdila Group), Palaeoproterozoic",Evergreen / Semi evergreen,1038,MultiPolygon
LS2014_000291,1,positive,bhuvan_2014,AR/UB/82L04/2014/49,,AR,Arunachal Pradesh,Upper Subansiri,28.0831,94.1855,2014,Rainfall,Active,Denudational Hills - Moderately Dissected (DHM),"Quartzite (Tenga Formation, Bomdila Group), Palaeoproterozoic",Evergreen / Semi evergreen,5143,MultiPolygon
LS2014_000292,1,positive,bhuvan_2014,AR/UB/82L04/2014/50,,AR,Arunachal Pradesh,Upper Subansiri,28.083,94.1842,2014,Rainfall,Active,Denudational Hills - Moderately Dissected (DHM),"Quartzite (Tenga Formation, Bomdila Group), Palaeoproterozoic",Evergreen / Semi evergreen,2640,MultiPolygon
LS2014_000293,1,positive,bhuvan_2014,AR/UB/82L04/2014/51,,AR,Arunachal Pradesh,Upper Subansiri,28.0748,94.1631,2014,Rainfall,Active,Denudational Hills - Moderately Dissected (DHM),"Quartzite (Tenga Formation, Bomdila Group), Palaeoproterozoic",Evergreen / Semi evergreen,4856,MultiPolygon
LS2014_000294,1,positive,bhuvan_2014,AR/UB/82L04/2014/39,,AR,Arunachal Pradesh,Upper Subansiri,28.1966,94.0756,2014,Rainfall,Active,Denudational Hills - Moderately Dissected (DHM),Schist (Dirang Formation (Lumla Formation) Mesoproterozoic,Evergreen / Semi evergreen,2240,MultiPolygon
LS2014_000295,1,positive,bhuvan_2014,AR/UB/82L03/2014/13,,AR,Arunachal Pradesh,Upper Subansiri,28.33,94.1302,2014,Rainfall,Active,Denudational Hills - Moderately Dissected (DHM),"Gneiss (Sela Group), Palaeoproterozoic",Evergreen / Semi evergreen,393,MultiPolygon
LS2014_000296,1,positive,bhuvan_2014,AR/UB/82L03/2014/14,,AR,Arunachal Pradesh,Upper Subansiri,28.3292,94.1297,2014,Rainfall,Active,Denudational Hills - Moderately Dissected (DHM),"Gneiss (Sela Group), Palaeoproterozoic",Evergreen / Semi evergreen,306,MultiPolygon
LS2014_000297,1,positive,bhuvan_2014,AR/UB/82L03/2014/15,,AR,Arunachal Pradesh,Upper Subansiri,28.3287,94.1041,2014,Rainfall,Active,Denudational Hills - Moderately Dissected (DHM),"Gneiss (Sela Group), Palaeoproterozoic",Evergreen / Semi evergreen,800,MultiPolygon
LS2014_000298,1,positive,bhuvan_2014,AR/UB/82L03/2014/16,,AR,Arunachal Pradesh,Upper Subansiri,28.3281,94.1001,2014,Rainfall,Active,Denudational Hills - Moderately Dissected (DHM),"Gneiss (Sela Group), Palaeoproterozoic",Evergreen / Semi evergreen,656,MultiPolygon
LS2014_000299,1,positive,bhuvan_2014,AR/UB/82L03/2014/17,,AR,Arunachal Pradesh,Upper Subansiri,28.3264,94.0923,2014,Rainfall,Active,Denudational Hills - Moderately Dissected (DHM),"Gneiss (Sela Group), Palaeoproterozoic",Evergreen / Semi evergreen,393,MultiPolygon
LS2014_000300,1,positive,bhuvan_2014,AR/UB/82L03/2014/18,,AR,Arunachal Pradesh,Upper Subansiri,28.3259,94.0919,2014,Rainfall,Active,Denudational Hills - Moderately Dissected (DHM),"Gneiss (Sela Group), Palaeoproterozoic",Evergreen / Semi evergreen,1094,MultiPolygon
LS2014_000301,1,positive,bhuvan_2014,AR/UB/82L03/2014/19,,AR,Arunachal Pradesh,Upper Subansiri,28.3251,94.093,2014,Rainfall,Active,Denudational Hills - Moderately Dissected (DHM),"Gneiss (Sela Group), Palaeoproterozoic",Evergreen / Semi evergreen,608,MultiPolygon
LS2014_000302,1,positive,bhuvan_2014,AR/UB/82L03/2014/21,,AR,Arunachal Pradesh,Upper Subansiri,28.3146,94.0794,2014,Rainfall,Active,Denudational Hills - Moderately Dissected (DHM),"Gneiss (Sela Group), Palaeoproterozoic",Evergreen / Semi evergreen,645,MultiPolygon
LS2014_000303,1,positive,bhuvan_2014,AR/UB/82L03/2014/22,,AR,Arunachal Pradesh,Upper Subansiri,28.3136,94.0795,2014,Rainfall,Active,Denudational Hills - Moderately Dissected (DHM),"Gneiss (Sela Group), Palaeoproterozoic",Evergreen / Semi evergreen,470,MultiPolygon
LS2014_000304,1,positive,bhuvan_2014,AR/UB/82L03/2014/23,,AR,Arunachal Pradesh,Upper Subansiri,28.3126,94.0775,2014,Rainfall,Active,Denudational Slope (DS),"Gneiss (Sela Group), Palaeoproterozoic",Evergreen / Semi evergreen,1933,MultiPolygon
LS2014_000305,1,positive,bhuvan_2014,AR/UB/82L03/2014/24,,AR,Arunachal Pradesh,Upper Subansiri,28.3095,94.0882,2014,Rainfall,Active,Denudational Hills - Moderately Dissected (DHM),"Gneiss (Sela Group), Palaeoproterozoic",Evergreen / Semi evergreen,2060,MultiPolygon
LS2014_000306,1,positive,bhuvan_2014,AR/UB/82L03/2014/25,,AR,Arunachal Pradesh,Upper Subansiri,28.3078,94.0875,2014,Rainfall,Active,Denudational Hills - Moderately Dissected (DHM),"Gneiss (Sela Group), Palaeoproterozoic",Evergreen / Semi evergreen,1038,MultiPolygon
LS2014_000307,1,positive,bhuvan_2014,AR/UB/82L03/2014/26,,AR,Arunachal Pradesh,Upper Subansiri,28.3076,94.0829,2014,Rainfall,Active,Denudational Hills - Moderately Dissected (DHM),"Gneiss (Sela Group), Palaeoproterozoic",Evergreen / Semi evergreen,1055,MultiPolygon
LS2014_000308,1,positive,bhuvan_2014,AR/UB/82L03/2014/27,,AR,Arunachal Pradesh,Upper Subansiri,28.3035,94.1706,2014,Rainfall,Active,Denudational Hills - Moderately Dissected (DHM),"Gneiss (Sela Group), Palaeoproterozoic",Evergreen / Semi evergreen,3173,MultiPolygon
LS2014_000309,1,positive,bhuvan_2014,AR/UB/82L03/2014/30,,AR,Arunachal Pradesh,Upper Subansiri,28.2889,94.1311,2014,Rainfall,Active,Denudational Hills - Moderately Dissected (DHM),"Gneiss (Sela Group), Palaeoproterozoic",Evergreen / Semi evergreen,475,MultiPolygon
LS2014_000310,1,positive,bhuvan_2014,AR/UB/82L03/2014/32,,AR,Arunachal Pradesh,Upper Subansiri,28.2884,94.1304,2014,Rainfall,Active,Denudational Hills - Moderately Dissected (DHM),"Gneiss (Sela Group), Palaeoproterozoic",Evergreen / Semi evergreen,1777,MultiPolygon
LS2014_000311,1,positive,bhuvan_2014,AR/WS/82L06/2014/17,,AR,Arunachal Pradesh,West Siang,28.5785,94.3874,2014,Rainfall,Active,Denudational Hills - Moderately Dissected (DHM),"Gneiss (Sela Group), Palaeoproterozoic",Scrub Forest,14583,MultiPolygon
LS2014_000312,1,positive,bhuvan_2014,AR/WS/82L06/2014/23,,AR,Arunachal Pradesh,West Siang,28.5498,94.398,2014,Rainfall,Active,Denudational Hills - Less Dissected (DHL),"Gneiss (Sela Group), Palaeoproterozoic",Scrub Forest,4242,MultiPolygon
LS2014_000313,1,positive,bhuvan_2014,AR/WS/82L06/2014/28,,AR,Arunachal Pradesh,West Siang,28.5343,94.3485,2014,Rainfall,Active,Denudational Hills - Less Dissected (DHL),"Gneiss (Sela Group), Palaeoproterozoic",Evergreen / Semi evergreen,3453,MultiPolygon
LS2014_000314,1,positive,bhuvan_2014,AR/WS/82L06/2014/30,,AR,Arunachal Pradesh,West Siang,28.5335,94.3524,2014,Rainfall,Active,Denudational Hills - Less Dissected (DHL),"Gneiss (Sela Group), Palaeoproterozoic",Evergreen / Semi evergreen,1902,MultiPolygon
LS2014_000315,1,positive,bhuvan_2014,AR/WS/82L06/2014/1,,AR,Arunachal Pradesh,West Siang,28.6962,94.4154,2014,Rainfall,Active,Denudational Hills - Less Dissected (DHL),"Gneiss (Sela Group), Palaeoproterozoic",Evergreen / Semi evergreen,3509,MultiPolygon
LS2014_000316,1,positive,bhuvan_2014,AR/US/82K08/2014/5,,AR,Arunachal Pradesh,Upper Siang,29.058,94.4396,2014,Rainfall,Active,Denudational Hills - Moderately Dissected (DHM),"Gneiss (Sela Group), Palaeoproterozoic",Evergreen / Semi evergreen,490,MultiPolygon
LS2014_000317,1,positive,bhuvan_2014,AR/US/82K08/2014/6,,AR,Arunachal Pradesh,Upper Siang,29.0513,94.4388,2014,Rainfall,Active,Denudational Hills - Moderately Dissected (DHM),"Gneiss (Sela Group), Palaeoproterozoic",Evergreen / Semi evergreen,1160,MultiPolygon
LS2014_000318,1,positive,bhuvan_2014,AR/WS/83I10/2014/173,,AR,Arunachal Pradesh,West Siang,27.7176,94.6615,2014,Rainfall,Active,Structural Hills - Highly Dissected (SHH),Shaly sandstone (Siwalik Super Group),Evergreen / Semi evergreen,188,MultiPolygon
LS2014_000319,1,positive,bhuvan_2014,AR/WS/83I10/2014/176,,AR,Arunachal Pradesh,West Siang,27.7076,94.5731,2014,Rainfall,Active,Structural Hills - Moderately Dissected (SHM),Sandstone with shales (Siwalik Super Group (Lower),Evergreen / Semi evergreen,974,MultiPolygon
LS2014_000320,1,positive,bhuvan_2014,AR/WS/83I10/2014/178,,AR,Arunachal Pradesh,West Siang,27.7003,94.6174,2014,Rainfall,Active,Structural Hills - Highly Dissected (SHH),Shaly sandstone (Siwalik Super Group),Evergreen / Semi evergreen,275,MultiPolygon
LS2014_000321,1,positive,bhuvan_2014,AR/WS/83I10/2014/184,,AR,Arunachal Pradesh,West Siang,27.6924,94.6466,2014,Rainfall,Active,Structural Hills - Highly Dissected (SHH),"Cement assorted mixture of gravel, sand, silt&clay",Evergreen / Semi evergreen,669,MultiPolygon
LS2014_000322,1,positive,bhuvan_2014,AR/WS/83I10/2014/187,,AR,Arunachal Pradesh,West Siang,27.6908,94.6811,2014,Rainfall,Active,Structural Hills - Highly Dissected (SHH),"Cement assorted mixture of gravel, sand, silt&clay",Evergreen / Semi evergreen,655,MultiPolygon
LS2014_000323,1,positive,bhuvan_2014,AR/WS/83I10/2014/188,,AR,Arunachal Pradesh,West Siang,27.6908,94.6736,2014,Rainfall,Active,Structural Hills - Highly Dissected (SHH),"Cement assorted mixture of gravel, sand, silt&clay",Evergreen / Semi evergreen,1310,MultiPolygon
LS2014_000324,1,positive,bhuvan_2014,AR/WS/83I10/2014/190,,AR,Arunachal Pradesh,West Siang,27.6904,94.6805,2014,Rainfall,Active,Structural Hills - Highly Dissected (SHH),"Cement assorted mixture of gravel, sand, silt&clay",Evergreen / Semi evergreen,1329,MultiPolygon
LS2014_000325,1,positive,bhuvan_2014,AR/WS/83I10/2014/197,,AR,Arunachal Pradesh,West Siang,27.6846,94.5621,2014,Rainfall,Active,Structural Hills - Highly Dissected (SHH),Shaly sandstone (Siwalik Super Group),Evergreen / Semi evergreen,430,MultiPolygon
LS2014_000326,1,positive,bhuvan_2014,AR/WS/83I10/2014/201,,AR,Arunachal Pradesh,West Siang,27.683,94.6058,2014,Rainfall,Active,Structural Hills - Highly Dissected (SHH),Shaly sandstone (Siwalik Super Group),Evergreen / Semi evergreen,417,MultiPolygon
LS2014_000327,1,positive,bhuvan_2014,AR/WS/83I10/2014/206,,AR,Arunachal Pradesh,West Siang,27.6788,94.56,2014,Rainfall,Active,Structural Hills - Highly Dissected (SHH),Shaly sandstone (Siwalik Super Group),Evergreen / Semi evergreen,5554,MultiPolygon
LS2014_000328,1,positive,bhuvan_2014,AR/WS/83I10/2014/213,,AR,Arunachal Pradesh,West Siang,27.667,94.6653,2014,Rainfall,Active,Structural Hills - Moderately Dissected (SHM),"Cement assorted mixture of gravel, sand, silt&clay",Evergreen / Semi evergreen,251,MultiPolygon
LS2014_000329,1,positive,bhuvan_2014,AR/WS/83I10/2014/215,,AR,Arunachal Pradesh,West Siang,27.6636,94.6628,2014,Rainfall,Active,Structural Hills - Moderately Dissected (SHM),"Cement assorted mixture of gravel, sand, silt&clay",Evergreen / Semi evergreen,151,MultiPolygon
LS2014_000330,1,positive,bhuvan_2014,AR/WS/83I10/2014/216,,AR,Arunachal Pradesh,West Siang,27.6598,94.6497,2014,Rainfall,Active,Structural Hills - Moderately Dissected (SHM),"Cement assorted mixture of gravel, sand, silt&clay",Evergreen / Semi evergreen,218,MultiPolygon
LS2014_000331,1,positive,bhuvan_2014,AR/WS/83I10/2014/217,,AR,Arunachal Pradesh,West Siang,27.6596,94.6592,2014,Rainfall,Active,Structural Hills - Moderately Dissected (SHM),"Cement assorted mixture of gravel, sand, silt&clay",Evergreen / Semi evergreen,456,MultiPolygon
LS2014_000332,1,positive,bhuvan_2014,AR/WS/83I10/2014/218,,AR,Arunachal Pradesh,West Siang,27.658,94.6648,2014,Rainfall,Active,Structural Hills - Moderately Dissected (SHM),"Cement assorted mixture of gravel, sand, silt&clay",Evergreen / Semi evergreen,328,MultiPolygon
LS2014_000333,1,positive,bhuvan_2014,AR/WS/83I10/2014/219,,AR,Arunachal Pradesh,West Siang,27.6575,94.6506,2014,Rainfall,Active,Structural Hills - Moderately Dissected (SHM),"Cement assorted mixture of gravel, sand, silt&clay",Evergreen / Semi evergreen,337,MultiPolygon
LS2014_000334,1,positive,bhuvan_2014,AR/WS/83I10/2014/220,,AR,Arunachal Pradesh,West Siang,27.6542,94.6501,2014,Rainfall,Active,Structural Hills - Moderately Dissected (SHM),"Cement assorted mixture of gravel, sand, silt&clay",Barren Rocky,12949,MultiPolygon
LS2014_000335,1,positive,bhuvan_2014,AR/WS/83I14/2014/172,,AR,Arunachal Pradesh,West Siang,27.718,94.8169,2014,Rainfall,Active,Structural Hills - Moderately Dissected (SHM),"Cement assorted mixture of gravel, sand, silt&clay",Evergreen / Semi evergreen,787,MultiPolygon
LS2014_000336,1,positive,bhuvan_2014,AR/WS/83I14/2014/177,,AR,Arunachal Pradesh,West Siang,27.7064,94.8095,2014,Rainfall,Active,Structural Hills - Moderately Dissected (SHM),"Cement assorted mixture of gravel, sand, silt&clay",Evergreen / Semi evergreen,813,MultiPolygon
LS2014_000337,1,positive,bhuvan_2014,AR/WS/83I09/2014/90,,AR,Arunachal Pradesh,West Siang,27.8223,94.6718,2014,Rainfall,Active,Structural Hills - Less Dissected (SHL),"Shale (Bichom Formation, Gondwana Group)",Evergreen / Semi evergreen,1756,MultiPolygon
LS2014_000338,1,positive,bhuvan_2014,AR/WS/83I09/2014/91,,AR,Arunachal Pradesh,West Siang,27.8218,94.6719,2014,Rainfall,Active,Structural Hills - Less Dissected (SHL),"Shale (Bichom Formation, Gondwana Group)",Evergreen / Semi evergreen,1593,MultiPolygon
LS2014_000339,1,positive,bhuvan_2014,AR/WS/83I09/2014/92,,AR,Arunachal Pradesh,West Siang,27.818,94.5946,2014,Rainfall,Active,Structural Hills - Less Dissected (SHL),Sandstone with shale/coal bands (Bhareli Formation),Evergreen / Semi evergreen,1814,MultiPolygon
LS2014_000340,1,positive,bhuvan_2014,AR/WS/83I09/2014/93,,AR,Arunachal Pradesh,West Siang,27.8085,94.5972,2014,Rainfall,Active,Structural Hills - Less Dissected (SHL),Sandstone with shale/coal bands (Bhareli Formation),Evergreen / Semi evergreen,716,MultiPolygon
LS2014_000341,1,positive,bhuvan_2014,AR/WS/83I09/2014/95,,AR,Arunachal Pradesh,West Siang,27.7974,94.5789,2014,Rainfall,Active,Structural Hills - Highly Dissected (SHH),Sandstone with shales (Siwalik Super Group (Lower),Evergreen / Semi evergreen,569,MultiPolygon
LS2014_000342,1,positive,bhuvan_2014,AR/WS/83I09/2014/97,,AR,Arunachal Pradesh,West Siang,27.7954,94.6034,2014,Rainfall,Active,Structural Hills - Highly Dissected (SHH),Sandstone with shales (Siwalik Super Group (Lower),Evergreen / Semi evergreen,318,MultiPolygon
LS2014_000343,1,positive,bhuvan_2014,AR/WS/83I09/2014/98,,AR,Arunachal Pradesh,West Siang,27.7953,94.5794,2014,Rainfall,Active,Structural Hills - Highly Dissected (SHH),Sandstone with shales (Siwalik Super Group (Lower),Evergreen / Semi evergreen,736,MultiPolygon
LS2014_000344,1,positive,bhuvan_2014,AR/WS/83I09/2014/99,,AR,Arunachal Pradesh,West Siang,27.7942,94.6028,2014,Rainfall,Active,Structural Hills - Highly Dissected (SHH),Sandstone with shales (Siwalik Super Group (Lower),Evergreen / Semi evergreen,1317,MultiPolygon
LS2014_000345,1,positive,bhuvan_2014,AR/WS/83I09/2014/100,,AR,Arunachal Pradesh,West Siang,27.7933,94.5923,2014,Rainfall,Active,Structural Hills - Highly Dissected (SHH),Sandstone with shales (Siwalik Super Group (Lower),Evergreen / Semi evergreen,200,MultiPolygon
LS2014_000346,1,positive,bhuvan_2014,AR/WS/83I09/2014/101,,AR,Arunachal Pradesh,West Siang,27.793,94.5717,2014,Rainfall,Active,Structural Hills - Highly Dissected (SHH),Sandstone with shales (Siwalik Super Group (Lower),Evergreen / Semi evergreen,1548,MultiPolygon
LS2014_000347,1,positive,bhuvan_2014,AR/WS/83I09/2014/103,,AR,Arunachal Pradesh,West Siang,27.7882,94.5633,2014,Rainfall,Active,Structural Hills - Highly Dissected (SHH),Sandstone with shales (Siwalik Super Group (Lower),Evergreen / Semi evergreen,601,MultiPolygon
LS2014_000348,1,positive,bhuvan_2014,AR/WS/83I09/2014/104,,AR,Arunachal Pradesh,West Siang,27.7881,94.5643,2014,Rainfall,Active,Structural Hills - Highly Dissected (SHH),Sandstone with shales (Siwalik Super Group (Lower),Evergreen / Semi evergreen,424,MultiPolygon
LS2014_000349,1,positive,bhuvan_2014,AR/WS/83I09/2014/105,,AR,Arunachal Pradesh,West Siang,27.7876,94.5922,2014,Rainfall,Active,Structural Hills - Highly Dissected (SHH),Sandstone with shales (Siwalik Super Group (Lower),Evergreen / Semi evergreen,257,MultiPolygon
LS2014_000350,1,positive,bhuvan_2014,AR/WS/83I09/2014/107,,AR,Arunachal Pradesh,West Siang,27.7853,94.5688,2014,Rainfall,Active,Structural Hills - Highly Dissected (SHH),Sandstone with shales (Siwalik Super Group (Lower),Cropland,1005,MultiPolygon
LS2014_000351,1,positive,bhuvan_2014,AR/WS/83I09/2014/110,,AR,Arunachal Pradesh,West Siang,27.7846,94.5614,2014,Rainfall,Active,Structural Hills - Highly Dissected (SHH),Sandstone with shales (Siwalik Super Group (Lower),Evergreen / Semi evergreen,1103,MultiPolygon
LS2014_000352,1,positive,bhuvan_2014,AR/WS/83I09/2014/66,,AR,Arunachal Pradesh,West Siang,27.9687,94.6507,2014,Rainfall,Active,Denudational Hills - Moderately Dissected (DHM),"Basalt (Abor Volcanics) , Palaeocene to Eocene",Evergreen / Semi evergreen,381,MultiPolygon
LS2014_000353,1,positive,bhuvan_2014,AR/WS/83I13/2014/89,,AR,Arunachal Pradesh,West Siang,27.8306,94.8885,2014,Rainfall,Active,Structural Hills - Moderately Dissected (SHM),Shaly sandstone (Siwalik Super Group),Evergreen / Semi evergreen,3677,MultiPolygon
LS2014_000354,1,positive,bhuvan_2014,AR/WS/83I13/2014/102,,AR,Arunachal Pradesh,West Siang,27.7888,94.8691,2014,Rainfall,Active,Structural Hills - Highly Dissected (SHH),Shaly sandstone (Siwalik Super Group),Evergreen / Semi evergreen,770,MultiPolygon
LS2014_000355,1,positive,bhuvan_2014,AR/ES/83I13/2014/441,,AR,Arunachal Pradesh,East Siang,27.7854,94.9169,2014,Rainfall,Active,Structural Hills - Moderately Dissected (SHM),"Cement assorted mixture of gravel, sand, silt&clay",Evergreen / Semi evergreen,2108,MultiPolygon
LS2014_000356,1,positive,bhuvan_2014,AR/ES/83I13/2014/443,,AR,Arunachal Pradesh,East Siang,27.7829,94.8992,2014,Rainfall,Active,Structural Hills - Moderately Dissected (SHM),"Cement assorted mixture of gravel, sand, silt&clay",Evergreen / Semi evergreen,1875,MultiPolygon
LS2014_000357,1,positive,bhuvan_2014,AR/WS/82L11/2014/45,,AR,Arunachal Pradesh,West Siang,28.4467,94.6805,2014,Rainfall,Active,Denudational Slope (DS),"Thick bedded quartzite (Miri Formation, Gondwana Group)",Evergreen / Semi evergreen,1966,MultiPolygon
LS2014_000358,1,positive,bhuvan_2014,AR/WS/82L11/2014/46,,AR,Arunachal Pradesh,West Siang,28.4302,94.6272,2014,Rainfall,Active,Denudational Hills - Moderately Dissected (DHM),"Quartzite (Khetabari Formation, Bomdila Group)",Evergreen / Semi evergreen,682,MultiPolygon
LS2014_000359,1,positive,bhuvan_2014,AR/WS/82L11/2014/47,,AR,Arunachal Pradesh,West Siang,28.43,94.6276,2014,Rainfall,Active,Denudational Hills - Moderately Dissected (DHM),"Quartzite (Khetabari Formation, Bomdila Group)",Evergreen / Semi evergreen,1322,MultiPolygon
LS2014_000360,1,positive,bhuvan_2014,AR/WS/82L11/2014/48,,AR,Arunachal Pradesh,West Siang,28.43,94.6254,2014,Rainfall,Active,Denudational Hills - Moderately Dissected (DHM),"Quartzite (Khetabari Formation, Bomdila Group)",Evergreen / Semi evergreen,273,MultiPolygon
LS2014_000361,1,positive,bhuvan_2014,AR/ES/82L15/2014/10,,AR,Arunachal Pradesh,East Siang,28.4429,94.8534,2014,Rainfall,Active,Denudational Slope (DS),"Quartzite (Tenga Formation, Bomdila Group), Palaeoproterozoic",Evergreen / Semi evergreen,446,MultiPolygon
LS2014_000362,1,positive,bhuvan_2014,AR/ES/82L15/2014/11,,AR,Arunachal Pradesh,East Siang,28.4429,94.8534,2014,Rainfall,Active,Denudational Slope (DS),"Quartzite (Tenga Formation, Bomdila Group), Palaeoproterozoic",Evergreen / Semi evergreen,446,MultiPolygon
LS2014_000363,1,positive,bhuvan_2014,AR/ES/82L15/2014/12,,AR,Arunachal Pradesh,East Siang,28.4146,94.9309,2014,Rainfall,Active,Denudational Hills - Moderately Dissected (DHM),"Basalt (Abor Volcanics) , Palaeocene to Eocene",Evergreen / Semi evergreen,146,MultiPolygon
LS2014_000364,1,positive,bhuvan_2014,AR/ES/82L15/2014/13,,AR,Arunachal Pradesh,East Siang,28.4146,94.9309,2014,Rainfall,Active,Denudational Hills - Moderately Dissected (DHM),"Basalt (Abor Volcanics) , Palaeocene to Eocene",Evergreen / Semi evergreen,146,MultiPolygon
LS2014_000365,1,positive,bhuvan_2014,AR/ES/82L15/2014/14,,AR,Arunachal Pradesh,East Siang,28.4143,94.9306,2014,Rainfall,Active,Denudational Hills - Moderately Dissected (DHM),"Basalt (Abor Volcanics) , Palaeocene to Eocene",Evergreen / Semi evergreen,332,MultiPolygon
LS2014_000366,1,positive,bhuvan_2014,AR/ES/82L15/2014/15,,AR,Arunachal Pradesh,East Siang,28.4143,94.9306,2014,Rainfall,Active,Denudational Hills - Moderately Dissected (DHM),"Basalt (Abor Volcanics) , Palaeocene to Eocene",Evergreen / Semi evergreen,332,MultiPolygon
LS2014_000367,1,positive,bhuvan_2014,AR/WS/82L10/2014/18,,AR,Arunachal Pradesh,West Siang,28.5712,94.6547,2014,Rainfall,Active,Denudational Hills - Less Dissected (DHL),"Quartzite (Tenga Formation, Bomdila Group), Palaeoproterozoic",Evergreen / Semi evergreen,1338,MultiPolygon
LS2014_000368,1,positive,bhuvan_2014,AR/WS/82L10/2014/25,,AR,Arunachal Pradesh,West Siang,28.5434,94.5839,2014,Rainfall,Active,Denudational Hills - Less Dissected (DHL),"Quartzite (Khetabari Formation, Bomdila Group)",Scrub land,3572,MultiPolygon
LS2014_000369,1,positive,bhuvan_2014,AR/WS/82L10/2014/31,,AR,Arunachal Pradesh,West Siang,28.5332,94.5877,2014,Rainfall,Active,Denudational Hills - Less Dissected (DHL),"Quartzite (Khetabari Formation, Bomdila Group)",Evergreen / Semi evergreen,2242,MultiPolygon
LS2014_000370,1,positive,bhuvan_2014,AR/WS/82L10/2014/33,,AR,Arunachal Pradesh,West Siang,28.5312,94.5966,2014,Rainfall,Active,Denudational Hills - Less Dissected (DHL),"Quartzite (Khetabari Formation, Bomdila Group)",Evergreen / Semi evergreen,1691,MultiPolygon
LS2014_000371,1,positive,bhuvan_2014,AR/WS/82L10/2014/2,,AR,Arunachal Pradesh,West Siang,28.6911,94.6776,2014,Rainfall,Active,Denudational Hills - Moderately Dissected (DHM),Granitoid Gneiss (Ziro Granite Gneiss),Evergreen / Semi evergreen,2272,MultiPolygon
LS2014_000372,1,positive,bhuvan_2014,AR/WS/82L10/2014/3,,AR,Arunachal Pradesh,West Siang,28.6903,94.6796,2014,Rainfall,Active,Denudational Hills - Moderately Dissected (DHM),Granitoid Gneiss (Ziro Granite Gneiss),Evergreen / Semi evergreen,3440,MultiPolygon
LS2014_000373,1,positive,bhuvan_2014,AR/US/82L14/2014/414,,AR,Arunachal Pradesh,Upper Siang,28.5866,94.8385,2014,Rainfall,Active,Denudational Hills - Moderately Dissected (DHM),"Quartzite (Tenga Formation, Bomdila Group), Palaeoproterozoic",Evergreen / Semi evergreen,511,MultiPolygon
LS2014_000374,1,positive,bhuvan_2014,AR/US/82L14/2014/415,,AR,Arunachal Pradesh,Upper Siang,28.5866,94.8385,2014,Rainfall,Active,Denudational Hills - Moderately Dissected (DHM),"Quartzite (Tenga Formation, Bomdila Group), Palaeoproterozoic",Evergreen / Semi evergreen,511,MultiPolygon
LS2014_000375,1,positive,bhuvan_2014,AR/US/82L14/2014/416,,AR,Arunachal Pradesh,Upper Siang,28.5846,94.8326,2014,Rainfall,Active,Denudational Hills - Moderately Dissected (DHM),"Quartzite (Tenga Formation, Bomdila Group), Palaeoproterozoic",Evergreen / Semi evergreen,2402,MultiPolygon
LS2014_000376,1,positive,bhuvan_2014,AR/US/82L14/2014/417,,AR,Arunachal Pradesh,Upper Siang,28.5846,94.8326,2014,Rainfall,Active,Denudational Hills - Moderately Dissected (DHM),"Quartzite (Tenga Formation, Bomdila Group), Palaeoproterozoic",Evergreen / Semi evergreen,2402,MultiPolygon
LS2014_000377,1,positive,bhuvan_2014,AR/US/82L14/2014/418,,AR,Arunachal Pradesh,Upper Siang,28.5844,94.835,2014,Rainfall,Active,Denudational Hills - Moderately Dissected (DHM),"Quartzite (Tenga Formation, Bomdila Group), Palaeoproterozoic",Evergreen / Semi evergreen,1812,MultiPolygon
LS2014_000378,1,positive,bhuvan_2014,AR/ES/82L14/2014/1,,AR,Arunachal Pradesh,East Siang,28.5602,94.8136,2014,Rainfall,Active,Denudational Hills - Moderately Dissected (DHM),"Quartzite (Tenga Formation, Bomdila Group), Palaeoproterozoic",Evergreen / Semi evergreen,890,MultiPolygon
LS2014_000379,1,positive,bhuvan_2014,AR/ES/82L14/2014/2,,AR,Arunachal Pradesh,East Siang,28.5602,94.8136,2014,Rainfall,Active,Denudational Hills - Moderately Dissected (DHM),"Quartzite (Tenga Formation, Bomdila Group), Palaeoproterozoic",Evergreen / Semi evergreen,890,MultiPolygon
LS2014_000380,1,positive,bhuvan_2014,AR/ES/82L14/2014/3,,AR,Arunachal Pradesh,East Siang,28.5493,94.815,2014,Rainfall,Active,Denudational Hills - Moderately Dissected (DHM),"Quartzite (Tenga Formation, Bomdila Group), Palaeoproterozoic",Evergreen / Semi evergreen,4937,MultiPolygon
LS2014_000381,1,positive,bhuvan_2014,AR/ES/82L14/2014/4,,AR,Arunachal Pradesh,East Siang,28.5493,94.815,2014,Rainfall,Active,Denudational Hills - Moderately Dissected (DHM),"Quartzite (Tenga Formation, Bomdila Group), Palaeoproterozoic",Evergreen / Semi evergreen,4937,MultiPolygon
LS2014_000382,1,positive,bhuvan_2014,AR/ES/82L14/2014/5,,AR,Arunachal Pradesh,East Siang,28.5478,94.8992,2014,Rainfall,Active,Denudational Hills - Moderately Dissected (DHM),"Basalt (Abor Volcanics) , Palaeocene to Eocene",Evergreen / Semi evergreen,4226,MultiPolygon
LS2014_000383,1,positive,bhuvan_2014,AR/ES/82L14/2014/6,,AR,Arunachal Pradesh,East Siang,28.5478,94.8992,2014,Rainfall,Active,Denudational Hills - Moderately Dissected (DHM),"Basalt (Abor Volcanics) , Palaeocene to Eocene",Evergreen / Semi evergreen,4226,MultiPolygon
LS2014_000384,1,positive,bhuvan_2014,AR/US/82L14/2014/372,,AR,Arunachal Pradesh,Upper Siang,28.7011,94.8909,2014,Rainfall,Active,Denudational Hills - Moderately Dissected (DHM),"Basalt (Abor Volcanics) , Palaeocene to Eocene",Evergreen / Semi evergreen,1781,MultiPolygon
LS2014_000385,1,positive,bhuvan_2014,AR/US/82L14/2014/373,,AR,Arunachal Pradesh,Upper Siang,28.7011,94.8909,2014,Rainfall,Active,Denudational Hills - Moderately Dissected (DHM),"Basalt (Abor Volcanics) , Palaeocene to Eocene",Evergreen / Semi evergreen,1781,MultiPolygon
LS2014_000386,1,positive,bhuvan_2014,AR/US/82L09/2014/193,,AR,Arunachal Pradesh,Upper Siang,28.8238,94.6271,2014,Rainfall,Active,Denudational Hills - Moderately Dissected (DHM),"Quartzite (Tenga Formation, Bomdila Group), Palaeoproterozoic",Evergreen / Semi evergreen,399,MultiPolygon
LS2014_000387,1,positive,bhuvan_2014,AR/US/82L09/2014/24,,AR,Arunachal Pradesh,Upper Siang,28.9453,94.5937,2014,Rainfall,Active,Denudational Hills - Moderately Dissected (DHM),"Gneiss (Sela Group), Palaeoproterozoic",Evergreen / Semi evergreen,3469,MultiPolygon
LS2014_000388,1,positive,bhuvan_2014,AR/US/82L09/2014/26,,AR,Arunachal Pradesh,Upper Siang,28.9348,94.6575,2014,Rainfall,Active,Denudational Hills - Moderately Dissected (DHM),"Quartzite (Tenga Formation, Bomdila Group), Palaeoproterozoic",Evergreen / Semi evergreen,3601,MultiPolygon
LS2014_000389,1,positive,bhuvan_2014,AR/US/82L09/2014/29,,AR,Arunachal Pradesh,Upper Siang,28.9194,94.6442,2014,Rainfall,Active,Denudational Hills - Moderately Dissected (DHM),"Quartzite (Tenga Formation, Bomdila Group), Palaeoproterozoic",Evergreen / Semi evergreen,221,MultiPolygon
LS2014_000390,1,positive,bhuvan_2014,AR/US/82L09/2014/30,,AR,Arunachal Pradesh,Upper Siang,28.9174,94.6927,2014,Rainfall,Active,Denudational Hills - Moderately Dissected (DHM),Schist (Yang Sang Chu Formation),Evergreen / Semi evergreen,1950,MultiPolygon
LS2014_000391,1,positive,bhuvan_2014,AR/US/82L09/2014/32,,AR,Arunachal Pradesh,Upper Siang,28.9142,94.653,2014,Rainfall,Active,Denudational Hills - Moderately Dissected (DHM),"Quartzite (Tenga Formation, Bomdila Group), Palaeoproterozoic",Evergreen / Semi evergreen,1494,MultiPolygon
LS2014_000392,1,positive,bhuvan_2014,AR/US/82L09/2014/33,,AR,Arunachal Pradesh,Upper Siang,28.9128,94.6608,2014,Rainfall,Active,Denudational Hills - Moderately Dissected (DHM),Granitoid Gneiss (Ziro Granite Gneiss),Evergreen / Semi evergreen,7610,MultiPolygon
LS2014_000393,1,positive,bhuvan_2014,AR/US/82L09/2014/34,,AR,Arunachal Pradesh,Upper Siang,28.9117,94.6047,2014,Rainfall,Active,Denudational Hills - Moderately Dissected (DHM),"Quartzite (Khetabari Formation, Bomdila Group)",Evergreen / Semi evergreen,2875,MultiPolygon
LS2014_000394,1,positive,bhuvan_2014,AR/US/82L13/2014/114,,AR,Arunachal Pradesh,Upper Siang,28.8452,94.9396,2014,Rainfall,Active,Denudational Hills - Moderately Dissected (DHM),Granitoid Gneiss (Ziro Granite Gneiss),Evergreen / Semi evergreen,3659,MultiPolygon
LS2014_000395,1,positive,bhuvan_2014,AR/US/82L13/2014/120,,AR,Arunachal Pradesh,Upper Siang,28.8441,94.9357,2014,Rainfall,Active,Denudational Hills - Moderately Dissected (DHM),Granitoid Gneiss (Ziro Granite Gneiss),Evergreen / Semi evergreen,341,MultiPolygon
LS2014_000396,1,positive,bhuvan_2014,AR/US/82L13/2014/122,,AR,Arunachal Pradesh,Upper Siang,28.842,94.8281,2014,Rainfall,Active,Denudational Hills - Moderately Dissected (DHM),"Basalt (Abor Volcanics) , Palaeocene to Eocene",Evergreen / Semi evergreen,1580,MultiPolygon
LS2014_000397,1,positive,bhuvan_2014,AR/US/82L13/2014/124,,AR,Arunachal Pradesh,Upper Siang,28.8412,94.9423,2014,Rainfall,Active,Denudational Hills - Moderately Dissected (DHM),Granitoid Gneiss (Ziro Granite Gneiss),Evergreen / Semi evergreen,822,MultiPolygon
LS2014_000398,1,positive,bhuvan_2014,AR/US/82L13/2014/126,,AR,Arunachal Pradesh,Upper Siang,28.8399,94.9392,2014,Rainfall,Active,Denudational Hills - Moderately Dissected (DHM),Granitoid Gneiss (Ziro Granite Gneiss),Evergreen / Semi evergreen,787,MultiPolygon
LS2014_000399,1,positive,bhuvan_2014,AR/US/82L13/2014/127,,AR,Arunachal Pradesh,Upper Siang,28.8398,94.8776,2014,Rainfall,Active,Denudational Hills - Moderately Dissected (DHM),Granitoid Gneiss (Ziro Granite Gneiss),Evergreen / Semi evergreen,437,MultiPolygon
LS2014_000400,1,positive,bhuvan_2014,AR/US/82L13/2014/128,,AR,Arunachal Pradesh,Upper Siang,28.8396,94.8776,2014,Rainfall,Active,Denudational Hills - Moderately Dissected (DHM),Granitoid Gneiss (Ziro Granite Gneiss),Evergreen / Semi evergreen,148,MultiPolygon
LS2014_000401,1,positive,bhuvan_2014,AR/US/82L13/2014/134,,AR,Arunachal Pradesh,Upper Siang,28.839,94.8225,2014,Rainfall,Active,Denudational Hills - Moderately Dissected (DHM),"Basalt (Abor Volcanics) , Palaeocene to Eocene",Evergreen / Semi evergreen,1173,MultiPolygon
LS2014_000402,1,positive,bhuvan_2014,AR/US/82L13/2014/137,,AR,Arunachal Pradesh,Upper Siang,28.8386,94.9357,2014,Rainfall,Active,Denudational Hills - Moderately Dissected (DHM),Granitoid Gneiss (Ziro Granite Gneiss),Evergreen / Semi evergreen,299,MultiPolygon
LS2014_000403,1,positive,bhuvan_2014,AR/US/82L13/2014/138,,AR,Arunachal Pradesh,Upper Siang,28.8385,94.8229,2014,Rainfall,Active,Denudational Hills - Moderately Dissected (DHM),"Basalt (Abor Volcanics) , Palaeocene to Eocene",Evergreen / Semi evergreen,350,MultiPolygon
LS2014_000404,1,positive,bhuvan_2014,AR/US/82L13/2014/141,,AR,Arunachal Pradesh,Upper Siang,28.8368,94.8879,2014,Rainfall,Active,Denudational Hills - Moderately Dissected (DHM),Granitoid Gneiss (Ziro Granite Gneiss),Evergreen / Semi evergreen,3234,MultiPolygon
LS2014_000405,1,positive,bhuvan_2014,AR/US/82L13/2014/142,,AR,Arunachal Pradesh,Upper Siang,28.8366,94.9349,2014,Rainfall,Active,Denudational Hills - Moderately Dissected (DHM),Granitoid Gneiss (Ziro Granite Gneiss),Evergreen / Semi evergreen,3661,MultiPolygon
LS2014_000406,1,positive,bhuvan_2014,AR/US/82L13/2014/145,,AR,Arunachal Pradesh,Upper Siang,28.8365,94.9373,2014,Rainfall,Active,Denudational Hills - Moderately Dissected (DHM),Granitoid Gneiss (Ziro Granite Gneiss),Evergreen / Semi evergreen,744,MultiPolygon
LS2014_000407,1,positive,bhuvan_2014,AR/US/82L13/2014/149,,AR,Arunachal Pradesh,Upper Siang,28.8357,94.8204,2014,Rainfall,Active,Denudational Hills - Moderately Dissected (DHM),"Basalt (Abor Volcanics) , Palaeocene to Eocene",Evergreen / Semi evergreen,527,MultiPolygon
LS2014_000408,1,positive,bhuvan_2014,AR/US/82L13/2014/150,,AR,Arunachal Pradesh,Upper Siang,28.835,94.9184,2014,Rainfall,Active,Denudational Hills - Moderately Dissected (DHM),Granitoid Gneiss (Ziro Granite Gneiss),Evergreen / Semi evergreen,911,MultiPolygon
LS2014_000409,1,positive,bhuvan_2014,AR/US/82L13/2014/155,,AR,Arunachal Pradesh,Upper Siang,28.833,94.9127,2014,Rainfall,Active,Denudational Hills - Moderately Dissected (DHM),Granitoid Gneiss (Ziro Granite Gneiss),Evergreen / Semi evergreen,3072,MultiPolygon
LS2014_000410,1,positive,bhuvan_2014,AR/US/82L13/2014/158,,AR,Arunachal Pradesh,Upper Siang,28.8305,94.9272,2014,Rainfall,Active,Denudational Hills - Moderately Dissected (DHM),Granitoid Gneiss (Ziro Granite Gneiss),Evergreen / Semi evergreen,1269,MultiPolygon
LS2014_000411,1,positive,bhuvan_2014,AR/US/82L13/2014/159,,AR,Arunachal Pradesh,Upper Siang,28.8296,94.9273,2014,Rainfall,Active,Denudational Hills - Moderately Dissected (DHM),Granitoid Gneiss (Ziro Granite Gneiss),Evergreen / Semi evergreen,272,MultiPolygon
LS2014_000412,1,positive,bhuvan_2014,AR/US/82L13/2014/161,,AR,Arunachal Pradesh,Upper Siang,28.8286,94.9296,2014,Rainfall,Active,Denudational Hills - Moderately Dissected (DHM),Granitoid Gneiss (Ziro Granite Gneiss),Evergreen / Semi evergreen,3396,MultiPolygon
LS2014_000413,1,positive,bhuvan_2014,AR/US/82L13/2014/162,,AR,Arunachal Pradesh,Upper Siang,28.8286,94.8892,2014,Rainfall,Active,River Terrace (RT),Alluvium - Gravel Dominant (Older Alluvium),Evergreen / Semi evergreen,304,MultiPolygon
LS2014_000414,1,positive,bhuvan_2014,AR/US/82L13/2014/163,,AR,Arunachal Pradesh,Upper Siang,28.8285,94.9227,2014,Rainfall,Active,Denudational Hills - Moderately Dissected (DHM),Granitoid Gneiss (Ziro Granite Gneiss),Evergreen / Semi evergreen,189,MultiPolygon
LS2014_000415,1,positive,bhuvan_2014,AR/US/82L13/2014/164,,AR,Arunachal Pradesh,Upper Siang,28.8283,94.9234,2014,Rainfall,Active,Denudational Hills - Moderately Dissected (DHM),Granitoid Gneiss (Ziro Granite Gneiss),Evergreen / Semi evergreen,561,MultiPolygon
LS2014_000416,1,positive,bhuvan_2014,AR/US/82L13/2014/165,,AR,Arunachal Pradesh,Upper Siang,28.8277,94.942,2014,Rainfall,Active,Denudational Hills - Moderately Dissected (DHM),Granitoid Gneiss (Ziro Granite Gneiss),Evergreen / Semi evergreen,1553,MultiPolygon
LS2014_000417,1,positive,bhuvan_2014,AR/US/82L13/2014/166,,AR,Arunachal Pradesh,Upper Siang,28.8277,94.9239,2014,Rainfall,Active,Denudational Hills - Moderately Dissected (DHM),Granitoid Gneiss (Ziro Granite Gneiss),Evergreen / Semi evergreen,2270,MultiPolygon
LS2014_000418,1,positive,bhuvan_2014,AR/US/82L13/2014/167,,AR,Arunachal Pradesh,Upper Siang,28.8277,94.9207,2014,Rainfall,Active,Denudational Hills - Moderately Dissected (DHM),Granitoid Gneiss (Ziro Granite Gneiss),Evergreen / Semi evergreen,375,MultiPolygon
LS2014_000419,1,positive,bhuvan_2014,AR/US/82L13/2014/168,,AR,Arunachal Pradesh,Upper Siang,28.8276,94.9251,2014,Rainfall,Active,Denudational Hills - Moderately Dissected (DHM),Granitoid Gneiss (Ziro Granite Gneiss),Evergreen / Semi evergreen,2990,MultiPolygon
LS2014_000420,1,positive,bhuvan_2014,AR/US/82L13/2014/169,,AR,Arunachal Pradesh,Upper Siang,28.8274,94.9291,2014,Rainfall,Active,Denudational Hills - Moderately Dissected (DHM),Granitoid Gneiss (Ziro Granite Gneiss),Evergreen / Semi evergreen,8014,MultiPolygon
LS2014_000421,1,positive,bhuvan_2014,AR/US/82L13/2014/170,,AR,Arunachal Pradesh,Upper Siang,28.8272,94.8358,2014,Rainfall,Active,Valley (V),"Basalt (Abor Volcanics) , Palaeocene to Eocene",Evergreen / Semi evergreen,699,MultiPolygon
LS2014_000422,1,positive,bhuvan_2014,AR/US/82L13/2014/172,,AR,Arunachal Pradesh,Upper Siang,28.8271,94.8364,2014,Rainfall,Active,Valley (V),"Basalt (Abor Volcanics) , Palaeocene to Eocene",Evergreen / Semi evergreen,2833,MultiPolygon
LS2014_000423,1,positive,bhuvan_2014,AR/US/82L13/2014/173,,AR,Arunachal Pradesh,Upper Siang,28.827,94.9398,2014,Rainfall,Active,Denudational Hills - Moderately Dissected (DHM),Granitoid Gneiss (Ziro Granite Gneiss),Evergreen / Semi evergreen,3685,MultiPolygon
LS2014_000424,1,positive,bhuvan_2014,AR/US/82L13/2014/175,,AR,Arunachal Pradesh,Upper Siang,28.8269,94.8747,2014,Rainfall,Active,Denudational Hills - Moderately Dissected (DHM),Granitoid Gneiss (Ziro Granite Gneiss),Evergreen / Semi evergreen,30758,MultiPolygon
LS2014_000425,1,positive,bhuvan_2014,AR/US/82L13/2014/176,,AR,Arunachal Pradesh,Upper Siang,28.8269,94.8732,2014,Rainfall,Active,Denudational Hills - Moderately Dissected (DHM),Granitoid Gneiss (Ziro Granite Gneiss),Evergreen / Semi evergreen,1505,MultiPolygon
LS2014_000426,1,positive,bhuvan_2014,AR/US/82L13/2014/177,,AR,Arunachal Pradesh,Upper Siang,28.8268,94.9071,2014,Rainfall,Active,Denudational Hills - Moderately Dissected (DHM),Granitoid Gneiss (Ziro Granite Gneiss),Evergreen / Semi evergreen,3423,MultiPolygon
LS2014_000427,1,positive,bhuvan_2014,AR/US/82L13/2014/178,,AR,Arunachal Pradesh,Upper Siang,28.8264,94.9264,2014,Rainfall,Active,Denudational Hills - Moderately Dissected (DHM),Granitoid Gneiss (Ziro Granite Gneiss),Evergreen / Semi evergreen,485,MultiPolygon
LS2014_000428,1,positive,bhuvan_2014,AR/US/82L13/2014/179,,AR,Arunachal Pradesh,Upper Siang,28.8264,94.9234,2014,Rainfall,Active,Denudational Hills - Moderately Dissected (DHM),Granitoid Gneiss (Ziro Granite Gneiss),Evergreen / Semi evergreen,15038,MultiPolygon
LS2014_000429,1,positive,bhuvan_2014,AR/US/82L13/2014/181,,AR,Arunachal Pradesh,Upper Siang,28.8256,94.9403,2014,Rainfall,Active,Denudational Hills - Moderately Dissected (DHM),Granitoid Gneiss (Ziro Granite Gneiss),Evergreen / Semi evergreen,1781,MultiPolygon
LS2014_000430,1,positive,bhuvan_2014,AR/US/82L13/2014/183,,AR,Arunachal Pradesh,Upper Siang,28.8251,94.9206,2014,Rainfall,Active,Denudational Hills - Moderately Dissected (DHM),Granitoid Gneiss (Ziro Granite Gneiss),Evergreen / Semi evergreen,495,MultiPolygon
LS2014_000431,1,positive,bhuvan_2014,AR/US/82L13/2014/184,,AR,Arunachal Pradesh,Upper Siang,28.825,94.9277,2014,Rainfall,Active,Denudational Hills - Moderately Dissected (DHM),Granitoid Gneiss (Ziro Granite Gneiss),Evergreen / Semi evergreen,1776,MultiPolygon
LS2014_000432,1,positive,bhuvan_2014,AR/US/82L13/2014/186,,AR,Arunachal Pradesh,Upper Siang,28.8249,94.9389,2014,Rainfall,Active,Denudational Hills - Moderately Dissected (DHM),Granitoid Gneiss (Ziro Granite Gneiss),Evergreen / Semi evergreen,67847,MultiPolygon
LS2014_000433,1,positive,bhuvan_2014,AR/US/82L13/2014/187,,AR,Arunachal Pradesh,Upper Siang,28.8246,94.9295,2014,Rainfall,Active,Denudational Hills - Moderately Dissected (DHM),Granitoid Gneiss (Ziro Granite Gneiss),Evergreen / Semi evergreen,1104,MultiPolygon
LS2014_000434,1,positive,bhuvan_2014,AR/US/82L13/2014/188,,AR,Arunachal Pradesh,Upper Siang,28.8245,94.9224,2014,Rainfall,Active,Denudational Hills - Moderately Dissected (DHM),Granitoid Gneiss (Ziro Granite Gneiss),Evergreen / Semi evergreen,580,MultiPolygon
LS2014_000435,1,positive,bhuvan_2014,AR/US/82L13/2014/190,,AR,Arunachal Pradesh,Upper Siang,28.8244,94.9411,2014,Rainfall,Active,Denudational Hills - Moderately Dissected (DHM),Granitoid Gneiss (Ziro Granite Gneiss),Evergreen / Semi evergreen,603,MultiPolygon
LS2014_000436,1,positive,bhuvan_2014,AR/US/82L13/2014/191,,AR,Arunachal Pradesh,Upper Siang,28.8242,94.9231,2014,Rainfall,Active,Denudational Hills - Moderately Dissected (DHM),Granitoid Gneiss (Ziro Granite Gneiss),Evergreen / Semi evergreen,367,MultiPolygon
LS2014_000437,1,positive,bhuvan_2014,AR/US/82L13/2014/192,,AR,Arunachal Pradesh,Upper Siang,28.8242,94.9225,2014,Rainfall,Active,Denudational Hills - Moderately Dissected (DHM),Granitoid Gneiss (Ziro Granite Gneiss),Evergreen / Semi evergreen,862,MultiPolygon
LS2014_000438,1,positive,bhuvan_2014,AR/US/82L13/2014/194,,AR,Arunachal Pradesh,Upper Siang,28.8237,94.9207,2014,Rainfall,Active,Denudational Hills - Moderately Dissected (DHM),Granitoid Gneiss (Ziro Granite Gneiss),Evergreen / Semi evergreen,2893,MultiPolygon
LS2014_000439,1,positive,bhuvan_2014,AR/US/82L13/2014/195,,AR,Arunachal Pradesh,Upper Siang,28.8231,94.8494,2014,Rainfall,Active,Denudational Hills - Less Dissected (DHL),"Basalt (Abor Volcanics) , Palaeocene to Eocene",Scrub Forest,111,MultiPolygon
LS2014_000440,1,positive,bhuvan_2014,AR/US/82L13/2014/197,,AR,Arunachal Pradesh,Upper Siang,28.823,94.8497,2014,Rainfall,Active,Denudational Hills - Less Dissected (DHL),"Basalt (Abor Volcanics) , Palaeocene to Eocene",Evergreen / Semi evergreen,221,MultiPolygon
LS2014_000441,1,positive,bhuvan_2014,AR/US/82L13/2014/198,,AR,Arunachal Pradesh,Upper Siang,28.8228,94.9197,2014,Rainfall,Active,Denudational Hills - Moderately Dissected (DHM),Granitoid Gneiss (Ziro Granite Gneiss),Evergreen / Semi evergreen,261,MultiPolygon
LS2014_000442,1,positive,bhuvan_2014,AR/US/82L13/2014/202,,AR,Arunachal Pradesh,Upper Siang,28.8215,94.9205,2014,Rainfall,Active,Denudational Hills - Moderately Dissected (DHM),Granitoid Gneiss (Ziro Granite Gneiss),Evergreen / Semi evergreen,481,MultiPolygon
LS2014_000443,1,positive,bhuvan_2014,AR/US/82L13/2014/203,,AR,Arunachal Pradesh,Upper Siang,28.8214,94.9414,2014,Rainfall,Active,Denudational Hills - Moderately Dissected (DHM),Granitoid Gneiss (Ziro Granite Gneiss),Evergreen / Semi evergreen,360,MultiPolygon
LS2014_000444,1,positive,bhuvan_2014,AR/US/82L13/2014/31,,AR,Arunachal Pradesh,Upper Siang,28.9148,94.9228,2014,Rainfall,Active,Denudational Hills - Moderately Dissected (DHM),Schist (Yang Sang Chu Formation),Evergreen / Semi evergreen,590,MultiPolygon
LS2014_000445,1,positive,bhuvan_2014,AR/US/82L13/2014/35,,AR,Arunachal Pradesh,Upper Siang,28.9115,94.9267,2014,Rainfall,Active,Denudational Hills - Moderately Dissected (DHM),Schist (Yang Sang Chu Formation),Evergreen / Semi evergreen,825,MultiPolygon
LS2014_000446,1,positive,bhuvan_2014,AR/US/82K12/2014/7,,AR,Arunachal Pradesh,Upper Siang,29.0333,94.5614,2014,Rainfall,Active,Denudational Hills - Moderately Dissected (DHM),Schist (Yang Sang Chu Formation),Evergreen / Semi evergreen,1810,MultiPolygon
LS2014_000447,1,positive,bhuvan_2014,AR/TI/83N05/2014/11,,AR,Arunachal Pradesh,Tirap,26.8006,95.3939,2014,Rainfall,Active,Structural Hills - Highly Dissected (SHH),"Sandstone with shale and coal bands (Barail Group), Oligocene",Evergreen / Semi evergreen,336,MultiPolygon
LS2014_000448,1,positive,bhuvan_2014,AR/TI/83M08/2014/5,,AR,Arunachal Pradesh,Tirap,27.0523,95.3471,2014,Rainfall,Active,Structural Hills - Moderately Dissected (SHM),"Quartzite (Tenga Formation), Palaeoproterozoic",Evergreen / Semi evergreen,1656,MultiPolygon
LS2014_000449,1,positive,bhuvan_2014,AR/ES/83M01/2014/418,,AR,Arunachal Pradesh,East Siang,27.8448,95.1302,2014,Rainfall,Active,Structural Hills - Moderately Dissected (SHM),"Cement assorted mixture of gravel, sand, silt&clay",Evergreen / Semi evergreen,2453,MultiPolygon
LS2014_000450,1,positive,bhuvan_2014,AR/ES/83M01/2014/419,,AR,Arunachal Pradesh,East Siang,27.8447,95.1289,2014,Rainfall,Active,Structural Hills - Moderately Dissected (SHM),"Cement assorted mixture of gravel, sand, silt&clay",Cuirrent Shifting Cultivation,203,MultiPolygon
LS2014_000451,1,positive,bhuvan_2014,AR/ES/83M01/2014/420,,AR,Arunachal Pradesh,East Siang,27.8439,95.1311,2014,Rainfall,Active,Structural Hills - Moderately Dissected (SHM),"Cement assorted mixture of gravel, sand, silt&clay",Evergreen / Semi evergreen,1202,MultiPolygon
LS2014_000452,1,positive,bhuvan_2014,AR/ES/83M01/2014/421,,AR,Arunachal Pradesh,East Siang,27.8432,95.116,2014,Rainfall,Active,Structural Hills - Moderately Dissected (SHM),"Cement assorted mixture of gravel, sand, silt&clay",Evergreen / Semi evergreen,1610,MultiPolygon
LS2014_000453,1,positive,bhuvan_2014,AR/ES/83M01/2014/423,,AR,Arunachal Pradesh,East Siang,27.8423,95.0873,2014,Rainfall,Active,Structural Hills - Moderately Dissected (SHM),"Cement assorted mixture of gravel, sand, silt&clay",Evergreen / Semi evergreen,305,MultiPolygon
LS2014_000454,1,positive,bhuvan_2014,AR/ES/83M01/2014/426,,AR,Arunachal Pradesh,East Siang,27.828,95.0954,2014,Rainfall,Active,Structural Hills - Moderately Dissected (SHM),"Cement assorted mixture of gravel, sand, silt&clay",Evergreen / Semi evergreen,1957,MultiPolygon
LS2014_000455,1,positive,bhuvan_2014,AR/ES/83M01/2014/427,,AR,Arunachal Pradesh,East Siang,27.8272,95.0947,2014,Rainfall,Active,Structural Hills - Moderately Dissected (SHM),"Cement assorted mixture of gravel, sand, silt&clay",Evergreen / Semi evergreen,1570,MultiPolygon
LS2014_000456,1,positive,bhuvan_2014,AR/ES/83M01/2014/428,,AR,Arunachal Pradesh,East Siang,27.8248,95.0898,2014,Rainfall,Active,Structural Hills - Moderately Dissected (SHM),"Cement assorted mixture of gravel, sand, silt&clay",Evergreen / Semi evergreen,2177,MultiPolygon
LS2014_000457,1,positive,bhuvan_2014,AR/ES/83M01/2014/435,,AR,Arunachal Pradesh,East Siang,27.8221,95.0854,2014,Rainfall,Active,Structural Hills - Moderately Dissected (SHM),"Cement assorted mixture of gravel, sand, silt&clay",Evergreen / Semi evergreen,857,MultiPolygon
LS2014_000458,1,positive,bhuvan_2014,AR/ES/83M01/2014/293,,AR,Arunachal Pradesh,East Siang,27.9682,95.1565,2014,Rainfall,Active,Structural Hills - Highly Dissected (SHH),Shaly sandstone (Siwalik Super Group),Evergreen / Semi evergreen,189,MultiPolygon
LS2014_000459,1,positive,bhuvan_2014,AR/ES/83M01/2014/294,,AR,Arunachal Pradesh,East Siang,27.9676,95.153,2014,Rainfall,Active,Structural Hills - Highly Dissected (SHH),Shaly sandstone (Siwalik Super Group),Evergreen / Semi evergreen,151,MultiPolygon
LS2014_000460,1,positive,bhuvan_2014,AR/ES/83M01/2014/295,,AR,Arunachal Pradesh,East Siang,27.9675,95.1527,2014,Rainfall,Active,Structural Hills - Highly Dissected (SHH),Shaly sandstone (Siwalik Super Group),Evergreen / Semi evergreen,173,MultiPolygon
LS2014_000461,1,positive,bhuvan_2014,AR/ES/83M01/2014/299,,AR,Arunachal Pradesh,East Siang,27.9654,95.1495,2014,Rainfall,Active,Structural Hills - Highly Dissected (SHH),Shaly sandstone (Siwalik Super Group),Evergreen / Semi evergreen,504,MultiPolygon
LS2014_000462,1,positive,bhuvan_2014,AR/ES/83M01/2014/300,,AR,Arunachal Pradesh,East Siang,27.9651,95.1391,2014,Rainfall,Active,Structural Hills - Highly Dissected (SHH),Shaly sandstone (Siwalik Super Group),Evergreen / Semi evergreen,195,MultiPolygon
LS2014_000463,1,positive,bhuvan_2014,AR/ES/83M01/2014/301,,AR,Arunachal Pradesh,East Siang,27.9648,95.1403,2014,Rainfall,Active,Structural Hills - Highly Dissected (SHH),Shaly sandstone (Siwalik Super Group),Evergreen / Semi evergreen,628,MultiPolygon
LS2014_000464,1,positive,bhuvan_2014,AR/ES/83M01/2014/302,,AR,Arunachal Pradesh,East Siang,27.963,95.11,2014,Rainfall,Active,Structural Hills - Highly Dissected (SHH),Shaly sandstone (Siwalik Super Group),Evergreen / Semi evergreen,491,MultiPolygon
LS2014_000465,1,positive,bhuvan_2014,AR/ES/83M01/2014/303,,AR,Arunachal Pradesh,East Siang,27.9576,95.0757,2014,Rainfall,Active,Structural Hills - Moderately Dissected (SHM),Sandstone with shales (Siwalik Super Group (Lower),Evergreen / Semi evergreen,261,MultiPolygon
LS2014_000466,1,positive,bhuvan_2014,AR/ES/83M01/2014/305,,AR,Arunachal Pradesh,East Siang,27.957,95.0761,2014,Rainfall,Active,Structural Hills - Moderately Dissected (SHM),Sandstone with shales (Siwalik Super Group (Lower),Evergreen / Semi evergreen,604,MultiPolygon
LS2014_000467,1,positive,bhuvan_2014,AR/ES/83M01/2014/306,,AR,Arunachal Pradesh,East Siang,27.9562,95.0824,2014,Rainfall,Active,Structural Hills - Highly Dissected (SHH),Shaly sandstone (Siwalik Super Group),Evergreen / Semi evergreen,637,MultiPolygon
LS2014_000468,1,positive,bhuvan_2014,AR/ES/83M01/2014/307,,AR,Arunachal Pradesh,East Siang,27.9557,95.1426,2014,Rainfall,Active,Structural Hills - Highly Dissected (SHH),Shaly sandstone (Siwalik Super Group),Evergreen / Semi evergreen,393,MultiPolygon
LS2014_000469,1,positive,bhuvan_2014,AR/ES/83M01/2014/308,,AR,Arunachal Pradesh,East Siang,27.9537,95.0754,2014,Rainfall,Active,Structural Hills - Highly Dissected (SHH),Shaly sandstone (Siwalik Super Group),Evergreen / Semi evergreen,293,MultiPolygon
LS2014_000470,1,positive,bhuvan_2014,AR/ES/83M01/2014/309,,AR,Arunachal Pradesh,East Siang,27.9535,95.0749,2014,Rainfall,Active,Structural Hills - Highly Dissected (SHH),Shaly sandstone (Siwalik Super Group),Evergreen / Semi evergreen,227,MultiPolygon
LS2014_000471,1,positive,bhuvan_2014,AR/ES/83M01/2014/312,,AR,Arunachal Pradesh,East Siang,27.9517,95.0759,2014,Rainfall,Active,Structural Hills - Highly Dissected (SHH),Shaly sandstone (Siwalik Super Group),Evergreen / Semi evergreen,739,MultiPolygon
LS2014_000472,1,positive,bhuvan_2014,AR/ES/83M01/2014/316,,AR,Arunachal Pradesh,East Siang,27.9486,95.1454,2014,Rainfall,Active,Structural Hills - Highly Dissected (SHH),Shaly sandstone (Siwalik Super Group),Evergreen / Semi evergreen,294,MultiPolygon
LS2014_000473,1,positive,bhuvan_2014,AR/ES/83M01/2014/317,,AR,Arunachal Pradesh,East Siang,27.9485,95.1456,2014,Rainfall,Active,Structural Hills - Highly Dissected (SHH),Shaly sandstone (Siwalik Super Group),Evergreen / Semi evergreen,181,MultiPolygon
LS2014_000474,1,positive,bhuvan_2014,AR/ES/83M01/2014/318,,AR,Arunachal Pradesh,East Siang,27.9468,95.1203,2014,Rainfall,Active,Structural Hills - Highly Dissected (SHH),Shaly sandstone (Siwalik Super Group),Evergreen / Semi evergreen,768,MultiPolygon
LS2014_000475,1,positive,bhuvan_2014,AR/ES/83M01/2014/320,,AR,Arunachal Pradesh,East Siang,27.9449,95.1194,2014,Rainfall,Active,Valley (V),Shaly sandstone (Siwalik Super Group),Cropland,3803,MultiPolygon
LS2014_000476,1,positive,bhuvan_2014,AR/ES/83M01/2014/324,,AR,Arunachal Pradesh,East Siang,27.9405,95.1017,2014,Rainfall,Active,Structural Hills - Highly Dissected (SHH),Shaly sandstone (Siwalik Super Group),Evergreen / Semi evergreen,586,MultiPolygon
LS2014_000477,1,positive,bhuvan_2014,AR/ES/83M01/2014/328,,AR,Arunachal Pradesh,East Siang,27.9132,95.0917,2014,Rainfall,Active,Structural Hills - Highly Dissected (SHH),"Cement assorted mixture of gravel, sand, silt&clay",Evergreen / Semi evergreen,198,MultiPolygon
LS2014_000478,1,positive,bhuvan_2014,AR/ES/83M01/2014/329,,AR,Arunachal Pradesh,East Siang,27.9121,95.0951,2014,Rainfall,Active,Structural Hills - Highly Dissected (SHH),"Cement assorted mixture of gravel, sand, silt&clay",Evergreen / Semi evergreen,626,MultiPolygon
LS2014_000479,1,positive,bhuvan_2014,AR/ES/83M01/2014/330,,AR,Arunachal Pradesh,East Siang,27.9074,95.1208,2014,Rainfall,Active,Structural Hills - Highly Dissected (SHH),"Cement assorted mixture of gravel, sand, silt&clay",Evergreen / Semi evergreen,229,MultiPolygon
LS2014_000480,1,positive,bhuvan_2014,AR/ES/83M01/2014/331,,AR,Arunachal Pradesh,East Siang,27.9073,95.1365,2014,Rainfall,Active,Structural Hills - Highly Dissected (SHH),"Cement assorted mixture of gravel, sand, silt&clay",Evergreen / Semi evergreen,460,MultiPolygon
LS2014_000481,1,positive,bhuvan_2014,AR/ES/83M01/2014/332,,AR,Arunachal Pradesh,East Siang,27.9071,95.1355,2014,Rainfall,Active,Structural Hills - Highly Dissected (SHH),"Cement assorted mixture of gravel, sand, silt&clay",Evergreen / Semi evergreen,366,MultiPolygon
LS2014_000482,1,positive,bhuvan_2014,AR/ES/83M01/2014/333,,AR,Arunachal Pradesh,East Siang,27.907,95.1325,2014,Rainfall,Active,Structural Hills - Highly Dissected (SHH),"Cement assorted mixture of gravel, sand, silt&clay",Evergreen / Semi evergreen,228,MultiPolygon
LS2014_000483,1,positive,bhuvan_2014,AR/ES/83M01/2014/334,,AR,Arunachal Pradesh,East Siang,27.9068,95.1337,2014,Rainfall,Active,Structural Hills - Highly Dissected (SHH),"Cement assorted mixture of gravel, sand, silt&clay",Evergreen / Semi evergreen,1044,MultiPolygon
LS2014_000484,1,positive,bhuvan_2014,AR/ES/83M01/2014/335,,AR,Arunachal Pradesh,East Siang,27.9068,95.1252,2014,Rainfall,Active,Structural Hills - Highly Dissected (SHH),"Cement assorted mixture of gravel, sand, silt&clay",Evergreen / Semi evergreen,136,MultiPolygon
LS2014_000485,1,positive,bhuvan_2014,AR/ES/83M01/2014/336,,AR,Arunachal Pradesh,East Siang,27.9057,95.0654,2014,Rainfall,Active,Structural Hills - Highly Dissected (SHH),Shaly sandstone (Siwalik Super Group),Evergreen / Semi evergreen,844,MultiPolygon
LS2014_000486,1,positive,bhuvan_2014,AR/ES/82P04/2014/122,,AR,Arunachal Pradesh,East Siang,28.0844,95.0883,2014,Rainfall,Active,Denudational Hills - Moderately Dissected (DHM),"Quartzite (Tenga Formation, Bomdila Group), Palaeoproterozoic",Evergreen / Semi evergreen,2275,MultiPolygon
LS2014_000487,1,positive,bhuvan_2014,AR/ES/82P04/2014/123,,AR,Arunachal Pradesh,East Siang,28.0844,95.0883,2014,Rainfall,Active,Denudational Hills - Moderately Dissected (DHM),"Quartzite (Tenga Formation, Bomdila Group), Palaeoproterozoic",Evergreen / Semi evergreen,2275,MultiPolygon
LS2014_000488,1,positive,bhuvan_2014,AR/ES/82P04/2014/124,,AR,Arunachal Pradesh,East Siang,28.0657,95.0996,2014,Rainfall,Active,Denudational Hills - Moderately Dissected (DHM),"Quartzite (Tenga Formation, Bomdila Group), Palaeoproterozoic",Evergreen / Semi evergreen,798,MultiPolygon
LS2014_000489,1,positive,bhuvan_2014,AR/ES/82P04/2014/125,,AR,Arunachal Pradesh,East Siang,28.0657,95.0996,2014,Rainfall,Active,Denudational Hills - Moderately Dissected (DHM),"Quartzite (Tenga Formation, Bomdila Group), Palaeoproterozoic",Evergreen / Semi evergreen,798,MultiPolygon
LS2014_000490,1,positive,bhuvan_2014,AR/ES/82P04/2014/138,,AR,Arunachal Pradesh,East Siang,28.0441,95.1625,2014,Rainfall,Active,Denudational Hills - Moderately Dissected (DHM),"Quartzite (Tenga Formation, Bomdila Group), Palaeoproterozoic",Evergreen / Semi evergreen,1393,MultiPolygon
LS2014_000491,1,positive,bhuvan_2014,AR/ES/82P04/2014/139,,AR,Arunachal Pradesh,East Siang,28.0441,95.1625,2014,Rainfall,Active,Denudational Hills - Moderately Dissected (DHM),"Quartzite (Tenga Formation, Bomdila Group), Palaeoproterozoic",Evergreen / Semi evergreen,1393,MultiPolygon
LS2014_000492,1,positive,bhuvan_2014,AR/ES/82P04/2014/144,,AR,Arunachal Pradesh,East Siang,28.0358,95.1345,2014,Rainfall,Active,Denudational Hills - Moderately Dissected (DHM),"Quartzite (Tenga Formation, Bomdila Group), Palaeoproterozoic",Evergreen / Semi evergreen,1189,MultiPolygon
LS2014_000493,1,positive,bhuvan_2014,AR/ES/82P04/2014/145,,AR,Arunachal Pradesh,East Siang,28.0358,95.1345,2014,Rainfall,Active,Denudational Hills - Moderately Dissected (DHM),"Quartzite (Tenga Formation, Bomdila Group), Palaeoproterozoic",Evergreen / Semi evergreen,1189,MultiPolygon
LS2014_000494,1,positive,bhuvan_2014,AR/ES/82P04/2014/48,,AR,Arunachal Pradesh,East Siang,28.2192,95.1322,2014,Rainfall,Active,Denudational Hills - Moderately Dissected (DHM),"Basalt (Abor Volcanics) , Palaeocene to Eocene",Evergreen / Semi evergreen,299,MultiPolygon
LS2014_000495,1,positive,bhuvan_2014,AR/ES/82P04/2014/57,,AR,Arunachal Pradesh,East Siang,28.2111,95.1092,2014,Rainfall,Active,Denudational Hills - Moderately Dissected (DHM),"Basalt (Abor Volcanics) , Palaeocene to Eocene",Evergreen / Semi evergreen,282,MultiPolygon
LS2014_000496,1,positive,bhuvan_2014,AR/US/82P04/2014/443,,AR,Arunachal Pradesh,Upper Siang,28.2061,95.1489,2014,Rainfall,Active,Denudational Hills - Moderately Dissected (DHM),"Basalt (Abor Volcanics) , Palaeocene to Eocene",Evergreen / Semi evergreen,1185,MultiPolygon
LS2014_000497,1,positive,bhuvan_2014,AR/ES/82P04/2014/61,,AR,Arunachal Pradesh,East Siang,28.1958,95.0576,2014,Rainfall,Active,Denudational Hills - Moderately Dissected (DHM),"Basalt (Abor Volcanics) , Palaeocene to Eocene",Evergreen / Semi evergreen,444,MultiPolygon
LS2014_000498,1,positive,bhuvan_2014,AR/ES/82P04/2014/63,,AR,Arunachal Pradesh,East Siang,28.1915,95.1727,2014,Rainfall,Active,Denudational Hills - Moderately Dissected (DHM),"Basalt (Abor Volcanics) , Palaeocene to Eocene",Evergreen / Semi evergreen,411,MultiPolygon
LS2014_000499,1,positive,bhuvan_2014,AR/US/82P04/2014/446,,AR,Arunachal Pradesh,Upper Siang,28.1903,95.1893,2014,Rainfall,Active,Denudational Hills - Moderately Dissected (DHM),"Basalt (Abor Volcanics) , Palaeocene to Eocene",Evergreen / Semi evergreen,836,MultiPolygon
LS2014_000500,1,positive,bhuvan_2014,AR/ES/82P04/2014/73,,AR,Arunachal Pradesh,East Siang,28.1803,95.1101,2014,Rainfall,Active,Denudational Hills - Moderately Dissected (DHM),"Basalt (Abor Volcanics) , Palaeocene to Eocene",Evergreen / Semi evergreen,585,MultiPolygon
LS2014_000501,1,positive,bhuvan_2014,AR/ES/82P04/2014/76,,AR,Arunachal Pradesh,East Siang,28.1776,95.1747,2014,Rainfall,Active,Denudational Hills - Moderately Dissected (DHM),"Basalt (Abor Volcanics) , Palaeocene to Eocene",Evergreen / Semi evergreen,240,MultiPolygon
LS2014_000502,1,positive,bhuvan_2014,AR/ES/82P04/2014/77,,AR,Arunachal Pradesh,East Siang,28.1774,95.1767,2014,Rainfall,Active,Denudational Hills - Moderately Dissected (DHM),"Basalt (Abor Volcanics) , Palaeocene to Eocene",Evergreen / Semi evergreen,244,MultiPolygon
LS2014_000503,1,positive,bhuvan_2014,AR/ES/82P04/2014/86,,AR,Arunachal Pradesh,East Siang,28.1566,95.1896,2014,Rainfall,Active,Denudational Hills - Moderately Dissected (DHM),"Quartzite (Tenga Formation, Bomdila Group), Palaeoproterozoic",Evergreen / Semi evergreen,2573,MultiPolygon
LS2014_000504,1,positive,bhuvan_2014,AR/ES/82P04/2014/87,,AR,Arunachal Pradesh,East Siang,28.1566,95.1896,2014,Rainfall,Active,Denudational Hills - Moderately Dissected (DHM),"Quartzite (Tenga Formation, Bomdila Group), Palaeoproterozoic",Evergreen / Semi evergreen,2573,MultiPolygon
LS2014_000505,1,positive,bhuvan_2014,AR/ES/82P08/2014/50,,AR,Arunachal Pradesh,East Siang,28.2184,95.3179,2014,Rainfall,Active,Denudational Hills - Moderately Dissected (DHM),"Quartzite (Tenga Formation, Bomdila Group), Palaeoproterozoic",Evergreen / Semi evergreen,394,MultiPolygon
LS2014_000506,1,positive,bhuvan_2014,AR/ES/82P08/2014/51,,AR,Arunachal Pradesh,East Siang,28.2176,95.3929,2014,Rainfall,Active,Denudational Hills - Moderately Dissected (DHM),"Quartzite (Tenga Formation, Bomdila Group), Palaeoproterozoic",Scrub land,282,MultiPolygon
LS2014_000507,1,positive,bhuvan_2014,AR/ES/82P08/2014/64,,AR,Arunachal Pradesh,East Siang,28.1892,95.3199,2014,Rainfall,Active,Denudational Hills - Moderately Dissected (DHM),"Quartzite (Tenga Formation, Bomdila Group), Palaeoproterozoic",Evergreen / Semi evergreen,714,MultiPolygon
LS2014_000508,1,positive,bhuvan_2014,AR/ES/82P08/2014/65,,AR,Arunachal Pradesh,East Siang,28.1878,95.4095,2014,Rainfall,Active,Denudational Hills - Moderately Dissected (DHM),"Quartzite (Tenga Formation, Bomdila Group), Palaeoproterozoic",Evergreen / Semi evergreen,1407,MultiPolygon
LS2014_000509,1,positive,bhuvan_2014,AR/ES/82P08/2014/66,,AR,Arunachal Pradesh,East Siang,28.1871,95.3535,2014,Rainfall,Active,Denudational Hills - Moderately Dissected (DHM),"Quartzite (Tenga Formation, Bomdila Group), Palaeoproterozoic",Evergreen / Semi evergreen,268,MultiPolygon
LS2014_000510,1,positive,bhuvan_2014,AR/ES/82P08/2014/67,,AR,Arunachal Pradesh,East Siang,28.1865,95.3596,2014,Rainfall,Active,Denudational Hills - Moderately Dissected (DHM),"Quartzite (Tenga Formation, Bomdila Group), Palaeoproterozoic",Barren Rocky,1671,MultiPolygon
LS2014_000511,1,positive,bhuvan_2014,AR/ES/82P08/2014/68,,AR,Arunachal Pradesh,East Siang,28.1865,95.3423,2014,Rainfall,Active,Denudational Hills - Moderately Dissected (DHM),"Quartzite (Tenga Formation, Bomdila Group), Palaeoproterozoic",Scrub land,1347,MultiPolygon
LS2014_000512,1,positive,bhuvan_2014,AR/ES/82P08/2014/69,,AR,Arunachal Pradesh,East Siang,28.1851,95.4193,2014,Rainfall,Active,Denudational Hills - Highly Dissected (DHH),"Quartzite (Tenga Formation, Bomdila Group), Palaeoproterozoic",Evergreen / Semi evergreen,430,MultiPolygon
LS2014_000513,1,positive,bhuvan_2014,AR/ES/82P08/2014/70,,AR,Arunachal Pradesh,East Siang,28.1835,95.3789,2014,Rainfall,Active,Denudational Hills - Moderately Dissected (DHM),"Quartzite (Tenga Formation, Bomdila Group), Palaeoproterozoic",Evergreen / Semi evergreen,534,MultiPolygon
LS2014_000514,1,positive,bhuvan_2014,AR/ES/82P08/2014/72,,AR,Arunachal Pradesh,East Siang,28.183,95.3472,2014,Rainfall,Active,Denudational Hills - Moderately Dissected (DHM),"Quartzite (Tenga Formation, Bomdila Group), Palaeoproterozoic",Evergreen / Semi evergreen,1300,MultiPolygon
LS2014_000515,1,positive,bhuvan_2014,AR/ES/82P08/2014/75,,AR,Arunachal Pradesh,East Siang,28.1778,95.3381,2014,Rainfall,Active,Denudational Hills - Moderately Dissected (DHM),"Quartzite (Tenga Formation, Bomdila Group), Palaeoproterozoic",Evergreen / Semi evergreen,410,MultiPolygon
LS2014_000516,1,positive,bhuvan_2014,AR/ES/82P08/2014/83,,AR,Arunachal Pradesh,East Siang,28.164,95.3263,2014,Rainfall,Active,Denudational Hills - Moderately Dissected (DHM),"Basalt (Abor Volcanics) , Palaeocene to Eocene",Evergreen / Semi evergreen,1003,MultiPolygon
LS2014_000517,1,positive,bhuvan_2014,AR/ES/82P08/2014/88,,AR,Arunachal Pradesh,East Siang,28.1551,95.3278,2014,Rainfall,Active,Denudational Hills - Moderately Dissected (DHM),"Basalt (Abor Volcanics) , Palaeocene to Eocene",Evergreen / Semi evergreen,413,MultiPolygon
LS2014_000518,1,positive,bhuvan_2014,AR/ES/82P08/2014/89,,AR,Arunachal Pradesh,East Siang,28.1542,95.3327,2014,Rainfall,Active,Denudational Hills - Moderately Dissected (DHM),"Basalt (Abor Volcanics) , Palaeocene to Eocene",Evergreen / Semi evergreen,249,MultiPolygon
LS2014_000519,1,positive,bhuvan_2014,AR/ES/82P08/2014/90,,AR,Arunachal Pradesh,East Siang,28.154,95.3342,2014,Rainfall,Active,Denudational Hills - Moderately Dissected (DHM),"Basalt (Abor Volcanics) , Palaeocene to Eocene",Evergreen / Semi evergreen,413,MultiPolygon
LS2014_000520,1,positive,bhuvan_2014,AR/ES/82P08/2014/91,,AR,Arunachal Pradesh,East Siang,28.1532,95.3144,2014,Rainfall,Active,Denudational Hills - Moderately Dissected (DHM),"Basalt (Abor Volcanics) , Palaeocene to Eocene",Evergreen / Semi evergreen,784,MultiPolygon
LS2014_000521,1,positive,bhuvan_2014,AR/ES/82P07/2014/23,,AR,Arunachal Pradesh,East Siang,28.3048,95.3985,2014,Rainfall,Active,Denudational Hills - Moderately Dissected (DHM),"Quartzite (Tenga Formation, Bomdila Group), Palaeoproterozoic",Scrub land,10222,MultiPolygon
LS2014_000522,1,positive,bhuvan_2014,AR/ES/82P07/2014/24,,AR,Arunachal Pradesh,East Siang,28.3048,95.3985,2014,Rainfall,Active,Denudational Hills - Moderately Dissected (DHM),"Quartzite (Tenga Formation, Bomdila Group), Palaeoproterozoic",Scrub land,10222,MultiPolygon
LS2014_000523,1,positive,bhuvan_2014,AR/ES/82P07/2014/25,,AR,Arunachal Pradesh,East Siang,28.3013,95.4172,2014,Rainfall,Active,Denudational Hills - Moderately Dissected (DHM),"Quartzite (Tenga Formation, Bomdila Group), Palaeoproterozoic",Scrub land,2056,MultiPolygon
LS2014_000524,1,positive,bhuvan_2014,AR/ES/82P07/2014/26,,AR,Arunachal Pradesh,East Siang,28.3013,95.4172,2014,Rainfall,Active,Denudational Hills - Moderately Dissected (DHM),"Quartzite (Tenga Formation, Bomdila Group), Palaeoproterozoic",Scrub land,2056,MultiPolygon
LS2014_000525,1,positive,bhuvan_2014,AR/US/82P02/2014/420,,AR,Arunachal Pradesh,Upper Siang,28.5307,95.1738,2014,Rainfall,Active,Denudational Hills - Less Dissected (DHL),"Shale (Geku Formation, Yinkiong Group)",Evergreen / Semi evergreen,1671,MultiPolygon
LS2014_000526,1,positive,bhuvan_2014,AR/US/82P02/2014/374,,AR,Arunachal Pradesh,Upper Siang,28.7006,95.0986,2014,Rainfall,Active,Denudational Hills - Moderately Dissected (DHM),"Quartzite (Tenga Formation, Bomdila Group), Palaeoproterozoic",Evergreen / Semi evergreen,1472,MultiPolygon
LS2014_000527,1,positive,bhuvan_2014,AR/US/82P02/2014/375,,AR,Arunachal Pradesh,Upper Siang,28.7006,95.0986,2014,Rainfall,Active,Denudational Hills - Moderately Dissected (DHM),"Quartzite (Tenga Formation, Bomdila Group), Palaeoproterozoic",Evergreen / Semi evergreen,1472,MultiPolygon
LS2014_000528,1,positive,bhuvan_2014,AR/US/82P02/2014/376,,AR,Arunachal Pradesh,Upper Siang,28.6967,95.1442,2014,Rainfall,Active,Denudational Hills - Moderately Dissected (DHM),Granitoid Gneiss (Ziro Granite Gneiss),Grass / Grazing,7597,MultiPolygon
LS2014_000529,1,positive,bhuvan_2014,AR/US/82P02/2014/377,,AR,Arunachal Pradesh,Upper Siang,28.6967,95.1442,2014,Rainfall,Active,Denudational Hills - Moderately Dissected (DHM),Granitoid Gneiss (Ziro Granite Gneiss),Grass / Grazing,7597,MultiPolygon
LS2014_000530,1,positive,bhuvan_2014,AR/US/82P02/2014/388,,AR,Arunachal Pradesh,Upper Siang,28.6702,95.1456,2014,Rainfall,Active,Denudational Hills - Moderately Dissected (DHM),Granitoid Gneiss (Ziro Granite Gneiss),Evergreen / Semi evergreen,3474,MultiPolygon
LS2014_000531,1,positive,bhuvan_2014,AR/US/82P02/2014/389,,AR,Arunachal Pradesh,Upper Siang,28.6702,95.1456,2014,Rainfall,Active,Denudational Hills - Moderately Dissected (DHM),Granitoid Gneiss (Ziro Granite Gneiss),Evergreen / Semi evergreen,3474,MultiPolygon
LS2014_000532,1,positive,bhuvan_2014,AR/US/82P01/2014/286,,AR,Arunachal Pradesh,Upper Siang,28.7903,95.1602,2014,Rainfall,Active,Denudational Hills - Moderately Dissected (DHM),Schist (Yang Sang Chu Formation),Evergreen / Semi evergreen,872,MultiPolygon
LS2014_000533,1,positive,bhuvan_2014,AR/US/82P01/2014/17,,AR,Arunachal Pradesh,Upper Siang,28.9556,95.1766,2014,Rainfall,Active,Denudational Hills - Moderately Dissected (DHM),Granitoid Gneiss (Lohit Granitoid Complex),Evergreen / Semi evergreen,3380,MultiPolygon
LS2014_000534,1,positive,bhuvan_2014,AR/US/82O04/2014/8,,AR,Arunachal Pradesh,Upper Siang,29.0304,95.1406,2014,Rainfall,Active,Denudational Hills - Less Dissected (DHL),Granitoid Gneiss (Lohit Granitoid Complex),Evergreen / Semi evergreen,2140,MultiPolygon
LS2014_000535,1,positive,bhuvan_2014,AR/CH/83M12/2014/138,,AR,Arunachal Pradesh,Changlang,27.05,95.6881,2014,Rainfall,Active,Structural Hills - Highly Dissected (SHH),Shale with Sanstone (Disang Group),Cuirrent Shifting Cultivation,960,MultiPolygon
LS2014_000536,1,positive,bhuvan_2014,AR/CH/83M12/2014/139,,AR,Arunachal Pradesh,Changlang,27.0455,95.6626,2014,Rainfall,Active,Structural Hills - Highly Dissected (SHH),Shale with Sanstone (Disang Group),Evergreen / Semi evergreen,357,MultiPolygon
LS2014_000537,1,positive,bhuvan_2014,AR/CH/83M12/2014/140,,AR,Arunachal Pradesh,Changlang,27.0451,95.6675,2014,Rainfall,Active,Structural Hills - Highly Dissected (SHH),Shale with Sanstone (Disang Group),Evergreen / Semi evergreen,524,MultiPolygon
LS2014_000538,1,positive,bhuvan_2014,AR/CH/83M12/2014/141,,AR,Arunachal Pradesh,Changlang,27.0437,95.6617,2014,Rainfall,Active,Structural Hills - Highly Dissected (SHH),Shale with Sanstone (Disang Group),Evergreen / Semi evergreen,678,MultiPolygon
LS2014_000539,1,positive,bhuvan_2014,AR/CH/83M12/2014/142,,AR,Arunachal Pradesh,Changlang,27.0433,95.6834,2014,Rainfall,Active,Structural Hills - Highly Dissected (SHH),Shale with Sanstone (Disang Group),Evergreen / Semi evergreen,360,MultiPolygon
LS2014_000540,1,positive,bhuvan_2014,AR/CH/83M12/2014/143,,AR,Arunachal Pradesh,Changlang,27.0432,95.6657,2014,Rainfall,Active,Structural Hills - Highly Dissected (SHH),Shale with Sanstone (Disang Group),Evergreen / Semi evergreen,640,MultiPolygon
LS2014_000541,1,positive,bhuvan_2014,AR/CH/83M12/2014/144,,AR,Arunachal Pradesh,Changlang,27.0426,95.6621,2014,Rainfall,Active,Structural Hills - Highly Dissected (SHH),Shale with Sanstone (Disang Group),Evergreen / Semi evergreen,340,MultiPolygon
LS2014_000542,1,positive,bhuvan_2014,AR/CH/83M12/2014/145,,AR,Arunachal Pradesh,Changlang,27.0402,95.6827,2014,Rainfall,Active,Structural Hills - Highly Dissected (SHH),Shale with Sanstone (Disang Group),Evergreen / Semi evergreen,240,MultiPolygon
LS2014_000543,1,positive,bhuvan_2014,AR/CH/83M12/2014/146,,AR,Arunachal Pradesh,Changlang,27.0389,95.6833,2014,Rainfall,Active,Structural Hills - Highly Dissected (SHH),Shale with Sanstone (Disang Group),Evergreen / Semi evergreen,337,MultiPolygon
LS2014_000544,1,positive,bhuvan_2014,AR/CH/83M12/2014/147,,AR,Arunachal Pradesh,Changlang,27.0388,95.6841,2014,Rainfall,Active,Structural Hills - Highly Dissected (SHH),Shale with Sanstone (Disang Group),Evergreen / Semi evergreen,481,MultiPolygon
LS2014_000545,1,positive,bhuvan_2014,AR/CH/83M12/2014/148,,AR,Arunachal Pradesh,Changlang,27.0376,95.6788,2014,Rainfall,Active,Structural Hills - Highly Dissected (SHH),Shale with Sanstone (Disang Group),Evergreen / Semi evergreen,390,MultiPolygon
LS2014_000546,1,positive,bhuvan_2014,AR/CH/83M12/2014/149,,AR,Arunachal Pradesh,Changlang,27.0349,95.6783,2014,Rainfall,Active,Structural Hills - Highly Dissected (SHH),Shale with Sanstone (Disang Group),Evergreen / Semi evergreen,572,MultiPolygon
LS2014_000547,1,positive,bhuvan_2014,AR/CH/83M12/2014/150,,AR,Arunachal Pradesh,Changlang,27.0308,95.6764,2014,Rainfall,Active,Structural Hills - Highly Dissected (SHH),Shale with Sanstone (Disang Group),Evergreen / Semi evergreen,549,MultiPolygon
LS2014_000548,1,positive,bhuvan_2014,AR/CH/83M16/2014/135,,AR,Arunachal Pradesh,Changlang,27.0857,95.9211,2014,Rainfall,Active,Structural Hills - Highly Dissected (SHH),"Sandstone with shale and coal bands (Barail Group), Oligocene",Scrub Forest,250,MultiPolygon
LS2014_000549,1,positive,bhuvan_2014,AR/CH/83M16/2014/136,,AR,Arunachal Pradesh,Changlang,27.0837,95.9206,2014,Rainfall,Active,Structural Hills - Highly Dissected (SHH),"Sandstone with shale and coal bands (Barail Group), Oligocene",Evergreen / Semi evergreen,529,MultiPolygon
LS2014_000550,1,positive,bhuvan_2014,AR/CH/83M16/2014/123,,AR,Arunachal Pradesh,Changlang,27.2174,95.8625,2014,Rainfall,Active,Structural Hills - Moderately Dissected (SHM),"Sandstone with shale and coal bands (Barail Group), Oligocene",River / Stream / Canals,1990,MultiPolygon
LS2014_000551,1,positive,bhuvan_2014,AR/CH/83M16/2014/124,,AR,Arunachal Pradesh,Changlang,27.2058,95.9165,2014,Rainfall,Active,River Terrace (RT),Alluvium - Gravel Dominant (Older Alluvium),Cuirrent Shifting Cultivation,2081,MultiPolygon
LS2014_000552,1,positive,bhuvan_2014,AR/CH/83M16/2014/125,,AR,Arunachal Pradesh,Changlang,27.2039,95.8847,2014,Rainfall,Active,Structural Hills - Moderately Dissected (SHM),Shale with Sanstone (Disang Group),Evergreen / Semi evergreen,1975,MultiPolygon
LS2014_000553,1,positive,bhuvan_2014,AR/CH/83M16/2014/126,,AR,Arunachal Pradesh,Changlang,27.2023,95.8809,2014,Rainfall,Active,Structural Hills - Moderately Dissected (SHM),Shale with Sanstone (Disang Group),Evergreen / Semi evergreen,4749,MultiPolygon
LS2014_000554,1,positive,bhuvan_2014,AR/CH/83M16/2014/127,,AR,Arunachal Pradesh,Changlang,27.2021,95.8545,2014,Rainfall,Active,River Terrace (RT),Alluvium - Gravel Dominant (Older Alluvium),Scrub Forest,1786,MultiPolygon
LS2014_000555,1,positive,bhuvan_2014,AR/CH/83M16/2014/128,,AR,Arunachal Pradesh,Changlang,27.2001,95.8539,2014,Rainfall,Active,River Terrace (RT),Alluvium - Gravel Dominant (Older Alluvium),Cropland,2766,MultiPolygon
LS2014_000556,1,positive,bhuvan_2014,AR/DV/82P16/2014/105,,AR,Arunachal Pradesh,Lower Dibang Valley,28.1861,95.9413,2014,Rainfall,Active,Denudational Hills - Moderately Dissected (DHM),Ultramafic rocks (Tiding Serpentinite),Evergreen / Semi evergreen,4287,MultiPolygon
LS2014_000557,1,positive,bhuvan_2014,AR/DV/82P16/2014/108,,AR,Arunachal Pradesh,Lower Dibang Valley,28.1777,95.9314,2014,Rainfall,Active,Denudational Hills - Moderately Dissected (DHM),Ultramafic rocks (Tiding Serpentinite),Scrub land,5042,MultiPolygon
LS2014_000558,1,positive,bhuvan_2014,AR/DV/82P16/2014/109,,AR,Arunachal Pradesh,Lower Dibang Valley,28.1762,95.8379,2014,Rainfall,Active,Piedmont Alluvium - Moderate (PAM),Alluvium - Gravel Dominant (Older Alluvium),Evergreen / Semi evergreen,2770,MultiPolygon
LS2014_000559,1,positive,bhuvan_2014,AR/DV/82P16/2014/110,,AR,Arunachal Pradesh,Lower Dibang Valley,28.1752,95.8522,2014,Rainfall,Active,Denudational Hills - Less Dissected (DHL),Granitoid Gneiss (Ziro Granite Gneiss),Evergreen / Semi evergreen,1289,MultiPolygon
LS2014_000560,1,positive,bhuvan_2014,AR/DV/82P16/2014/111,,AR,Arunachal Pradesh,Lower Dibang Valley,28.1652,95.8565,2014,Rainfall,Active,Piedmont Alluvium - Moderate (PAM),Alluvium - Gravel Dominant (Older Alluvium),River / Stream / Canals,3477,MultiPolygon
LS2014_000561,1,positive,bhuvan_2014,AR/DV/82P11/2014/67,,AR,Arunachal Pradesh,Lower Dibang Valley,28.3025,95.6089,2014,Rainfall,Active,Denudational Hills - Less Dissected (DHL),"Thick bedded quartzite (Miri Formation, Gondwana Group)",Evergreen / Semi evergreen,1640,MultiPolygon
LS2014_000562,1,positive,bhuvan_2014,AR/DV/82P11/2014/70,,AR,Arunachal Pradesh,Lower Dibang Valley,28.301,95.6053,2014,Rainfall,Active,Denudational Hills - Less Dissected (DHL),"Thick bedded quartzite (Miri Formation, Gondwana Group)",Barren Rocky,1281,MultiPolygon
LS2014_000563,1,positive,bhuvan_2014,AR/DV/82P11/2014/71,,AR,Arunachal Pradesh,Lower Dibang Valley,28.3008,95.609,2014,Rainfall,Active,Denudational Hills - Less Dissected (DHL),"Thick bedded quartzite (Miri Formation, Gondwana Group)",Evergreen / Semi evergreen,1790,MultiPolygon
LS2014_000564,1,positive,bhuvan_2014,AR/DV/82P11/2014/72,,AR,Arunachal Pradesh,Lower Dibang Valley,28.2985,95.6128,2014,Rainfall,Active,Denudational Hills - Less Dissected (DHL),"Thick bedded quartzite (Miri Formation, Gondwana Group)",Evergreen / Semi evergreen,332,MultiPolygon
LS2014_000565,1,positive,bhuvan_2014,AR/DV/82P11/2014/77,,AR,Arunachal Pradesh,Lower Dibang Valley,28.2812,95.5787,2014,Rainfall,Active,Denudational Hills - Less Dissected (DHL),"Thick bedded quartzite (Miri Formation, Gondwana Group)",Evergreen / Semi evergreen,287,MultiPolygon
LS2014_000566,1,positive,bhuvan_2014,AR/DV/82P11/2014/79,,AR,Arunachal Pradesh,Lower Dibang Valley,28.2807,95.5787,2014,Rainfall,Active,Denudational Hills - Less Dissected (DHL),"Thick bedded quartzite (Miri Formation, Gondwana Group)",Evergreen / Semi evergreen,264,MultiPolygon
LS2014_000567,1,positive,bhuvan_2014,AR/DV/82P11/2014/11,,AR,Arunachal Pradesh,Lower Dibang Valley,28.4485,95.5681,2014,Rainfall,Active,Denudational Hills - Moderately Dissected (DHM),Granitoid Gneiss (Ziro Granite Gneiss),Evergreen / Semi evergreen,629,MultiPolygon
LS2014_000568,1,positive,bhuvan_2014,AR/DV/82P11/2014/15,,AR,Arunachal Pradesh,Lower Dibang Valley,28.4427,95.6174,2014,Rainfall,Active,Denudational Hills - Moderately Dissected (DHM),Granitoid Gneiss (Ziro Granite Gneiss),Evergreen / Semi evergreen,2584,MultiPolygon
LS2014_000569,1,positive,bhuvan_2014,AR/DV/82P11/2014/19,,AR,Arunachal Pradesh,Lower Dibang Valley,28.4351,95.6352,2014,Rainfall,Active,Denudational Hills - Moderately Dissected (DHM),Granitoid Gneiss (Ziro Granite Gneiss),Evergreen / Semi evergreen,872,MultiPolygon
LS2014_000570,1,positive,bhuvan_2014,AR/DV/82P11/2014/20,,AR,Arunachal Pradesh,Lower Dibang Valley,28.4281,95.614,2014,Rainfall,Active,Denudational Hills - Moderately Dissected (DHM),Granitoid Gneiss (Ziro Granite Gneiss),Evergreen / Semi evergreen,2336,MultiPolygon
LS2014_000571,1,positive,bhuvan_2014,AR/DV/82P11/2014/21,,AR,Arunachal Pradesh,Lower Dibang Valley,28.4211,95.5865,2014,Rainfall,Active,Denudational Hills - Moderately Dissected (DHM),Granitoid Gneiss (Ziro Granite Gneiss),Evergreen / Semi evergreen,429,MultiPolygon
LS2014_000572,1,positive,bhuvan_2014,AR/DV/82P11/2014/22,,AR,Arunachal Pradesh,Lower Dibang Valley,28.4181,95.663,2014,Rainfall,Active,Denudational Hills - Moderately Dissected (DHM),Granitoid Gneiss (Ziro Granite Gneiss),Evergreen / Semi evergreen,2127,MultiPolygon
LS2014_000573,1,positive,bhuvan_2014,AR/DV/82P15/2014/54,,AR,Arunachal Pradesh,Lower Dibang Valley,28.3395,95.8977,2014,Rainfall,Active,Denudational Hills - Moderately Dissected (DHM),Basalt (Tuting Metavolcanics),Scrub Forest,6557,MultiPolygon
LS2014_000574,1,positive,bhuvan_2014,AR/DV/82P15/2014/57,,AR,Arunachal Pradesh,Lower Dibang Valley,28.3293,95.8285,2014,Rainfall,Active,Denudational Hills - Moderately Dissected (DHM),Ultramafic rocks (Tiding Serpentinite),Scrub land,1220,MultiPolygon
LS2014_000575,1,positive,bhuvan_2014,AR/DV/82P15/2014/60,,AR,Arunachal Pradesh,Lower Dibang Valley,28.3273,95.8509,2014,Rainfall,Active,Denudational Hills - Moderately Dissected (DHM),Ultramafic rocks (Tiding Serpentinite),Scrub land,20444,MultiPolygon
LS2014_000576,1,positive,bhuvan_2014,AR/DV/82P15/2014/62,,AR,Arunachal Pradesh,Lower Dibang Valley,28.3176,95.9011,2014,Rainfall,Active,Denudational Hills - Moderately Dissected (DHM),Basalt (Tuting Metavolcanics),Scrub land,594,MultiPolygon
LS2014_000577,1,positive,bhuvan_2014,AR/DV/82P15/2014/63,,AR,Arunachal Pradesh,Lower Dibang Valley,28.3172,95.9019,2014,Rainfall,Active,Denudational Hills - Moderately Dissected (DHM),Basalt (Tuting Metavolcanics),Scrub land,717,MultiPolygon
LS2014_000578,1,positive,bhuvan_2014,AR/DV/82P15/2014/64,,AR,Arunachal Pradesh,Lower Dibang Valley,28.3169,95.9023,2014,Rainfall,Active,Denudational Hills - Moderately Dissected (DHM),Basalt (Tuting Metavolcanics),Scrub land,1317,MultiPolygon
LS2014_000579,1,positive,bhuvan_2014,AR/DV/82P15/2014/66,,AR,Arunachal Pradesh,Lower Dibang Valley,28.3057,95.8877,2014,Rainfall,Active,Denudational Hills - Moderately Dissected (DHM),Basalt (Tuting Metavolcanics),Evergreen / Semi evergreen,527,MultiPolygon
LS2014_000580,1,positive,bhuvan_2014,AR/DV/82P15/2014/74,,AR,Arunachal Pradesh,Lower Dibang Valley,28.2951,95.8273,2014,Rainfall,Active,Denudational Hills - Moderately Dissected (DHM),Granitoid Gneiss (Ziro Granite Gneiss),Scrub land,4919,MultiPolygon
LS2014_000581,1,positive,bhuvan_2014,AR/DV/82P15/2014/78,,AR,Arunachal Pradesh,Lower Dibang Valley,28.2811,95.8549,2014,Rainfall,Active,Denudational Hills - Moderately Dissected (DHM),Ultramafic rocks (Tiding Serpentinite),Scrub land,1261,MultiPolygon
LS2014_000582,1,positive,bhuvan_2014,AR/DV/82P15/2014/80,,AR,Arunachal Pradesh,Lower Dibang Valley,28.2788,95.8236,2014,Rainfall,Active,Denudational Hills - Moderately Dissected (DHM),Granitoid Gneiss (Ziro Granite Gneiss),Evergreen / Semi evergreen,1343,MultiPolygon
LS2014_000583,1,positive,bhuvan_2014,AR/UD/82P15/2014/23,,AR,Arunachal Pradesh,Dibang Valley,28.4259,95.9227,2014,Rainfall,Active,Denudational Hills - Less Dissected (DHL),Basalt (Tuting Metavolcanics),Barren Rocky,1255,MultiPolygon
LS2014_000584,1,positive,bhuvan_2014,AR/UD/82P10/2014/13,,AR,Arunachal Pradesh,Dibang Valley,28.5922,95.646,2014,Rainfall,Active,Denudational Hills - Highly Dissected (DHH),Granitoid Gneiss (Lohit Granitoid Complex),Evergreen / Semi evergreen,374,MultiPolygon
LS2014_000585,1,positive,bhuvan_2014,AR/CH/92A03/2014/101,,AR,Arunachal Pradesh,Changlang,27.4204,96.1756,2014,Rainfall,Active,Hill Slope (HS),"Quartzite (Tenga Formation), Palaeoproterozoic",Evergreen / Semi evergreen,2770,MultiPolygon
LS2014_000586,1,positive,bhuvan_2014,AR/CH/92A07/2014/72,,AR,Arunachal Pradesh,Changlang,27.4643,96.4034,2014,Rainfall,Active,Structural Hills - Moderately Dissected (SHM),Quartzite (Tenga Formation),Evergreen / Semi evergreen,5061,MultiPolygon
LS2014_000587,1,positive,bhuvan_2014,AR/CH/92A07/2014/85,,AR,Arunachal Pradesh,Changlang,27.4539,96.3773,2014,Rainfall,Active,Structural Hills - Moderately Dissected (SHM),Quartzite (Tenga Formation),Evergreen / Semi evergreen,397,MultiPolygon
LS2014_000588,1,positive,bhuvan_2014,AR/CH/92A02/2014/18,,AR,Arunachal Pradesh,Changlang,27.5802,96.1929,2014,Rainfall,Active,Structural Hills - Highly Dissected (SHH),Pebble bed (Dihing Formation),Evergreen / Semi evergreen,1133,MultiPolygon
LS2014_000589,1,positive,bhuvan_2014,AR/CH/92A02/2014/28,,AR,Arunachal Pradesh,Changlang,27.5696,96.1466,2014,Rainfall,Active,Structural Hills - Highly Dissected (SHH),Pebble bed (Dihing Formation),Evergreen / Semi evergreen,1081,MultiPolygon
LS2014_000590,1,positive,bhuvan_2014,AR/CH/92A02/2014/29,,AR,Arunachal Pradesh,Changlang,27.5694,96.1472,2014,Rainfall,Active,Structural Hills - Highly Dissected (SHH),Pebble bed (Dihing Formation),Evergreen / Semi evergreen,391,MultiPolygon
LS2014_000591,1,positive,bhuvan_2014,AR/CH/92A02/2014/32,,AR,Arunachal Pradesh,Changlang,27.5622,96.1876,2014,Rainfall,Active,Structural Hills - Highly Dissected (SHH),Pebble bed (Dihing Formation),Evergreen / Semi evergreen,1158,MultiPolygon
LS2014_000592,1,positive,bhuvan_2014,AR/CH/92A02/2014/33,,AR,Arunachal Pradesh,Changlang,27.5618,96.1783,2014,Rainfall,Active,Structural Hills - Highly Dissected (SHH),Pebble bed (Dihing Formation),Evergreen / Semi evergreen,644,MultiPolygon
LS2014_000593,1,positive,bhuvan_2014,AR/CH/92A02/2014/37,,AR,Arunachal Pradesh,Changlang,27.5508,96.1852,2014,Rainfall,Active,Structural Hills - Highly Dissected (SHH),Pebble bed (Dihing Formation),Evergreen / Semi evergreen,385,MultiPolygon
LS2014_000594,1,positive,bhuvan_2014,AR/CH/92A02/2014/38,,AR,Arunachal Pradesh,Changlang,27.5508,96.1733,2014,Rainfall,Active,Structural Hills - Highly Dissected (SHH),Pebble bed (Dihing Formation),Evergreen / Semi evergreen,3297,MultiPolygon
LS2014_000595,1,positive,bhuvan_2014,AR/CH/92A02/2014/39,,AR,Arunachal Pradesh,Changlang,27.5506,96.1849,2014,Rainfall,Active,Structural Hills - Highly Dissected (SHH),Pebble bed (Dihing Formation),Evergreen / Semi evergreen,520,MultiPolygon
LS2014_000596,1,positive,bhuvan_2014,AR/EL/92A06/2014/296,,AR,Arunachal Pradesh,Lohit,27.721,96.3771,2014,Rainfall,Active,Denudational Hills - Moderately Dissected (DHM),"Quartzite (Tenga Formation, Bomdila Group), Palaeoproterozoic",Evergreen / Semi evergreen,2359,MultiPolygon
LS2014_000597,1,positive,bhuvan_2014,AR/EL/92A06/2014/301,,AR,Arunachal Pradesh,Lohit,27.7203,96.3749,2014,Rainfall,Active,Denudational Hills - Moderately Dissected (DHM),"Quartzite (Tenga Formation, Bomdila Group), Palaeoproterozoic",Evergreen / Semi evergreen,391,MultiPolygon
LS2014_000598,1,positive,bhuvan_2014,AR/EL/92A06/2014/304,,AR,Arunachal Pradesh,Lohit,27.7188,96.3981,2014,Rainfall,Active,Denudational Hills - Moderately Dissected (DHM),"Quartzite (Tenga Formation, Bomdila Group), Palaeoproterozoic",Evergreen / Semi evergreen,604,MultiPolygon
LS2014_000599,1,positive,bhuvan_2014,AR/EL/92A06/2014/305,,AR,Arunachal Pradesh,Lohit,27.7188,96.397,2014,Rainfall,Active,Denudational Hills - Moderately Dissected (DHM),"Quartzite (Tenga Formation, Bomdila Group), Palaeoproterozoic",Evergreen / Semi evergreen,518,MultiPolygon
LS2014_000600,1,positive,bhuvan_2014,AR/EL/92A06/2014/306,,AR,Arunachal Pradesh,Lohit,27.7178,96.3983,2014,Rainfall,Active,Denudational Hills - Moderately Dissected (DHM),"Quartzite (Tenga Formation, Bomdila Group), Palaeoproterozoic",Evergreen / Semi evergreen,2011,MultiPolygon
LS2014_000601,1,positive,bhuvan_2014,AR/EL/92A06/2014/307,,AR,Arunachal Pradesh,Lohit,27.7177,96.4009,2014,Rainfall,Active,Denudational Hills - Moderately Dissected (DHM),"Quartzite (Tenga Formation, Bomdila Group), Palaeoproterozoic",Evergreen / Semi evergreen,750,MultiPolygon
LS2014_000602,1,positive,bhuvan_2014,AR/EL/92A06/2014/308,,AR,Arunachal Pradesh,Lohit,27.7176,96.3998,2014,Rainfall,Active,Denudational Hills - Moderately Dissected (DHM),"Quartzite (Tenga Formation, Bomdila Group), Palaeoproterozoic",Evergreen / Semi evergreen,517,MultiPolygon
LS2014_000603,1,positive,bhuvan_2014,AR/EL/92A06/2014/309,,AR,Arunachal Pradesh,Lohit,27.7174,96.4001,2014,Rainfall,Active,Denudational Hills - Moderately Dissected (DHM),"Quartzite (Tenga Formation, Bomdila Group), Palaeoproterozoic",Evergreen / Semi evergreen,335,MultiPolygon
LS2014_000604,1,positive,bhuvan_2014,AR/EL/92A06/2014/310,,AR,Arunachal Pradesh,Lohit,27.7157,96.3949,2014,Rainfall,Active,Denudational Hills - Moderately Dissected (DHM),"Quartzite (Tenga Formation, Bomdila Group), Palaeoproterozoic",Evergreen / Semi evergreen,8077,MultiPolygon
LS2014_000605,1,positive,bhuvan_2014,AR/EL/92A06/2014/311,,AR,Arunachal Pradesh,Lohit,27.7134,96.4282,2014,Rainfall,Active,Denudational Hills - Moderately Dissected (DHM),Basalt (Tuting Metavolcanics),Evergreen / Semi evergreen,737,MultiPolygon
LS2014_000606,1,positive,bhuvan_2014,AR/EL/92A06/2014/312,,AR,Arunachal Pradesh,Lohit,27.7117,96.3934,2014,Rainfall,Active,Denudational Hills - Moderately Dissected (DHM),"Quartzite (Tenga Formation, Bomdila Group), Palaeoproterozoic",Evergreen / Semi evergreen,493,MultiPolygon
LS2014_000607,1,positive,bhuvan_2014,AR/EL/92A06/2014/313,,AR,Arunachal Pradesh,Lohit,27.7066,96.3879,2014,Rainfall,Active,Denudational Hills - Moderately Dissected (DHM),"Quartzite (Tenga Formation, Bomdila Group), Palaeoproterozoic",Evergreen / Semi evergreen,5381,MultiPolygon
LS2014_000608,1,positive,bhuvan_2014,AR/EL/92A06/2014/314,,AR,Arunachal Pradesh,Lohit,27.703,96.3669,2014,Rainfall,Active,Denudational Hills - Moderately Dissected (DHM),"Quartzite (Tenga Formation, Bomdila Group), Palaeoproterozoic",Evergreen / Semi evergreen,466,MultiPolygon
LS2014_000609,1,positive,bhuvan_2014,AR/EL/92A06/2014/315,,AR,Arunachal Pradesh,Lohit,27.702,96.3692,2014,Rainfall,Active,Denudational Hills - Moderately Dissected (DHM),"Quartzite (Tenga Formation, Bomdila Group), Palaeoproterozoic",Evergreen / Semi evergreen,1103,MultiPolygon
LS2014_000610,1,positive,bhuvan_2014,AR/EL/92A06/2014/316,,AR,Arunachal Pradesh,Lohit,27.6985,96.3624,2014,Rainfall,Active,Denudational Hills - Moderately Dissected (DHM),"Quartzite (Tenga Formation, Bomdila Group), Palaeoproterozoic",Evergreen / Semi evergreen,1137,MultiPolygon
LS2014_000611,1,positive,bhuvan_2014,AR/EL/92A06/2014/317,,AR,Arunachal Pradesh,Lohit,27.6968,96.3455,2014,Rainfall,Active,Denudational Hills - Moderately Dissected (DHM),"Quartzite (Tenga Formation, Bomdila Group), Palaeoproterozoic",Evergreen / Semi evergreen,625,MultiPolygon
LS2014_000612,1,positive,bhuvan_2014,AR/EL/92A06/2014/318,,AR,Arunachal Pradesh,Lohit,27.6958,96.3752,2014,Rainfall,Active,Denudational Hills - Moderately Dissected (DHM),"Quartzite (Tenga Formation, Bomdila Group), Palaeoproterozoic",Evergreen / Semi evergreen,1639,MultiPolygon
LS2014_000613,1,positive,bhuvan_2014,AR/EL/92A06/2014/319,,AR,Arunachal Pradesh,Lohit,27.6958,96.3698,2014,Rainfall,Active,Denudational Hills - Moderately Dissected (DHM),"Quartzite (Tenga Formation, Bomdila Group), Palaeoproterozoic",Evergreen / Semi evergreen,13354,MultiPolygon
LS2014_000614,1,positive,bhuvan_2014,AR/EL/92A06/2014/320,,AR,Arunachal Pradesh,Lohit,27.6904,96.35,2014,Rainfall,Active,Denudational Hills - Moderately Dissected (DHM),"Quartzite (Tenga Formation, Bomdila Group), Palaeoproterozoic",Evergreen / Semi evergreen,764,MultiPolygon
LS2014_000615,1,positive,bhuvan_2014,AR/EL/92A06/2014/321,,AR,Arunachal Pradesh,Lohit,27.6899,96.3466,2014,Rainfall,Active,Denudational Hills - Moderately Dissected (DHM),"Quartzite (Tenga Formation, Bomdila Group), Palaeoproterozoic",Evergreen / Semi evergreen,2844,MultiPolygon
LS2014_000616,1,positive,bhuvan_2014,AR/EL/92A06/2014/322,,AR,Arunachal Pradesh,Lohit,27.6893,96.3488,2014,Rainfall,Active,Denudational Hills - Moderately Dissected (DHM),"Quartzite (Tenga Formation, Bomdila Group), Palaeoproterozoic",Evergreen / Semi evergreen,961,MultiPolygon
LS2014_000617,1,positive,bhuvan_2014,AR/EL/92A06/2014/323,,AR,Arunachal Pradesh,Lohit,27.6803,96.3482,2014,Rainfall,Active,Denudational Hills - Moderately Dissected (DHM),"Quartzite (Tenga Formation, Bomdila Group), Palaeoproterozoic",Barren Rocky,9532,MultiPolygon
LS2014_000618,1,positive,bhuvan_2014,AR/EL/92A05/2014/92,,AR,Arunachal Pradesh,Lohit,27.845,96.4043,2014,Rainfall,Active,Denudational Hills - Moderately Dissected (DHM),Basalt (Tuting Metavolcanics),Evergreen / Semi evergreen,8302,MultiPolygon
LS2014_000619,1,positive,bhuvan_2014,AR/EL/92A05/2014/93,,AR,Arunachal Pradesh,Lohit,27.8445,96.3915,2014,Rainfall,Active,Denudational Hills - Moderately Dissected (DHM),Basalt (Tuting Metavolcanics),Evergreen / Semi evergreen,986,MultiPolygon
LS2014_000620,1,positive,bhuvan_2014,AR/EL/92A05/2014/94,,AR,Arunachal Pradesh,Lohit,27.8444,96.4301,2014,Rainfall,Active,Denudational Hills - Moderately Dissected (DHM),Ultramafic rocks (Tiding Serpentinite),Evergreen / Semi evergreen,517,MultiPolygon
LS2014_000621,1,positive,bhuvan_2014,AR/EL/92A05/2014/95,,AR,Arunachal Pradesh,Lohit,27.8442,96.3942,2014,Rainfall,Active,Denudational Hills - Moderately Dissected (DHM),Basalt (Tuting Metavolcanics),Evergreen / Semi evergreen,1620,MultiPolygon
LS2014_000622,1,positive,bhuvan_2014,AR/EL/92A05/2014/96,,AR,Arunachal Pradesh,Lohit,27.8441,96.4341,2014,Rainfall,Active,Denudational Hills - Moderately Dissected (DHM),Ultramafic rocks (Tiding Serpentinite),Evergreen / Semi evergreen,7989,MultiPolygon
LS2014_000623,1,positive,bhuvan_2014,AR/EL/92A05/2014/97,,AR,Arunachal Pradesh,Lohit,27.8436,96.4131,2014,Rainfall,Active,Denudational Hills - Moderately Dissected (DHM),Basalt (Tuting Metavolcanics),Evergreen / Semi evergreen,2373,MultiPolygon
LS2014_000624,1,positive,bhuvan_2014,AR/EL/92A05/2014/98,,AR,Arunachal Pradesh,Lohit,27.8434,96.4059,2014,Rainfall,Active,Denudational Hills - Moderately Dissected (DHM),Basalt (Tuting Metavolcanics),Evergreen / Semi evergreen,4494,MultiPolygon
LS2014_000625,1,positive,bhuvan_2014,AR/EL/92A05/2014/99,,AR,Arunachal Pradesh,Lohit,27.843,96.3929,2014,Rainfall,Active,Denudational Hills - Moderately Dissected (DHM),Basalt (Tuting Metavolcanics),Evergreen / Semi evergreen,469,MultiPolygon
LS2014_000626,1,positive,bhuvan_2014,AR/EL/92A05/2014/100,,AR,Arunachal Pradesh,Lohit,27.8408,96.4093,2014,Rainfall,Active,Denudational Hills - Moderately Dissected (DHM),Basalt (Tuting Metavolcanics),Evergreen / Semi evergreen,1094,MultiPolygon
LS2014_000627,1,positive,bhuvan_2014,AR/EL/92A05/2014/101,,AR,Arunachal Pradesh,Lohit,27.8398,96.3918,2014,Rainfall,Active,Denudational Hills - Moderately Dissected (DHM),Basalt (Tuting Metavolcanics),Evergreen / Semi evergreen,1058,MultiPolygon
LS2014_000628,1,positive,bhuvan_2014,AR/EL/92A05/2014/102,,AR,Arunachal Pradesh,Lohit,27.8337,96.4034,2014,Rainfall,Active,Denudational Hills - Moderately Dissected (DHM),Basalt (Tuting Metavolcanics),Evergreen / Semi evergreen,1741,MultiPolygon
LS2014_000629,1,positive,bhuvan_2014,AR/EL/92A05/2014/103,,AR,Arunachal Pradesh,Lohit,27.8329,96.412,2014,Rainfall,Active,Denudational Hills - Moderately Dissected (DHM),Basalt (Tuting Metavolcanics),Evergreen / Semi evergreen,3364,MultiPolygon
LS2014_000630,1,positive,bhuvan_2014,AR/EL/92A05/2014/104,,AR,Arunachal Pradesh,Lohit,27.8324,96.4138,2014,Rainfall,Active,Denudational Hills - Moderately Dissected (DHM),Basalt (Tuting Metavolcanics),Evergreen / Semi evergreen,5519,MultiPolygon
LS2014_000631,1,positive,bhuvan_2014,AR/EL/92A05/2014/105,,AR,Arunachal Pradesh,Lohit,27.8312,96.4066,2014,Rainfall,Active,Denudational Hills - Moderately Dissected (DHM),Basalt (Tuting Metavolcanics),Evergreen / Semi evergreen,4121,MultiPolygon
LS2014_000632,1,positive,bhuvan_2014,AR/EL/92A05/2014/107,,AR,Arunachal Pradesh,Lohit,27.8233,96.4081,2014,Rainfall,Active,Denudational Hills - Moderately Dissected (DHM),Basalt (Tuting Metavolcanics),Evergreen / Semi evergreen,1073,MultiPolygon
LS2014_000633,1,positive,bhuvan_2014,AR/EL/92A05/2014/108,,AR,Arunachal Pradesh,Lohit,27.8228,96.4087,2014,Rainfall,Active,Denudational Hills - Moderately Dissected (DHM),Basalt (Tuting Metavolcanics),Evergreen / Semi evergreen,1311,MultiPolygon
LS2014_000634,1,positive,bhuvan_2014,AR/EL/92A05/2014/109,,AR,Arunachal Pradesh,Lohit,27.8157,96.3716,2014,Rainfall,Active,Denudational Hills - Moderately Dissected (DHM),"Quartzite (Tenga Formation, Bomdila Group), Palaeoproterozoic",Evergreen / Semi evergreen,702,MultiPolygon
LS2014_000635,1,positive,bhuvan_2014,AR/EL/92A05/2014/110,,AR,Arunachal Pradesh,Lohit,27.7996,96.4,2014,Rainfall,Active,Valley (V),Basalt (Tuting Metavolcanics),Evergreen / Semi evergreen,1837,MultiPolygon
LS2014_000636,1,positive,bhuvan_2014,AR/EL/92A05/2014/111,,AR,Arunachal Pradesh,Lohit,27.7943,96.3732,2014,Rainfall,Active,Denudational Hills - Moderately Dissected (DHM),"Quartzite (Tenga Formation, Bomdila Group), Palaeoproterozoic",Evergreen / Semi evergreen,1142,MultiPolygon
LS2014_000637,1,positive,bhuvan_2014,AR/EL/92A05/2014/112,,AR,Arunachal Pradesh,Lohit,27.7942,96.3834,2014,Rainfall,Active,Denudational Hills - Moderately Dissected (DHM),"Quartzite (Tenga Formation, Bomdila Group), Palaeoproterozoic",Evergreen / Semi evergreen,4492,MultiPolygon
LS2014_000638,1,positive,bhuvan_2014,AR/EL/92A05/2014/113,,AR,Arunachal Pradesh,Lohit,27.7923,96.3767,2014,Rainfall,Active,Denudational Hills - Moderately Dissected (DHM),"Quartzite (Tenga Formation, Bomdila Group), Palaeoproterozoic",Evergreen / Semi evergreen,520,MultiPolygon
LS2014_000639,1,positive,bhuvan_2014,AR/EL/92A05/2014/114,,AR,Arunachal Pradesh,Lohit,27.7878,96.3773,2014,Rainfall,Active,Denudational Hills - Moderately Dissected (DHM),"Quartzite (Tenga Formation, Bomdila Group), Palaeoproterozoic",Barren Rocky,2686,MultiPolygon
LS2014_000640,1,positive,bhuvan_2014,AR/EL/92A05/2014/115,,AR,Arunachal Pradesh,Lohit,27.7868,96.3539,2014,Rainfall,Active,Piedmont Alluvium - Moderate (PAM),Alluvium - Gravel Dominant (Older Alluvium),Evergreen / Semi evergreen,1796,MultiPolygon
LS2014_000641,1,positive,bhuvan_2014,AR/EL/92A05/2014/116,,AR,Arunachal Pradesh,Lohit,27.7866,96.3923,2014,Rainfall,Active,Denudational Hills - Moderately Dissected (DHM),"Quartzite (Tenga Formation, Bomdila Group), Palaeoproterozoic",Evergreen / Semi evergreen,1444,MultiPolygon
LS2014_000642,1,positive,bhuvan_2014,AR/EL/92A05/2014/117,,AR,Arunachal Pradesh,Lohit,27.7866,96.3898,2014,Rainfall,Active,Denudational Hills - Moderately Dissected (DHM),"Quartzite (Tenga Formation, Bomdila Group), Palaeoproterozoic",Evergreen / Semi evergreen,1825,MultiPolygon
LS2014_000643,1,positive,bhuvan_2014,AR/EL/92A05/2014/118,,AR,Arunachal Pradesh,Lohit,27.7864,96.3557,2014,Rainfall,Active,Piedmont Alluvium - Moderate (PAM),Alluvium - Gravel Dominant (Older Alluvium),Evergreen / Semi evergreen,751,MultiPolygon
LS2014_000644,1,positive,bhuvan_2014,AR/EL/92A05/2014/119,,AR,Arunachal Pradesh,Lohit,27.7862,96.3911,2014,Rainfall,Active,Denudational Hills - Moderately Dissected (DHM),"Quartzite (Tenga Formation, Bomdila Group), Palaeoproterozoic",Evergreen / Semi evergreen,443,MultiPolygon
LS2014_000645,1,positive,bhuvan_2014,AR/EL/92A05/2014/120,,AR,Arunachal Pradesh,Lohit,27.7858,96.3552,2014,Rainfall,Active,Piedmont Alluvium - Moderate (PAM),Alluvium - Gravel Dominant (Older Alluvium),Rural,549,MultiPolygon
LS2014_000646,1,positive,bhuvan_2014,AR/EL/92A05/2014/121,,AR,Arunachal Pradesh,Lohit,27.7857,96.3803,2014,Rainfall,Active,Denudational Hills - Moderately Dissected (DHM),"Quartzite (Tenga Formation, Bomdila Group), Palaeoproterozoic",Evergreen / Semi evergreen,8275,MultiPolygon
LS2014_000647,1,positive,bhuvan_2014,AR/EL/92A05/2014/122,,AR,Arunachal Pradesh,Lohit,27.7854,96.395,2014,Rainfall,Active,Denudational Hills - Moderately Dissected (DHM),"Quartzite (Tenga Formation, Bomdila Group), Palaeoproterozoic",Evergreen / Semi evergreen,1191,MultiPolygon
LS2014_000648,1,positive,bhuvan_2014,AR/EL/92A05/2014/123,,AR,Arunachal Pradesh,Lohit,27.7847,96.3602,2014,Rainfall,Active,Denudational Hills - Moderately Dissected (DHM),"Quartzite (Tenga Formation, Bomdila Group), Palaeoproterozoic",Evergreen / Semi evergreen,933,MultiPolygon
LS2014_000649,1,positive,bhuvan_2014,AR/EL/92A05/2014/124,,AR,Arunachal Pradesh,Lohit,27.7845,96.3612,2014,Rainfall,Active,Denudational Hills - Moderately Dissected (DHM),"Quartzite (Tenga Formation, Bomdila Group), Palaeoproterozoic",Evergreen / Semi evergreen,2508,MultiPolygon
LS2014_000650,1,positive,bhuvan_2014,AR/EL/92A05/2014/125,,AR,Arunachal Pradesh,Lohit,27.7843,96.3912,2014,Rainfall,Active,Denudational Hills - Moderately Dissected (DHM),"Quartzite (Tenga Formation, Bomdila Group), Palaeoproterozoic",Evergreen / Semi evergreen,721,MultiPolygon
LS2014_000651,1,positive,bhuvan_2014,AR/EL/92A05/2014/126,,AR,Arunachal Pradesh,Lohit,27.7843,96.391,2014,Rainfall,Active,Denudational Hills - Moderately Dissected (DHM),"Quartzite (Tenga Formation, Bomdila Group), Palaeoproterozoic",Evergreen / Semi evergreen,348,MultiPolygon
LS2014_000652,1,positive,bhuvan_2014,AR/EL/92A05/2014/127,,AR,Arunachal Pradesh,Lohit,27.7842,96.3915,2014,Rainfall,Active,Denudational Hills - Moderately Dissected (DHM),"Quartzite (Tenga Formation, Bomdila Group), Palaeoproterozoic",Evergreen / Semi evergreen,1353,MultiPolygon
LS2014_000653,1,positive,bhuvan_2014,AR/EL/92A05/2014/128,,AR,Arunachal Pradesh,Lohit,27.7841,96.3587,2014,Rainfall,Active,Denudational Hills - Moderately Dissected (DHM),"Quartzite (Tenga Formation, Bomdila Group), Palaeoproterozoic",Evergreen / Semi evergreen,1370,MultiPolygon
LS2014_000654,1,positive,bhuvan_2014,AR/EL/92A05/2014/129,,AR,Arunachal Pradesh,Lohit,27.781,96.3688,2014,Rainfall,Active,Denudational Hills - Moderately Dissected (DHM),"Quartzite (Tenga Formation, Bomdila Group), Palaeoproterozoic",Evergreen / Semi evergreen,1508,MultiPolygon
LS2014_000655,1,positive,bhuvan_2014,AR/EL/92A05/2014/130,,AR,Arunachal Pradesh,Lohit,27.7801,96.3729,2014,Rainfall,Active,Denudational Hills - Moderately Dissected (DHM),"Quartzite (Tenga Formation, Bomdila Group), Palaeoproterozoic",Evergreen / Semi evergreen,2046,MultiPolygon
LS2014_000656,1,positive,bhuvan_2014,AR/EL/92A05/2014/131,,AR,Arunachal Pradesh,Lohit,27.7795,96.3696,2014,Rainfall,Active,Denudational Hills - Moderately Dissected (DHM),"Quartzite (Tenga Formation, Bomdila Group), Palaeoproterozoic",Evergreen / Semi evergreen,1852,MultiPolygon
LS2014_000657,1,positive,bhuvan_2014,AR/AJ/92A05/2014/37,,AR,Arunachal Pradesh,Anjaw,27.961,96.4294,2014,Rainfall,Active,Denudational Hills - Moderately Dissected (DHM),Basalt (Tuting Metavolcanics),Evergreen / Semi evergreen,18198,MultiPolygon
LS2014_000658,1,positive,bhuvan_2014,AR/EL/92A05/2014/49,,AR,Arunachal Pradesh,Lohit,27.9384,96.3373,2014,Rainfall,Active,Denudational Hills - Moderately Dissected (DHM),Schist (Yang Sang Chu Formation),Evergreen / Semi evergreen,894,MultiPolygon
LS2014_000659,1,positive,bhuvan_2014,AR/EL/92A05/2014/52,,AR,Arunachal Pradesh,Lohit,27.9347,96.3744,2014,Rainfall,Active,Denudational Hills - Moderately Dissected (DHM),Basalt (Tuting Metavolcanics),Evergreen / Semi evergreen,1581,MultiPolygon
LS2014_000660,1,positive,bhuvan_2014,AR/EL/92A05/2014/53,,AR,Arunachal Pradesh,Lohit,27.9338,96.3727,2014,Rainfall,Active,Denudational Hills - Moderately Dissected (DHM),Basalt (Tuting Metavolcanics),Evergreen / Semi evergreen,854,MultiPolygon
LS2014_000661,1,positive,bhuvan_2014,AR/EL/92A05/2014/54,,AR,Arunachal Pradesh,Lohit,27.9322,96.3785,2014,Rainfall,Active,Denudational Hills - Moderately Dissected (DHM),Basalt (Tuting Metavolcanics),Evergreen / Semi evergreen,416,MultiPolygon
LS2014_000662,1,positive,bhuvan_2014,AR/EL/92A05/2014/55,,AR,Arunachal Pradesh,Lohit,27.9311,96.3303,2014,Rainfall,Active,Denudational Hills - Moderately Dissected (DHM),Schist (Yang Sang Chu Formation),Evergreen / Semi evergreen,862,MultiPolygon
LS2014_000663,1,positive,bhuvan_2014,AR/AJ/92A05/2014/42,,AR,Arunachal Pradesh,Anjaw,27.9269,96.4429,2014,Rainfall,Active,Denudational Hills - Moderately Dissected (DHM),Basalt (Tuting Metavolcanics),Scrub Forest,3711,MultiPolygon
LS2014_000664,1,positive,bhuvan_2014,AR/EL/92A05/2014/56,,AR,Arunachal Pradesh,Lohit,27.9215,96.3495,2014,Rainfall,Active,Denudational Hills - Moderately Dissected (DHM),Schist (Yang Sang Chu Formation),Evergreen / Semi evergreen,1327,MultiPolygon
LS2014_000665,1,positive,bhuvan_2014,AR/EL/92A05/2014/57,,AR,Arunachal Pradesh,Lohit,27.9212,96.347,2014,Rainfall,Active,Denudational Hills - Moderately Dissected (DHM),Schist (Yang Sang Chu Formation),Barren Rocky,1897,MultiPolygon
LS2014_000666,1,positive,bhuvan_2014,AR/EL/92A05/2014/58,,AR,Arunachal Pradesh,Lohit,27.9175,96.3345,2014,Rainfall,Active,Denudational Hills - Moderately Dissected (DHM),"Quartzite (Tenga Formation, Bomdila Group), Palaeoproterozoic",Evergreen / Semi evergreen,1350,MultiPolygon
LS2014_000667,1,positive,bhuvan_2014,AR/EL/92A05/2014/59,,AR,Arunachal Pradesh,Lohit,27.917,96.33,2014,Rainfall,Active,Denudational Hills - Moderately Dissected (DHM),"Quartzite (Tenga Formation, Bomdila Group), Palaeoproterozoic",Evergreen / Semi evergreen,4196,MultiPolygon
LS2014_000668,1,positive,bhuvan_2014,AR/EL/92A05/2014/61,,AR,Arunachal Pradesh,Lohit,27.9164,96.3251,2014,Rainfall,Active,Denudational Hills - Moderately Dissected (DHM),"Quartzite (Tenga Formation, Bomdila Group), Palaeoproterozoic",Evergreen / Semi evergreen,1851,MultiPolygon
LS2014_000669,1,positive,bhuvan_2014,AR/EL/92A05/2014/62,,AR,Arunachal Pradesh,Lohit,27.9161,96.339,2014,Rainfall,Active,Denudational Hills - Moderately Dissected (DHM),"Quartzite (Tenga Formation, Bomdila Group), Palaeoproterozoic",Evergreen / Semi evergreen,1204,MultiPolygon
LS2014_000670,1,positive,bhuvan_2014,AR/EL/92A05/2014/66,,AR,Arunachal Pradesh,Lohit,27.9121,96.3596,2014,Rainfall,Active,Denudational Hills - Moderately Dissected (DHM),Schist (Yang Sang Chu Formation),Evergreen / Semi evergreen,1109,MultiPolygon
LS2014_000671,1,positive,bhuvan_2014,AR/EL/92A05/2014/68,,AR,Arunachal Pradesh,Lohit,27.9066,96.3498,2014,Rainfall,Active,Denudational Hills - Moderately Dissected (DHM),Schist (Yang Sang Chu Formation),Evergreen / Semi evergreen,830,MultiPolygon
LS2014_000672,1,positive,bhuvan_2014,AR/EL/92A05/2014/69,,AR,Arunachal Pradesh,Lohit,27.9055,96.3329,2014,Rainfall,Active,Denudational Hills - Moderately Dissected (DHM),"Quartzite (Tenga Formation, Bomdila Group), Palaeoproterozoic",Barren Rocky,1432,MultiPolygon
LS2014_000673,1,positive,bhuvan_2014,AR/EL/92A05/2014/70,,AR,Arunachal Pradesh,Lohit,27.9052,96.345,2014,Rainfall,Active,Denudational Hills - Moderately Dissected (DHM),Schist (Yang Sang Chu Formation),Barren Rocky,4684,MultiPolygon
LS2014_000674,1,positive,bhuvan_2014,AR/EL/91D04/2014/18,,AR,Arunachal Pradesh,Lohit,28.091,96.1573,2014,Rainfall,Active,Denudational Hills - Moderately Dissected (DHM),Basalt (Tuting Metavolcanics),Evergreen / Semi evergreen,949,MultiPolygon
LS2014_000675,1,positive,bhuvan_2014,AR/EL/91D04/2014/19,,AR,Arunachal Pradesh,Lohit,28.0536,96.1223,2014,Rainfall,Active,Denudational Slope (DS),"Quartzite (Tenga Formation, Bomdila Group), Palaeoproterozoic",Evergreen / Semi evergreen,320,MultiPolygon
LS2014_000676,1,positive,bhuvan_2014,AR/EL/91D04/2014/21,,AR,Arunachal Pradesh,Lohit,28.0442,96.1873,2014,Rainfall,Active,Denudational Hills - Moderately Dissected (DHM),Basalt (Tuting Metavolcanics),Barren Rocky,741,MultiPolygon
LS2014_000677,1,positive,bhuvan_2014,AR/EL/91D04/2014/23,,AR,Arunachal Pradesh,Lohit,28.0398,96.1675,2014,Rainfall,Active,Denudational Hills - Less Dissected (DHL),"Quartzite (Tenga Formation, Bomdila Group), Palaeoproterozoic",Evergreen / Semi evergreen,1706,MultiPolygon
LS2014_000678,1,positive,bhuvan_2014,AR/EL/91D04/2014/24,,AR,Arunachal Pradesh,Lohit,28.0379,96.1886,2014,Rainfall,Active,Denudational Hills - Moderately Dissected (DHM),Basalt (Tuting Metavolcanics),Evergreen / Semi evergreen,7557,MultiPolygon
LS2014_000679,1,positive,bhuvan_2014,AR/EL/91D04/2014/25,,AR,Arunachal Pradesh,Lohit,28.037,96.1832,2014,Rainfall,Active,Denudational Hills - Less Dissected (DHL),"Quartzite (Tenga Formation, Bomdila Group), Palaeoproterozoic",Evergreen / Semi evergreen,17876,MultiPolygon
LS2014_000680,1,positive,bhuvan_2014,AR/DV/91D04/2014/101,,AR,Arunachal Pradesh,Lower Dibang Valley,28.1975,96.1378,2014,Rainfall,Active,Denudational Hills - Moderately Dissected (DHM),Basalt (Tuting Metavolcanics),Evergreen / Semi evergreen,4716,MultiPolygon
LS2014_000681,1,positive,bhuvan_2014,AR/DV/91D04/2014/102,,AR,Arunachal Pradesh,Lower Dibang Valley,28.1967,96.1636,2014,Rainfall,Active,Denudational Hills - Moderately Dissected (DHM),Basalt (Tuting Metavolcanics),Evergreen / Semi evergreen,4430,MultiPolygon
LS2014_000682,1,positive,bhuvan_2014,AR/EL/91D04/2014/1,,AR,Arunachal Pradesh,Lohit,28.1923,96.181,2014,Rainfall,Active,Denudational Hills - Moderately Dissected (DHM),Basalt (Tuting Metavolcanics),Evergreen / Semi evergreen,697,MultiPolygon
LS2014_000683,1,positive,bhuvan_2014,AR/EL/91D04/2014/2,,AR,Arunachal Pradesh,Lohit,28.1889,96.1034,2014,Rainfall,Active,Denudational Hills - Less Dissected (DHL),Basalt (Tuting Metavolcanics),Barren Rocky,19595,MultiPolygon
LS2014_000684,1,positive,bhuvan_2014,AR/EL/91D04/2014/3,,AR,Arunachal Pradesh,Lohit,28.1888,96.0855,2014,Rainfall,Active,Denudational Hills - Less Dissected (DHL),Basalt (Tuting Metavolcanics),Evergreen / Semi evergreen,799,MultiPolygon
LS2014_000685,1,positive,bhuvan_2014,AR/DV/91D04/2014/104,,AR,Arunachal Pradesh,Lower Dibang Valley,28.188,96.1603,2014,Rainfall,Active,Denudational Hills - Moderately Dissected (DHM),Basalt (Tuting Metavolcanics),Evergreen / Semi evergreen,1577,MultiPolygon
LS2014_000686,1,positive,bhuvan_2014,AR/DV/91D04/2014/106,,AR,Arunachal Pradesh,Lower Dibang Valley,28.1838,96.137,2014,Rainfall,Active,Denudational Hills - Moderately Dissected (DHM),Basalt (Tuting Metavolcanics),Evergreen / Semi evergreen,3954,MultiPolygon
LS2014_000687,1,positive,bhuvan_2014,AR/DV/91D04/2014/107,,AR,Arunachal Pradesh,Lower Dibang Valley,28.183,96.1155,2014,Rainfall,Active,Denudational Hills - Less Dissected (DHL),Basalt (Tuting Metavolcanics),Evergreen / Semi evergreen,3092,MultiPolygon
LS2014_000688,1,positive,bhuvan_2014,AR/EL/91D04/2014/4,,AR,Arunachal Pradesh,Lohit,28.1577,96.1572,2014,Rainfall,Active,Denudational Hills - Moderately Dissected (DHM),Basalt (Tuting Metavolcanics),Evergreen / Semi evergreen,4131,MultiPolygon
LS2014_000689,1,positive,bhuvan_2014,AR/AJ/91D08/2014/24,,AR,Arunachal Pradesh,Anjaw,28.0661,96.3114,2014,Rainfall,Active,Denudational Hills - Moderately Dissected (DHM),Ultramafic rocks (Tiding Serpentinite),Barren Rocky,4637,MultiPolygon
LS2014_000690,1,positive,bhuvan_2014,AR/AJ/91D08/2014/25,,AR,Arunachal Pradesh,Anjaw,28.0653,96.3107,2014,Rainfall,Active,Denudational Hills - Moderately Dissected (DHM),Ultramafic rocks (Tiding Serpentinite),Barren Rocky,1959,MultiPolygon
LS2014_000691,1,positive,bhuvan_2014,AR/AJ/91D08/2014/29,,AR,Arunachal Pradesh,Anjaw,28.0504,96.328,2014,Rainfall,Active,Denudational Hills - Moderately Dissected (DHM),Ultramafic rocks (Tiding Serpentinite),Evergreen / Semi evergreen,654,MultiPolygon
LS2014_000692,1,positive,bhuvan_2014,AR/AJ/91D08/2014/8,,AR,Arunachal Pradesh,Anjaw,28.1833,96.4432,2014,Rainfall,Active,Denudational Hills - Moderately Dissected (DHM),Schist (Etalin Formation),Evergreen / Semi evergreen,1145,MultiPolygon
LS2014_000693,1,positive,bhuvan_2014,AR/DV/91D03/2014/75,,AR,Arunachal Pradesh,Lower Dibang Valley,28.2845,96.0983,2014,Rainfall,Active,Denudational Hills - Less Dissected (DHL),Basalt (Tuting Metavolcanics),Evergreen / Semi evergreen,483,MultiPolygon
LS2014_000694,1,positive,bhuvan_2014,AR/DV/91D03/2014/76,,AR,Arunachal Pradesh,Lower Dibang Valley,28.284,96.0988,2014,Rainfall,Active,Denudational Hills - Less Dissected (DHL),Basalt (Tuting Metavolcanics),Evergreen / Semi evergreen,4568,MultiPolygon
LS2014_000695,1,positive,bhuvan_2014,AR/UD/91D02/2014/14,,AR,Arunachal Pradesh,Dibang Valley,28.5822,96.1466,2014,Rainfall,Active,Denudational Hills - Highly Dissected (DHH),Granitoid Gneiss (Lohit Granitoid Complex),Evergreen / Semi evergreen,1941,MultiPolygon
LS2014_000696,1,positive,bhuvan_2014,AR/CH/92A11/2014/69,,AR,Arunachal Pradesh,Changlang,27.4665,96.6445,2014,Rainfall,Active,Denudational Hills - Less Dissected (DHL),Pebble bed (Dihing Formation),Evergreen / Semi evergreen,1096,MultiPolygon
LS2014_000697,1,positive,bhuvan_2014,AR/CH/92A11/2014/70,,AR,Arunachal Pradesh,Changlang,27.4664,96.645,2014,Rainfall,Active,Denudational Hills - Less Dissected (DHL),Pebble bed (Dihing Formation),Evergreen / Semi evergreen,914,MultiPolygon
LS2014_000698,1,positive,bhuvan_2014,AR/CH/92A11/2014/71,,AR,Arunachal Pradesh,Changlang,27.4653,96.6579,2014,Rainfall,Active,Denudational Hills - Less Dissected (DHL),Pebble bed (Dihing Formation),Evergreen / Semi evergreen,539,MultiPolygon
LS2014_000699,1,positive,bhuvan_2014,AR/CH/92A11/2014/73,,AR,Arunachal Pradesh,Changlang,27.4615,96.662,2014,Rainfall,Active,Denudational Hills - Less Dissected (DHL),Pebble bed (Dihing Formation),Evergreen / Semi evergreen,2269,MultiPolygon
LS2014_000700,1,positive,bhuvan_2014,AR/CH/92A11/2014/74,,AR,Arunachal Pradesh,Changlang,27.4612,96.6631,2014,Rainfall,Active,Denudational Hills - Less Dissected (DHL),Pebble bed (Dihing Formation),Evergreen / Semi evergreen,356,MultiPolygon
LS2014_000701,1,positive,bhuvan_2014,AR/CH/92A11/2014/75,,AR,Arunachal Pradesh,Changlang,27.4607,96.6663,2014,Rainfall,Active,Denudational Hills - Less Dissected (DHL),Pebble bed (Dihing Formation),Evergreen / Semi evergreen,1715,MultiPolygon
LS2014_000702,1,positive,bhuvan_2014,AR/CH/92A11/2014/77,,AR,Arunachal Pradesh,Changlang,27.4603,96.6655,2014,Rainfall,Active,Denudational Hills - Less Dissected (DHL),Pebble bed (Dihing Formation),Evergreen / Semi evergreen,330,MultiPolygon
LS2014_000703,1,positive,bhuvan_2014,AR/CH/92A11/2014/78,,AR,Arunachal Pradesh,Changlang,27.4602,96.6682,2014,Rainfall,Active,Denudational Hills - Less Dissected (DHL),Pebble bed (Dihing Formation),Evergreen / Semi evergreen,1642,MultiPolygon
LS2014_000704,1,positive,bhuvan_2014,AR/CH/92A11/2014/80,,AR,Arunachal Pradesh,Changlang,27.4598,96.6705,2014,Rainfall,Active,Denudational Hills - Less Dissected (DHL),Pebble bed (Dihing Formation),Evergreen / Semi evergreen,609,MultiPolygon
LS2014_000705,1,positive,bhuvan_2014,AR/CH/92A11/2014/81,,AR,Arunachal Pradesh,Changlang,27.4591,96.679,2014,Rainfall,Active,Denudational Hills - Less Dissected (DHL),Pebble bed (Dihing Formation),Evergreen / Semi evergreen,402,MultiPolygon
LS2014_000706,1,positive,bhuvan_2014,AR/CH/92A11/2014/86,,AR,Arunachal Pradesh,Changlang,27.4537,96.6732,2014,Rainfall,Active,Valley (V),Quartzite (Tenga Formation),Evergreen / Semi evergreen,2679,MultiPolygon
LS2014_000707,1,positive,bhuvan_2014,AR/CH/92A11/2014/91,,AR,Arunachal Pradesh,Changlang,27.4492,96.6895,2014,Rainfall,Active,Denudational Hills - Less Dissected (DHL),Pebble bed (Dihing Formation),Evergreen / Semi evergreen,444,MultiPolygon
LS2014_000708,1,positive,bhuvan_2014,AR/CH/92A10/2014/13,,AR,Arunachal Pradesh,Changlang,27.5862,96.5985,2014,Rainfall,Active,Denudational Hills - Less Dissected (DHL),Basalt (Tuting Metavolcanics),Barren Rocky,1992,MultiPolygon
LS2014_000709,1,positive,bhuvan_2014,AR/CH/92A10/2014/14,,AR,Arunachal Pradesh,Changlang,27.5859,96.596,2014,Rainfall,Active,Denudational Hills - Less Dissected (DHL),Basalt (Tuting Metavolcanics),Barren Rocky,5093,MultiPolygon
LS2014_000710,1,positive,bhuvan_2014,AR/CH/92A10/2014/16,,AR,Arunachal Pradesh,Changlang,27.5844,96.5702,2014,Rainfall,Active,Denudational Hills - Less Dissected (DHL),Basalt (Tuting Metavolcanics),Evergreen / Semi evergreen,1084,MultiPolygon
LS2014_000711,1,positive,bhuvan_2014,AR/CH/92A10/2014/20,,AR,Arunachal Pradesh,Changlang,27.5793,96.5903,2014,Rainfall,Active,Denudational Hills - Less Dissected (DHL),Basalt (Tuting Metavolcanics),Barren Rocky,893,MultiPolygon
LS2014_000712,1,positive,bhuvan_2014,AR/CH/92A10/2014/21,,AR,Arunachal Pradesh,Changlang,27.579,96.5914,2014,Rainfall,Active,Denudational Hills - Less Dissected (DHL),Basalt (Tuting Metavolcanics),Barren Rocky,1042,MultiPolygon
LS2014_000713,1,positive,bhuvan_2014,AR/CH/92A10/2014/23,,AR,Arunachal Pradesh,Changlang,27.577,96.5562,2014,Rainfall,Active,Denudational Hills - Less Dissected (DHL),Basalt (Tuting Metavolcanics),Evergreen / Semi evergreen,1089,MultiPolygon
LS2014_000714,1,positive,bhuvan_2014,AR/CH/92A10/2014/24,,AR,Arunachal Pradesh,Changlang,27.5753,96.6075,2014,Rainfall,Active,Denudational Hills - Less Dissected (DHL),Basalt (Tuting Metavolcanics),Evergreen / Semi evergreen,854,MultiPolygon
LS2014_000715,1,positive,bhuvan_2014,AR/CH/92A10/2014/25,,AR,Arunachal Pradesh,Changlang,27.5751,96.586,2014,Rainfall,Active,Denudational Hills - Less Dissected (DHL),Basalt (Tuting Metavolcanics),Evergreen / Semi evergreen,10657,MultiPolygon
LS2014_000716,1,positive,bhuvan_2014,AR/CH/92A10/2014/27,,AR,Arunachal Pradesh,Changlang,27.5721,96.6193,2014,Rainfall,Active,Denudational Hills - Less Dissected (DHL),Basalt (Tuting Metavolcanics),Evergreen / Semi evergreen,1585,MultiPolygon
LS2014_000717,1,positive,bhuvan_2014,AR/CH/92A10/2014/30,,AR,Arunachal Pradesh,Changlang,27.5661,96.5975,2014,Rainfall,Active,Denudational Hills - Less Dissected (DHL),Pebble bed (Dihing Formation),Scrub land,20803,MultiPolygon
LS2014_000718,1,positive,bhuvan_2014,AR/CH/92A10/2014/31,,AR,Arunachal Pradesh,Changlang,27.5633,96.6024,2014,Rainfall,Active,Denudational Hills - Less Dissected (DHL),Pebble bed (Dihing Formation),Scrub land,9619,MultiPolygon
LS2014_000719,1,positive,bhuvan_2014,AR/CH/92A10/2014/44,,AR,Arunachal Pradesh,Changlang,27.5388,96.6681,2014,Rainfall,Active,Denudational Hills - Moderately Dissected (DHM),Basalt (Tuting Metavolcanics),Evergreen / Semi evergreen,3528,MultiPolygon
LS2014_000720,1,positive,bhuvan_2014,AR/AJ/91D12/2014/26,,AR,Arunachal Pradesh,Anjaw,28.063,96.6826,2014,Rainfall,Active,Denudational Hills - Moderately Dissected (DHM),Granitoid Gneiss (Lohit Granitoid Complex),Evergreen / Semi evergreen,608,MultiPolygon
LS2014_000721,1,positive,bhuvan_2014,AR/AJ/91D12/2014/27,,AR,Arunachal Pradesh,Anjaw,28.063,96.6823,2014,Rainfall,Active,Denudational Hills - Moderately Dissected (DHM),Granitoid Gneiss (Lohit Granitoid Complex),Evergreen / Semi evergreen,483,MultiPolygon
LS2014_000722,1,positive,bhuvan_2014,AR/AJ/91D12/2014/10,,AR,Arunachal Pradesh,Anjaw,28.1628,96.578,2014,Rainfall,Active,Denudational Hills - Moderately Dissected (DHM),Schist (Etalin Formation),Evergreen / Semi evergreen,1256,MultiPolygon
LS2014_000723,1,positive,bhuvan_2014,AR/AJ/91D12/2014/11,,AR,Arunachal Pradesh,Anjaw,28.1622,96.5792,2014,Rainfall,Active,Denudational Hills - Moderately Dissected (DHM),Schist (Etalin Formation),Evergreen / Semi evergreen,768,MultiPolygon
LS2014_000724,1,positive,bhuvan_2014,AS/DU/78K02/2014/1,,AS,Assam,Dhuburi,25.613,90.0162,2014,Rainfall,Active,Denudational Hills Moderately Dissected (DHM),"Coarse sandstone, siltstone, clay and marl",Deciduous,455,MultiPolygon
LS2014_000725,1,positive,bhuvan_2014,AS/GP/78J12/2014/32,,AS,Assam,Goalpara,26.0055,90.5113,2014,Rainfall,Active,Residual Hills,Gneissic Group of rocks,Deciduous,571,MultiPolygon
LS2014_000726,1,positive,bhuvan_2014,AS/GP/78J12/2014/33,,AS,Assam,Goalpara,26.005,90.5112,2014,Rainfall,Active,Residual Hills,Gneissic Group of rocks,Deciduous,1947,MultiPolygon
LS2014_000727,1,positive,bhuvan_2014,AS/GP/78J12/2014/34,,AS,Assam,Goalpara,26.0044,90.5211,2014,Rainfall,Active,Residual Hills,Gneissic Group of rocks,Deciduous,326,MultiPolygon
LS2014_000728,1,positive,bhuvan_2014,AS/GP/78J12/2014/35,,AS,Assam,Goalpara,26.0035,90.5195,2014,Rainfall,Active,Residual Hills,Gneissic Group of rocks,Deciduous,438,MultiPolygon
LS2014_000729,1,positive,bhuvan_2014,AS/GP/78K09/2014/37,,AS,Assam,Goalpara,25.9943,90.5995,2014,Rainfall,Active,Residual Hills,Gneissic Group of rocks,Deciduous,574,MultiPolygon
LS2014_000730,1,positive,bhuvan_2014,AS/GP/78K09/2014/40,,AS,Assam,Goalpara,25.9912,90.5992,2014,Rainfall,Active,Residual Hills,Gneissic Group of rocks,Deciduous,961,MultiPolygon
LS2014_000731,1,positive,bhuvan_2014,AS/GP/78K09/2014/41,,AS,Assam,Goalpara,25.9906,90.5997,2014,Rainfall,Active,Residual Hills,Gneissic Group of rocks,Deciduous,1625,MultiPolygon
LS2014_000732,1,positive,bhuvan_2014,AS/GP/78K09/2014/45,,AS,Assam,Goalpara,25.9834,90.5893,2014,Rainfall,Active,Residual Hills,Gneissic Group of rocks,Deciduous,390,MultiPolygon
LS2014_000733,1,positive,bhuvan_2014,AS/GP/78K09/2014/46,,AS,Assam,Goalpara,25.9818,90.5961,2014,Rainfall,Active,Residual Hills,Gneissic Group of rocks,Deciduous,4082,MultiPolygon
LS2014_000734,1,positive,bhuvan_2014,AS/GP/78K09/2014/49,,AS,Assam,Goalpara,25.981,90.5985,2014,Rainfall,Active,Residual Hills,Gneissic Group of rocks,Deciduous,3076,MultiPolygon
LS2014_000735,1,positive,bhuvan_2014,AS/GP/78K09/2014/50,,AS,Assam,Goalpara,25.9806,90.5981,2014,Rainfall,Active,Residual Hills,Gneissic Group of rocks,Deciduous,2914,MultiPolygon
LS2014_000736,1,positive,bhuvan_2014,AS/GP/78K09/2014/54,,AS,Assam,Goalpara,25.9763,90.593,2014,Rainfall,Active,Residual Hills,Gneissic Group of rocks,Deciduous,406,MultiPolygon
LS2014_000737,1,positive,bhuvan_2014,AS/GP/78K09/2014/55,,AS,Assam,Goalpara,25.976,90.5929,2014,Rainfall,Active,Residual Hills,Gneissic Group of rocks,Deciduous,932,MultiPolygon
LS2014_000738,1,positive,bhuvan_2014,AS/GP/78K09/2014/58,,AS,Assam,Goalpara,25.9706,90.596,2014,Rainfall,Active,Residual Hills,Gneissic Group of rocks,Deciduous,646,MultiPolygon
LS2014_000739,1,positive,bhuvan_2014,AS/GP/78K09/2014/59,,AS,Assam,Goalpara,25.9705,90.5951,2014,Rainfall,Active,Residual Hills,Gneissic Group of rocks,Deciduous,861,MultiPolygon
LS2014_000740,1,positive,bhuvan_2014,AS/GP/78K09/2014/63,,AS,Assam,Goalpara,25.967,90.587,2014,Rainfall,Active,Residual Hills,Gneissic Group of rocks,Deciduous,491,MultiPolygon
LS2014_000741,1,positive,bhuvan_2014,AS/GP/78K09/2014/64,,AS,Assam,Goalpara,25.966,90.5873,2014,Rainfall,Active,Residual Hills,Gneissic Group of rocks,Deciduous,612,MultiPolygon
LS2014_000742,1,positive,bhuvan_2014,AS/GP/78K09/2014/65,,AS,Assam,Goalpara,25.966,90.5858,2014,Rainfall,Active,Residual Hills,Gneissic Group of rocks,Deciduous,534,MultiPolygon
LS2014_000743,1,positive,bhuvan_2014,AS/GP/78K09/2014/68,,AS,Assam,Goalpara,25.9644,90.5792,2014,Rainfall,Active,Residual Hills,Gneissic Group of rocks,Deciduous,294,MultiPolygon
LS2014_000744,1,positive,bhuvan_2014,AS/GP/78K09/2014/69,,AS,Assam,Goalpara,25.9635,90.5908,2014,Rainfall,Active,Residual Hills,Gneissic Group of rocks,Deciduous,652,MultiPolygon
LS2014_000745,1,positive,bhuvan_2014,AS/GP/78K09/2014/71,,AS,Assam,Goalpara,25.9629,90.591,2014,Rainfall,Active,Residual Hills,Gneissic Group of rocks,Deciduous,344,MultiPolygon
LS2014_000746,1,positive,bhuvan_2014,AS/GP/78K09/2014/73,,AS,Assam,Goalpara,25.9617,90.598,2014,Rainfall,Active,Residual Hills,Gneissic Group of rocks,Deciduous,561,MultiPolygon
LS2014_000747,1,positive,bhuvan_2014,AS/GP/78K09/2014/75,,AS,Assam,Goalpara,25.9531,90.5745,2014,Rainfall,Active,Residual Hills,Gneissic Group of rocks,Deciduous,1555,MultiPolygon
LS2014_000748,1,positive,bhuvan_2014,AS/GP/78K09/2014/76,,AS,Assam,Goalpara,25.9505,90.576,2014,Rainfall,Active,Denudational Hills-less dissected(DHL),"Gneiss, Archaean to Proterozoic, Basement Genessic Complex of Meghalaya",Deciduous,672,MultiPolygon
LS2014_000749,1,positive,bhuvan_2014,AS/GP/78K09/2014/77,,AS,Assam,Goalpara,25.948,90.572,2014,Rainfall,Active,Valley Fill - Shallow,Gneissic Group of rocks,Deciduous,838,MultiPolygon
LS2014_000750,1,positive,bhuvan_2014,AS/GP/78K09/2014/78,,AS,Assam,Goalpara,25.9477,90.5737,2014,Rainfall,Active,Denudational Hills-less dissected(DHL),"Gneiss, Archaean to Proterozoic, Basement Genessic Complex of Meghalaya",Cropland,1066,MultiPolygon
LS2014_000751,1,positive,bhuvan_2014,AS/BO/78J11/2014/1,,AS,Assam,Bongaigaon,26.3628,90.55,2014,Rainfall,Active,Residual Hills,Gneissic Group of rocks,Deciduous,801,MultiPolygon
LS2014_000752,1,positive,bhuvan_2014,AS/BO/78J11/2014/2,,AS,Assam,Bongaigaon,26.3626,90.5464,2014,Rainfall,Active,Alluvial Plain Younger Deep,Alluvium - sand / silt dominant,Deciduous,693,MultiPolygon
LS2014_000753,1,positive,bhuvan_2014,AS/BO/78J11/2014/3,,AS,Assam,Bongaigaon,26.3556,90.5499,2014,Rainfall,Active,Residual Hills,Gneissic Group of rocks,Deciduous,433,MultiPolygon
LS2014_000754,1,positive,bhuvan_2014,AS/BO/78J11/2014/4,,AS,Assam,Bongaigaon,26.3471,90.5445,2014,Rainfall,Active,Residual Hills,Gneissic Group of rocks,Deciduous,348,MultiPolygon
LS2014_000755,1,positive,bhuvan_2014,AS/BO/78J11/2014/5,,AS,Assam,Bongaigaon,26.3418,90.5439,2014,Rainfall,Active,Residual Hills,Gneissic Group of rocks,Deciduous,499,MultiPolygon
LS2014_000756,1,positive,bhuvan_2014,AS/BO/78J11/2014/6,,AS,Assam,Bongaigaon,26.3327,90.5326,2014,Rainfall,Active,Residual Hills,Gneissic Group of rocks,Deciduous,376,MultiPolygon
LS2014_000757,1,positive,bhuvan_2014,AS/BO/78J11/2014/7,,AS,Assam,Bongaigaon,26.3308,90.5382,2014,Rainfall,Active,Residual Hills,Gneissic Group of rocks,Deciduous,358,MultiPolygon
LS2014_000758,1,positive,bhuvan_2014,AS/BO/78J11/2014/8,,AS,Assam,Bongaigaon,26.3248,90.5156,2014,Rainfall,Active,Residual Hills,Gneissic Group of rocks,Deciduous,323,MultiPolygon
LS2014_000759,1,positive,bhuvan_2014,AS/BO/78J11/2014/9,,AS,Assam,Bongaigaon,26.3245,90.5154,2014,Rainfall,Active,Residual Hills,Gneissic Group of rocks,Deciduous,431,MultiPolygon
LS2014_000760,1,positive,bhuvan_2014,AS/BO/78J11/2014/10,,AS,Assam,Bongaigaon,26.3233,90.5185,2014,Rainfall,Active,Residual Hills,Gneissic Group of rocks,Deciduous,789,MultiPolygon
LS2014_000761,1,positive,bhuvan_2014,AS/BO/78J11/2014/11,,AS,Assam,Bongaigaon,26.3205,90.5233,2014,Rainfall,Active,Residual Hills,Gneissic Group of rocks,Deciduous,723,MultiPolygon
LS2014_000762,1,positive,bhuvan_2014,AS/BO/78J11/2014/12,,AS,Assam,Bongaigaon,26.3137,90.5166,2014,Rainfall,Active,Residual Hills,Gneissic Group of rocks,Deciduous,473,MultiPolygon
LS2014_000763,1,positive,bhuvan_2014,AS/KU/78O01/2014/236,,AS,Assam,Kamrup,25.8259,91.0659,2014,Rainfall,Active,Denudational Hills Moderately dissected,Gneissic Group of rocks,Deciduous,2668,MultiPolygon
LS2014_000764,1,positive,bhuvan_2014,AS/KU/78O01/2014/238,,AS,Assam,Kamrup,25.8239,91.0669,2014,Rainfall,Active,Denudational Hills - Moderately Dissected (DHM),"Gneiss, Archaean to Proterozoic, Basement Genessic Complex of Meghalaya",Deciduous,2879,MultiPolygon
LS2014_000765,1,positive,bhuvan_2014,AS/KU/78O05/2014/30,,AS,Assam,Kamrup,25.9957,91.3379,2014,Rainfall,Active,Denudational Hills Moderately dissected,Gneissic Group of rocks,Evergreen / Semi evergreen,1265,MultiPolygon
LS2014_000766,1,positive,bhuvan_2014,AS/KU/78O05/2014/31,,AS,Assam,Kamrup,25.9954,91.3384,2014,Rainfall,Active,Denudational Hills Moderately dissected,Gneissic Group of rocks,Evergreen / Semi evergreen,1524,MultiPolygon
LS2014_000767,1,positive,bhuvan_2014,AS/KU/78O05/2014/32,,AS,Assam,Kamrup,25.9939,91.346,2014,Rainfall,Active,Denudational Hills Moderately dissected,Gneissic Group of rocks,Evergreen / Semi evergreen,793,MultiPolygon
LS2014_000768,1,positive,bhuvan_2014,AS/KU/78O05/2014/33,,AS,Assam,Kamrup,25.9936,91.347,2014,Rainfall,Active,Denudational Hills Moderately dissected,Gneissic Group of rocks,Evergreen / Semi evergreen,794,MultiPolygon
LS2014_000769,1,positive,bhuvan_2014,AS/KU/78O05/2014/34,,AS,Assam,Kamrup,25.9913,91.3494,2014,Rainfall,Active,Denudational Hills Moderately dissected,Gneissic Group of rocks,Evergreen / Semi evergreen,399,MultiPolygon
LS2014_000770,1,positive,bhuvan_2014,AS/KU/78O05/2014/37,,AS,Assam,Kamrup,25.9798,91.3503,2014,Rainfall,Active,Denudational Hills Moderately dissected,Gneissic Group of rocks,Evergreen / Semi evergreen,1561,MultiPolygon
LS2014_000771,1,positive,bhuvan_2014,AS/KU/78O05/2014/41,,AS,Assam,Kamrup,25.9741,91.3526,2014,Rainfall,Active,Denudational Hills Moderately dissected,Gneissic Group of rocks,Evergreen / Semi evergreen,2141,MultiPolygon
LS2014_000772,1,positive,bhuvan_2014,AS/KU/78O05/2014/44,,AS,Assam,Kamrup,25.9655,91.3801,2014,Rainfall,Active,Denudational Hills Moderately dissected,Gneissic Group of rocks,Evergreen / Semi evergreen,177,MultiPolygon
LS2014_000773,1,positive,bhuvan_2014,AS/KU/78O05/2014/45,,AS,Assam,Kamrup,25.9651,91.3779,2014,Rainfall,Active,Denudational Hills Moderately dissected,Gneissic Group of rocks,Evergreen / Semi evergreen,1049,MultiPolygon
LS2014_000774,1,positive,bhuvan_2014,AS/KU/78O05/2014/46,,AS,Assam,Kamrup,25.9641,91.378,2014,Rainfall,Active,Denudational Hills Moderately dissected,Gneissic Group of rocks,Evergreen / Semi evergreen,856,MultiPolygon
LS2014_000775,1,positive,bhuvan_2014,AS/KU/78O05/2014/47,,AS,Assam,Kamrup,25.964,91.3783,2014,Rainfall,Active,Denudational Hills Moderately dissected,Gneissic Group of rocks,Evergreen / Semi evergreen,389,MultiPolygon
LS2014_000776,1,positive,bhuvan_2014,AS/KU/78O05/2014/48,,AS,Assam,Kamrup,25.9597,91.3541,2014,Rainfall,Active,Denudational Hills Moderately dissected,Gneissic Group of rocks,Scrub Forest,1552,MultiPolygon
LS2014_000777,1,positive,bhuvan_2014,AS/KU/78O05/2014/49,,AS,Assam,Kamrup,25.9596,91.3652,2014,Rainfall,Active,Denudational Hills Moderately dissected,Gneissic Group of rocks,Evergreen / Semi evergreen,936,MultiPolygon
LS2014_000778,1,positive,bhuvan_2014,AS/KU/78O05/2014/50,,AS,Assam,Kamrup,25.9592,91.3702,2014,Rainfall,Active,Denudational Hills Moderately dissected,Gneissic Group of rocks,Evergreen / Semi evergreen,1384,MultiPolygon
LS2014_000779,1,positive,bhuvan_2014,AS/KU/78O05/2014/51,,AS,Assam,Kamrup,25.9587,91.3403,2014,Rainfall,Active,Denudational Hills Moderately dissected,Gneissic Group of rocks,Evergreen / Semi evergreen,977,MultiPolygon
LS2014_000780,1,positive,bhuvan_2014,AS/KU/78O05/2014/52,,AS,Assam,Kamrup,25.9543,91.3531,2014,Rainfall,Active,Denudational Hills Moderately dissected,Gneissic Group of rocks,Scrub Forest,842,MultiPolygon
LS2014_000781,1,positive,bhuvan_2014,AS/KU/78O05/2014/53,,AS,Assam,Kamrup,25.9542,91.3339,2014,Rainfall,Active,Denudational Hills Moderately dissected,Gneissic Group of rocks,Evergreen / Semi evergreen,704,MultiPolygon
LS2014_000782,1,positive,bhuvan_2014,AS/KU/78O05/2014/54,,AS,Assam,Kamrup,25.9511,91.336,2014,Rainfall,Active,Denudational Hills Moderately dissected,Gneissic Group of rocks,Scrub Forest,972,MultiPolygon
LS2014_000783,1,positive,bhuvan_2014,AS/KU/78O05/2014/55,,AS,Assam,Kamrup,25.9491,91.3549,2014,Rainfall,Active,Denudational Hills Moderately dissected,Gneissic Group of rocks,Scrub Forest,825,MultiPolygon
LS2014_000784,1,positive,bhuvan_2014,AS/KU/78O05/2014/56,,AS,Assam,Kamrup,25.9333,91.3322,2014,Rainfall,Active,Denudational Hills Moderately dissected,Gneissic Group of rocks,Evergreen / Semi evergreen,1002,MultiPolygon
LS2014_000785,1,positive,bhuvan_2014,AS/KU/78O05/2014/57,,AS,Assam,Kamrup,25.9313,91.3344,2014,Rainfall,Active,Denudational Hills Moderately dissected,Gneissic Group of rocks,Evergreen / Semi evergreen,1142,MultiPolygon
LS2014_000786,1,positive,bhuvan_2014,AS/KU/78O05/2014/58,,AS,Assam,Kamrup,25.9299,91.3416,2014,Rainfall,Active,Denudational Hills Moderately dissected,Gneissic Group of rocks,Evergreen / Semi evergreen,720,MultiPolygon
LS2014_000787,1,positive,bhuvan_2014,AS/KU/78O05/2014/59,,AS,Assam,Kamrup,25.929,91.3299,2014,Rainfall,Active,Denudational Hills Moderately dissected,Gneissic Group of rocks,Evergreen / Semi evergreen,560,MultiPolygon
LS2014_000788,1,positive,bhuvan_2014,AS/KU/78O05/2014/61,,AS,Assam,Kamrup,25.9241,91.3238,2014,Rainfall,Active,Denudational Hills Moderately dissected,Gneissic Group of rocks,Evergreen / Semi evergreen,936,MultiPolygon
LS2014_000789,1,positive,bhuvan_2014,AS/KU/78O05/2014/63,,AS,Assam,Kamrup,25.9223,91.3258,2014,Rainfall,Active,Denudational Hills Moderately dissected,Gneissic Group of rocks,Evergreen / Semi evergreen,547,MultiPolygon
LS2014_000790,1,positive,bhuvan_2014,AS/KU/78O05/2014/65,,AS,Assam,Kamrup,25.9196,91.3482,2014,Rainfall,Active,Denudational Hills Moderately dissected,Gneissic Group of rocks,Evergreen / Semi evergreen,526,MultiPolygon
LS2014_000791,1,positive,bhuvan_2014,AS/KU/78O05/2014/69,,AS,Assam,Kamrup,25.9184,91.4177,2014,Rainfall,Active,Denudational Hills Moderately dissected,Gneissic Group of rocks,Deciduous,925,MultiPolygon
LS2014_000792,1,positive,bhuvan_2014,AS/KU/78O09/2014/36,,AS,Assam,Kamrup,25.9806,91.6787,2014,Rainfall,Active,Denudational Hills Moderately dissected,Gneissic Group of rocks,Evergreen / Semi evergreen,701,MultiPolygon
LS2014_000793,1,positive,bhuvan_2014,AS/KU/78O09/2014/38,,AS,Assam,Kamrup,25.977,91.6863,2014,Rainfall,Active,Denudational Hills Moderately dissected,Gneissic Group of rocks,Evergreen / Semi evergreen,370,MultiPolygon
LS2014_000794,1,positive,bhuvan_2014,AS/KU/78O09/2014/39,,AS,Assam,Kamrup,25.9768,91.6753,2014,Rainfall,Active,Denudational Hills Moderately dissected,Gneissic Group of rocks,Evergreen / Semi evergreen,522,MultiPolygon
LS2014_000795,1,positive,bhuvan_2014,AS/KU/78O09/2014/40,,AS,Assam,Kamrup,25.9759,91.68,2014,Rainfall,Active,Denudational Hills Moderately dissected,Gneissic Group of rocks,Evergreen / Semi evergreen,355,MultiPolygon
LS2014_000796,1,positive,bhuvan_2014,AS/KU/78O09/2014/42,,AS,Assam,Kamrup,25.9713,91.6905,2014,Rainfall,Active,Denudational Hills Moderately dissected,Gneissic Group of rocks,Evergreen / Semi evergreen,536,MultiPolygon
LS2014_000797,1,positive,bhuvan_2014,AS/KU/78O09/2014/43,,AS,Assam,Kamrup,25.9663,91.6713,2014,Rainfall,Active,Denudational Hills Moderately dissected,Gneissic Group of rocks,Evergreen / Semi evergreen,691,MultiPolygon
LS2014_000798,1,positive,bhuvan_2014,AS/KG/83C05/2014/61,,AS,Assam,Karbi Anglong,25.7987,92.2711,2014,Rainfall,Active,Denudational Hill Less dissected,Quartzite,Evergreen / Semi evergreen,435,MultiPolygon
LS2014_000799,1,positive,bhuvan_2014,AS/KG/83C05/2014/64,,AS,Assam,Karbi Anglong,25.7831,92.3262,2014,Rainfall,Active,Denudational Hill Less dissected,Quartzite,Scrub land,1123,MultiPolygon
LS2014_000800,1,positive,bhuvan_2014,AS/KU/78N16/2014/1,,AS,Assam,Kamrup,26.1923,91.9244,2014,Rainfall,Active,Denudational Hills Moderately dissected,Gneissic Group of rocks,Evergreen / Semi evergreen,427,MultiPolygon
LS2014_000801,1,positive,bhuvan_2014,AS/KU/78N16/2014/2,,AS,Assam,Kamrup,26.192,91.9248,2014,Rainfall,Active,Denudational Hills Moderately dissected,Gneissic Group of rocks,Evergreen / Semi evergreen,248,MultiPolygon
LS2014_000802,1,positive,bhuvan_2014,AS/KU/78N16/2014/4,,AS,Assam,Kamrup,26.1908,91.9417,2014,Rainfall,Active,Denudational Hills Moderately dissected,Gneissic Group of rocks,Evergreen / Semi evergreen,751,MultiPolygon
LS2014_000803,1,positive,bhuvan_2014,AS/KU/78N16/2014/5,,AS,Assam,Kamrup,26.1876,91.9458,2014,Rainfall,Active,Denudational Hills Moderately dissected,Gneissic Group of rocks,Evergreen / Semi evergreen,429,MultiPolygon
LS2014_000804,1,positive,bhuvan_2014,AS/KU/78N16/2014/6,,AS,Assam,Kamrup,26.1848,91.9354,2014,Rainfall,Active,Denudational Hills Moderately dissected,Gneissic Group of rocks,Evergreen / Semi evergreen,493,MultiPolygon
LS2014_000805,1,positive,bhuvan_2014,AS/KU/78N16/2014/7,,AS,Assam,Kamrup,26.1759,91.95,2014,Rainfall,Active,Denudational Hills Moderately dissected,Gneissic Group of rocks,Deciduous,633,MultiPolygon
LS2014_000806,1,positive,bhuvan_2014,AS/KU/78N16/2014/8,,AS,Assam,Kamrup,26.135,91.937,2014,Rainfall,Active,Denudational Hills Moderately dissected,Gneissic Group of rocks,Deciduous,1018,MultiPolygon
LS2014_000807,1,positive,bhuvan_2014,AS/HA/83D11/2014/7,,AS,Assam,Hailakandi,24.2558,92.5614,2014,Rainfall,Active,Valley Fill - Shallow,Shale,Evergreen / Semi evergreen,515,MultiPolygon
LS2014_000808,1,positive,bhuvan_2014,AS/HA/83D11/2014/8,,AS,Assam,Hailakandi,24.2527,92.5468,2014,Rainfall,Active,Valley Fill - Shallow,Shale,Evergreen / Semi evergreen,1121,MultiPolygon
LS2014_000809,1,positive,bhuvan_2014,AS/CA/83D14/2014/261,,AS,Assam,Cachar,24.5165,92.9095,2014,Rainfall,Active,Structural Hills Highly dissected,Shale,Evergreen / Semi evergreen,292,MultiPolygon
LS2014_000810,1,positive,bhuvan_2014,AS/CA/83D14/2014/267,,AS,Assam,Cachar,24.5161,92.91,2014,Rainfall,Active,Structural Hills Highly dissected,Shale,Evergreen / Semi evergreen,857,MultiPolygon
LS2014_000811,1,positive,bhuvan_2014,AS/CA/83D14/2014/272,,AS,Assam,Cachar,24.5139,92.9054,2014,Rainfall,Active,Structural Hills Highly dissected,Shale,Evergreen / Semi evergreen,239,MultiPolygon
LS2014_000812,1,positive,bhuvan_2014,AS/CA/83D14/2014/273,,AS,Assam,Cachar,24.5137,92.9103,2014,Rainfall,Active,Structural Hills Highly dissected,Shale,Evergreen / Semi evergreen,277,MultiPolygon
LS2014_000813,1,positive,bhuvan_2014,AS/CA/83D14/2014/275,,AS,Assam,Cachar,24.513,92.9065,2014,Rainfall,Active,Structural Hills Highly dissected,Shale,Evergreen / Semi evergreen,211,MultiPolygon
LS2014_000814,1,positive,bhuvan_2014,AS/CA/83D14/2014/277,,AS,Assam,Cachar,24.5128,92.909,2014,Rainfall,Active,Structural Hills Highly dissected,Shale,Evergreen / Semi evergreen,223,MultiPolygon
LS2014_000815,1,positive,bhuvan_2014,AS/CA/83D14/2014/278,,AS,Assam,Cachar,24.5127,92.8936,2014,Rainfall,Active,Structural Hills Highly dissected,Shale,Evergreen / Semi evergreen,118,MultiPolygon
LS2014_000816,1,positive,bhuvan_2014,AS/CA/83D14/2014/279,,AS,Assam,Cachar,24.5127,92.8932,2014,Rainfall,Active,Structural Hills Highly dissected,Shale,Evergreen / Semi evergreen,138,MultiPolygon
LS2014_000817,1,positive,bhuvan_2014,AS/CA/83D14/2014/280,,AS,Assam,Cachar,24.5127,92.8924,2014,Rainfall,Active,Structural Hills Highly dissected,Shale,Evergreen / Semi evergreen,442,MultiPolygon
LS2014_000818,1,positive,bhuvan_2014,AS/CA/83D14/2014/281,,AS,Assam,Cachar,24.5126,92.8917,2014,Rainfall,Active,Structural Hills Highly dissected,Shale,Evergreen / Semi evergreen,414,MultiPolygon
LS2014_000819,1,positive,bhuvan_2014,AS/CA/83D14/2014/284,,AS,Assam,Cachar,24.5121,92.8965,2014,Rainfall,Active,Structural Hills Highly dissected,Shale,Evergreen / Semi evergreen,207,MultiPolygon
LS2014_000820,1,positive,bhuvan_2014,AS/CA/83D14/2014/290,,AS,Assam,Cachar,24.5112,92.9082,2014,Rainfall,Active,Structural Hills Highly dissected,Shale,Evergreen / Semi evergreen,190,MultiPolygon
LS2014_000821,1,positive,bhuvan_2014,AS/CA/83D14/2014/291,,AS,Assam,Cachar,24.511,92.9072,2014,Rainfall,Active,Structural Hills Highly dissected,Shale,Evergreen / Semi evergreen,202,MultiPolygon
LS2014_000822,1,positive,bhuvan_2014,AS/CA/83D14/2014/293,,AS,Assam,Cachar,24.5106,92.9331,2014,Rainfall,Active,Structural Hills Moderately dissected,Sandstone,Evergreen / Semi evergreen,130,MultiPolygon
LS2014_000823,1,positive,bhuvan_2014,AS/CA/83D14/2014/294,,AS,Assam,Cachar,24.5104,92.9072,2014,Rainfall,Active,Structural Hills Highly dissected,Shale,Evergreen / Semi evergreen,157,MultiPolygon
LS2014_000824,1,positive,bhuvan_2014,AS/CA/83D14/2014/297,,AS,Assam,Cachar,24.5101,92.9106,2014,Rainfall,Active,Structural Hills Highly dissected,Shale,Evergreen / Semi evergreen,317,MultiPolygon
LS2014_000825,1,positive,bhuvan_2014,AS/CA/83D14/2014/298,,AS,Assam,Cachar,24.51,92.9103,2014,Rainfall,Active,Structural Hills Highly dissected,Shale,Evergreen / Semi evergreen,165,MultiPolygon
LS2014_000826,1,positive,bhuvan_2014,AS/CA/83D14/2014/300,,AS,Assam,Cachar,24.509,92.8883,2014,Rainfall,Active,Structural Hills Highly dissected,Shale,Evergreen / Semi evergreen,1360,MultiPolygon
LS2014_000827,1,positive,bhuvan_2014,AS/CA/83D14/2014/301,,AS,Assam,Cachar,24.5087,92.9065,2014,Rainfall,Active,Structural Hills Highly dissected,Shale,Evergreen / Semi evergreen,324,MultiPolygon
LS2014_000828,1,positive,bhuvan_2014,AS/CA/83D14/2014/302,,AS,Assam,Cachar,24.5086,92.9183,2014,Rainfall,Active,Structural Hills Moderately dissected,Sandstone,Scrub Forest,268,MultiPolygon
LS2014_000829,1,positive,bhuvan_2014,AS/CA/83D14/2014/303,,AS,Assam,Cachar,24.5085,92.892,2014,Rainfall,Active,Structural Hills Highly dissected,Shale,Evergreen / Semi evergreen,288,MultiPolygon
LS2014_000830,1,positive,bhuvan_2014,AS/CA/83D14/2014/304,,AS,Assam,Cachar,24.5084,92.8834,2014,Rainfall,Active,Structural Hills Highly dissected,Shale,Evergreen / Semi evergreen,199,MultiPolygon
LS2014_000831,1,positive,bhuvan_2014,AS/CA/83D14/2014/305,,AS,Assam,Cachar,24.5081,92.8919,2014,Rainfall,Active,Structural Hills Highly dissected,Shale,Evergreen / Semi evergreen,296,MultiPolygon
LS2014_000832,1,positive,bhuvan_2014,AS/CA/83D14/2014/306,,AS,Assam,Cachar,24.508,92.8914,2014,Rainfall,Active,Structural Hills Highly dissected,Shale,Evergreen / Semi evergreen,244,MultiPolygon
LS2014_000833,1,positive,bhuvan_2014,AS/CA/83D14/2014/309,,AS,Assam,Cachar,24.5071,92.8834,2014,Rainfall,Active,Structural Hills Highly dissected,Shale,Evergreen / Semi evergreen,330,MultiPolygon
LS2014_000834,1,positive,bhuvan_2014,AS/CA/83D14/2014/310,,AS,Assam,Cachar,24.507,92.8809,2014,Rainfall,Active,Structural Hills Highly dissected,Shale,Evergreen / Semi evergreen,320,MultiPolygon
LS2014_000835,1,positive,bhuvan_2014,AS/CA/83D14/2014/311,,AS,Assam,Cachar,24.5063,92.8835,2014,Rainfall,Active,Structural Hills Highly dissected,Shale,Evergreen / Semi evergreen,690,MultiPolygon
LS2014_000836,1,positive,bhuvan_2014,AS/CA/83D14/2014/312,,AS,Assam,Cachar,24.5062,92.8799,2014,Rainfall,Active,Structural Hills Highly dissected,Shale,Evergreen / Semi evergreen,404,MultiPolygon
LS2014_000837,1,positive,bhuvan_2014,AS/CA/83D14/2014/313,,AS,Assam,Cachar,24.5061,92.9298,2014,Rainfall,Active,Structural Hills Moderately dissected,Sandstone,Evergreen / Semi evergreen,201,MultiPolygon
LS2014_000838,1,positive,bhuvan_2014,AS/CA/83D14/2014/314,,AS,Assam,Cachar,24.5061,92.9208,2014,Rainfall,Active,Structural Hills Moderately dissected,Sandstone,Evergreen / Semi evergreen,248,MultiPolygon
LS2014_000839,1,positive,bhuvan_2014,AS/CA/83D14/2014/317,,AS,Assam,Cachar,24.5056,92.8774,2014,Rainfall,Active,Structural Hills Highly dissected,Shale,Evergreen / Semi evergreen,957,MultiPolygon
LS2014_000840,1,positive,bhuvan_2014,AS/CA/83D14/2014/318,,AS,Assam,Cachar,24.5055,92.8771,2014,Rainfall,Active,Structural Hills Highly dissected,Shale,Evergreen / Semi evergreen,639,MultiPolygon
LS2014_000841,1,positive,bhuvan_2014,AS/CA/83D14/2014/319,,AS,Assam,Cachar,24.5053,92.8984,2014,Rainfall,Active,Structural Hills Highly dissected,Shale,Evergreen / Semi evergreen,191,MultiPolygon
LS2014_000842,1,positive,bhuvan_2014,AS/CA/83D14/2014/320,,AS,Assam,Cachar,24.5052,92.898,2014,Rainfall,Active,Structural Hills Highly dissected,Shale,Evergreen / Semi evergreen,277,MultiPolygon
LS2014_000843,1,positive,bhuvan_2014,AS/CA/83D14/2014/322,,AS,Assam,Cachar,24.5051,92.8992,2014,Rainfall,Active,Structural Hills Highly dissected,Shale,Evergreen / Semi evergreen,218,MultiPolygon
LS2014_000844,1,positive,bhuvan_2014,AS/CA/83D14/2014/324,,AS,Assam,Cachar,24.5048,92.9097,2014,Rainfall,Active,Structural Hills Moderately dissected,Sandstone,Evergreen / Semi evergreen,209,MultiPolygon
LS2014_000845,1,positive,bhuvan_2014,AS/CA/83D14/2014/325,,AS,Assam,Cachar,24.5046,92.8971,2014,Rainfall,Active,Structural Hills Highly dissected,Shale,Evergreen / Semi evergreen,159,MultiPolygon
LS2014_000846,1,positive,bhuvan_2014,AS/CA/83D14/2014/328,,AS,Assam,Cachar,24.5043,92.9142,2014,Rainfall,Active,Structural Hills Moderately dissected,Sandstone,Evergreen / Semi evergreen,105,MultiPolygon
LS2014_000847,1,positive,bhuvan_2014,AS/CA/83D14/2014/329,,AS,Assam,Cachar,24.5042,92.8791,2014,Rainfall,Active,Structural Hills Highly dissected,Shale,Evergreen / Semi evergreen,250,MultiPolygon
LS2014_000848,1,positive,bhuvan_2014,AS/CA/83D14/2014/330,,AS,Assam,Cachar,24.5041,92.8793,2014,Rainfall,Active,Structural Hills Highly dissected,Shale,Evergreen / Semi evergreen,711,MultiPolygon
LS2014_000849,1,positive,bhuvan_2014,AS/CA/83D14/2014/331,,AS,Assam,Cachar,24.5038,92.8956,2014,Rainfall,Active,Structural Hills Highly dissected,Shale,Cuirrent Shifting Cultivation,987,MultiPolygon
LS2014_000850,1,positive,bhuvan_2014,AS/CA/83D14/2014/332,,AS,Assam,Cachar,24.5037,92.9105,2014,Rainfall,Active,Structural Hills Moderately dissected,Sandstone,Evergreen / Semi evergreen,469,MultiPolygon
LS2014_000851,1,positive,bhuvan_2014,AS/CA/83D14/2014/333,,AS,Assam,Cachar,24.5036,92.8967,2014,Rainfall,Active,Structural Hills Highly dissected,Shale,Evergreen / Semi evergreen,105,MultiPolygon
LS2014_000852,1,positive,bhuvan_2014,AS/CA/83D14/2014/334,,AS,Assam,Cachar,24.5035,92.8986,2014,Rainfall,Active,Structural Hills Highly dissected,Shale,Evergreen / Semi evergreen,129,MultiPolygon
LS2014_000853,1,positive,bhuvan_2014,AS/CA/83D14/2014/335,,AS,Assam,Cachar,24.5032,92.8946,2014,Rainfall,Active,Structural Hills Highly dissected,Shale,Cuirrent Shifting Cultivation,219,MultiPolygon
LS2014_000854,1,positive,bhuvan_2014,AS/CA/83D14/2014/336,,AS,Assam,Cachar,24.5029,92.9144,2014,Rainfall,Active,Structural Hills Moderately dissected,Sandstone,Evergreen / Semi evergreen,100,MultiPolygon
LS2014_000855,1,positive,bhuvan_2014,AS/CA/83D14/2014/337,,AS,Assam,Cachar,24.5028,92.894,2014,Rainfall,Active,Structural Hills Highly dissected,Shale,Cuirrent Shifting Cultivation,132,MultiPolygon
LS2014_000856,1,positive,bhuvan_2014,AS/CA/83D14/2014/338,,AS,Assam,Cachar,24.5027,92.9305,2014,Rainfall,Active,Structural Hills Moderately dissected,Sandstone,Evergreen / Semi evergreen,315,MultiPolygon
LS2014_000857,1,positive,bhuvan_2014,AS/CA/83D14/2014/341,,AS,Assam,Cachar,24.502,92.883,2014,Rainfall,Active,Structural Hills Highly dissected,Shale,Evergreen / Semi evergreen,204,MultiPolygon
LS2014_000858,1,positive,bhuvan_2014,AS/CA/83D14/2014/342,,AS,Assam,Cachar,24.5019,92.9182,2014,Rainfall,Active,Structural Hills Moderately dissected,Sandstone,Evergreen / Semi evergreen,333,MultiPolygon
LS2014_000859,1,positive,bhuvan_2014,AS/CA/83C12/2014/14,,AS,Assam,Cachar,25.0429,92.5079,2014,Rainfall,Active,Structural Hills Moderately dissected,Sandstone with shale,Evergreen / Semi evergreen,1657,MultiPolygon
LS2014_000860,1,positive,bhuvan_2014,AS/CA/83C12/2014/16,,AS,Assam,Cachar,25.0404,92.5387,2014,Rainfall,Active,Structural Hills Moderately dissected,Sandstone with shale,Evergreen / Semi evergreen,872,MultiPolygon
LS2014_000861,1,positive,bhuvan_2014,AS/CA/83C12/2014/17,,AS,Assam,Cachar,25.04,92.6305,2014,Rainfall,Active,Structural Hills Moderately dissected,Sandstone with shale,Evergreen / Semi evergreen,542,MultiPolygon
LS2014_000862,1,positive,bhuvan_2014,AS/CA/83C12/2014/18,,AS,Assam,Cachar,25.04,92.5374,2014,Rainfall,Active,Structural Hills Moderately dissected,Sandstone with shale,Evergreen / Semi evergreen,470,MultiPolygon
LS2014_000863,1,positive,bhuvan_2014,AS/CA/83C12/2014/19,,AS,Assam,Cachar,25.0379,92.6162,2014,Rainfall,Active,Structural Hills Moderately dissected,Sandstone with shale,Evergreen / Semi evergreen,778,MultiPolygon
LS2014_000864,1,positive,bhuvan_2014,AS/CA/83C12/2014/24,,AS,Assam,Cachar,25.0344,92.6204,2014,Rainfall,Active,Structural Hills Moderately dissected,Sandstone with shale,Evergreen / Semi evergreen,475,MultiPolygon
LS2014_000865,1,positive,bhuvan_2014,AS/CA/83C12/2014/27,,AS,Assam,Cachar,25.032,92.5292,2014,Rainfall,Active,Structural Hills Highly dissected,Shaly sandstone,Evergreen / Semi evergreen,929,MultiPolygon
LS2014_000866,1,positive,bhuvan_2014,AS/CA/83C08/2014/28,,AS,Assam,Cachar,25.032,92.4946,2014,Rainfall,Active,Structural Hills Highly dissected,Shaly sandstone,Evergreen / Semi evergreen,651,MultiPolygon
LS2014_000867,1,positive,bhuvan_2014,AS/CA/83C12/2014/32,,AS,Assam,Cachar,25.0302,92.6245,2014,Rainfall,Active,Structural Hills Highly dissected,Shaly sandstone,Evergreen / Semi evergreen,855,MultiPolygon
LS2014_000868,1,positive,bhuvan_2014,AS/CA/83C12/2014/34,,AS,Assam,Cachar,25.0288,92.6207,2014,Rainfall,Active,Structural Hills Highly dissected,Shaly sandstone,Evergreen / Semi evergreen,828,MultiPolygon
LS2014_000869,1,positive,bhuvan_2014,AS/CA/83C12/2014/35,,AS,Assam,Cachar,25.0285,92.5101,2014,Rainfall,Active,Structural Hills Highly dissected,Shaly sandstone,Evergreen / Semi evergreen,1407,MultiPolygon
LS2014_000870,1,positive,bhuvan_2014,AS/CA/83C12/2014/37,,AS,Assam,Cachar,25.0284,92.5033,2014,Rainfall,Active,Structural Hills Highly dissected,Shaly sandstone,Evergreen / Semi evergreen,659,MultiPolygon
LS2014_000871,1,positive,bhuvan_2014,AS/CA/83C12/2014/41,,AS,Assam,Cachar,25.0275,92.6234,2014,Rainfall,Active,Structural Hills Highly dissected,Shaly sandstone,Evergreen / Semi evergreen,279,MultiPolygon
LS2014_000872,1,positive,bhuvan_2014,AS/CA/83C12/2014/43,,AS,Assam,Cachar,25.0263,92.6224,2014,Rainfall,Active,Structural Hills Highly dissected,Shaly sandstone,Evergreen / Semi evergreen,1011,MultiPolygon
LS2014_000873,1,positive,bhuvan_2014,AS/CA/83C12/2014/50,,AS,Assam,Cachar,25.0246,92.5123,2014,Rainfall,Active,Structural Hills Highly dissected,Shaly sandstone,Evergreen / Semi evergreen,462,MultiPolygon
LS2014_000874,1,positive,bhuvan_2014,AS/CA/83C08/2014/55,,AS,Assam,Cachar,25.0233,92.4915,2014,Rainfall,Active,Structural Hills Highly dissected,Shale,Plantation,686,MultiPolygon
LS2014_000875,1,positive,bhuvan_2014,AS/CA/83C12/2014/59,,AS,Assam,Cachar,25.0226,92.5005,2014,Rainfall,Active,Structural Hills Highly dissected,Shale,Evergreen / Semi evergreen,443,MultiPolygon
LS2014_000876,1,positive,bhuvan_2014,AS/CA/83C12/2014/61,,AS,Assam,Cachar,25.0217,92.6365,2014,Rainfall,Active,Structural Hills Highly dissected,Shaly sandstone,Evergreen / Semi evergreen,561,MultiPolygon
LS2014_000877,1,positive,bhuvan_2014,AS/CA/83C12/2014/63,,AS,Assam,Cachar,25.0204,92.5792,2014,Rainfall,Active,Structural Hills Highly dissected,Shaly sandstone,Evergreen / Semi evergreen,650,MultiPolygon
LS2014_000878,1,positive,bhuvan_2014,AS/CA/83C12/2014/65,,AS,Assam,Cachar,25.0192,92.5433,2014,Rainfall,Active,Structural Hills Highly dissected,Shaly sandstone,Evergreen / Semi evergreen,723,MultiPolygon
LS2014_000879,1,positive,bhuvan_2014,AS/CA/83C12/2014/69,,AS,Assam,Cachar,25.0179,92.584,2014,Rainfall,Active,Structural Hills Highly dissected,Shale,Evergreen / Semi evergreen,674,MultiPolygon
LS2014_000880,1,positive,bhuvan_2014,AS/CA/83C12/2014/73,,AS,Assam,Cachar,25.0107,92.5424,2014,Rainfall,Active,Structural Hills Highly dissected,Shale,Plantation,844,MultiPolygon
LS2014_000881,1,positive,bhuvan_2014,AS/CA/83C12/2014/74,,AS,Assam,Cachar,25.0098,92.5846,2014,Rainfall,Active,Structural Hills Highly dissected,Shale,Evergreen / Semi evergreen,198,MultiPolygon
LS2014_000882,1,positive,bhuvan_2014,AS/CA/83C12/2014/80,,AS,Assam,Cachar,25.007,92.5783,2014,Rainfall,Active,Structural Hills Highly dissected,Shale,Evergreen / Semi evergreen,1746,MultiPolygon
LS2014_000883,1,positive,bhuvan_2014,AS/CA/83C12/2014/84,,AS,Assam,Cachar,25.0031,92.6237,2014,Rainfall,Active,Structural Hills Highly dissected,Shaly sandstone,Evergreen / Semi evergreen,564,MultiPolygon
LS2014_000884,1,positive,bhuvan_2014,AS/CA/83D09/2014/95,,AS,Assam,Cachar,24.9935,92.6393,2014,Rainfall,Active,Structural Hills Highly dissected,Shaly sandstone,Evergreen / Semi evergreen,961,MultiPolygon
LS2014_000885,1,positive,bhuvan_2014,AS/CA/83D09/2014/98,,AS,Assam,Cachar,24.9929,92.6357,2014,Rainfall,Active,Structural Hills Highly dissected,Shaly sandstone,Evergreen / Semi evergreen,888,MultiPolygon
LS2014_000886,1,positive,bhuvan_2014,AS/CA/83D09/2014/105,,AS,Assam,Cachar,24.9876,92.6202,2014,Rainfall,Active,Structural Hills Highly dissected,Shaly sandstone,Evergreen / Semi evergreen,886,MultiPolygon
LS2014_000887,1,positive,bhuvan_2014,AS/CA/83C16/2014/9,,AS,Assam,Cachar,25.0669,92.9109,2014,Rainfall,Active,Structural Hills Moderately dissected,Sandstone with shale,Evergreen / Semi evergreen,3024,MultiPolygon
LS2014_000888,1,positive,bhuvan_2014,AS/CA/83C16/2014/10,,AS,Assam,Cachar,25.0584,92.8733,2014,Rainfall,Active,Structural Hills Moderately dissected,Sandstone with shale,Evergreen / Semi evergreen,524,MultiPolygon
LS2014_000889,1,positive,bhuvan_2014,AS/CA/83C16/2014/11,,AS,Assam,Cachar,25.0559,92.8187,2014,Rainfall,Active,Structural Hills Moderately dissected,Sandstone with shale,Evergreen / Semi evergreen,560,MultiPolygon
LS2014_000890,1,positive,bhuvan_2014,AS/CA/83C16/2014/13,,AS,Assam,Cachar,25.0472,92.8387,2014,Rainfall,Active,Structural Hills Moderately dissected,Sandstone with shale,Evergreen / Semi evergreen,381,MultiPolygon
LS2014_000891,1,positive,bhuvan_2014,AS/CA/83C16/2014/15,,AS,Assam,Cachar,25.0423,92.8457,2014,Rainfall,Active,Structural Hills Moderately dissected,Sandstone with shale,Evergreen / Semi evergreen,756,MultiPolygon
LS2014_000892,1,positive,bhuvan_2014,AS/CA/83C16/2014/20,,AS,Assam,Cachar,25.037,92.8283,2014,Rainfall,Active,Structural Hills Moderately dissected,Sandstone with shale,Evergreen / Semi evergreen,999,MultiPolygon
LS2014_000893,1,positive,bhuvan_2014,AS/CA/83C16/2014/21,,AS,Assam,Cachar,25.0366,92.8698,2014,Rainfall,Active,Structural Hills Highly dissected,Shaly sandstone,Evergreen / Semi evergreen,675,MultiPolygon
LS2014_000894,1,positive,bhuvan_2014,AS/CA/83C16/2014/25,,AS,Assam,Cachar,25.0336,92.8814,2014,Rainfall,Active,Structural Hills Highly dissected,Shaly sandstone,Evergreen / Semi evergreen,441,MultiPolygon
LS2014_000895,1,positive,bhuvan_2014,AS/CA/83C16/2014/26,,AS,Assam,Cachar,25.032,92.8926,2014,Rainfall,Active,Structural Hills Highly dissected,Shale,Evergreen / Semi evergreen,279,MultiPolygon
LS2014_000896,1,positive,bhuvan_2014,AS/CA/83C16/2014/29,,AS,Assam,Cachar,25.0319,92.7988,2014,Rainfall,Active,Structural Hills Moderately dissected,Sandstone with shale,Evergreen / Semi evergreen,1106,MultiPolygon
LS2014_000897,1,positive,bhuvan_2014,AS/CA/83C16/2014/30,,AS,Assam,Cachar,25.0311,92.8975,2014,Rainfall,Active,Structural Hills Highly dissected,Shale,Evergreen / Semi evergreen,473,MultiPolygon
LS2014_000898,1,positive,bhuvan_2014,AS/CA/83C16/2014/33,,AS,Assam,Cachar,25.0289,92.7957,2014,Rainfall,Active,Structural Hills Moderately dissected,Sandstone with shale,Evergreen / Semi evergreen,1238,MultiPolygon
LS2014_000899,1,positive,bhuvan_2014,AS/CA/83C16/2014/36,,AS,Assam,Cachar,25.0284,92.8386,2014,Rainfall,Active,Structural Hills Moderately dissected,Sandstone with shale,Evergreen / Semi evergreen,927,MultiPolygon
LS2014_000900,1,positive,bhuvan_2014,AS/CA/83C16/2014/39,,AS,Assam,Cachar,25.028,92.8738,2014,Rainfall,Active,Structural Hills Highly dissected,Shaly sandstone,Evergreen / Semi evergreen,686,MultiPolygon
LS2014_000901,1,positive,bhuvan_2014,AS/CA/83C16/2014/40,,AS,Assam,Cachar,25.0279,92.8383,2014,Rainfall,Active,Structural Hills Moderately dissected,Sandstone with shale,Evergreen / Semi evergreen,516,MultiPolygon
LS2014_000902,1,positive,bhuvan_2014,AS/CA/83C16/2014/44,,AS,Assam,Cachar,25.0254,92.8164,2014,Rainfall,Active,Structural Hills Moderately dissected,Sandstone with shale,Evergreen / Semi evergreen,484,MultiPolygon
LS2014_000903,1,positive,bhuvan_2014,AS/CA/83C16/2014/46,,AS,Assam,Cachar,25.0249,92.8872,2014,Rainfall,Active,Structural Hills Highly dissected,Shale,Evergreen / Semi evergreen,2722,MultiPolygon
LS2014_000904,1,positive,bhuvan_2014,AS/CA/83C16/2014/54,,AS,Assam,Cachar,25.0234,92.891,2014,Rainfall,Active,Structural Hills Moderately dissected,Sandstone,Evergreen / Semi evergreen,910,MultiPolygon
LS2014_000905,1,positive,bhuvan_2014,AS/CA/83C16/2014/57,,AS,Assam,Cachar,25.0229,92.884,2014,Rainfall,Active,Structural Hills Moderately dissected,Sandstone,Evergreen / Semi evergreen,1231,MultiPolygon
LS2014_000906,1,positive,bhuvan_2014,AS/CA/83C16/2014/60,,AS,Assam,Cachar,25.0225,92.8848,2014,Rainfall,Active,Structural Hills Moderately dissected,Sandstone,Evergreen / Semi evergreen,2799,MultiPolygon
LS2014_000907,1,positive,bhuvan_2014,AS/CA/83C16/2014/62,,AS,Assam,Cachar,25.0214,92.8451,2014,Rainfall,Active,Structural Hills Highly dissected,Shaly sandstone,Evergreen / Semi evergreen,1536,MultiPolygon
LS2014_000908,1,positive,bhuvan_2014,AS/CA/83C16/2014/68,,AS,Assam,Cachar,25.0179,92.9194,2014,Rainfall,Active,Structural Hills Moderately dissected,Sandstone,Evergreen / Semi evergreen,759,MultiPolygon
LS2014_000909,1,positive,bhuvan_2014,AS/CA/83C16/2014/70,,AS,Assam,Cachar,25.0168,92.7774,2014,Rainfall,Active,Structural Hills Moderately dissected,Sandstone with shale,Evergreen / Semi evergreen,2356,MultiPolygon
LS2014_000910,1,positive,bhuvan_2014,AS/CA/83C16/2014/77,,AS,Assam,Cachar,25.0082,92.8742,2014,Rainfall,Active,Structural Hills Moderately dissected,Sandstone,Evergreen / Semi evergreen,534,MultiPolygon
LS2014_000911,1,positive,bhuvan_2014,AS/CA/83C16/2014/86,,AS,Assam,Cachar,25.001,92.8546,2014,Rainfall,Active,Structural Hills Highly dissected,Shale,Evergreen / Semi evergreen,420,MultiPolygon
LS2014_000912,1,positive,bhuvan_2014,AS/CA/83C16/2014/87,,AS,Assam,Cachar,25.0009,92.8146,2014,Rainfall,Active,Structural Hills Highly dissected,Shaly sandstone,Evergreen / Semi evergreen,817,MultiPolygon
LS2014_000913,1,positive,bhuvan_2014,AS/CA/83C16/2014/88,,AS,Assam,Cachar,25.0003,92.795,2014,Rainfall,Active,Structural Hills Highly dissected,Shaly sandstone,Evergreen / Semi evergreen,509,MultiPolygon
LS2014_000914,1,positive,bhuvan_2014,AS/CA/83D13/2014/89,,AS,Assam,Cachar,24.9994,92.7916,2014,Rainfall,Active,Structural Hills Highly dissected,Shaly sandstone,Evergreen / Semi evergreen,1079,MultiPolygon
LS2014_000915,1,positive,bhuvan_2014,AS/CA/83D13/2014/90,,AS,Assam,Cachar,24.9989,92.8173,2014,Rainfall,Active,Structural Hills Highly dissected,Shaly sandstone,Evergreen / Semi evergreen,810,MultiPolygon
LS2014_000916,1,positive,bhuvan_2014,AS/CA/83D13/2014/91,,AS,Assam,Cachar,24.9971,92.8511,2014,Rainfall,Active,Structural Hills Highly dissected,Shale,Evergreen / Semi evergreen,443,MultiPolygon
LS2014_000917,1,positive,bhuvan_2014,AS/CA/83D13/2014/94,,AS,Assam,Cachar,24.9946,92.8301,2014,Rainfall,Active,Structural Hills Highly dissected,Shale,Evergreen / Semi evergreen,1124,MultiPolygon
LS2014_000918,1,positive,bhuvan_2014,AS/CA/83D13/2014/96,,AS,Assam,Cachar,24.9929,92.8273,2014,Rainfall,Active,Structural Hills Highly dissected,Shale,Evergreen / Semi evergreen,480,MultiPolygon
LS2014_000919,1,positive,bhuvan_2014,AS/CA/83D13/2014/100,,AS,Assam,Cachar,24.9914,92.807,2014,Rainfall,Active,Structural Hills Highly dissected,Shale,Evergreen / Semi evergreen,1906,MultiPolygon
LS2014_000920,1,positive,bhuvan_2014,AS/CA/83D13/2014/102,,AS,Assam,Cachar,24.9906,92.8093,2014,Rainfall,Active,Structural Hills Highly dissected,Shale,Evergreen / Semi evergreen,1102,MultiPolygon
LS2014_000921,1,positive,bhuvan_2014,AS/CA/83D13/2014/107,,AS,Assam,Cachar,24.9851,92.9149,2014,Rainfall,Active,Structural Hills Highly dissected,Shaly sandstone,Evergreen / Semi evergreen,857,MultiPolygon
LS2014_000922,1,positive,bhuvan_2014,AS/CA/83D13/2014/108,,AS,Assam,Cachar,24.9825,92.8029,2014,Rainfall,Active,Structural Hills Highly dissected,Shale,Evergreen / Semi evergreen,731,MultiPolygon
LS2014_000923,1,positive,bhuvan_2014,AS/CA/83D13/2014/109,,AS,Assam,Cachar,24.9823,92.9219,2014,Rainfall,Active,Structural Hills Highly dissected,Shaly sandstone,Evergreen / Semi evergreen,714,MultiPolygon
LS2014_000924,1,positive,bhuvan_2014,AS/CA/83D13/2014/111,,AS,Assam,Cachar,24.9816,92.7991,2014,Rainfall,Active,Structural Hills Highly dissected,Shale,Evergreen / Semi evergreen,493,MultiPolygon
LS2014_000925,1,positive,bhuvan_2014,AS/CA/83D13/2014/748,,AS,Assam,Cachar,24.9823,92.9219,2014,Rainfall,Active,Structural Hills Highly dissected,Shaly sandstone,Evergreen / Semi evergreen,714,MultiPolygon
LS2014_000926,1,positive,bhuvan_2014,AS/NC/83C15/2014/14,,AS,Assam,North Cachar Hills,25.3706,92.9046,2014,Rainfall,Active,Denudational Hills Moderately dissected,Sandstone with shale,Deciduous,3165,MultiPolygon
LS2014_000927,1,positive,bhuvan_2014,AS/NC/83C15/2014/15,,AS,Assam,North Cachar Hills,25.3689,92.9144,2014,Rainfall,Active,Denudational Hills Moderately dissected,Sandstone with shale,Deciduous,4203,MultiPolygon
LS2014_000928,1,positive,bhuvan_2014,AS/KG/83C09/2014/62,,AS,Assam,Karbi Anglong,25.7839,92.6155,2014,Rainfall,Active,Denudational Hills Moderately dissected,Gneissic Group of rocks,Evergreen / Semi evergreen,627,MultiPolygon
LS2014_000929,1,positive,bhuvan_2014,AS/KG/83C09/2014/63,,AS,Assam,Karbi Anglong,25.7834,92.6159,2014,Rainfall,Active,Denudational Hills Moderately dissected,Gneissic Group of rocks,Evergreen / Semi evergreen,504,MultiPolygon
LS2014_000930,1,positive,bhuvan_2014,AS/KG/83C09/2014/65,,AS,Assam,Karbi Anglong,25.7772,92.6401,2014,Rainfall,Active,Denudational Hills Moderately dissected,Gneissic Group of rocks,Evergreen / Semi evergreen,819,MultiPolygon
LS2014_000931,1,positive,bhuvan_2014,AS/KG/83C09/2014/67,,AS,Assam,Karbi Anglong,25.7738,92.6402,2014,Rainfall,Active,Denudational Hills Moderately dissected,Gneissic Group of rocks,Evergreen / Semi evergreen,524,MultiPolygon
LS2014_000932,1,positive,bhuvan_2014,AS/NC/83C14/2014/1,,AS,Assam,North Cachar Hills,25.643,92.8514,2014,Rainfall,Active,Denudational Hills Moderately dissected,"Shale with sandatone, limestone and coal bands",Deciduous,1589,MultiPolygon
LS2014_000933,1,positive,bhuvan_2014,AS/NC/83C14/2014/2,,AS,Assam,North Cachar Hills,25.6318,92.8591,2014,Rainfall,Active,Denudational Hills Moderately dissected,"Shale with sandatone, limestone and coal bands",Scrub land,1554,MultiPolygon
LS2014_000934,1,positive,bhuvan_2014,AS/NC/83C14/2014/3,,AS,Assam,North Cachar Hills,25.6233,92.8586,2014,Rainfall,Active,Denudational Hills Moderately dissected,"Shale with sandatone, limestone and coal bands",Scrub land,529,MultiPolygon
LS2014_000935,1,positive,bhuvan_2014,AS/NC/83C14/2014/4,,AS,Assam,North Cachar Hills,25.6128,92.8828,2014,Rainfall,Active,Denudational Hills Moderately dissected,"Shale with sandatone, limestone and coal bands",Scrub land,719,MultiPolygon
LS2014_000936,1,positive,bhuvan_2014,AS/NC/83C14/2014/6,,AS,Assam,North Cachar Hills,25.5471,92.9237,2014,Rainfall,Active,Denudational Hills Moderately dissected,Sandstone with shale,Scrub land,881,MultiPolygon
LS2014_000937,1,positive,bhuvan_2014,AS/KG/83C13/2014/70,,AS,Assam,Karbi Anglong,25.7542,92.8422,2014,Rainfall,Active,Denudational Hills Moderately dissected,Gneissic Group of rocks,Deciduous,903,MultiPolygon
LS2014_000938,1,positive,bhuvan_2014,AS/KG/83C13/2014/71,,AS,Assam,Karbi Anglong,25.7532,92.8399,2014,Rainfall,Active,Denudational Hills Moderately dissected,Gneissic Group of rocks,Cropland,1091,MultiPolygon
LS2014_000939,1,positive,bhuvan_2014,AS/KG/83C13/2014/72,,AS,Assam,Karbi Anglong,25.7532,92.8388,2014,Rainfall,Active,Denudational Hills Moderately dissected,Gneissic Group of rocks,Cropland,831,MultiPolygon
LS2014_000940,1,positive,bhuvan_2014,AS/KG/83B12/2014/36,,AS,Assam,Karbi Anglong,26.0142,92.5094,2014,Rainfall,Active,Denudational Hill Less dissected,Quartzite,Deciduous,895,MultiPolygon
LS2014_000941,1,positive,bhuvan_2014,AS/KG/83B08/2014/37,,AS,Assam,Karbi Anglong,26.0125,92.4899,2014,Rainfall,Active,Denudational Hill Less dissected,Quartzite,Deciduous,332,MultiPolygon
LS2014_000942,1,positive,bhuvan_2014,AS/KG/83B08/2014/38,,AS,Assam,Karbi Anglong,26.0115,92.4897,2014,Rainfall,Active,Denudational Hill Less dissected,Quartzite,Deciduous,317,MultiPolygon
LS2014_000943,1,positive,bhuvan_2014,AS/KG/83B12/2014/39,,AS,Assam,Karbi Anglong,26.0108,92.5058,2014,Rainfall,Active,Denudational Hill Less dissected,Quartzite,Deciduous,354,MultiPolygon
LS2014_000944,1,positive,bhuvan_2014,AS/KG/83B12/2014/40,,AS,Assam,Karbi Anglong,26.0103,92.5132,2014,Rainfall,Active,Denudational Hill Less dissected,Quartzite,Deciduous,1162,MultiPolygon
LS2014_000945,1,positive,bhuvan_2014,AS/KG/83B12/2014/41,,AS,Assam,Karbi Anglong,26.01,92.5138,2014,Rainfall,Active,Denudational Hill Less dissected,Quartzite,Deciduous,1061,MultiPolygon
LS2014_000946,1,positive,bhuvan_2014,AS/KG/83B12/2014/42,,AS,Assam,Karbi Anglong,26.0095,92.5123,2014,Rainfall,Active,Denudational Hill Less dissected,Quartzite,Deciduous,670,MultiPolygon
LS2014_000947,1,positive,bhuvan_2014,AS/KG/83B12/2014/43,,AS,Assam,Karbi Anglong,26.0089,92.5138,2014,Rainfall,Active,Denudational Hill Less dissected,Quartzite,Deciduous,472,MultiPolygon
LS2014_000948,1,positive,bhuvan_2014,AS/KG/83B12/2014/44,,AS,Assam,Karbi Anglong,26.0067,92.5401,2014,Rainfall,Active,Denudational Hill Less dissected,Quartzite,Deciduous,1536,MultiPolygon
LS2014_000949,1,positive,bhuvan_2014,AS/KG/83B12/2014/45,,AS,Assam,Karbi Anglong,26.0067,92.51,2014,Rainfall,Active,Denudational Hill Less dissected,Quartzite,Deciduous,822,MultiPolygon
LS2014_000950,1,positive,bhuvan_2014,AS/KG/83B12/2014/46,,AS,Assam,Karbi Anglong,26.0065,92.5404,2014,Rainfall,Active,Denudational Hill Less dissected,Quartzite,Deciduous,1079,MultiPolygon
LS2014_000951,1,positive,bhuvan_2014,AS/KG/83C09/2014/47,,AS,Assam,Karbi Anglong,25.9961,92.5242,2014,Rainfall,Active,Denudational Hill Less dissected,Quartzite,Scrub land,619,MultiPolygon
LS2014_000952,1,positive,bhuvan_2014,AS/KG/83C05/2014/48,,AS,Assam,Karbi Anglong,25.9958,92.4956,2014,Rainfall,Active,Denudational Hill Less dissected,Quartzite,Evergreen / Semi evergreen,2660,MultiPolygon
LS2014_000953,1,positive,bhuvan_2014,AS/KG/83C09/2014/49,,AS,Assam,Karbi Anglong,25.9512,92.5312,2014,Rainfall,Active,Denudational Hills Moderately dissected,Gneissic Group of rocks,Deciduous,695,MultiPolygon
LS2014_000954,1,positive,bhuvan_2014,AS/KG/83B08/2014/1,,AS,Assam,Karbi Anglong,26.1477,92.4893,2014,Rainfall,Active,Denudational Hill Less dissected,Quartzite,Deciduous,395,MultiPolygon
LS2014_000955,1,positive,bhuvan_2014,AS/KG/83B12/2014/2,,AS,Assam,Karbi Anglong,26.1354,92.5103,2014,Rainfall,Active,Denudational Hill Less dissected,Quartzite,Deciduous,314,MultiPolygon
LS2014_000956,1,positive,bhuvan_2014,AS/KG/83B08/2014/16,,AS,Assam,Karbi Anglong,26.1179,92.4952,2014,Rainfall,Active,Denudational Hill Less dissected,Quartzite,Deciduous,480,MultiPolygon
LS2014_000957,1,positive,bhuvan_2014,AS/KG/83B08/2014/18,,AS,Assam,Karbi Anglong,26.1167,92.4955,2014,Rainfall,Active,Denudational Hill Less dissected,Quartzite,Deciduous,505,MultiPolygon
LS2014_000958,1,positive,bhuvan_2014,AS/KG/83B08/2014/20,,AS,Assam,Karbi Anglong,26.1148,92.4941,2014,Rainfall,Active,Denudational Hill Less dissected,Quartzite,Deciduous,963,MultiPolygon
LS2014_000959,1,positive,bhuvan_2014,AS/KG/83B08/2014/23,,AS,Assam,Karbi Anglong,26.113,92.4858,2014,Rainfall,Active,Denudational Hill Less dissected,Quartzite,Deciduous,1035,MultiPolygon
LS2014_000960,1,positive,bhuvan_2014,AS/CA/83H02/2014/184,,AS,Assam,Cachar,24.7002,93.0794,2014,Rainfall,Active,Structural Hills Highly dissected,Shale,Evergreen / Semi evergreen,1089,MultiPolygon
LS2014_000961,1,positive,bhuvan_2014,AS/CA/83H02/2014/185,,AS,Assam,Cachar,24.6979,93.078,2014,Rainfall,Active,Structural Hills Highly dissected,Shale,Evergreen / Semi evergreen,994,MultiPolygon
LS2014_000962,1,positive,bhuvan_2014,AS/CA/83H02/2014/186,,AS,Assam,Cachar,24.6898,93.085,2014,Rainfall,Active,Structural Hills Highly dissected,Shale,Evergreen / Semi evergreen,604,MultiPolygon
LS2014_000963,1,positive,bhuvan_2014,AS/CA/83H01/2014/133,,AS,Assam,Cachar,24.7946,93.0722,2014,Rainfall,Active,Denudational Hills Moderately dissected,Sandstone,Deciduous,581,MultiPolygon
LS2014_000964,1,positive,bhuvan_2014,AS/NC/83G04/2014/35,,AS,Assam,North Cachar Hills,25.0656,93.1437,2014,Rainfall,Active,Structural Hills Highly dissected,Shaly sandstone,Deciduous,980,MultiPolygon
LS2014_000965,1,positive,bhuvan_2014,AS/NC/83G04/2014/36,,AS,Assam,North Cachar Hills,25.0608,93.1594,2014,Rainfall,Active,Structural Hills Highly dissected,Shaly sandstone,Deciduous,1015,MultiPolygon
LS2014_000966,1,positive,bhuvan_2014,AS/NC/83G04/2014/37,,AS,Assam,North Cachar Hills,25.0607,93.1587,2014,Rainfall,Active,Structural Hills Highly dissected,Shaly sandstone,Deciduous,330,MultiPolygon
LS2014_000967,1,positive,bhuvan_2014,AS/NC/83G04/2014/39,,AS,Assam,North Cachar Hills,25.0466,93.2031,2014,Rainfall,Active,Structural Hills Moderately dissected,Sandstone with shale,Scrub Forest,1600,MultiPolygon
LS2014_000968,1,positive,bhuvan_2014,AS/NC/83G04/2014/41,,AS,Assam,North Cachar Hills,25.029,93.2124,2014,Rainfall,Active,Structural Hills Highly dissected,Shale,Scrub land,3034,MultiPolygon
LS2014_000969,1,positive,bhuvan_2014,AS/NC/83G04/2014/42,,AS,Assam,North Cachar Hills,25.0184,93.0968,2014,Rainfall,Active,Structural Hills Moderately dissected,Sandstone with shale,Evergreen / Semi evergreen,2092,MultiPolygon
LS2014_000970,1,positive,bhuvan_2014,AS/NC/83G04/2014/18,,AS,Assam,North Cachar Hills,25.1984,93.1854,2014,Rainfall,Active,Structural Hills Moderately dissected,Shale with sandstone,Deciduous,1214,MultiPolygon
LS2014_000971,1,positive,bhuvan_2014,AS/NC/83G04/2014/19,,AS,Assam,North Cachar Hills,25.1851,93.1514,2014,Rainfall,Active,Structural Hills Moderately dissected,Shale with sandstone,Deciduous,1403,MultiPolygon
LS2014_000972,1,positive,bhuvan_2014,AS/NC/83G03/2014/10,,AS,Assam,North Cachar Hills,25.4079,93.1115,2014,Rainfall,Active,Denudational Hills Moderately dissected,Sandstone with shale,Scrub Forest,2292,MultiPolygon
LS2014_000973,1,positive,bhuvan_2014,AS/NC/83G03/2014/11,,AS,Assam,North Cachar Hills,25.4071,93.1108,2014,Rainfall,Active,Denudational Hills Moderately dissected,Sandstone with shale,Scrub Forest,1849,MultiPolygon
LS2014_000974,1,positive,bhuvan_2014,AS/NC/83G03/2014/12,,AS,Assam,North Cachar Hills,25.3978,93.0809,2014,Rainfall,Active,Denudational Hills Moderately dissected,Sandstone with shale,Scrub land,4732,MultiPolygon
LS2014_000975,1,positive,bhuvan_2014,AS/NC/83G07/2014/13,,AS,Assam,North Cachar Hills,25.3711,93.4058,2014,Rainfall,Active,Structural Hills Moderately dissected,Shale with sandstone,Deciduous,853,MultiPolygon
LS2014_000976,1,positive,bhuvan_2014,ML/WG/78K03/2014/1454,,ML,Meghalaya,West Garo Hills,25.4369,90.0127,2014,Rainfall,Active,Denudational Hills highly Dissected (DHH),"Coarse sandstone, siltstone, clay and marl",Deciduous,0,MultiPolygon
LS2014_000977,1,positive,bhuvan_2014,ML/WG/78K03/2014/1455,,ML,Meghalaya,West Garo Hills,25.4362,90.0066,2014,Rainfall,Active,Denudational Hills highly Dissected (DHH),"Coarse sandstone, siltstone, clay and marl",Deciduous,0,MultiPolygon
LS2014_000978,1,positive,bhuvan_2014,ML/WG/78K03/2014/1456,,ML,Meghalaya,West Garo Hills,25.4357,90.0061,2014,Rainfall,Active,Denudational Hills highly Dissected (DHH),"Coarse sandstone, siltstone, clay and marl",Deciduous,0,MultiPolygon
LS2014_000979,1,positive,bhuvan_2014,ML/WG/78K03/2014/1457,,ML,Meghalaya,West Garo Hills,25.4341,90.0068,2014,Rainfall,Active,Denudational Hills highly Dissected (DHH),"Coarse sandstone, siltstone, clay and marl",Deciduous,0,MultiPolygon
LS2014_000980,1,positive,bhuvan_2014,ML/WG/78G15/2014/1425,,ML,Meghalaya,West Garo Hills,25.4859,89.9616,2014,Rainfall,Active,Valley Fill- Moderate- (VFM),"Alluvium-sand , silt & clay alternating bands, Holocene",Cropland,1256,MultiPolygon
LS2014_000981,1,positive,bhuvan_2014,ML/WG/78G15/2014/1426,,ML,Meghalaya,West Garo Hills,25.4856,89.9625,2014,Rainfall,Active,Valley Fill- Moderate- (VFM),"Alluvium-sand , silt & clay alternating bands, Holocene",Cropland,1768,MultiPolygon
LS2014_000982,1,positive,bhuvan_2014,ML/WG/78G15/2014/1427,,ML,Meghalaya,West Garo Hills,25.4816,89.9823,2014,Rainfall,Active,Denudational Hills highly Dissected (DHH),"Coarse sandstone, siltstone, clay and marl",Scrub land,459,MultiPolygon
LS2014_000983,1,positive,bhuvan_2014,ML/WG/78K03/2014/1428,,ML,Meghalaya,West Garo Hills,25.4807,90.032,2014,Rainfall,Active,Denudational Hills highly Dissected (DHH),"Coarse sandstone, siltstone, clay and marl",Deciduous,0,MultiPolygon
LS2014_000984,1,positive,bhuvan_2014,ML/WG/78K03/2014/1429,,ML,Meghalaya,West Garo Hills,25.4799,90.0311,2014,Rainfall,Active,Denudational Hills highly Dissected (DHH),"Coarse sandstone, siltstone, clay and marl",Deciduous,0,MultiPolygon
LS2014_000985,1,positive,bhuvan_2014,ML/WG/78G15/2014/1430,,ML,Meghalaya,West Garo Hills,25.4794,89.9897,2014,Rainfall,Active,Denudational Hills highly Dissected (DHH),"Coarse sandstone, siltstone, clay and marl",Deciduous,384,MultiPolygon
LS2014_000986,1,positive,bhuvan_2014,ML/WG/78K03/2014/1431,,ML,Meghalaya,West Garo Hills,25.4784,90.0339,2014,Rainfall,Active,Denudational Hills highly Dissected (DHH),"Coarse sandstone, siltstone, clay and marl",Deciduous,0,MultiPolygon
LS2014_000987,1,positive,bhuvan_2014,ML/WG/78K03/2014/1432,,ML,Meghalaya,West Garo Hills,25.4783,90.0338,2014,Rainfall,Active,Denudational Hills highly Dissected (DHH),"Coarse sandstone, siltstone, clay and marl",Deciduous,0,MultiPolygon
LS2014_000988,1,positive,bhuvan_2014,ML/WG/78K03/2014/1433,,ML,Meghalaya,West Garo Hills,25.4776,90.0301,2014,Rainfall,Active,Denudational Hills highly Dissected (DHH),"Coarse sandstone, siltstone, clay and marl",Cropland,1185,MultiPolygon
LS2014_000989,1,positive,bhuvan_2014,ML/WG/78G15/2014/1434,,ML,Meghalaya,West Garo Hills,25.4757,89.9895,2014,Rainfall,Active,Valley Fill- Moderate- (VFM),"Alluvium-sand , silt & clay alternating bands, Holocene",Deciduous,528,MultiPolygon
LS2014_000990,1,positive,bhuvan_2014,ML/WG/78G15/2014/1437,,ML,Meghalaya,West Garo Hills,25.4744,89.9751,2014,Rainfall,Active,Denudational Hills highly Dissected (DHH),"Coarse sandstone, siltstone, clay and marl",Deciduous,389,MultiPolygon
LS2014_000991,1,positive,bhuvan_2014,ML/WG/78G15/2014/1438,,ML,Meghalaya,West Garo Hills,25.474,89.9914,2014,Rainfall,Active,Denudational Hills highly Dissected (DHH),"Coarse sandstone, siltstone, clay and marl",Deciduous,1143,MultiPolygon
LS2014_000992,1,positive,bhuvan_2014,ML/WG/78G15/2014/1447,,ML,Meghalaya,West Garo Hills,25.4696,89.992,2014,Rainfall,Active,Denudational Hills highly Dissected (DHH),"Coarse sandstone, siltstone, clay and marl",Deciduous,635,MultiPolygon
LS2014_000993,1,positive,bhuvan_2014,ML/WG/78K03/2014/1448,,ML,Meghalaya,West Garo Hills,25.4651,90.0124,2014,Rainfall,Active,Denudational Hills highly Dissected (DHH),"Coarse sandstone, siltstone, clay and marl",Deciduous,761,MultiPolygon
LS2014_000994,1,positive,bhuvan_2014,ML/WG/78K03/2014/1449,,ML,Meghalaya,West Garo Hills,25.465,90.012,2014,Rainfall,Active,Denudational Hills highly Dissected (DHH),"Coarse sandstone, siltstone, clay and marl",Deciduous,658,MultiPolygon
LS2014_000995,1,positive,bhuvan_2014,ML/WG/78K03/2014/1450,,ML,Meghalaya,West Garo Hills,25.465,90.0115,2014,Rainfall,Active,Denudational Hills highly Dissected (DHH),"Coarse sandstone, siltstone, clay and marl",Deciduous,589,MultiPolygon
LS2014_000996,1,positive,bhuvan_2014,ML/WG/78K03/2014/1451,,ML,Meghalaya,West Garo Hills,25.4648,90.011,2014,Rainfall,Active,Denudational Hills highly Dissected (DHH),"Coarse sandstone, siltstone, clay and marl",Deciduous,1330,MultiPolygon
LS2014_000997,1,positive,bhuvan_2014,ML/WG/78G15/2014/1452,,ML,Meghalaya,West Garo Hills,25.4643,89.9817,2014,Rainfall,Active,Denudational Hills highly Dissected (DHH),"Coarse sandstone, siltstone, clay and marl",Deciduous,1526,MultiPolygon
LS2014_000998,1,positive,bhuvan_2014,ML/WG/78G14/2014/1303,,ML,Meghalaya,West Garo Hills,25.5372,89.8879,2014,Rainfall,Active,Denudational Hills Moderately Dissected (DHM),"Mottled clay, felspathic sandstone and conglomerate",Cropland,882,MultiPolygon
LS2014_000999,1,positive,bhuvan_2014,ML/WG/78G14/2014/1305,,ML,Meghalaya,West Garo Hills,25.5317,89.8892,2014,Rainfall,Active,Valley Fill- Moderate- (VFM),"Alluvium-sand , silt & clay alternating bands, Holocene",Cropland,658,MultiPolygon
LS2014_001000,1,positive,bhuvan_2014,ML/WG/78G14/2014/1307,,ML,Meghalaya,West Garo Hills,25.5313,89.8904,2014,Rainfall,Active,Valley Fill- Moderate- (VFM),"Alluvium-sand , silt & clay alternating bands, Holocene",Cropland,1672,MultiPolygon
LS2014_001001,1,positive,bhuvan_2014,ML/WG/78G14/2014/1314,,ML,Meghalaya,West Garo Hills,25.5294,89.8925,2014,Rainfall,Active,Valley Fill- Moderate- (VFM),"Alluvium-sand , silt & clay alternating bands, Holocene",Cropland,2419,MultiPolygon
LS2014_001002,1,positive,bhuvan_2014,ML/WG/78K02/2014/1308,,ML,Meghalaya,West Garo Hills,25.531,90.0193,2014,Rainfall,Active,Denudational Hills highly Dissected (DHH),"Coarse sandstone, siltstone, clay and marl",Plantation,454,MultiPolygon
LS2014_001003,1,positive,bhuvan_2014,ML/WG/78K02/2014/1309,,ML,Meghalaya,West Garo Hills,25.5306,90.0195,2014,Rainfall,Active,Denudational Hills highly Dissected (DHH),"Coarse sandstone, siltstone, clay and marl",Plantation,337,MultiPolygon
LS2014_001004,1,positive,bhuvan_2014,ML/WG/78K02/2014/1310,,ML,Meghalaya,West Garo Hills,25.5304,90.0184,2014,Rainfall,Active,Denudational Hills highly Dissected (DHH),"Coarse sandstone, siltstone, clay and marl",Plantation,509,MultiPolygon
LS2014_001005,1,positive,bhuvan_2014,ML/WG/78K02/2014/1311,,ML,Meghalaya,West Garo Hills,25.5303,90.0193,2014,Rainfall,Active,Denudational Hills highly Dissected (DHH),"Coarse sandstone, siltstone, clay and marl",Plantation,127,MultiPolygon
LS2014_001006,1,positive,bhuvan_2014,ML/WG/78K02/2014/1316,,ML,Meghalaya,West Garo Hills,25.5286,90.0177,2014,Rainfall,Active,Denudational Hills highly Dissected (DHH),"Coarse sandstone, siltstone, clay and marl",Deciduous,820,MultiPolygon
LS2014_001007,1,positive,bhuvan_2014,ML/WG/78K02/2014/1317,,ML,Meghalaya,West Garo Hills,25.5276,90.0179,2014,Rainfall,Active,Denudational Hills highly Dissected (DHH),"Coarse sandstone, siltstone, clay and marl",Deciduous,293,MultiPolygon
LS2014_001008,1,positive,bhuvan_2014,ML/WG/78K02/2014/1318,,ML,Meghalaya,West Garo Hills,25.5275,90.0174,2014,Rainfall,Active,Denudational Hills highly Dissected (DHH),"Coarse sandstone, siltstone, clay and marl",Deciduous,1373,MultiPolygon
LS2014_001009,1,positive,bhuvan_2014,ML/WG/78K02/2014/1319,,ML,Meghalaya,West Garo Hills,25.5274,90.0183,2014,Rainfall,Active,Denudational Hills highly Dissected (DHH),"Coarse sandstone, siltstone, clay and marl",Deciduous,152,MultiPolygon
LS2014_001010,1,positive,bhuvan_2014,ML/WG/78K02/2014/1320,,ML,Meghalaya,West Garo Hills,25.5272,90.0175,2014,Rainfall,Active,Denudational Hills highly Dissected (DHH),"Coarse sandstone, siltstone, clay and marl",Deciduous,1373,MultiPolygon
LS2014_001011,1,positive,bhuvan_2014,ML/WG/78K02/2014/1321,,ML,Meghalaya,West Garo Hills,25.5268,90.0171,2014,Rainfall,Active,Denudational Hills highly Dissected (DHH),"Coarse sandstone, siltstone, clay and marl",Deciduous,759,MultiPolygon
LS2014_001012,1,positive,bhuvan_2014,ML/WG/78K02/2014/1322,,ML,Meghalaya,West Garo Hills,25.5264,90.0166,2014,Rainfall,Active,Denudational Hills highly Dissected (DHH),"Coarse sandstone, siltstone, clay and marl",Deciduous,1266,MultiPolygon
LS2014_001013,1,positive,bhuvan_2014,ML/WG/78K02/2014/1323,,ML,Meghalaya,West Garo Hills,25.5261,90.0165,2014,Rainfall,Active,Denudational Hills highly Dissected (DHH),"Coarse sandstone, siltstone, clay and marl",Deciduous,260,MultiPolygon
LS2014_001014,1,positive,bhuvan_2014,ML/WG/78K02/2014/1325,,ML,Meghalaya,West Garo Hills,25.5248,90.0032,2014,Rainfall,Active,Valley Fill- Moderate- (VFM),"Alluvium-sand , silt & clay alternating bands, Holocene",Deciduous,0,MultiPolygon
LS2014_001015,1,positive,bhuvan_2014,ML/WG/78K02/2014/1327,,ML,Meghalaya,West Garo Hills,25.5245,90.0033,2014,Rainfall,Active,Valley Fill- Moderate- (VFM),"Alluvium-sand , silt & clay alternating bands, Holocene",Deciduous,0,MultiPolygon
LS2014_001016,1,positive,bhuvan_2014,ML/WG/78K02/2014/1330,,ML,Meghalaya,West Garo Hills,25.5238,90.003,2014,Rainfall,Active,Valley Fill- Moderate- (VFM),"Alluvium-sand , silt & clay alternating bands, Holocene",Deciduous,0,MultiPolygon
LS2014_001017,1,positive,bhuvan_2014,ML/WG/78K02/2014/1331,,ML,Meghalaya,West Garo Hills,25.5225,90.0236,2014,Rainfall,Active,Denudational Hills highly Dissected (DHH),"Coarse sandstone, siltstone, clay and marl",Deciduous,1219,MultiPolygon
LS2014_001018,1,positive,bhuvan_2014,ML/WG/78K02/2014/1332,,ML,Meghalaya,West Garo Hills,25.5222,90.0235,2014,Rainfall,Active,Denudational Hills highly Dissected (DHH),"Coarse sandstone, siltstone, clay and marl",Deciduous,1219,MultiPolygon
LS2014_001019,1,positive,bhuvan_2014,ML/WG/78K02/2014/1334,,ML,Meghalaya,West Garo Hills,25.5209,90.0197,2014,Rainfall,Active,Denudational Hills highly Dissected (DHH),"Coarse sandstone, siltstone, clay and marl",Deciduous,620,MultiPolygon
LS2014_001020,1,positive,bhuvan_2014,ML/WG/78K02/2014/1335,,ML,Meghalaya,West Garo Hills,25.5207,90.0065,2014,Rainfall,Active,Denudational Hills highly Dissected (DHH),"Coarse sandstone, siltstone, clay and marl",Scrub Forest,348,MultiPolygon
LS2014_001021,1,positive,bhuvan_2014,ML/WG/78K02/2014/1336,,ML,Meghalaya,West Garo Hills,25.5201,90.0067,2014,Rainfall,Active,Denudational Hills highly Dissected (DHH),"Coarse sandstone, siltstone, clay and marl",Scrub Forest,128,MultiPolygon
LS2014_001022,1,positive,bhuvan_2014,ML/WG/78K02/2014/1337,,ML,Meghalaya,West Garo Hills,25.52,90.0196,2014,Rainfall,Active,Denudational Hills highly Dissected (DHH),"Coarse sandstone, siltstone, clay and marl",Deciduous,1175,MultiPolygon
LS2014_001023,1,positive,bhuvan_2014,ML/WG/78K02/2014/1338,,ML,Meghalaya,West Garo Hills,25.5198,90.0073,2014,Rainfall,Active,Denudational Hills highly Dissected (DHH),"Coarse sandstone, siltstone, clay and marl",Plantation,182,MultiPolygon
LS2014_001024,1,positive,bhuvan_2014,ML/WG/78K02/2014/1339,,ML,Meghalaya,West Garo Hills,25.5196,90.0067,2014,Rainfall,Active,Denudational Hills highly Dissected (DHH),"Coarse sandstone, siltstone, clay and marl",Deciduous,416,MultiPolygon
LS2014_001025,1,positive,bhuvan_2014,ML/WG/78K02/2014/1340,,ML,Meghalaya,West Garo Hills,25.5195,90.0077,2014,Rainfall,Active,Denudational Hills highly Dissected (DHH),"Coarse sandstone, siltstone, clay and marl",Plantation,1047,MultiPolygon
LS2014_001026,1,positive,bhuvan_2014,ML/WG/78K02/2014/1341,,ML,Meghalaya,West Garo Hills,25.5194,90.0243,2014,Rainfall,Active,Denudational Hills highly Dissected (DHH),"Coarse sandstone, siltstone, clay and marl",Plantation,327,MultiPolygon
LS2014_001027,1,positive,bhuvan_2014,ML/WG/78K02/2014/1342,,ML,Meghalaya,West Garo Hills,25.5194,90.0071,2014,Rainfall,Active,Denudational Hills highly Dissected (DHH),"Coarse sandstone, siltstone, clay and marl",Deciduous,852,MultiPolygon
LS2014_001028,1,positive,bhuvan_2014,ML/WG/78K02/2014/1343,,ML,Meghalaya,West Garo Hills,25.5193,90.0068,2014,Rainfall,Active,Denudational Hills highly Dissected (DHH),"Coarse sandstone, siltstone, clay and marl",Deciduous,852,MultiPolygon
LS2014_001029,1,positive,bhuvan_2014,ML/WG/78K02/2014/1344,,ML,Meghalaya,West Garo Hills,25.5178,90.0232,2014,Rainfall,Active,Denudational Hills highly Dissected (DHH),"Coarse sandstone, siltstone, clay and marl",Cropland,1272,MultiPolygon
LS2014_001030,1,positive,bhuvan_2014,ML/WG/78K02/2014/1345,,ML,Meghalaya,West Garo Hills,25.5176,90.0054,2014,Rainfall,Active,Denudational Hills highly Dissected (DHH),"Coarse sandstone, siltstone, clay and marl",Deciduous,161,MultiPolygon
LS2014_001031,1,positive,bhuvan_2014,ML/WG/78K02/2014/1346,,ML,Meghalaya,West Garo Hills,25.5176,90.0051,2014,Rainfall,Active,Denudational Hills highly Dissected (DHH),"Coarse sandstone, siltstone, clay and marl",Deciduous,292,MultiPolygon
LS2014_001032,1,positive,bhuvan_2014,ML/WG/78K02/2014/1347,,ML,Meghalaya,West Garo Hills,25.5176,90.0048,2014,Rainfall,Active,Denudational Hills highly Dissected (DHH),"Coarse sandstone, siltstone, clay and marl",Deciduous,256,MultiPolygon
LS2014_001033,1,positive,bhuvan_2014,ML/WG/78K02/2014/1348,,ML,Meghalaya,West Garo Hills,25.5175,90.0039,2014,Rainfall,Active,Denudational Hills highly Dissected (DHH),"Coarse sandstone, siltstone, clay and marl",Deciduous,1714,MultiPolygon
LS2014_001034,1,positive,bhuvan_2014,ML/WG/78K02/2014/1349,,ML,Meghalaya,West Garo Hills,25.517,90.0116,2014,Rainfall,Active,Denudational Hills highly Dissected (DHH),"Coarse sandstone, siltstone, clay and marl",Plantation,0,MultiPolygon
LS2014_001035,1,positive,bhuvan_2014,ML/WG/78K02/2014/1350,,ML,Meghalaya,West Garo Hills,25.5167,90.0049,2014,Rainfall,Active,Denudational Hills highly Dissected (DHH),"Coarse sandstone, siltstone, clay and marl",Deciduous,134,MultiPolygon
LS2014_001036,1,positive,bhuvan_2014,ML/WG/78K02/2014/1351,,ML,Meghalaya,West Garo Hills,25.5166,90.0046,2014,Rainfall,Active,Denudational Hills highly Dissected (DHH),"Coarse sandstone, siltstone, clay and marl",Deciduous,484,MultiPolygon
LS2014_001037,1,positive,bhuvan_2014,ML/WG/78K02/2014/1352,,ML,Meghalaya,West Garo Hills,25.5166,90.004,2014,Rainfall,Active,Denudational Hills highly Dissected (DHH),"Coarse sandstone, siltstone, clay and marl",Deciduous,917,MultiPolygon
LS2014_001038,1,positive,bhuvan_2014,ML/WG/78K02/2014/1354,,ML,Meghalaya,West Garo Hills,25.5164,90.0268,2014,Rainfall,Active,Denudational Hills highly Dissected (DHH),"Coarse sandstone, siltstone, clay and marl",Plantation,676,MultiPolygon
LS2014_001039,1,positive,bhuvan_2014,ML/WG/78K02/2014/1355,,ML,Meghalaya,West Garo Hills,25.5163,90.0058,2014,Rainfall,Active,Denudational Hills highly Dissected (DHH),"Coarse sandstone, siltstone, clay and marl",Deciduous,563,MultiPolygon
LS2014_001040,1,positive,bhuvan_2014,ML/WG/78K02/2014/1356,,ML,Meghalaya,West Garo Hills,25.5152,90.0136,2014,Rainfall,Active,Denudational Hills highly Dissected (DHH),"Coarse sandstone, siltstone, clay and marl",Plantation,575,MultiPolygon
LS2014_001041,1,positive,bhuvan_2014,ML/WG/78K02/2014/1357,,ML,Meghalaya,West Garo Hills,25.5149,90.0291,2014,Rainfall,Active,Denudational Hills highly Dissected (DHH),"Coarse sandstone, siltstone, clay and marl",Deciduous,388,MultiPolygon
LS2014_001042,1,positive,bhuvan_2014,ML/WG/78K02/2014/1358,,ML,Meghalaya,West Garo Hills,25.5149,90.0132,2014,Rainfall,Active,Denudational Hills highly Dissected (DHH),"Coarse sandstone, siltstone, clay and marl",Plantation,665,MultiPolygon
LS2014_001043,1,positive,bhuvan_2014,ML/WG/78K02/2014/1360,,ML,Meghalaya,West Garo Hills,25.5139,90.0284,2014,Rainfall,Active,Denudational Hills highly Dissected (DHH),"Coarse sandstone, siltstone, clay and marl",Deciduous,1521,MultiPolygon
LS2014_001044,1,positive,bhuvan_2014,ML/WG/78K02/2014/1361,,ML,Meghalaya,West Garo Hills,25.5132,90.0035,2014,Rainfall,Active,Denudational Hills highly Dissected (DHH),"Coarse sandstone, siltstone, clay and marl",Deciduous,117,MultiPolygon
LS2014_001045,1,positive,bhuvan_2014,ML/WG/78K02/2014/1362,,ML,Meghalaya,West Garo Hills,25.5132,90.0034,2014,Rainfall,Active,Denudational Hills highly Dissected (DHH),"Coarse sandstone, siltstone, clay and marl",Deciduous,117,MultiPolygon
LS2014_001046,1,positive,bhuvan_2014,ML/WG/78K02/2014/1363,,ML,Meghalaya,West Garo Hills,25.5131,90.0037,2014,Rainfall,Active,Denudational Hills highly Dissected (DHH),"Coarse sandstone, siltstone, clay and marl",Deciduous,117,MultiPolygon
LS2014_001047,1,positive,bhuvan_2014,ML/WG/78K02/2014/1364,,ML,Meghalaya,West Garo Hills,25.5131,90.0035,2014,Rainfall,Active,Denudational Hills highly Dissected (DHH),"Coarse sandstone, siltstone, clay and marl",Deciduous,117,MultiPolygon
LS2014_001048,1,positive,bhuvan_2014,ML/WG/78K02/2014/1013,,ML,Meghalaya,West Garo Hills,25.637,90.0246,2014,Rainfall,Active,Denudational Hills Moderately Dissected (DHM),"Coarse sandstone, siltstone, clay and marl",Deciduous,245,MultiPolygon
LS2014_001049,1,positive,bhuvan_2014,ML/WG/78K02/2014/1025,,ML,Meghalaya,West Garo Hills,25.6352,90.014,2014,Rainfall,Active,Denudational Hills Moderately Dissected (DHM),"Coarse sandstone, siltstone, clay and marl",Scrub land,752,MultiPolygon
LS2014_001050,1,positive,bhuvan_2014,ML/WG/78K02/2014/1028,,ML,Meghalaya,West Garo Hills,25.6348,90.0131,2014,Rainfall,Active,Denudational Hills Moderately Dissected (DHM),"Coarse sandstone, siltstone, clay and marl",Deciduous,1761,MultiPolygon
LS2014_001051,1,positive,bhuvan_2014,ML/WG/78K02/2014/1031,,ML,Meghalaya,West Garo Hills,25.6345,90.0136,2014,Rainfall,Active,Denudational Hills Moderately Dissected (DHM),"Coarse sandstone, siltstone, clay and marl",Scrub land,724,MultiPolygon
LS2014_001052,1,positive,bhuvan_2014,ML/WG/78K02/2014/1038,,ML,Meghalaya,West Garo Hills,25.6338,90.0148,2014,Rainfall,Active,Denudational Hills Moderately Dissected (DHM),"Coarse sandstone, siltstone, clay and marl",Scrub land,581,MultiPolygon
LS2014_001053,1,positive,bhuvan_2014,ML/WG/78K02/2014/1039,,ML,Meghalaya,West Garo Hills,25.6336,90.0121,2014,Rainfall,Active,Denudational Hills Moderately Dissected (DHM),"Coarse sandstone, siltstone, clay and marl",Deciduous,2893,MultiPolygon
LS2014_001054,1,positive,bhuvan_2014,ML/WG/78K02/2014/1041,,ML,Meghalaya,West Garo Hills,25.6334,90.0135,2014,Rainfall,Active,Denudational Hills Moderately Dissected (DHM),"Coarse sandstone, siltstone, clay and marl",Deciduous,1300,MultiPolygon
LS2014_001055,1,positive,bhuvan_2014,ML/WG/78K02/2014/1045,,ML,Meghalaya,West Garo Hills,25.633,90.0105,2014,Rainfall,Active,Denudational Hills Moderately Dissected (DHM),"Coarse sandstone, siltstone, clay and marl",Deciduous,1188,MultiPolygon
LS2014_001056,1,positive,bhuvan_2014,ML/WG/78K02/2014/1056,,ML,Meghalaya,West Garo Hills,25.6307,90.0265,2014,Rainfall,Active,Denudational Hills Moderately Dissected (DHM),"Coarse sandstone, siltstone, clay and marl",Deciduous,668,MultiPolygon
LS2014_001057,1,positive,bhuvan_2014,ML/WG/78K02/2014/1057,,ML,Meghalaya,West Garo Hills,25.6307,90.0262,2014,Rainfall,Active,Denudational Hills Moderately Dissected (DHM),"Coarse sandstone, siltstone, clay and marl",Deciduous,668,MultiPolygon
LS2014_001058,1,positive,bhuvan_2014,ML/WG/78K02/2014/1063,,ML,Meghalaya,West Garo Hills,25.6297,90.0102,2014,Rainfall,Active,Denudational Hills Moderately Dissected (DHM),"Coarse sandstone, siltstone, clay and marl",Deciduous,507,MultiPolygon
LS2014_001059,1,positive,bhuvan_2014,ML/WG/78K02/2014/1069,,ML,Meghalaya,West Garo Hills,25.6281,90.0083,2014,Rainfall,Active,Denudational Hills Moderately Dissected (DHM),"Coarse sandstone, siltstone, clay and marl",Deciduous,505,MultiPolygon
LS2014_001060,1,positive,bhuvan_2014,ML/WG/78K02/2014/1073,,ML,Meghalaya,West Garo Hills,25.6276,90.0107,2014,Rainfall,Active,Denudational Hills Moderately Dissected (DHM),"Coarse sandstone, siltstone, clay and marl",Deciduous,429,MultiPolygon
LS2014_001061,1,positive,bhuvan_2014,ML/WG/78K02/2014/1076,,ML,Meghalaya,West Garo Hills,25.6272,90.0142,2014,Rainfall,Active,Denudational Hills Moderately Dissected (DHM),"Coarse sandstone, siltstone, clay and marl",Deciduous,201,MultiPolygon
LS2014_001062,1,positive,bhuvan_2014,ML/WG/78K02/2014/1078,,ML,Meghalaya,West Garo Hills,25.627,90.0142,2014,Rainfall,Active,Denudational Hills Moderately Dissected (DHM),"Coarse sandstone, siltstone, clay and marl",Deciduous,201,MultiPolygon
LS2014_001063,1,positive,bhuvan_2014,ML/WG/78K02/2014/1080,,ML,Meghalaya,West Garo Hills,25.6265,90.005,2014,Rainfall,Active,Denudational Hills Moderately Dissected (DHM),"Coarse sandstone, siltstone, clay and marl",Deciduous,2958,MultiPolygon
LS2014_001064,1,positive,bhuvan_2014,ML/WG/78K02/2014/1090,,ML,Meghalaya,West Garo Hills,25.6255,90.0113,2014,Rainfall,Active,Denudational Hills Moderately Dissected (DHM),"Coarse sandstone, siltstone, clay and marl",Deciduous,594,MultiPolygon
LS2014_001065,1,positive,bhuvan_2014,ML/WG/78K02/2014/1116,,ML,Meghalaya,West Garo Hills,25.6218,90.0125,2014,Rainfall,Active,Denudational Hills Moderately Dissected (DHM),"Coarse sandstone, siltstone, clay and marl",Deciduous,791,MultiPolygon
LS2014_001066,1,positive,bhuvan_2014,ML/WG/78K02/2014/206,,ML,Meghalaya,West Garo Hills,25.7212,90.0204,2014,Rainfall,Active,Denudational Hills highly Dissected (DHH),"Coarse sandstone, siltstone, clay and marl",Scrub land,481,MultiPolygon
LS2014_001067,1,positive,bhuvan_2014,ML/WG/78K02/2014/210,,ML,Meghalaya,West Garo Hills,25.7209,90.0195,2014,Rainfall,Active,Denudational Hills highly Dissected (DHH),"Coarse sandstone, siltstone, clay and marl",Deciduous,2217,MultiPolygon
LS2014_001068,1,positive,bhuvan_2014,ML/WG/78K02/2014/216,,ML,Meghalaya,West Garo Hills,25.7205,90.0297,2014,Rainfall,Active,Denudational Hills highly Dissected (DHH),"Coarse sandstone, siltstone, clay and marl",Deciduous,402,MultiPolygon
LS2014_001069,1,positive,bhuvan_2014,ML/WG/78K02/2014/217,,ML,Meghalaya,West Garo Hills,25.7204,90.0299,2014,Rainfall,Active,Denudational Hills highly Dissected (DHH),"Coarse sandstone, siltstone, clay and marl",Deciduous,319,MultiPolygon
LS2014_001070,1,positive,bhuvan_2014,ML/WG/78K02/2014/237,,ML,Meghalaya,West Garo Hills,25.7188,90.0317,2014,Rainfall,Active,Denudational Hills highly Dissected (DHH),"Coarse sandstone, siltstone, clay and marl",Deciduous,248,MultiPolygon
LS2014_001071,1,positive,bhuvan_2014,ML/WG/78K02/2014/272,,ML,Meghalaya,West Garo Hills,25.713,90.0197,2014,Rainfall,Active,Denudational Hills highly Dissected (DHH),"Coarse sandstone, siltstone, clay and marl",Scrub land,484,MultiPolygon
LS2014_001072,1,positive,bhuvan_2014,ML/WG/78K01/2014/1,,ML,Meghalaya,West Garo Hills,25.8796,90.0249,2014,Rainfall,Active,Alluvium Plain Younger Deep(AYD),"Alluvium  - Sand, Silt dominant",Cropland,2277,MultiPolygon
LS2014_001073,1,positive,bhuvan_2014,ML/WG/78K01/2014/2,,ML,Meghalaya,West Garo Hills,25.8767,90.029,2014,Rainfall,Active,Alluvium Plain Younger Deep(AYD),"Alluvium  - Sand, Silt dominant",Cropland,504,MultiPolygon
LS2014_001074,1,positive,bhuvan_2014,ML/WG/78K01/2014/3,,ML,Meghalaya,West Garo Hills,25.8764,90.0292,2014,Rainfall,Active,Alluvium Plain Younger Deep(AYD),"Alluvium  - Sand, Silt dominant",Cropland,482,MultiPolygon
LS2014_001075,1,positive,bhuvan_2014,ML/SG/78K08/2014/27,,ML,Meghalaya,South Garo Hills,25.2339,90.2553,2014,Rainfall,Active,Denudational Hills highly Dissected (DHH),"Coarse sandstone, siltstone, clay and marl",Cropland,923,MultiPolygon
LS2014_001076,1,positive,bhuvan_2014,ML/SG/78K08/2014/28,,ML,Meghalaya,South Garo Hills,25.232,90.2581,2014,Rainfall,Active,Denudational Hills highly Dissected (DHH),"Coarse sandstone, siltstone, clay and marl",Rural,536,MultiPolygon
LS2014_001077,1,positive,bhuvan_2014,ML/SG/78K08/2014/33,,ML,Meghalaya,South Garo Hills,25.2171,90.2666,2014,Rainfall,Active,Denudational Hills highly Dissected (DHH),"Coarse sandstone, siltstone, clay and marl",Cropland,524,MultiPolygon
LS2014_001078,1,positive,bhuvan_2014,ML/SG/78K08/2014/34,,ML,Meghalaya,South Garo Hills,25.2157,90.2657,2014,Rainfall,Active,Denudational Hills highly Dissected (DHH),"Coarse sandstone, siltstone, clay and marl",Deciduous,354,MultiPolygon
LS2014_001079,1,positive,bhuvan_2014,ML/SG/78K08/2014/35,,ML,Meghalaya,South Garo Hills,25.215,90.2654,2014,Rainfall,Active,Denudational Hills highly Dissected (DHH),"Coarse sandstone, siltstone, clay and marl",Deciduous,957,MultiPolygon
LS2014_001080,1,positive,bhuvan_2014,ML/WG/78K02/2014/1304,,ML,Meghalaya,West Garo Hills,25.5346,90.1298,2014,Rainfall,Active,Denudational Hills Moderately Dissected (DHM),"Coarse, felspathic sandstone, pebble, conglomerate,clay,silty,fossiliferrous limestone",Deciduous,759,MultiPolygon
LS2014_001081,1,positive,bhuvan_2014,ML/WG/78K02/2014/1306,,ML,Meghalaya,West Garo Hills,25.5316,90.0994,2014,Rainfall,Active,Denudational Hills Moderately Dissected (DHM),"Coarse, felspathic sandstone, pebble, conglomerate,clay,silty,fossiliferrous limestone",Deciduous,0,MultiPolygon
LS2014_001082,1,positive,bhuvan_2014,ML/WG/78K02/2014/1315,,ML,Meghalaya,West Garo Hills,25.5293,90.1435,2014,Rainfall,Active,Denudational Hills Moderately Dissected (DHM),"Coarse, felspathic sandstone, pebble, conglomerate,clay,silty,fossiliferrous limestone",Deciduous,640,MultiPolygon
LS2014_001083,1,positive,bhuvan_2014,ML/WG/78K02/2014/1324,,ML,Meghalaya,West Garo Hills,25.526,90.1456,2014,Rainfall,Active,Denudational Hills Moderately Dissected (DHM),"Coarse, felspathic sandstone, pebble, conglomerate,clay,silty,fossiliferrous limestone",Deciduous,235,MultiPolygon
LS2014_001084,1,positive,bhuvan_2014,ML/WG/78K02/2014/1326,,ML,Meghalaya,West Garo Hills,25.5245,90.1214,2014,Rainfall,Active,Denudational Hills Moderately Dissected (DHM),"Coarse, felspathic sandstone, pebble, conglomerate,clay,silty,fossiliferrous limestone",Plantation,0,MultiPolygon
LS2014_001085,1,positive,bhuvan_2014,ML/WG/78K02/2014/1359,,ML,Meghalaya,West Garo Hills,25.5146,90.1036,2014,Rainfall,Active,Denudational Hills Moderately Dissected (DHM),"Coarse, felspathic sandstone, pebble, conglomerate,clay,silty,fossiliferrous limestone",Plantation,199,MultiPolygon
LS2014_001086,1,positive,bhuvan_2014,ML/WG/78K02/2014/1251,,ML,Meghalaya,West Garo Hills,25.5882,90.1023,2014,Rainfall,Active,Structural Hills - Highly Dissected (SHH),"Shale with sandatone, limestone and coal bands(Jaintia Gr)",Deciduous,395,MultiPolygon
LS2014_001087,1,positive,bhuvan_2014,ML/WG/78K02/2014/1255,,ML,Meghalaya,West Garo Hills,25.587,90.1002,2014,Rainfall,Active,Structural Hills - Highly Dissected (SHH),"Shale with sandatone, limestone and coal bands(Jaintia Gr)",Deciduous,374,MultiPolygon
LS2014_001088,1,positive,bhuvan_2014,ML/WG/78K02/2014/1256,,ML,Meghalaya,West Garo Hills,25.5856,90.1039,2014,Rainfall,Active,Structural Hills - Highly Dissected (SHH),"Shale with sandatone, limestone and coal bands(Jaintia Gr)",Cuirrent Shifting Cultivation,331,MultiPolygon
LS2014_001089,1,positive,bhuvan_2014,ML/WG/78K02/2014/1257,,ML,Meghalaya,West Garo Hills,25.5844,90.1039,2014,Rainfall,Active,Structural Hills - Highly Dissected (SHH),"Shale with sandatone, limestone and coal bands(Jaintia Gr)",Cuirrent Shifting Cultivation,0,MultiPolygon
LS2014_001090,1,positive,bhuvan_2014,ML/WG/78K02/2014/1259,,ML,Meghalaya,West Garo Hills,25.5831,90.1047,2014,Rainfall,Active,Structural Hills - Highly Dissected (SHH),"Shale with sandatone, limestone and coal bands(Jaintia Gr)",Cuirrent Shifting Cultivation,664,MultiPolygon
LS2014_001091,1,positive,bhuvan_2014,ML/WG/78K02/2014/1260,,ML,Meghalaya,West Garo Hills,25.5828,90.1054,2014,Rainfall,Active,Structural Hills - Highly Dissected (SHH),"Shale with sandatone, limestone and coal bands(Jaintia Gr)",Cuirrent Shifting Cultivation,127,MultiPolygon
LS2014_001092,1,positive,bhuvan_2014,ML/WG/78K02/2014/1261,,ML,Meghalaya,West Garo Hills,25.5828,90.1018,2014,Rainfall,Active,Structural Hills - Highly Dissected (SHH),"Shale with sandatone, limestone and coal bands(Jaintia Gr)",Cuirrent Shifting Cultivation,463,MultiPolygon
LS2014_001093,1,positive,bhuvan_2014,ML/WG/78K02/2014/1262,,ML,Meghalaya,West Garo Hills,25.5828,90.1013,2014,Rainfall,Active,Structural Hills - Highly Dissected (SHH),"Shale with sandatone, limestone and coal bands(Jaintia Gr)",Cuirrent Shifting Cultivation,230,MultiPolygon
LS2014_001094,1,positive,bhuvan_2014,ML/WG/78K02/2014/1263,,ML,Meghalaya,West Garo Hills,25.5826,90.1102,2014,Rainfall,Active,Structural Hills - Highly Dissected (SHH),"Shale with sandatone, limestone and coal bands(Jaintia Gr)",Deciduous,432,MultiPolygon
LS2014_001095,1,positive,bhuvan_2014,ML/WG/78K02/2014/1264,,ML,Meghalaya,West Garo Hills,25.5826,90.1096,2014,Rainfall,Active,Structural Hills - Highly Dissected (SHH),"Shale with sandatone, limestone and coal bands(Jaintia Gr)",Deciduous,211,MultiPolygon
LS2014_001096,1,positive,bhuvan_2014,ML/WG/78K02/2014/1266,,ML,Meghalaya,West Garo Hills,25.5824,90.1093,2014,Rainfall,Active,Structural Hills - Highly Dissected (SHH),"Shale with sandatone, limestone and coal bands(Jaintia Gr)",Deciduous,141,MultiPolygon
LS2014_001097,1,positive,bhuvan_2014,ML/WG/78K02/2014/1270,,ML,Meghalaya,West Garo Hills,25.5812,90.1033,2014,Rainfall,Active,Structural Hills - Highly Dissected (SHH),"Shale with sandatone, limestone and coal bands(Jaintia Gr)",Cuirrent Shifting Cultivation,0,MultiPolygon
LS2014_001098,1,positive,bhuvan_2014,ML/WG/78K02/2014/1273,,ML,Meghalaya,West Garo Hills,25.5795,90.1049,2014,Rainfall,Active,Structural Hills - Highly Dissected (SHH),"Shale with sandatone, limestone and coal bands(Jaintia Gr)",Deciduous,0,MultiPolygon
LS2014_001099,1,positive,bhuvan_2014,ML/WG/78K02/2014/1275,,ML,Meghalaya,West Garo Hills,25.5749,90.1054,2014,Rainfall,Active,Structural Hills - Highly Dissected (SHH),"Shale with sandatone, limestone and coal bands(Jaintia Gr)",Deciduous,573,MultiPolygon
LS2014_001100,1,positive,bhuvan_2014,ML/WG/78K02/2014/1276,,ML,Meghalaya,West Garo Hills,25.5741,90.1075,2014,Rainfall,Active,Structural Hills - Highly Dissected (SHH),"Shale with sandatone, limestone and coal bands(Jaintia Gr)",Deciduous,1147,MultiPolygon
LS2014_001101,1,positive,bhuvan_2014,ML/WG/78K02/2014/1284,,ML,Meghalaya,West Garo Hills,25.5712,90.1055,2014,Rainfall,Active,Structural Hills - Highly Dissected (SHH),"Shale with sandatone, limestone and coal bands(Jaintia Gr)",Deciduous,0,MultiPolygon
LS2014_001102,1,positive,bhuvan_2014,ML/WG/78K02/2014/1285,,ML,Meghalaya,West Garo Hills,25.5698,90.1007,2014,Rainfall,Active,Structural Hills - Highly Dissected (SHH),"Shale with sandatone, limestone and coal bands(Jaintia Gr)",Deciduous,0,MultiPolygon
LS2014_001103,1,positive,bhuvan_2014,ML/WG/78K02/2014/1288,,ML,Meghalaya,West Garo Hills,25.5677,90.1057,2014,Rainfall,Active,Structural Hills - Highly Dissected (SHH),"Shale with sandatone, limestone and coal bands(Jaintia Gr)",Deciduous,294,MultiPolygon
LS2014_001104,1,positive,bhuvan_2014,ML/WG/78K06/2014/1328,,ML,Meghalaya,West Garo Hills,25.524,90.2586,2014,Rainfall,Active,Denudational Hills highly Dissected (DHH),"Biotite Gness, Biotite hornblende gneiss, mica schist, sillimanite quartz schist",Deciduous,599,MultiPolygon
LS2014_001105,1,positive,bhuvan_2014,ML/WG/78K02/2014/1014,,ML,Meghalaya,West Garo Hills,25.6369,90.1713,2014,Rainfall,Active,Denudational Hills - Moderately Dissected (DHM),"Gneiss, Archaean to Proterozoic, Basement Genessic Complex of Meghalaya",Deciduous,585,MultiPolygon
LS2014_001106,1,positive,bhuvan_2014,ML/WG/78K02/2014/1015,,ML,Meghalaya,West Garo Hills,25.6368,90.1459,2014,Rainfall,Active,Denudational Hills - Moderately Dissected (DHM),"Gneiss, Archaean to Proterozoic, Basement Genessic Complex of Meghalaya",Deciduous,1802,MultiPolygon
LS2014_001107,1,positive,bhuvan_2014,ML/WG/78K02/2014/1019,,ML,Meghalaya,West Garo Hills,25.6361,90.1708,2014,Rainfall,Active,Denudational Hills - Moderately Dissected (DHM),"Gneiss, Archaean to Proterozoic, Basement Genessic Complex of Meghalaya",Deciduous,386,MultiPolygon
LS2014_001108,1,positive,bhuvan_2014,ML/WG/78K02/2014/1024,,ML,Meghalaya,West Garo Hills,25.6353,90.1667,2014,Rainfall,Active,Denudational Hills - Moderately Dissected (DHM),"Gneiss, Archaean to Proterozoic, Basement Genessic Complex of Meghalaya",Deciduous,276,MultiPolygon
LS2014_001109,1,positive,bhuvan_2014,ML/WG/78K02/2014/1026,,ML,Meghalaya,West Garo Hills,25.635,90.17,2014,Rainfall,Active,Denudational Hills - Moderately Dissected (DHM),"Gneiss, Archaean to Proterozoic, Basement Genessic Complex of Meghalaya",Deciduous,642,MultiPolygon
LS2014_001110,1,positive,bhuvan_2014,ML/WG/78K02/2014/1027,,ML,Meghalaya,West Garo Hills,25.635,90.1173,2014,Rainfall,Active,Denudational Hills - Moderately Dissected (DHM),"Gneiss, Archaean to Proterozoic, Basement Genessic Complex of Meghalaya",Deciduous,518,MultiPolygon
LS2014_001111,1,positive,bhuvan_2014,ML/WG/78K02/2014/1032,,ML,Meghalaya,West Garo Hills,25.6344,90.1662,2014,Rainfall,Active,Denudational Hills - Moderately Dissected (DHM),"Gneiss, Archaean to Proterozoic, Basement Genessic Complex of Meghalaya",Deciduous,1066,MultiPolygon
LS2014_001112,1,positive,bhuvan_2014,ML/WG/78K02/2014/1033,,ML,Meghalaya,West Garo Hills,25.6341,90.1607,2014,Rainfall,Active,Denudational Hills - Moderately Dissected (DHM),"Gneiss, Archaean to Proterozoic, Basement Genessic Complex of Meghalaya",Deciduous,0,MultiPolygon
LS2014_001113,1,positive,bhuvan_2014,ML/WG/78K02/2014/1043,,ML,Meghalaya,West Garo Hills,25.6332,90.1601,2014,Rainfall,Active,Denudational Hills - Moderately Dissected (DHM),"Gneiss, Archaean to Proterozoic, Basement Genessic Complex of Meghalaya",Deciduous,0,MultiPolygon
LS2014_001114,1,positive,bhuvan_2014,ML/WG/78K02/2014/1049,,ML,Meghalaya,West Garo Hills,25.6318,90.1665,2014,Rainfall,Active,Denudational Hills - Moderately Dissected (DHM),"Gneiss, Archaean to Proterozoic, Basement Genessic Complex of Meghalaya",Deciduous,555,MultiPolygon
LS2014_001115,1,positive,bhuvan_2014,ML/WG/78K02/2014/1051,,ML,Meghalaya,West Garo Hills,25.6317,90.1663,2014,Rainfall,Active,Denudational Hills - Moderately Dissected (DHM),"Gneiss, Archaean to Proterozoic, Basement Genessic Complex of Meghalaya",Deciduous,555,MultiPolygon
LS2014_001116,1,positive,bhuvan_2014,ML/WG/78K02/2014/1055,,ML,Meghalaya,West Garo Hills,25.6307,90.1705,2014,Rainfall,Active,Denudational Hills - Moderately Dissected (DHM),"Gneiss, Archaean to Proterozoic, Basement Genessic Complex of Meghalaya",Deciduous,245,MultiPolygon
LS2014_001117,1,positive,bhuvan_2014,ML/WG/78K02/2014/1062,,ML,Meghalaya,West Garo Hills,25.6302,90.167,2014,Rainfall,Active,Denudational Hills - Moderately Dissected (DHM),"Gneiss, Archaean to Proterozoic, Basement Genessic Complex of Meghalaya",Deciduous,1251,MultiPolygon
LS2014_001118,1,positive,bhuvan_2014,ML/WG/78K02/2014/1065,,ML,Meghalaya,West Garo Hills,25.6292,90.1678,2014,Rainfall,Active,Denudational Hills - Moderately Dissected (DHM),"Gneiss, Archaean to Proterozoic, Basement Genessic Complex of Meghalaya",Deciduous,944,MultiPolygon
LS2014_001119,1,positive,bhuvan_2014,ML/WG/78K02/2014/1070,,ML,Meghalaya,West Garo Hills,25.628,90.1627,2014,Rainfall,Active,Denudational Hills - Moderately Dissected (DHM),"Gneiss, Archaean to Proterozoic, Basement Genessic Complex of Meghalaya",Deciduous,781,MultiPolygon
LS2014_001120,1,positive,bhuvan_2014,ML/WG/78K02/2014/1071,,ML,Meghalaya,West Garo Hills,25.6279,90.1442,2014,Rainfall,Active,Denudational Hills - Moderately Dissected (DHM),"Gneiss, Archaean to Proterozoic, Basement Genessic Complex of Meghalaya",Deciduous,146,MultiPolygon
LS2014_001121,1,positive,bhuvan_2014,ML/WG/78K02/2014/1081,,ML,Meghalaya,West Garo Hills,25.6264,90.1502,2014,Rainfall,Active,Denudational Hills - Moderately Dissected (DHM),"Gneiss, Archaean to Proterozoic, Basement Genessic Complex of Meghalaya",Deciduous,496,MultiPolygon
LS2014_001122,1,positive,bhuvan_2014,ML/WG/78K02/2014/1082,,ML,Meghalaya,West Garo Hills,25.6263,90.1504,2014,Rainfall,Active,Denudational Hills - Moderately Dissected (DHM),"Gneiss, Archaean to Proterozoic, Basement Genessic Complex of Meghalaya",Deciduous,496,MultiPolygon
LS2014_001123,1,positive,bhuvan_2014,ML/WG/78K02/2014/1083,,ML,Meghalaya,West Garo Hills,25.6261,90.1233,2014,Rainfall,Active,Denudational Hills - Moderately Dissected (DHM),"Gneiss, Archaean to Proterozoic, Basement Genessic Complex of Meghalaya",Cuirrent Shifting Cultivation,146,MultiPolygon
LS2014_001124,1,positive,bhuvan_2014,ML/WG/78K02/2014/1088,,ML,Meghalaya,West Garo Hills,25.6256,90.1263,2014,Rainfall,Active,Denudational Hills - Moderately Dissected (DHM),"Gneiss, Archaean to Proterozoic, Basement Genessic Complex of Meghalaya",Deciduous,367,MultiPolygon
LS2014_001125,1,positive,bhuvan_2014,ML/WG/78K02/2014/1095,,ML,Meghalaya,West Garo Hills,25.6244,90.124,2014,Rainfall,Active,Denudational Hills - Moderately Dissected (DHM),"Gneiss, Archaean to Proterozoic, Basement Genessic Complex of Meghalaya",Scrub Forest,945,MultiPolygon
LS2014_001126,1,positive,bhuvan_2014,ML/WG/78K02/2014/1102,,ML,Meghalaya,West Garo Hills,25.6235,90.1226,2014,Rainfall,Active,Denudational Hills - Moderately Dissected (DHM),"Gneiss, Archaean to Proterozoic, Basement Genessic Complex of Meghalaya",Scrub Forest,850,MultiPolygon
LS2014_001127,1,positive,bhuvan_2014,ML/WG/78K02/2014/1104,,ML,Meghalaya,West Garo Hills,25.6232,90.1197,2014,Rainfall,Active,Denudational Hills - Moderately Dissected (DHM),"Gneiss, Archaean to Proterozoic, Basement Genessic Complex of Meghalaya",Cropland,386,MultiPolygon
LS2014_001128,1,positive,bhuvan_2014,ML/WG/78K02/2014/1127,,ML,Meghalaya,West Garo Hills,25.62,90.1545,2014,Rainfall,Active,Denudational Hills - Moderately Dissected (DHM),"Gneiss, Archaean to Proterozoic, Basement Genessic Complex of Meghalaya",Deciduous,0,MultiPolygon
LS2014_001129,1,positive,bhuvan_2014,ML/WG/78K02/2014/451,,ML,Meghalaya,West Garo Hills,25.6861,90.1548,2014,Rainfall,Active,Denudational Hills - Moderately Dissected (DHM),"Gneiss, Archaean to Proterozoic, Basement Genessic Complex of Meghalaya",Scrub Forest,540,MultiPolygon
LS2014_001130,1,positive,bhuvan_2014,ML/WG/78K02/2014/452,,ML,Meghalaya,West Garo Hills,25.6861,90.1006,2014,Rainfall,Active,Denudational Hills - Moderately Dissected (DHM),"Gneiss, Archaean to Proterozoic, Basement Genessic Complex of Meghalaya",Deciduous,1268,MultiPolygon
LS2014_001131,1,positive,bhuvan_2014,ML/WG/78K02/2014/483,,ML,Meghalaya,West Garo Hills,25.6843,90.1468,2014,Rainfall,Active,Denudational Hills - Moderately Dissected (DHM),"Gneiss, Archaean to Proterozoic, Basement Genessic Complex of Meghalaya",Cropland,1480,MultiPolygon
LS2014_001132,1,positive,bhuvan_2014,ML/WG/78K02/2014/489,,ML,Meghalaya,West Garo Hills,25.6841,90.15,2014,Rainfall,Active,Denudational Hills - Moderately Dissected (DHM),"Gneiss, Archaean to Proterozoic, Basement Genessic Complex of Meghalaya",Scrub Forest,408,MultiPolygon
LS2014_001133,1,positive,bhuvan_2014,ML/WG/78K02/2014/491,,ML,Meghalaya,West Garo Hills,25.684,90.1503,2014,Rainfall,Active,Denudational Hills - Moderately Dissected (DHM),"Gneiss, Archaean to Proterozoic, Basement Genessic Complex of Meghalaya",Scrub Forest,313,MultiPolygon
LS2014_001134,1,positive,bhuvan_2014,ML/WG/78K02/2014/495,,ML,Meghalaya,West Garo Hills,25.6831,90.1512,2014,Rainfall,Active,Denudational Hills - Moderately Dissected (DHM),"Gneiss, Archaean to Proterozoic, Basement Genessic Complex of Meghalaya",Deciduous,126,MultiPolygon
LS2014_001135,1,positive,bhuvan_2014,ML/WG/78K02/2014/497,,ML,Meghalaya,West Garo Hills,25.6829,90.151,2014,Rainfall,Active,Denudational Hills - Moderately Dissected (DHM),"Gneiss, Archaean to Proterozoic, Basement Genessic Complex of Meghalaya",Deciduous,614,MultiPolygon
LS2014_001136,1,positive,bhuvan_2014,ML/WG/78K02/2014/504,,ML,Meghalaya,West Garo Hills,25.6824,90.1602,2014,Rainfall,Active,Denudational Hills - Moderately Dissected (DHM),"Gneiss, Archaean to Proterozoic, Basement Genessic Complex of Meghalaya",Cuirrent Shifting Cultivation,287,MultiPolygon
LS2014_001137,1,positive,bhuvan_2014,ML/WG/78K02/2014/505,,ML,Meghalaya,West Garo Hills,25.6824,90.1468,2014,Rainfall,Active,Denudational Hills - Moderately Dissected (DHM),"Gneiss, Archaean to Proterozoic, Basement Genessic Complex of Meghalaya",Cuirrent Shifting Cultivation,503,MultiPolygon
LS2014_001138,1,positive,bhuvan_2014,ML/WG/78K02/2014/513,,ML,Meghalaya,West Garo Hills,25.6816,90.1474,2014,Rainfall,Active,Denudational Hills - Moderately Dissected (DHM),"Gneiss, Archaean to Proterozoic, Basement Genessic Complex of Meghalaya",Deciduous,203,MultiPolygon
LS2014_001139,1,positive,bhuvan_2014,ML/WG/78K02/2014/524,,ML,Meghalaya,West Garo Hills,25.6802,90.1487,2014,Rainfall,Active,Denudational Hills - Moderately Dissected (DHM),"Gneiss, Archaean to Proterozoic, Basement Genessic Complex of Meghalaya",Deciduous,251,MultiPolygon
LS2014_001140,1,positive,bhuvan_2014,ML/WG/78K02/2014/525,,ML,Meghalaya,West Garo Hills,25.6801,90.1409,2014,Rainfall,Active,Denudational Hills - Moderately Dissected (DHM),"Gneiss, Archaean to Proterozoic, Basement Genessic Complex of Meghalaya",Cuirrent Shifting Cultivation,817,MultiPolygon
LS2014_001141,1,positive,bhuvan_2014,ML/WG/78K02/2014/528,,ML,Meghalaya,West Garo Hills,25.6798,90.1381,2014,Rainfall,Active,Denudational Hills - Moderately Dissected (DHM),"Gneiss, Archaean to Proterozoic, Basement Genessic Complex of Meghalaya",Cuirrent Shifting Cultivation,574,MultiPolygon
LS2014_001142,1,positive,bhuvan_2014,ML/WG/78K02/2014/531,,ML,Meghalaya,West Garo Hills,25.679,90.1453,2014,Rainfall,Active,Denudational Hills - Moderately Dissected (DHM),"Gneiss, Archaean to Proterozoic, Basement Genessic Complex of Meghalaya",Cuirrent Shifting Cultivation,695,MultiPolygon
LS2014_001143,1,positive,bhuvan_2014,ML/WG/78K02/2014/532,,ML,Meghalaya,West Garo Hills,25.679,90.1389,2014,Rainfall,Active,Denudational Hills - Moderately Dissected (DHM),"Gneiss, Archaean to Proterozoic, Basement Genessic Complex of Meghalaya",Cuirrent Shifting Cultivation,1644,MultiPolygon
LS2014_001144,1,positive,bhuvan_2014,ML/WG/78K02/2014/533,,ML,Meghalaya,West Garo Hills,25.6788,90.1444,2014,Rainfall,Active,Denudational Hills - Moderately Dissected (DHM),"Gneiss, Archaean to Proterozoic, Basement Genessic Complex of Meghalaya",Cropland,630,MultiPolygon
LS2014_001145,1,positive,bhuvan_2014,ML/WG/78K02/2014/538,,ML,Meghalaya,West Garo Hills,25.678,90.152,2014,Rainfall,Active,Denudational Hills - Moderately Dissected (DHM),"Gneiss, Archaean to Proterozoic, Basement Genessic Complex of Meghalaya",Deciduous,625,MultiPolygon
LS2014_001146,1,positive,bhuvan_2014,ML/WG/78K02/2014/539,,ML,Meghalaya,West Garo Hills,25.678,90.1451,2014,Rainfall,Active,Denudational Hills - Moderately Dissected (DHM),"Gneiss, Archaean to Proterozoic, Basement Genessic Complex of Meghalaya",Cuirrent Shifting Cultivation,945,MultiPolygon
LS2014_001147,1,positive,bhuvan_2014,ML/WG/78K02/2014/548,,ML,Meghalaya,West Garo Hills,25.6769,90.17,2014,Rainfall,Active,Denudational Hills - Moderately Dissected (DHM),"Gneiss, Archaean to Proterozoic, Basement Genessic Complex of Meghalaya",Deciduous,1230,MultiPolygon
LS2014_001148,1,positive,bhuvan_2014,ML/WG/78K02/2014/552,,ML,Meghalaya,West Garo Hills,25.6767,90.1317,2014,Rainfall,Active,Denudational Hills - Moderately Dissected (DHM),"Gneiss, Archaean to Proterozoic, Basement Genessic Complex of Meghalaya",Plantation,1652,MultiPolygon
LS2014_001149,1,positive,bhuvan_2014,ML/WG/78K02/2014/553,,ML,Meghalaya,West Garo Hills,25.6766,90.1712,2014,Rainfall,Active,Denudational Hills - Moderately Dissected (DHM),"Gneiss, Archaean to Proterozoic, Basement Genessic Complex of Meghalaya",Scrub land,620,MultiPolygon
LS2014_001150,1,positive,bhuvan_2014,ML/WG/78K02/2014/554,,ML,Meghalaya,West Garo Hills,25.6766,90.1496,2014,Rainfall,Active,Denudational Hills - Moderately Dissected (DHM),"Gneiss, Archaean to Proterozoic, Basement Genessic Complex of Meghalaya",Deciduous,488,MultiPolygon
LS2014_001151,1,positive,bhuvan_2014,ML/WG/78K02/2014/559,,ML,Meghalaya,West Garo Hills,25.676,90.1719,2014,Rainfall,Active,Denudational Hills - Moderately Dissected (DHM),"Gneiss, Archaean to Proterozoic, Basement Genessic Complex of Meghalaya",Cuirrent Shifting Cultivation,770,MultiPolygon
LS2014_001152,1,positive,bhuvan_2014,ML/WG/78K02/2014/561,,ML,Meghalaya,West Garo Hills,25.6758,90.1522,2014,Rainfall,Active,Denudational Hills - Moderately Dissected (DHM),"Gneiss, Archaean to Proterozoic, Basement Genessic Complex of Meghalaya",Deciduous,931,MultiPolygon
LS2014_001153,1,positive,bhuvan_2014,ML/WG/78K02/2014/562,,ML,Meghalaya,West Garo Hills,25.6756,90.1659,2014,Rainfall,Active,Denudational Hills - Moderately Dissected (DHM),"Gneiss, Archaean to Proterozoic, Basement Genessic Complex of Meghalaya",Cuirrent Shifting Cultivation,1382,MultiPolygon
LS2014_001154,1,positive,bhuvan_2014,ML/WG/78K02/2014/566,,ML,Meghalaya,West Garo Hills,25.6753,90.1696,2014,Rainfall,Active,Denudational Hills - Moderately Dissected (DHM),"Gneiss, Archaean to Proterozoic, Basement Genessic Complex of Meghalaya",Deciduous,810,MultiPolygon
LS2014_001155,1,positive,bhuvan_2014,ML/WG/78K02/2014/574,,ML,Meghalaya,West Garo Hills,25.6744,90.1332,2014,Rainfall,Active,Denudational Hills - Moderately Dissected (DHM),"Gneiss, Archaean to Proterozoic, Basement Genessic Complex of Meghalaya",Deciduous,435,MultiPolygon
LS2014_001156,1,positive,bhuvan_2014,ML/WG/78K02/2014/577,,ML,Meghalaya,West Garo Hills,25.6742,90.1741,2014,Rainfall,Active,Denudational Hills - Moderately Dissected (DHM),"Gneiss, Archaean to Proterozoic, Basement Genessic Complex of Meghalaya",Cuirrent Shifting Cultivation,761,MultiPolygon
LS2014_001157,1,positive,bhuvan_2014,ML/WG/78K02/2014/578,,ML,Meghalaya,West Garo Hills,25.6742,90.1643,2014,Rainfall,Active,Denudational Hills - Moderately Dissected (DHM),"Gneiss, Archaean to Proterozoic, Basement Genessic Complex of Meghalaya",Deciduous,959,MultiPolygon
LS2014_001158,1,positive,bhuvan_2014,ML/WG/78K02/2014/580,,ML,Meghalaya,West Garo Hills,25.6738,90.164,2014,Rainfall,Active,Denudational Hills - Moderately Dissected (DHM),"Gneiss, Archaean to Proterozoic, Basement Genessic Complex of Meghalaya",Cuirrent Shifting Cultivation,959,MultiPolygon
LS2014_001159,1,positive,bhuvan_2014,ML/WG/78K02/2014/585,,ML,Meghalaya,West Garo Hills,25.6735,90.1588,2014,Rainfall,Active,Denudational Hills - Moderately Dissected (DHM),"Gneiss, Archaean to Proterozoic, Basement Genessic Complex of Meghalaya",Deciduous,2134,MultiPolygon
LS2014_001160,1,positive,bhuvan_2014,ML/WG/78K02/2014/587,,ML,Meghalaya,West Garo Hills,25.6734,90.1716,2014,Rainfall,Active,Denudational Hills - Moderately Dissected (DHM),"Gneiss, Archaean to Proterozoic, Basement Genessic Complex of Meghalaya",Cuirrent Shifting Cultivation,453,MultiPolygon
LS2014_001161,1,positive,bhuvan_2014,ML/WG/78K02/2014/592,,ML,Meghalaya,West Garo Hills,25.6731,90.1687,2014,Rainfall,Active,Denudational Hills - Moderately Dissected (DHM),"Gneiss, Archaean to Proterozoic, Basement Genessic Complex of Meghalaya",Cuirrent Shifting Cultivation,276,MultiPolygon
LS2014_001162,1,positive,bhuvan_2014,ML/WG/78K02/2014/593,,ML,Meghalaya,West Garo Hills,25.673,90.1627,2014,Rainfall,Active,Denudational Hills - Moderately Dissected (DHM),"Gneiss, Archaean to Proterozoic, Basement Genessic Complex of Meghalaya",Deciduous,0,MultiPolygon
LS2014_001163,1,positive,bhuvan_2014,ML/WG/78K02/2014/598,,ML,Meghalaya,West Garo Hills,25.6727,90.1577,2014,Rainfall,Active,Denudational Hills - Moderately Dissected (DHM),"Gneiss, Archaean to Proterozoic, Basement Genessic Complex of Meghalaya",Deciduous,761,MultiPolygon
LS2014_001164,1,positive,bhuvan_2014,ML/WG/78K02/2014/603,,ML,Meghalaya,West Garo Hills,25.6718,90.1725,2014,Rainfall,Active,Denudational Hills - Moderately Dissected (DHM),"Gneiss, Archaean to Proterozoic, Basement Genessic Complex of Meghalaya",Deciduous,304,MultiPolygon
LS2014_001165,1,positive,bhuvan_2014,ML/WG/78K02/2014/604,,ML,Meghalaya,West Garo Hills,25.6716,90.1235,2014,Rainfall,Active,Denudational Hills - Moderately Dissected (DHM),"Gneiss, Archaean to Proterozoic, Basement Genessic Complex of Meghalaya",Cuirrent Shifting Cultivation,2504,MultiPolygon
LS2014_001166,1,positive,bhuvan_2014,ML/WG/78K02/2014/605,,ML,Meghalaya,West Garo Hills,25.6715,90.1721,2014,Rainfall,Active,Denudational Hills - Moderately Dissected (DHM),"Gneiss, Archaean to Proterozoic, Basement Genessic Complex of Meghalaya",Deciduous,616,MultiPolygon
LS2014_001167,1,positive,bhuvan_2014,ML/WG/78K02/2014/609,,ML,Meghalaya,West Garo Hills,25.6713,90.1717,2014,Rainfall,Active,Denudational Hills - Moderately Dissected (DHM),"Gneiss, Archaean to Proterozoic, Basement Genessic Complex of Meghalaya",Deciduous,614,MultiPolygon
LS2014_001168,1,positive,bhuvan_2014,ML/WG/78K02/2014/612,,ML,Meghalaya,West Garo Hills,25.6711,90.168,2014,Rainfall,Active,Denudational Hills - Moderately Dissected (DHM),"Gneiss, Archaean to Proterozoic, Basement Genessic Complex of Meghalaya",Scrub Forest,378,MultiPolygon
LS2014_001169,1,positive,bhuvan_2014,ML/WG/78K02/2014/613,,ML,Meghalaya,West Garo Hills,25.671,90.1684,2014,Rainfall,Active,Denudational Hills - Moderately Dissected (DHM),"Gneiss, Archaean to Proterozoic, Basement Genessic Complex of Meghalaya",Scrub Forest,177,MultiPolygon
LS2014_001170,1,positive,bhuvan_2014,ML/WG/78K02/2014/615,,ML,Meghalaya,West Garo Hills,25.6708,90.1684,2014,Rainfall,Active,Denudational Hills - Moderately Dissected (DHM),"Gneiss, Archaean to Proterozoic, Basement Genessic Complex of Meghalaya",Scrub Forest,728,MultiPolygon
LS2014_001171,1,positive,bhuvan_2014,ML/WG/78K02/2014/616,,ML,Meghalaya,West Garo Hills,25.6707,90.1452,2014,Rainfall,Active,Denudational Hills - Moderately Dissected (DHM),"Gneiss, Archaean to Proterozoic, Basement Genessic Complex of Meghalaya",Deciduous,364,MultiPolygon
LS2014_001172,1,positive,bhuvan_2014,ML/WG/78K02/2014/628,,ML,Meghalaya,West Garo Hills,25.6697,90.1689,2014,Rainfall,Active,Denudational Hills - Moderately Dissected (DHM),"Gneiss, Archaean to Proterozoic, Basement Genessic Complex of Meghalaya",Deciduous,343,MultiPolygon
LS2014_001173,1,positive,bhuvan_2014,ML/WG/78K02/2014/629,,ML,Meghalaya,West Garo Hills,25.6697,90.1432,2014,Rainfall,Active,Denudational Hills - Moderately Dissected (DHM),"Gneiss, Archaean to Proterozoic, Basement Genessic Complex of Meghalaya",Scrub land,660,MultiPolygon
LS2014_001174,1,positive,bhuvan_2014,ML/WG/78K02/2014/634,,ML,Meghalaya,West Garo Hills,25.6695,90.1742,2014,Rainfall,Active,Denudational Hills - Moderately Dissected (DHM),"Gneiss, Archaean to Proterozoic, Basement Genessic Complex of Meghalaya",Cuirrent Shifting Cultivation,317,MultiPolygon
LS2014_001175,1,positive,bhuvan_2014,ML/WG/78K02/2014/636,,ML,Meghalaya,West Garo Hills,25.6693,90.1744,2014,Rainfall,Active,Denudational Hills - Moderately Dissected (DHM),"Gneiss, Archaean to Proterozoic, Basement Genessic Complex of Meghalaya",Cuirrent Shifting Cultivation,440,MultiPolygon
LS2014_001176,1,positive,bhuvan_2014,ML/WG/78K02/2014/642,,ML,Meghalaya,West Garo Hills,25.6689,90.175,2014,Rainfall,Active,Denudational Hills - Moderately Dissected (DHM),"Gneiss, Archaean to Proterozoic, Basement Genessic Complex of Meghalaya",Cuirrent Shifting Cultivation,430,MultiPolygon
LS2014_001177,1,positive,bhuvan_2014,ML/WG/78K02/2014/649,,ML,Meghalaya,West Garo Hills,25.6686,90.1556,2014,Rainfall,Active,Denudational Hills - Moderately Dissected (DHM),"Gneiss, Archaean to Proterozoic, Basement Genessic Complex of Meghalaya",Deciduous,0,MultiPolygon
LS2014_001178,1,positive,bhuvan_2014,ML/WG/78K02/2014/651,,ML,Meghalaya,West Garo Hills,25.6685,90.1553,2014,Rainfall,Active,Denudational Hills - Moderately Dissected (DHM),"Gneiss, Archaean to Proterozoic, Basement Genessic Complex of Meghalaya",Deciduous,0,MultiPolygon
LS2014_001179,1,positive,bhuvan_2014,ML/WG/78K06/2014/450,,ML,Meghalaya,West Garo Hills,25.6865,90.273,2014,Rainfall,Active,Denudational Hills - Moderately Dissected (DHM),"Gneiss, Archaean to Proterozoic, Basement Genessic Complex of Meghalaya",Scrub Forest,176,MultiPolygon
LS2014_001180,1,positive,bhuvan_2014,ML/WG/78K06/2014/454,,ML,Meghalaya,West Garo Hills,25.686,90.2879,2014,Rainfall,Active,Denudational Hills - Moderately Dissected (DHM),"Gneiss, Archaean to Proterozoic, Basement Genessic Complex of Meghalaya",Cuirrent Shifting Cultivation,479,MultiPolygon
LS2014_001181,1,positive,bhuvan_2014,ML/WG/78K06/2014/457,,ML,Meghalaya,West Garo Hills,25.6855,90.2713,2014,Rainfall,Active,Denudational Hills - Moderately Dissected (DHM),"Gneiss, Archaean to Proterozoic, Basement Genessic Complex of Meghalaya",Scrub Forest,746,MultiPolygon
LS2014_001182,1,positive,bhuvan_2014,ML/WG/78K06/2014/458,,ML,Meghalaya,West Garo Hills,25.6855,90.2545,2014,Rainfall,Active,Denudational Hills - Moderately Dissected (DHM),"Gneiss, Archaean to Proterozoic, Basement Genessic Complex of Meghalaya",Deciduous,1073,MultiPolygon
LS2014_001183,1,positive,bhuvan_2014,ML/WG/78K06/2014/460,,ML,Meghalaya,West Garo Hills,25.6854,90.273,2014,Rainfall,Active,Denudational Hills - Moderately Dissected (DHM),"Gneiss, Archaean to Proterozoic, Basement Genessic Complex of Meghalaya",Scrub Forest,170,MultiPolygon
LS2014_001184,1,positive,bhuvan_2014,ML/WG/78K06/2014/461,,ML,Meghalaya,West Garo Hills,25.6854,90.253,2014,Rainfall,Active,Denudational Hills - Moderately Dissected (DHM),"Gneiss, Archaean to Proterozoic, Basement Genessic Complex of Meghalaya",Deciduous,1040,MultiPolygon
LS2014_001185,1,positive,bhuvan_2014,ML/WG/78K06/2014/462,,ML,Meghalaya,West Garo Hills,25.6852,90.271,2014,Rainfall,Active,Denudational Hills - Moderately Dissected (DHM),"Gneiss, Archaean to Proterozoic, Basement Genessic Complex of Meghalaya",Scrub Forest,746,MultiPolygon
LS2014_001186,1,positive,bhuvan_2014,ML/WG/78K06/2014/463,,ML,Meghalaya,West Garo Hills,25.6851,90.2712,2014,Rainfall,Active,Denudational Hills - Moderately Dissected (DHM),"Gneiss, Archaean to Proterozoic, Basement Genessic Complex of Meghalaya",Scrub Forest,182,MultiPolygon
LS2014_001187,1,positive,bhuvan_2014,ML/WG/78K06/2014/465,,ML,Meghalaya,West Garo Hills,25.685,90.2715,2014,Rainfall,Active,Denudational Hills - Moderately Dissected (DHM),"Gneiss, Archaean to Proterozoic, Basement Genessic Complex of Meghalaya",Scrub Forest,104,MultiPolygon
LS2014_001188,1,positive,bhuvan_2014,ML/WG/78K06/2014/468,,ML,Meghalaya,West Garo Hills,25.6849,90.2713,2014,Rainfall,Active,Denudational Hills - Moderately Dissected (DHM),"Gneiss, Archaean to Proterozoic, Basement Genessic Complex of Meghalaya",Scrub Forest,104,MultiPolygon
LS2014_001189,1,positive,bhuvan_2014,ML/WG/78K06/2014/469,,ML,Meghalaya,West Garo Hills,25.6849,90.2712,2014,Rainfall,Active,Denudational Hills - Moderately Dissected (DHM),"Gneiss, Archaean to Proterozoic, Basement Genessic Complex of Meghalaya",Scrub Forest,104,MultiPolygon
LS2014_001190,1,positive,bhuvan_2014,ML/WG/78K06/2014/470,,ML,Meghalaya,West Garo Hills,25.6849,90.2711,2014,Rainfall,Active,Denudational Hills - Moderately Dissected (DHM),"Gneiss, Archaean to Proterozoic, Basement Genessic Complex of Meghalaya",Scrub Forest,104,MultiPolygon
LS2014_001191,1,positive,bhuvan_2014,ML/WG/78K06/2014/471,,ML,Meghalaya,West Garo Hills,25.6848,90.2714,2014,Rainfall,Active,Denudational Hills - Moderately Dissected (DHM),"Gneiss, Archaean to Proterozoic, Basement Genessic Complex of Meghalaya",Scrub Forest,112,MultiPolygon
LS2014_001192,1,positive,bhuvan_2014,ML/WG/78K06/2014/472,,ML,Meghalaya,West Garo Hills,25.6848,90.2711,2014,Rainfall,Active,Denudational Hills - Moderately Dissected (DHM),"Gneiss, Archaean to Proterozoic, Basement Genessic Complex of Meghalaya",Scrub Forest,104,MultiPolygon
LS2014_001193,1,positive,bhuvan_2014,ML/WG/78K06/2014/474,,ML,Meghalaya,West Garo Hills,25.6848,90.271,2014,Rainfall,Active,Denudational Hills - Moderately Dissected (DHM),"Gneiss, Archaean to Proterozoic, Basement Genessic Complex of Meghalaya",Scrub Forest,104,MultiPolygon
LS2014_001194,1,positive,bhuvan_2014,ML/WG/78K06/2014/475,,ML,Meghalaya,West Garo Hills,25.6847,90.271,2014,Rainfall,Active,Denudational Hills - Moderately Dissected (DHM),"Gneiss, Archaean to Proterozoic, Basement Genessic Complex of Meghalaya",Scrub Forest,104,MultiPolygon
LS2014_001195,1,positive,bhuvan_2014,ML/WG/78K06/2014/477,,ML,Meghalaya,West Garo Hills,25.6847,90.2709,2014,Rainfall,Active,Denudational Hills - Moderately Dissected (DHM),"Gneiss, Archaean to Proterozoic, Basement Genessic Complex of Meghalaya",Scrub Forest,104,MultiPolygon
LS2014_001196,1,positive,bhuvan_2014,ML/WG/78K06/2014/479,,ML,Meghalaya,West Garo Hills,25.6846,90.2788,2014,Rainfall,Active,Denudational Hills - Moderately Dissected (DHM),"Gneiss, Archaean to Proterozoic, Basement Genessic Complex of Meghalaya",Deciduous,300,MultiPolygon
LS2014_001197,1,positive,bhuvan_2014,ML/WG/78K06/2014/480,,ML,Meghalaya,West Garo Hills,25.6846,90.2712,2014,Rainfall,Active,Denudational Hills - Moderately Dissected (DHM),"Gneiss, Archaean to Proterozoic, Basement Genessic Complex of Meghalaya",Scrub Forest,112,MultiPolygon
LS2014_001198,1,positive,bhuvan_2014,ML/WG/78K06/2014/481,,ML,Meghalaya,West Garo Hills,25.6846,90.2712,2014,Rainfall,Active,Denudational Hills - Moderately Dissected (DHM),"Gneiss, Archaean to Proterozoic, Basement Genessic Complex of Meghalaya",Scrub Forest,112,MultiPolygon
LS2014_001199,1,positive,bhuvan_2014,ML/WG/78K06/2014/482,,ML,Meghalaya,West Garo Hills,25.6844,90.2937,2014,Rainfall,Active,Denudational Hills - Moderately Dissected (DHM),"Gneiss, Archaean to Proterozoic, Basement Genessic Complex of Meghalaya",Scrub land,328,MultiPolygon
LS2014_001200,1,positive,bhuvan_2014,ML/WG/78K06/2014/484,,ML,Meghalaya,West Garo Hills,25.6842,90.2723,2014,Rainfall,Active,Denudational Hills - Moderately Dissected (DHM),"Gneiss, Archaean to Proterozoic, Basement Genessic Complex of Meghalaya",Scrub Forest,1239,MultiPolygon
LS2014_001201,1,positive,bhuvan_2014,ML/WG/78K06/2014/485,,ML,Meghalaya,West Garo Hills,25.6842,90.2723,2014,Rainfall,Active,Denudational Hills - Moderately Dissected (DHM),"Gneiss, Archaean to Proterozoic, Basement Genessic Complex of Meghalaya",Scrub Forest,1239,MultiPolygon
LS2014_001202,1,positive,bhuvan_2014,ML/WG/78K06/2014/486,,ML,Meghalaya,West Garo Hills,25.6841,90.2722,2014,Rainfall,Active,Denudational Hills - Moderately Dissected (DHM),"Gneiss, Archaean to Proterozoic, Basement Genessic Complex of Meghalaya",Scrub Forest,1239,MultiPolygon
LS2014_001203,1,positive,bhuvan_2014,ML/WG/78K06/2014/487,,ML,Meghalaya,West Garo Hills,25.6841,90.2721,2014,Rainfall,Active,Denudational Hills - Moderately Dissected (DHM),"Gneiss, Archaean to Proterozoic, Basement Genessic Complex of Meghalaya",Scrub Forest,1239,MultiPolygon
LS2014_001204,1,positive,bhuvan_2014,ML/WG/78K06/2014/490,,ML,Meghalaya,West Garo Hills,25.684,90.2712,2014,Rainfall,Active,Denudational Hills - Moderately Dissected (DHM),"Gneiss, Archaean to Proterozoic, Basement Genessic Complex of Meghalaya",Scrub Forest,1610,MultiPolygon
LS2014_001205,1,positive,bhuvan_2014,ML/WG/78K06/2014/493,,ML,Meghalaya,West Garo Hills,25.6836,90.2717,2014,Rainfall,Active,Denudational Hills - Moderately Dissected (DHM),"Gneiss, Archaean to Proterozoic, Basement Genessic Complex of Meghalaya",Scrub Forest,1239,MultiPolygon
LS2014_001206,1,positive,bhuvan_2014,ML/WG/78K06/2014/498,,ML,Meghalaya,West Garo Hills,25.6828,90.272,2014,Rainfall,Active,Denudational Hills - Moderately Dissected (DHM),"Gneiss, Archaean to Proterozoic, Basement Genessic Complex of Meghalaya",Scrub Forest,800,MultiPolygon
LS2014_001207,1,positive,bhuvan_2014,ML/WG/78K06/2014/500,,ML,Meghalaya,West Garo Hills,25.6825,90.272,2014,Rainfall,Active,Denudational Hills - Moderately Dissected (DHM),"Gneiss, Archaean to Proterozoic, Basement Genessic Complex of Meghalaya",Scrub Forest,526,MultiPolygon
LS2014_001208,1,positive,bhuvan_2014,ML/WG/78K06/2014/507,,ML,Meghalaya,West Garo Hills,25.6822,90.2729,2014,Rainfall,Active,Denudational Hills - Moderately Dissected (DHM),"Gneiss, Archaean to Proterozoic, Basement Genessic Complex of Meghalaya",Scrub Forest,358,MultiPolygon
LS2014_001209,1,positive,bhuvan_2014,ML/WG/78K06/2014/508,,ML,Meghalaya,West Garo Hills,25.6822,90.2612,2014,Rainfall,Active,Denudational Hills - Moderately Dissected (DHM),"Gneiss, Archaean to Proterozoic, Basement Genessic Complex of Meghalaya",Deciduous,194,MultiPolygon
LS2014_001210,1,positive,bhuvan_2014,ML/WG/78K06/2014/510,,ML,Meghalaya,West Garo Hills,25.682,90.2721,2014,Rainfall,Active,Denudational Hills - Moderately Dissected (DHM),"Gneiss, Archaean to Proterozoic, Basement Genessic Complex of Meghalaya",Deciduous,234,MultiPolygon
LS2014_001211,1,positive,bhuvan_2014,ML/WG/78K02/2014/518,,ML,Meghalaya,West Garo Hills,25.6808,90.2457,2014,Rainfall,Active,Denudational Hills - Moderately Dissected (DHM),"Gneiss, Archaean to Proterozoic, Basement Genessic Complex of Meghalaya",Scrub Forest,281,MultiPolygon
LS2014_001212,1,positive,bhuvan_2014,ML/WG/78K02/2014/520,,ML,Meghalaya,West Garo Hills,25.6805,90.2458,2014,Rainfall,Active,Denudational Hills - Moderately Dissected (DHM),"Gneiss, Archaean to Proterozoic, Basement Genessic Complex of Meghalaya",Scrub Forest,106,MultiPolygon
LS2014_001213,1,positive,bhuvan_2014,ML/WG/78K02/2014/522,,ML,Meghalaya,West Garo Hills,25.6803,90.246,2014,Rainfall,Active,Denudational Hills - Moderately Dissected (DHM),"Gneiss, Archaean to Proterozoic, Basement Genessic Complex of Meghalaya",Scrub Forest,521,MultiPolygon
LS2014_001214,1,positive,bhuvan_2014,ML/WG/78K06/2014/523,,ML,Meghalaya,West Garo Hills,25.6802,90.2657,2014,Rainfall,Active,Denudational Hills - Moderately Dissected (DHM),"Gneiss, Archaean to Proterozoic, Basement Genessic Complex of Meghalaya",Scrub Forest,491,MultiPolygon
LS2014_001215,1,positive,bhuvan_2014,ML/WG/78K02/2014/526,,ML,Meghalaya,West Garo Hills,25.68,90.2463,2014,Rainfall,Active,Denudational Hills - Moderately Dissected (DHM),"Gneiss, Archaean to Proterozoic, Basement Genessic Complex of Meghalaya",Deciduous,201,MultiPolygon
LS2014_001216,1,positive,bhuvan_2014,ML/WG/78K06/2014/545,,ML,Meghalaya,West Garo Hills,25.6775,90.2729,2014,Rainfall,Active,Denudational Hills - Moderately Dissected (DHM),"Gneiss, Archaean to Proterozoic, Basement Genessic Complex of Meghalaya",Deciduous,2773,MultiPolygon
LS2014_001217,1,positive,bhuvan_2014,ML/WG/78K06/2014/550,,ML,Meghalaya,West Garo Hills,25.6767,90.2801,2014,Rainfall,Active,Denudational Hills - Moderately Dissected (DHM),"Gneiss, Archaean to Proterozoic, Basement Genessic Complex of Meghalaya",Deciduous,0,MultiPolygon
LS2014_001218,1,positive,bhuvan_2014,ML/WG/78K06/2014/563,,ML,Meghalaya,West Garo Hills,25.6755,90.2724,2014,Rainfall,Active,Denudational Hills - Moderately Dissected (DHM),"Gneiss, Archaean to Proterozoic, Basement Genessic Complex of Meghalaya",Deciduous,571,MultiPolygon
LS2014_001219,1,positive,bhuvan_2014,ML/WG/78K02/2014/606,,ML,Meghalaya,West Garo Hills,25.6714,90.2454,2014,Rainfall,Active,Denudational Hills - Moderately Dissected (DHM),"Gneiss, Archaean to Proterozoic, Basement Genessic Complex of Meghalaya",Deciduous,440,MultiPolygon
LS2014_001220,1,positive,bhuvan_2014,ML/WG/78K02/2014/607,,ML,Meghalaya,West Garo Hills,25.6714,90.2438,2014,Rainfall,Active,Denudational Hills - Moderately Dissected (DHM),"Gneiss, Archaean to Proterozoic, Basement Genessic Complex of Meghalaya",Deciduous,267,MultiPolygon
LS2014_001221,1,positive,bhuvan_2014,ML/WG/78K02/2014/610,,ML,Meghalaya,West Garo Hills,25.6712,90.2448,2014,Rainfall,Active,Denudational Hills - Moderately Dissected (DHM),"Gneiss, Archaean to Proterozoic, Basement Genessic Complex of Meghalaya",Deciduous,327,MultiPolygon
LS2014_001222,1,positive,bhuvan_2014,ML/WG/78K06/2014/620,,ML,Meghalaya,West Garo Hills,25.6703,90.2608,2014,Rainfall,Active,Denudational Hills - Moderately Dissected (DHM),"Gneiss, Archaean to Proterozoic, Basement Genessic Complex of Meghalaya",Deciduous,295,MultiPolygon
LS2014_001223,1,positive,bhuvan_2014,ML/WG/78K06/2014/624,,ML,Meghalaya,West Garo Hills,25.67,90.2654,2014,Rainfall,Active,Denudational Hills - Moderately Dissected (DHM),"Gneiss, Archaean to Proterozoic, Basement Genessic Complex of Meghalaya",Cuirrent Shifting Cultivation,720,MultiPolygon
LS2014_001224,1,positive,bhuvan_2014,ML/WG/78K06/2014/635,,ML,Meghalaya,West Garo Hills,25.6694,90.2625,2014,Rainfall,Active,Denudational Hills - Moderately Dissected (DHM),"Gneiss, Archaean to Proterozoic, Basement Genessic Complex of Meghalaya",Deciduous,332,MultiPolygon
LS2014_001225,1,positive,bhuvan_2014,ML/WG/78K06/2014/657,,ML,Meghalaya,West Garo Hills,25.6681,90.2588,2014,Rainfall,Active,Denudational Hills - Moderately Dissected (DHM),"Gneiss, Archaean to Proterozoic, Basement Genessic Complex of Meghalaya",Deciduous,645,MultiPolygon
LS2014_001226,1,positive,bhuvan_2014,ML/WG/78K06/2014/660,,ML,Meghalaya,West Garo Hills,25.6677,90.2622,2014,Rainfall,Active,Denudational Hills - Moderately Dissected (DHM),"Gneiss, Archaean to Proterozoic, Basement Genessic Complex of Meghalaya",Deciduous,242,MultiPolygon
LS2014_001227,1,positive,bhuvan_2014,ML/WG/78K06/2014/661,,ML,Meghalaya,West Garo Hills,25.6677,90.2616,2014,Rainfall,Active,Denudational Hills - Moderately Dissected (DHM),"Gneiss, Archaean to Proterozoic, Basement Genessic Complex of Meghalaya",Deciduous,255,MultiPolygon
LS2014_001228,1,positive,bhuvan_2014,ML/WG/78K06/2014/662,,ML,Meghalaya,West Garo Hills,25.6677,90.2585,2014,Rainfall,Active,Denudational Hills - Moderately Dissected (DHM),"Gneiss, Archaean to Proterozoic, Basement Genessic Complex of Meghalaya",Deciduous,272,MultiPolygon
LS2014_001229,1,positive,bhuvan_2014,ML/WG/78K02/2014/144,,ML,Meghalaya,West Garo Hills,25.7372,90.1741,2014,Rainfall,Active,Denudational Hills Moderately Dissected(DHM),"Shale with sandatone, limestone and coal bands(Jaintia Gr),Paleocene-eocene",Cuirrent Shifting Cultivation,157,MultiPolygon
LS2014_001230,1,positive,bhuvan_2014,ML/WG/78K02/2014/150,,ML,Meghalaya,West Garo Hills,25.7347,90.137,2014,Rainfall,Active,Denudational Hills Moderately Dissected(DHM),"Shale with sandatone, limestone and coal bands(Jaintia Gr),Paleocene-eocene",Deciduous,418,MultiPolygon
LS2014_001231,1,positive,bhuvan_2014,ML/WG/78K02/2014/156,,ML,Meghalaya,West Garo Hills,25.7338,90.1645,2014,Rainfall,Active,Denudational Hills Moderately Dissected(DHM),"Shale with sandatone, limestone and coal bands(Jaintia Gr),Paleocene-eocene",Plantation,1490,MultiPolygon
LS2014_001232,1,positive,bhuvan_2014,ML/WG/78K02/2014/159,,ML,Meghalaya,West Garo Hills,25.7318,90.1471,2014,Rainfall,Active,Denudational Hills - Moderately Dissected (DHM),"Gneiss, Archaean to Proterozoic, Basement Genessic Complex of Meghalaya",Plantation,1432,MultiPolygon
LS2014_001233,1,positive,bhuvan_2014,ML/WG/78K02/2014/165,,ML,Meghalaya,West Garo Hills,25.7304,90.1488,2014,Rainfall,Active,Denudational Hills - Moderately Dissected (DHM),"Gneiss, Archaean to Proterozoic, Basement Genessic Complex of Meghalaya",Plantation,1094,MultiPolygon
LS2014_001234,1,positive,bhuvan_2014,ML/WG/78K02/2014/213,,ML,Meghalaya,West Garo Hills,25.7207,90.1112,2014,Rainfall,Active,Denudational Hills highly Dissected (DHH),"Shale with sandstone, limestone and coal bands",Deciduous,640,MultiPolygon
LS2014_001235,1,positive,bhuvan_2014,ML/WG/78K02/2014/253,,ML,Meghalaya,West Garo Hills,25.716,90.1034,2014,Rainfall,Active,Denudational Hills highly Dissected (DHH),"Shale with sandstone, limestone and coal bands",Scrub land,1394,MultiPolygon
LS2014_001236,1,positive,bhuvan_2014,ML/WG/78K02/2014/273,,ML,Meghalaya,West Garo Hills,25.7129,90.1659,2014,Rainfall,Active,Denudational Hills - Moderately Dissected (DHM),"Gneiss, Archaean to Proterozoic, Basement Genessic Complex of Meghalaya",Deciduous,861,MultiPolygon
LS2014_001237,1,positive,bhuvan_2014,ML/WG/78K02/2014/274,,ML,Meghalaya,West Garo Hills,25.7129,90.1633,2014,Rainfall,Active,Denudational Hills - Moderately Dissected (DHM),"Gneiss, Archaean to Proterozoic, Basement Genessic Complex of Meghalaya",Deciduous,502,MultiPolygon
LS2014_001238,1,positive,bhuvan_2014,ML/WG/78K02/2014/279,,ML,Meghalaya,West Garo Hills,25.7115,90.1099,2014,Rainfall,Active,Denudational Hills highly Dissected (DHH),"Shale with sandstone, limestone and coal bands",Plantation,1454,MultiPolygon
LS2014_001239,1,positive,bhuvan_2014,ML/WG/78K01/2014/11,,ML,Meghalaya,West Garo Hills,25.7729,90.1686,2014,Rainfall,Active,Denudational Hills Moderately Dissected(DHM),"Shale with sandatone, limestone and coal bands(Jaintia Gr),Paleocene-eocene",Deciduous,0,MultiPolygon
LS2014_001240,1,positive,bhuvan_2014,ML/WG/78K01/2014/12,,ML,Meghalaya,West Garo Hills,25.7725,90.1679,2014,Rainfall,Active,Denudational Hills Moderately Dissected(DHM),"Shale with sandatone, limestone and coal bands(Jaintia Gr),Paleocene-eocene",Deciduous,0,MultiPolygon
LS2014_001241,1,positive,bhuvan_2014,ML/WG/78K06/2014/146,,ML,Meghalaya,West Garo Hills,25.7371,90.2653,2014,Rainfall,Active,Intermontane Valley-(IV),"Gneiss, Archaean to Proterozoic, Basement Genessic Complex of Meghalaya",River / Stream / Canals,0,MultiPolygon
LS2014_001242,1,positive,bhuvan_2014,ML/WG/78K02/2014/149,,ML,Meghalaya,West Garo Hills,25.7347,90.2437,2014,Rainfall,Active,Denudational Hills - Moderately Dissected (DHM),"Gneiss, Archaean to Proterozoic, Basement Genessic Complex of Meghalaya",Plantation,658,MultiPolygon
LS2014_001243,1,positive,bhuvan_2014,ML/WG/78K02/2014/154,,ML,Meghalaya,West Garo Hills,25.7344,90.2432,2014,Rainfall,Active,Denudational Hills - Moderately Dissected (DHM),"Gneiss, Archaean to Proterozoic, Basement Genessic Complex of Meghalaya",Plantation,494,MultiPolygon
LS2014_001244,1,positive,bhuvan_2014,ML/WG/78K06/2014/166,,ML,Meghalaya,West Garo Hills,25.7297,90.2942,2014,Rainfall,Active,Denudational Hills - Moderately Dissected (DHM),"Gneiss, Archaean to Proterozoic, Basement Genessic Complex of Meghalaya",Deciduous,0,MultiPolygon
LS2014_001245,1,positive,bhuvan_2014,ML/WG/78K06/2014/168,,ML,Meghalaya,West Garo Hills,25.728,90.2941,2014,Rainfall,Active,Denudational Hills - Moderately Dissected (DHM),"Gneiss, Archaean to Proterozoic, Basement Genessic Complex of Meghalaya",Cuirrent Shifting Cultivation,0,MultiPolygon
LS2014_001246,1,positive,bhuvan_2014,ML/WG/78K06/2014/178,,ML,Meghalaya,West Garo Hills,25.7244,90.2898,2014,Rainfall,Active,Denudational Hills - Moderately Dissected (DHM),"Gneiss, Archaean to Proterozoic, Basement Genessic Complex of Meghalaya",Deciduous,0,MultiPolygon
LS2014_001247,1,positive,bhuvan_2014,ML/WG/78K06/2014/187,,ML,Meghalaya,West Garo Hills,25.7225,90.2899,2014,Rainfall,Active,Denudational Hills - Moderately Dissected (DHM),"Gneiss, Archaean to Proterozoic, Basement Genessic Complex of Meghalaya",Deciduous,0,MultiPolygon
LS2014_001248,1,positive,bhuvan_2014,ML/WG/78K02/2014/189,,ML,Meghalaya,West Garo Hills,25.7223,90.2456,2014,Rainfall,Active,Denudational Hills - Moderately Dissected (DHM),"Gneiss, Archaean to Proterozoic, Basement Genessic Complex of Meghalaya",Deciduous,236,MultiPolygon
LS2014_001249,1,positive,bhuvan_2014,ML/WG/78K06/2014/193,,ML,Meghalaya,West Garo Hills,25.7222,90.3069,2014,Rainfall,Active,Denudational Hills - Moderately Dissected (DHM),"Gneiss, Archaean to Proterozoic, Basement Genessic Complex of Meghalaya",Deciduous,0,MultiPolygon
LS2014_001250,1,positive,bhuvan_2014,ML/WG/78K06/2014/195,,ML,Meghalaya,West Garo Hills,25.7219,90.3025,2014,Rainfall,Active,Denudational Hills - Moderately Dissected (DHM),"Gneiss, Archaean to Proterozoic, Basement Genessic Complex of Meghalaya",Deciduous,0,MultiPolygon
LS2014_001251,1,positive,bhuvan_2014,ML/WG/78K06/2014/198,,ML,Meghalaya,West Garo Hills,25.7216,90.3078,2014,Rainfall,Active,Denudational Hills - Moderately Dissected (DHM),"Gneiss, Archaean to Proterozoic, Basement Genessic Complex of Meghalaya",Deciduous,0,MultiPolygon
LS2014_001252,1,positive,bhuvan_2014,ML/WG/78K06/2014/199,,ML,Meghalaya,West Garo Hills,25.7216,90.3018,2014,Rainfall,Active,Denudational Hills - Moderately Dissected (DHM),"Gneiss, Archaean to Proterozoic, Basement Genessic Complex of Meghalaya",Deciduous,0,MultiPolygon
LS2014_001253,1,positive,bhuvan_2014,ML/WG/78K06/2014/200,,ML,Meghalaya,West Garo Hills,25.7215,90.2696,2014,Rainfall,Active,Denudational Hills - Moderately Dissected (DHM),"Gneiss, Archaean to Proterozoic, Basement Genessic Complex of Meghalaya",Deciduous,0,MultiPolygon
LS2014_001254,1,positive,bhuvan_2014,ML/WG/78K02/2014/208,,ML,Meghalaya,West Garo Hills,25.721,90.2458,2014,Rainfall,Active,Denudational Hills - Moderately Dissected (DHM),"Gneiss, Archaean to Proterozoic, Basement Genessic Complex of Meghalaya",Deciduous,764,MultiPolygon
LS2014_001255,1,positive,bhuvan_2014,ML/WG/78K02/2014/209,,ML,Meghalaya,West Garo Hills,25.7209,90.2417,2014,Rainfall,Active,Denudational Hills - Moderately Dissected (DHM),"Gneiss, Archaean to Proterozoic, Basement Genessic Complex of Meghalaya",Deciduous,356,MultiPolygon
LS2014_001256,1,positive,bhuvan_2014,ML/WG/78K06/2014/214,,ML,Meghalaya,West Garo Hills,25.7206,90.3023,2014,Rainfall,Active,Denudational Hills - Moderately Dissected (DHM),"Gneiss, Archaean to Proterozoic, Basement Genessic Complex of Meghalaya",Deciduous,0,MultiPolygon
LS2014_001257,1,positive,bhuvan_2014,ML/WG/78K06/2014/218,,ML,Meghalaya,West Garo Hills,25.7202,90.3065,2014,Rainfall,Active,Denudational Hills - Moderately Dissected (DHM),"Gneiss, Archaean to Proterozoic, Basement Genessic Complex of Meghalaya",Deciduous,0,MultiPolygon
LS2014_001258,1,positive,bhuvan_2014,ML/WG/78K06/2014/223,,ML,Meghalaya,West Garo Hills,25.7198,90.2693,2014,Rainfall,Active,Denudational Hills - Moderately Dissected (DHM),"Gneiss, Archaean to Proterozoic, Basement Genessic Complex of Meghalaya",Deciduous,0,MultiPolygon
LS2014_001259,1,positive,bhuvan_2014,ML/WG/78K02/2014/225,,ML,Meghalaya,West Garo Hills,25.7196,90.2492,2014,Rainfall,Active,Denudational Hills - Moderately Dissected (DHM),"Gneiss, Archaean to Proterozoic, Basement Genessic Complex of Meghalaya",Deciduous,222,MultiPolygon
LS2014_001260,1,positive,bhuvan_2014,ML/WG/78K02/2014/227,,ML,Meghalaya,West Garo Hills,25.7194,90.2461,2014,Rainfall,Active,Denudational Hills - Moderately Dissected (DHM),"Gneiss, Archaean to Proterozoic, Basement Genessic Complex of Meghalaya",Deciduous,450,MultiPolygon
LS2014_001261,1,positive,bhuvan_2014,ML/WG/78K06/2014/228,,ML,Meghalaya,West Garo Hills,25.7193,90.3084,2014,Rainfall,Active,Denudational Hills - Moderately Dissected (DHM),"Gneiss, Archaean to Proterozoic, Basement Genessic Complex of Meghalaya",Deciduous,0,MultiPolygon
LS2014_001262,1,positive,bhuvan_2014,ML/WG/78K06/2014/229,,ML,Meghalaya,West Garo Hills,25.7192,90.3099,2014,Rainfall,Active,Denudational Hills - Moderately Dissected (DHM),"Gneiss, Archaean to Proterozoic, Basement Genessic Complex of Meghalaya",Deciduous,0,MultiPolygon
LS2014_001263,1,positive,bhuvan_2014,ML/WG/78K06/2014/230,,ML,Meghalaya,West Garo Hills,25.7192,90.2603,2014,Rainfall,Active,Denudational Hills - Moderately Dissected (DHM),"Gneiss, Archaean to Proterozoic, Basement Genessic Complex of Meghalaya",Plantation,833,MultiPolygon
LS2014_001264,1,positive,bhuvan_2014,ML/WG/78K06/2014/231,,ML,Meghalaya,West Garo Hills,25.7192,90.2547,2014,Rainfall,Active,Denudational Hills - Moderately Dissected (DHM),"Gneiss, Archaean to Proterozoic, Basement Genessic Complex of Meghalaya",Deciduous,0,MultiPolygon
LS2014_001265,1,positive,bhuvan_2014,ML/WG/78K06/2014/234,,ML,Meghalaya,West Garo Hills,25.7191,90.2544,2014,Rainfall,Active,Denudational Hills - Moderately Dissected (DHM),"Gneiss, Archaean to Proterozoic, Basement Genessic Complex of Meghalaya",Deciduous,0,MultiPolygon
LS2014_001266,1,positive,bhuvan_2014,ML/WG/78K06/2014/236,,ML,Meghalaya,West Garo Hills,25.7188,90.3017,2014,Rainfall,Active,Denudational Hills - Moderately Dissected (DHM),"Gneiss, Archaean to Proterozoic, Basement Genessic Complex of Meghalaya",Deciduous,0,MultiPolygon
LS2014_001267,1,positive,bhuvan_2014,ML/WG/78K06/2014/239,,ML,Meghalaya,West Garo Hills,25.7184,90.2547,2014,Rainfall,Active,Denudational Hills - Moderately Dissected (DHM),"Gneiss, Archaean to Proterozoic, Basement Genessic Complex of Meghalaya",Deciduous,0,MultiPolygon
LS2014_001268,1,positive,bhuvan_2014,ML/WG/78K06/2014/241,,ML,Meghalaya,West Garo Hills,25.7173,90.2511,2014,Rainfall,Active,Denudational Hills - Moderately Dissected (DHM),"Gneiss, Archaean to Proterozoic, Basement Genessic Complex of Meghalaya",Scrub land,207,MultiPolygon
LS2014_001269,1,positive,bhuvan_2014,ML/WG/78K06/2014/244,,ML,Meghalaya,West Garo Hills,25.7171,90.251,2014,Rainfall,Active,Denudational Hills - Moderately Dissected (DHM),"Gneiss, Archaean to Proterozoic, Basement Genessic Complex of Meghalaya",Scrub land,207,MultiPolygon
LS2014_001270,1,positive,bhuvan_2014,ML/WG/78K06/2014/246,,ML,Meghalaya,West Garo Hills,25.7167,90.2513,2014,Rainfall,Active,Denudational Hills - Moderately Dissected (DHM),"Gneiss, Archaean to Proterozoic, Basement Genessic Complex of Meghalaya",Scrub land,349,MultiPolygon
LS2014_001271,1,positive,bhuvan_2014,ML/WG/78K02/2014/259,,ML,Meghalaya,West Garo Hills,25.7149,90.2414,2014,Rainfall,Active,Denudational Hills - Moderately Dissected (DHM),"Gneiss, Archaean to Proterozoic, Basement Genessic Complex of Meghalaya",Deciduous,563,MultiPolygon
LS2014_001272,1,positive,bhuvan_2014,ML/WG/78K02/2014/261,,ML,Meghalaya,West Garo Hills,25.7143,90.2475,2014,Rainfall,Active,Denudational Hills - Moderately Dissected (DHM),"Gneiss, Archaean to Proterozoic, Basement Genessic Complex of Meghalaya",Deciduous,911,MultiPolygon
LS2014_001273,1,positive,bhuvan_2014,ML/WG/78K02/2014/262,,ML,Meghalaya,West Garo Hills,25.7143,90.2412,2014,Rainfall,Active,Denudational Hills - Moderately Dissected (DHM),"Gneiss, Archaean to Proterozoic, Basement Genessic Complex of Meghalaya",Deciduous,489,MultiPolygon
LS2014_001274,1,positive,bhuvan_2014,ML/WG/78K06/2014/263,,ML,Meghalaya,West Garo Hills,25.714,90.2581,2014,Rainfall,Active,Denudational Hills - Moderately Dissected (DHM),"Gneiss, Archaean to Proterozoic, Basement Genessic Complex of Meghalaya",Deciduous,269,MultiPolygon
LS2014_001275,1,positive,bhuvan_2014,ML/WG/78K06/2014/268,,ML,Meghalaya,West Garo Hills,25.713,90.2553,2014,Rainfall,Active,Denudational Hills - Moderately Dissected (DHM),"Gneiss, Archaean to Proterozoic, Basement Genessic Complex of Meghalaya",Cuirrent Shifting Cultivation,214,MultiPolygon
LS2014_001276,1,positive,bhuvan_2014,ML/WG/78K02/2014/275,,ML,Meghalaya,West Garo Hills,25.7125,90.2423,2014,Rainfall,Active,Denudational Hills - Moderately Dissected (DHM),"Gneiss, Archaean to Proterozoic, Basement Genessic Complex of Meghalaya",Deciduous,335,MultiPolygon
LS2014_001277,1,positive,bhuvan_2014,ML/WG/78K06/2014/276,,ML,Meghalaya,West Garo Hills,25.7123,90.3014,2014,Rainfall,Active,Denudational Hills - Moderately Dissected (DHM),"Gneiss, Archaean to Proterozoic, Basement Genessic Complex of Meghalaya",Deciduous,0,MultiPolygon
LS2014_001278,1,positive,bhuvan_2014,ML/WG/78K06/2014/277,,ML,Meghalaya,West Garo Hills,25.7122,90.2566,2014,Rainfall,Active,Denudational Hills - Moderately Dissected (DHM),"Gneiss, Archaean to Proterozoic, Basement Genessic Complex of Meghalaya",Deciduous,309,MultiPolygon
LS2014_001279,1,positive,bhuvan_2014,ML/WG/78K05/2014/9,,ML,Meghalaya,West Garo Hills,25.7761,90.2927,2014,Rainfall,Active,Denudational Hills - Moderately Dissected (DHM),"Gneiss, Archaean to Proterozoic, Basement Genessic Complex of Meghalaya",Deciduous,623,MultiPolygon
LS2014_001280,1,positive,bhuvan_2014,ML/WG/78K05/2014/10,,ML,Meghalaya,West Garo Hills,25.7758,90.2918,2014,Rainfall,Active,Denudational Hills - Moderately Dissected (DHM),"Gneiss, Archaean to Proterozoic, Basement Genessic Complex of Meghalaya",Deciduous,870,MultiPolygon
LS2014_001281,1,positive,bhuvan_2014,ML/WG/78K05/2014/13,,ML,Meghalaya,West Garo Hills,25.7724,90.2908,2014,Rainfall,Active,Denudational Hills - Moderately Dissected (DHM),"Gneiss, Archaean to Proterozoic, Basement Genessic Complex of Meghalaya",Deciduous,2383,MultiPolygon
LS2014_001282,1,positive,bhuvan_2014,ML/WG/78K05/2014/16,,ML,Meghalaya,West Garo Hills,25.766,90.3134,2014,Rainfall,Active,Denudational Hills - Moderately Dissected (DHM),"Gneiss, Archaean to Proterozoic, Basement Genessic Complex of Meghalaya",Scrub land,0,MultiPolygon
LS2014_001283,1,positive,bhuvan_2014,ML/WG/78K05/2014/17,,ML,Meghalaya,West Garo Hills,25.7641,90.31,2014,Rainfall,Active,Denudational Hills - Moderately Dissected (DHM),"Gneiss, Archaean to Proterozoic, Basement Genessic Complex of Meghalaya",Deciduous,0,MultiPolygon
LS2014_001284,1,positive,bhuvan_2014,ML/SG/78K12/2014/36,,ML,Meghalaya,South Garo Hills,25.2115,90.5531,2014,Rainfall,Active,Structural Hills - Moderately Dissected (SHM),"Sandstone,Siltstone,Conglomerate- Garo Gr",Deciduous,559,MultiPolygon
LS2014_001285,1,positive,bhuvan_2014,ML/EG/78K11/2014/151,,ML,Meghalaya,East Garo Hills,25.4726,90.5849,2014,Rainfall,Active,Denudational Hills - Moderately Dissected (DHM),"Gneiss, Archaean to Proterozoic, Basement Genessic Complex of Meghalaya",Deciduous,1023,MultiPolygon
LS2014_001286,1,positive,bhuvan_2014,ML/EG/78K11/2014/152,,ML,Meghalaya,East Garo Hills,25.4725,90.5843,2014,Rainfall,Active,Denudational Hills - Moderately Dissected (DHM),"Gneiss, Archaean to Proterozoic, Basement Genessic Complex of Meghalaya",Deciduous,639,MultiPolygon
LS2014_001287,1,positive,bhuvan_2014,ML/WG/78K06/2014/511,,ML,Meghalaya,West Garo Hills,25.6818,90.4319,2014,Rainfall,Active,Denudational Hills - Moderately Dissected (DHM),"Gneiss, Archaean to Proterozoic, Basement Genessic Complex of Meghalaya",Deciduous,1096,MultiPolygon
LS2014_001288,1,positive,bhuvan_2014,ML/WG/78K06/2014/138,,ML,Meghalaya,West Garo Hills,25.7382,90.4006,2014,Rainfall,Active,Denudational Hills - Moderately Dissected (DHM),"Gneiss, Archaean to Proterozoic, Basement Genessic Complex of Meghalaya",Scrub land,892,MultiPolygon
LS2014_001289,1,positive,bhuvan_2014,ML/EG/78K06/2014/128,,ML,Meghalaya,East Garo Hills,25.7188,90.4446,2014,Rainfall,Active,Denudational Hills - Moderately Dissected (DHM),"Gneiss, Archaean to Proterozoic, Basement Genessic Complex of Meghalaya",Deciduous,880,MultiPolygon
LS2014_001290,1,positive,bhuvan_2014,ML/EG/78K05/2014/97,,ML,Meghalaya,East Garo Hills,25.7675,90.4017,2014,Rainfall,Active,Denudational Hills - Moderately Dissected (DHM),"Gneiss, Archaean to Proterozoic, Basement Genessic Complex of Meghalaya",Deciduous,0,MultiPolygon
LS2014_001291,1,positive,bhuvan_2014,ML/EG/78K10/2014/127,,ML,Meghalaya,East Garo Hills,25.7188,90.5525,2014,Rainfall,Active,Denudational Hills - Moderately Dissected (DHM),"Gneiss, Archaean to Proterozoic, Basement Genessic Complex of Meghalaya",Deciduous,301,MultiPolygon
LS2014_001292,1,positive,bhuvan_2014,ML/EG/78K10/2014/129,,ML,Meghalaya,East Garo Hills,25.7186,90.5569,2014,Rainfall,Active,Denudational Hills - Moderately Dissected (DHM),"Gneiss, Archaean to Proterozoic, Basement Genessic Complex of Meghalaya",Deciduous,184,MultiPolygon
LS2014_001293,1,positive,bhuvan_2014,ML/EG/78K10/2014/130,,ML,Meghalaya,East Garo Hills,25.7172,90.5577,2014,Rainfall,Active,Denudational Hills - Moderately Dissected (DHM),"Gneiss, Archaean to Proterozoic, Basement Genessic Complex of Meghalaya",Deciduous,672,MultiPolygon
LS2014_001294,1,positive,bhuvan_2014,ML/EG/78K05/2014/34,,ML,Meghalaya,East Garo Hills,25.8343,90.4408,2014,Rainfall,Active,Denudational Hills - Moderately Dissected (DHM),"Gneiss, Archaean to Proterozoic, Basement Genessic Complex of Meghalaya",Deciduous,233,MultiPolygon
LS2014_001295,1,positive,bhuvan_2014,ML/EG/78K05/2014/53,,ML,Meghalaya,East Garo Hills,25.8125,90.4587,2014,Rainfall,Active,Intermontane Valley-(IV),"Gneiss, Archaean to Proterozoic, Basement Genessic Complex of Meghalaya",Deciduous,1340,MultiPolygon
LS2014_001296,1,positive,bhuvan_2014,ML/EG/78K05/2014/30,,ML,Meghalaya,East Garo Hills,25.8665,90.4016,2014,Rainfall,Active,Denudational Hills - Moderately Dissected (DHM),"Gneiss, Archaean to Proterozoic, Basement Genessic Complex of Meghalaya",Scrub land,4583,MultiPolygon
LS2014_001297,1,positive,bhuvan_2014,ML/EG/78K05/2014/2,,ML,Meghalaya,East Garo Hills,25.9807,90.4236,2014,Rainfall,Active,Intermontane Valley-(IV),"Gneiss, Archaean to Proterozoic, Basement Genessic Complex of Meghalaya",Cropland,415,MultiPolygon
LS2014_001298,1,positive,bhuvan_2014,ML/EG/78K05/2014/3,,ML,Meghalaya,East Garo Hills,25.9804,90.4237,2014,Rainfall,Active,Intermontane Valley-(IV),"Gneiss, Archaean to Proterozoic, Basement Genessic Complex of Meghalaya",Cropland,609,MultiPolygon
LS2014_001299,1,positive,bhuvan_2014,ML/EG/78K09/2014/18,,ML,Meghalaya,East Garo Hills,25.9166,90.5505,2014,Rainfall,Active,Denudational Hills-less dissected(DHL),"Gneiss, Archaean to Proterozoic, Basement Genessic Complex of Meghalaya",Cropland,637,MultiPolygon
LS2014_001300,1,positive,bhuvan_2014,ML/EG/78K09/2014/19,,ML,Meghalaya,East Garo Hills,25.9166,90.5492,2014,Rainfall,Active,Denudational Hills-less dissected(DHL),"Gneiss, Archaean to Proterozoic, Basement Genessic Complex of Meghalaya",Cropland,1228,MultiPolygon
LS2014_001301,1,positive,bhuvan_2014,ML/EG/78K09/2014/20,,ML,Meghalaya,East Garo Hills,25.9165,90.5483,2014,Rainfall,Active,Intermontane Valley-(IV),"Gneiss, Archaean to Proterozoic, Basement Genessic Complex of Meghalaya",Cropland,185,MultiPolygon
LS2014_001302,1,positive,bhuvan_2014,ML/SG/78K12/2014/29,,ML,Meghalaya,South Garo Hills,25.2267,90.7178,2014,Rainfall,Active,Denudational Hills - Moderately Dissected (DHM),"Sandstone/pebble bed/conglomerate,Oligomiocene Garo Group, Baghmera Formation",Deciduous,1487,MultiPolygon
LS2014_001303,1,positive,bhuvan_2014,ML/SG/78K11/2014/1,,ML,Meghalaya,South Garo Hills,25.3807,90.7213,2014,Rainfall,Active,Denudational Hills highly Dissected (DHH),"Biotite Gness, Biotite hornblende gneiss, mica schist, sillimanite quartz schist",Deciduous,1227,MultiPolygon
LS2014_001304,1,positive,bhuvan_2014,ML/SG/78K11/2014/2,,ML,Meghalaya,South Garo Hills,25.3793,90.7343,2014,Rainfall,Active,Denudational Hills highly Dissected (DHH),"Biotite Gness, Biotite hornblende gneiss, mica schist, sillimanite quartz schist",Deciduous,1289,MultiPolygon
LS2014_001305,1,positive,bhuvan_2014,ML/SG/78K11/2014/3,,ML,Meghalaya,South Garo Hills,25.376,90.7374,2014,Rainfall,Active,Denudational Hills highly Dissected (DHH),"Biotite Gness, Biotite hornblende gneiss, mica schist, sillimanite quartz schist",Deciduous,1784,MultiPolygon
LS2014_001306,1,positive,bhuvan_2014,ML/SG/78K11/2014/4,,ML,Meghalaya,South Garo Hills,25.3755,90.7372,2014,Rainfall,Active,Denudational Hills highly Dissected (DHH),"Biotite Gness, Biotite hornblende gneiss, mica schist, sillimanite quartz schist",River / Stream / Canals,2516,MultiPolygon
LS2014_001307,1,positive,bhuvan_2014,ML/WK/78K15/2014/191,,ML,Meghalaya,West Khasi Hills,25.4643,90.8836,2014,Rainfall,Active,Lower Plateau - Highly Dissected (LPH),"Gneiss, Archaean to Proterozoic, Basement Genessic Complex of Meghalaya",River / Stream / Canals,1675,MultiPolygon
LS2014_001308,1,positive,bhuvan_2014,ML/EG/78K14/2014/117,,ML,Meghalaya,East Garo Hills,25.7241,90.8814,2014,Rainfall,Active,Lower Plateau - Highly Dissected (LPH),"Gneiss, Archaean to Proterozoic, Basement Genessic Complex of Meghalaya",Deciduous,389,MultiPolygon
LS2014_001309,1,positive,bhuvan_2014,ML/EG/78K14/2014/118,,ML,Meghalaya,East Garo Hills,25.7238,90.8812,2014,Rainfall,Active,Lower Plateau - Highly Dissected (LPH),"Gneiss, Archaean to Proterozoic, Basement Genessic Complex of Meghalaya",Deciduous,152,MultiPolygon
LS2014_001310,1,positive,bhuvan_2014,ML/EG/78K14/2014/119,,ML,Meghalaya,East Garo Hills,25.7235,90.8809,2014,Rainfall,Active,Lower Plateau - Highly Dissected (LPH),"Gneiss, Archaean to Proterozoic, Basement Genessic Complex of Meghalaya",Deciduous,2042,MultiPolygon
LS2014_001311,1,positive,bhuvan_2014,ML/EG/78K14/2014/121,,ML,Meghalaya,East Garo Hills,25.7218,90.8807,2014,Rainfall,Active,Lower Plateau - Highly Dissected (LPH),"Gneiss, Archaean to Proterozoic, Basement Genessic Complex of Meghalaya",Deciduous,690,MultiPolygon
LS2014_001312,1,positive,bhuvan_2014,ML/EG/78K14/2014/122,,ML,Meghalaya,East Garo Hills,25.7211,90.8804,2014,Rainfall,Active,Lower Plateau - Highly Dissected (LPH),"Gneiss, Archaean to Proterozoic, Basement Genessic Complex of Meghalaya",Deciduous,249,MultiPolygon
LS2014_001313,1,positive,bhuvan_2014,ML/EG/78K14/2014/123,,ML,Meghalaya,East Garo Hills,25.721,90.8804,2014,Rainfall,Active,Lower Plateau - Highly Dissected (LPH),"Gneiss, Archaean to Proterozoic, Basement Genessic Complex of Meghalaya",Deciduous,249,MultiPolygon
LS2014_001314,1,positive,bhuvan_2014,ML/EG/78K14/2014/124,,ML,Meghalaya,East Garo Hills,25.721,90.8796,2014,Rainfall,Active,Lower Plateau - Highly Dissected (LPH),"Gneiss, Archaean to Proterozoic, Basement Genessic Complex of Meghalaya",Deciduous,359,MultiPolygon
LS2014_001315,1,positive,bhuvan_2014,ML/EG/78K14/2014/126,,ML,Meghalaya,East Garo Hills,25.7208,90.8827,2014,Rainfall,Active,Lower Plateau - Highly Dissected (LPH),"Gneiss, Archaean to Proterozoic, Basement Genessic Complex of Meghalaya",Deciduous,270,MultiPolygon
LS2014_001316,1,positive,bhuvan_2014,ML/EG/78K14/2014/131,,ML,Meghalaya,East Garo Hills,25.7132,90.8754,2014,Rainfall,Active,Lower Plateau - Highly Dissected (LPH),"Gneiss, Archaean to Proterozoic, Basement Genessic Complex of Meghalaya",Deciduous,903,MultiPolygon
LS2014_001317,1,positive,bhuvan_2014,ML/EG/78K13/2014/44,,ML,Meghalaya,East Garo Hills,25.822,90.8409,2014,Rainfall,Active,Lower Plateau - Highly Dissected (LPH),"Gneiss, Archaean to Proterozoic, Basement Genessic Complex of Meghalaya",Deciduous,6940,MultiPolygon
LS2014_001318,1,positive,bhuvan_2014,ML/EG/78K13/2014/26,,ML,Meghalaya,East Garo Hills,25.8865,90.8699,2014,Rainfall,Active,Denudational Hills - Moderately Dissected (DHM),"Gneiss, Archaean to Proterozoic, Basement Genessic Complex of Meghalaya",Deciduous,1181,MultiPolygon
LS2014_001319,1,positive,bhuvan_2014,ML/EG/78K13/2014/27,,ML,Meghalaya,East Garo Hills,25.8833,90.8671,2014,Rainfall,Active,Denudational Hills - Moderately Dissected (DHM),"Gneiss, Archaean to Proterozoic, Basement Genessic Complex of Meghalaya",Deciduous,13638,MultiPolygon
LS2014_001320,1,positive,bhuvan_2014,ML/EG/78K13/2014/15,,ML,Meghalaya,East Garo Hills,25.9285,90.8404,2014,Rainfall,Active,Denudational Hills - Moderately Dissected (DHM),"Gneiss, Archaean to Proterozoic, Basement Genessic Complex of Meghalaya",Deciduous,2767,MultiPolygon
LS2014_001321,1,positive,bhuvan_2014,ML/WK/78K16/2014/243,,ML,Meghalaya,West Khasi Hills,25.2161,90.9575,2014,Rainfall,Active,Structural Hills - Moderately Dissected (SHM),"Sandstone,Siltstone,Conglomerate- Garo Gr",Deciduous,909,MultiPolygon
LS2014_001322,1,positive,bhuvan_2014,ML/WK/78K16/2014/244,,ML,Meghalaya,West Khasi Hills,25.2155,90.9572,2014,Rainfall,Active,Structural Hills - Moderately Dissected (SHM),"Sandstone,Siltstone,Conglomerate- Garo Gr",Cuirrent Shifting Cultivation,717,MultiPolygon
LS2014_001323,1,positive,bhuvan_2014,ML/WK/78O04/2014/241,,ML,Meghalaya,West Khasi Hills,25.2203,91.1108,2014,Rainfall,Active,Lower Plateau - Undissected(Weathered) (LPU),"Shale with sandatone, limestone and coal bands(Jaintia Gr)",Deciduous,4233,MultiPolygon
LS2014_001324,1,positive,bhuvan_2014,ML/WK/78O03/2014/211,,ML,Meghalaya,West Khasi Hills,25.3844,91.1491,2014,Rainfall,Active,Lower Plateau - Moderately Dissected (LPM),"Gneiss, Archaean to Proterozoic, Basement Genessic Complex of Meghalaya",Deciduous,3661,MultiPolygon
LS2014_001325,1,positive,bhuvan_2014,ML/WK/78O03/2014/214,,ML,Meghalaya,West Khasi Hills,25.3833,91.1489,2014,Rainfall,Active,Lower Plateau - Moderately Dissected (LPM),"Gneiss, Archaean to Proterozoic, Basement Genessic Complex of Meghalaya",Deciduous,2278,MultiPolygon
LS2014_001326,1,positive,bhuvan_2014,ML/WK/78O03/2014/215,,ML,Meghalaya,West Khasi Hills,25.3786,91.1386,2014,Rainfall,Active,Escarpment Slope- (ES),"Gneiss, Archaean to Proterozoic, Basement Genessic Complex of Meghalaya",Deciduous,2516,MultiPolygon
LS2014_001327,1,positive,bhuvan_2014,ML/WK/78O03/2014/216,,ML,Meghalaya,West Khasi Hills,25.3785,91.1375,2014,Rainfall,Active,Escarpment Slope- (ES),"Gneiss, Archaean to Proterozoic, Basement Genessic Complex of Meghalaya",Deciduous,2534,MultiPolygon
LS2014_001328,1,positive,bhuvan_2014,ML/WK/78K14/2014/183,,ML,Meghalaya,West Khasi Hills,25.6693,90.9931,2014,Rainfall,Active,Lower Plateau - Highly Dissected (LPH),"Gneiss, Archaean to Proterozoic, Basement Genessic Complex of Meghalaya",Deciduous,0,MultiPolygon
LS2014_001329,1,positive,bhuvan_2014,ML/WK/78O02/2014/180,,ML,Meghalaya,West Khasi Hills,25.6878,91.1623,2014,Rainfall,Active,Middle Plateau - Moderately Dissected (MPM),"Granite,Plutonic,Granite",Deciduous,0,MultiPolygon
LS2014_001330,1,positive,bhuvan_2014,ML/WK/78O02/2014/181,,ML,Meghalaya,West Khasi Hills,25.6874,91.1611,2014,Rainfall,Active,Middle Plateau - Moderately Dissected (MPM),"Granite,Plutonic,Granite",Deciduous,0,MultiPolygon
LS2014_001331,1,positive,bhuvan_2014,ML/WK/78O02/2014/182,,ML,Meghalaya,West Khasi Hills,25.6871,91.1632,2014,Rainfall,Active,Middle Plateau - Moderately Dissected (MPM),"Granite,Plutonic,Granite",Deciduous,0,MultiPolygon
LS2014_001332,1,positive,bhuvan_2014,ML/WK/78K14/2014/157,,ML,Meghalaya,West Khasi Hills,25.7372,90.9931,2014,Rainfall,Active,Lower Plateau - Highly Dissected (LPH),"Gneiss, Archaean to Proterozoic, Basement Genessic Complex of Meghalaya",Deciduous,0,MultiPolygon
LS2014_001333,1,positive,bhuvan_2014,ML/WK/78O01/2014/114,,ML,Meghalaya,West Khasi Hills,25.7692,91.0254,2014,Rainfall,Active,Lower Plateau - Highly Dissected (LPH),"Gneiss, Archaean to Proterozoic, Basement Genessic Complex of Meghalaya",Deciduous,1323,MultiPolygon
LS2014_001334,1,positive,bhuvan_2014,ML/WK/78O01/2014/115,,ML,Meghalaya,West Khasi Hills,25.769,91.0241,2014,Rainfall,Active,Escarpment Slope- (ES),"Gneiss, Archaean to Proterozoic, Basement Genessic Complex of Meghalaya",Deciduous,826,MultiPolygon
LS2014_001335,1,positive,bhuvan_2014,ML/WK/78O02/2014/159,,ML,Meghalaya,West Khasi Hills,25.7302,91.141,2014,Rainfall,Active,Lower Plateau - Moderately Dissected (LPM),"Granite,Plutonic,Granite",Deciduous,0,MultiPolygon
LS2014_001336,1,positive,bhuvan_2014,ML/WK/78O02/2014/162,,ML,Meghalaya,West Khasi Hills,25.7203,91.146,2014,Rainfall,Active,Lower Plateau - Moderately Dissected (LPM),"Granite,Plutonic,Granite",Deciduous,0,MultiPolygon
LS2014_001337,1,positive,bhuvan_2014,ML/WK/78O02/2014/163,,ML,Meghalaya,West Khasi Hills,25.7195,91.1466,2014,Rainfall,Active,Lower Plateau - Moderately Dissected (LPM),"Granite,Plutonic,Granite",Deciduous,0,MultiPolygon
LS2014_001338,1,positive,bhuvan_2014,ML/WK/78O02/2014/168,,ML,Meghalaya,West Khasi Hills,25.7146,91.1478,2014,Rainfall,Active,Lower Plateau - Moderately Dissected (LPM),"Granite,Plutonic,Granite",Deciduous,0,MultiPolygon
LS2014_001339,1,positive,bhuvan_2014,ML/WK/78O02/2014/169,,ML,Meghalaya,West Khasi Hills,25.7136,91.1493,2014,Rainfall,Active,Lower Plateau - Moderately Dissected (LPM),"Granite,Plutonic,Granite",Deciduous,0,MultiPolygon
LS2014_001340,1,positive,bhuvan_2014,ML/WK/78O02/2014/170,,ML,Meghalaya,West Khasi Hills,25.7135,91.1447,2014,Rainfall,Active,Lower Plateau - Moderately Dissected (LPM),"Granite,Plutonic,Granite",Deciduous,0,MultiPolygon
LS2014_001341,1,positive,bhuvan_2014,ML/WK/78O02/2014/171,,ML,Meghalaya,West Khasi Hills,25.7131,91.1466,2014,Rainfall,Active,Lower Plateau - Moderately Dissected (LPM),"Granite,Plutonic,Granite",River / Stream / Canals,0,MultiPolygon
LS2014_001342,1,positive,bhuvan_2014,ML/WK/78O01/2014/82,,ML,Meghalaya,West Khasi Hills,25.7876,91.1321,2014,Rainfall,Active,Denudational Hill- Highly Dissected (DHH),"Gneiss, Archaean to Proterozoic, Basement Genessic Complex of Meghalaya",Deciduous,1409,MultiPolygon
LS2014_001343,1,positive,bhuvan_2014,ML/WK/78O01/2014/83,,ML,Meghalaya,West Khasi Hills,25.7875,91.1389,2014,Rainfall,Active,Escarpment Slope- (ES),"Gneiss, Archaean to Proterozoic, Basement Genessic Complex of Meghalaya",Deciduous,1696,MultiPolygon
LS2014_001344,1,positive,bhuvan_2014,ML/WK/78O01/2014/84,,ML,Meghalaya,West Khasi Hills,25.7875,91.1354,2014,Rainfall,Active,Escarpment Slope- (ES),"Gneiss, Archaean to Proterozoic, Basement Genessic Complex of Meghalaya",Deciduous,1541,MultiPolygon
LS2014_001345,1,positive,bhuvan_2014,ML/WK/78O01/2014/86,,ML,Meghalaya,West Khasi Hills,25.7871,91.137,2014,Rainfall,Active,Escarpment Slope- (ES),"Gneiss, Archaean to Proterozoic, Basement Genessic Complex of Meghalaya",Deciduous,888,MultiPolygon
LS2014_001346,1,positive,bhuvan_2014,ML/WK/78O01/2014/88,,ML,Meghalaya,West Khasi Hills,25.7868,91.1355,2014,Rainfall,Active,Escarpment Slope- (ES),"Gneiss, Archaean to Proterozoic, Basement Genessic Complex of Meghalaya",Deciduous,339,MultiPolygon
LS2014_001347,1,positive,bhuvan_2014,ML/WK/78O01/2014/89,,ML,Meghalaya,West Khasi Hills,25.7865,91.1349,2014,Rainfall,Active,Escarpment Slope- (ES),"Gneiss, Archaean to Proterozoic, Basement Genessic Complex of Meghalaya",Deciduous,888,MultiPolygon
LS2014_001348,1,positive,bhuvan_2014,ML/WK/78O01/2014/90,,ML,Meghalaya,West Khasi Hills,25.7854,91.1368,2014,Rainfall,Active,Escarpment Slope- (ES),"Gneiss, Archaean to Proterozoic, Basement Genessic Complex of Meghalaya",Deciduous,1806,MultiPolygon
LS2014_001349,1,positive,bhuvan_2014,ML/WK/78O01/2014/91,,ML,Meghalaya,West Khasi Hills,25.785,91.1327,2014,Rainfall,Active,Waterbody,Waterbody,River / Stream / Canals,122,MultiPolygon
LS2014_001350,1,positive,bhuvan_2014,ML/WK/78O01/2014/92,,ML,Meghalaya,West Khasi Hills,25.7839,91.1354,2014,Rainfall,Active,Escarpment Slope- (ES),"Gneiss, Archaean to Proterozoic, Basement Genessic Complex of Meghalaya",Deciduous,1975,MultiPolygon
LS2014_001351,1,positive,bhuvan_2014,ML/WK/78O01/2014/93,,ML,Meghalaya,West Khasi Hills,25.7838,91.1371,2014,Rainfall,Active,Escarpment Slope- (ES),"Gneiss, Archaean to Proterozoic, Basement Genessic Complex of Meghalaya",Deciduous,3690,MultiPolygon
LS2014_001352,1,positive,bhuvan_2014,ML/WK/78O01/2014/96,,ML,Meghalaya,West Khasi Hills,25.7824,91.1371,2014,Rainfall,Active,Escarpment Slope- (ES),"Gneiss, Archaean to Proterozoic, Basement Genessic Complex of Meghalaya",Deciduous,2058,MultiPolygon
LS2014_001353,1,positive,bhuvan_2014,ML/WK/78O01/2014/98,,ML,Meghalaya,West Khasi Hills,25.7821,91.1366,2014,Rainfall,Active,Denudational Hills - Moderately Dissected (DHM),"Gneiss, Archaean to Proterozoic, Basement Genessic Complex of Meghalaya",Deciduous,531,MultiPolygon
LS2014_001354,1,positive,bhuvan_2014,ML/WK/78O01/2014/99,,ML,Meghalaya,West Khasi Hills,25.7816,91.1361,2014,Rainfall,Active,Denudational Hills - Moderately Dissected (DHM),"Gneiss, Archaean to Proterozoic, Basement Genessic Complex of Meghalaya",Deciduous,268,MultiPolygon
LS2014_001355,1,positive,bhuvan_2014,ML/WK/78O01/2014/100,,ML,Meghalaya,West Khasi Hills,25.7814,91.1372,2014,Rainfall,Active,Escarpment Slope- (ES),"Gneiss, Archaean to Proterozoic, Basement Genessic Complex of Meghalaya",Deciduous,1890,MultiPolygon
LS2014_001356,1,positive,bhuvan_2014,ML/WK/78O01/2014/102,,ML,Meghalaya,West Khasi Hills,25.7793,91.1152,2014,Rainfall,Active,Denudational Hill- Highly Dissected (DHH),"Gneiss, Archaean to Proterozoic, Basement Genessic Complex of Meghalaya",Deciduous,25890,MultiPolygon
LS2014_001357,1,positive,bhuvan_2014,ML/WK/78O01/2014/103,,ML,Meghalaya,West Khasi Hills,25.7782,91.1064,2014,Rainfall,Active,Escarpment Slope- (ES),"Gneiss, Archaean to Proterozoic, Basement Genessic Complex of Meghalaya",Deciduous,12376,MultiPolygon
LS2014_001358,1,positive,bhuvan_2014,ML/WK/78O01/2014/108,,ML,Meghalaya,West Khasi Hills,25.7742,91.1335,2014,Rainfall,Active,Denudational Hills - Moderately Dissected (DHM),"Gneiss, Archaean to Proterozoic, Basement Genessic Complex of Meghalaya",Deciduous,919,MultiPolygon
LS2014_001359,1,positive,bhuvan_2014,ML/WK/78O01/2014/109,,ML,Meghalaya,West Khasi Hills,25.7734,91.1328,2014,Rainfall,Active,Denudational Hills - Moderately Dissected (DHM),"Gneiss, Archaean to Proterozoic, Basement Genessic Complex of Meghalaya",Deciduous,4007,MultiPolygon
LS2014_001360,1,positive,bhuvan_2014,ML/WK/78O01/2014/110,,ML,Meghalaya,West Khasi Hills,25.7723,91.1317,2014,Rainfall,Active,Denudational Hills - Moderately Dissected (DHM),"Gneiss, Archaean to Proterozoic, Basement Genessic Complex of Meghalaya",Deciduous,0,MultiPolygon
LS2014_001361,1,positive,bhuvan_2014,ML/WK/78O01/2014/112,,ML,Meghalaya,West Khasi Hills,25.7706,91.0985,2014,Rainfall,Active,Escarpment Slope- (ES),"Gneiss, Archaean to Proterozoic, Basement Genessic Complex of Meghalaya",Deciduous,1626,MultiPolygon
LS2014_001362,1,positive,bhuvan_2014,ML/WK/78O01/2014/113,,ML,Meghalaya,West Khasi Hills,25.7699,91.1405,2014,Rainfall,Active,Escarpment Slope- (ES),"Gneiss, Archaean to Proterozoic, Basement Genessic Complex of Meghalaya",Deciduous,3795,MultiPolygon
LS2014_001363,1,positive,bhuvan_2014,ML/WK/78O01/2014/116,,ML,Meghalaya,West Khasi Hills,25.7688,91.129,2014,Rainfall,Active,Denudational Hills - Moderately Dissected (DHM),"Gneiss, Archaean to Proterozoic, Basement Genessic Complex of Meghalaya",Deciduous,3131,MultiPolygon
LS2014_001364,1,positive,bhuvan_2014,ML/WK/78O01/2014/117,,ML,Meghalaya,West Khasi Hills,25.7681,91.1289,2014,Rainfall,Active,Denudational Hills - Moderately Dissected (DHM),"Gneiss, Archaean to Proterozoic, Basement Genessic Complex of Meghalaya",River / Stream / Canals,1202,MultiPolygon
LS2014_001365,1,positive,bhuvan_2014,ML/WK/78O01/2014/118,,ML,Meghalaya,West Khasi Hills,25.7659,91.1253,2014,Rainfall,Active,Denudational Hills - Moderately Dissected (DHM),"Gneiss, Archaean to Proterozoic, Basement Genessic Complex of Meghalaya",Deciduous,1624,MultiPolygon
LS2014_001366,1,positive,bhuvan_2014,ML/WK/78O01/2014/122,,ML,Meghalaya,West Khasi Hills,25.7629,91.1427,2014,Rainfall,Active,Lower Plateau - Moderately Dissected (LPM),"Granite,Plutonic,Granite",Deciduous,2435,MultiPolygon
LS2014_001367,1,positive,bhuvan_2014,ML/WK/78O01/2014/124,,ML,Meghalaya,West Khasi Hills,25.7616,91.1258,2014,Rainfall,Active,Escarpment Slope- (ES),"Gneiss, Archaean to Proterozoic, Basement Genessic Complex of Meghalaya",Deciduous,301,MultiPolygon
LS2014_001368,1,positive,bhuvan_2014,ML/WK/78O01/2014/125,,ML,Meghalaya,West Khasi Hills,25.7616,91.1244,2014,Rainfall,Active,Escarpment Slope- (ES),"Gneiss, Archaean to Proterozoic, Basement Genessic Complex of Meghalaya",Deciduous,845,MultiPolygon
LS2014_001369,1,positive,bhuvan_2014,ML/EG/78K13/2014/32,,ML,Meghalaya,East Garo Hills,25.8359,90.9951,2014,Rainfall,Active,Denudational Hills - Moderately Dissected (DHM),"Gneiss, Archaean to Proterozoic, Basement Genessic Complex of Meghalaya",Scrub Forest,1165,MultiPolygon
LS2014_001370,1,positive,bhuvan_2014,ML/EG/78K13/2014/35,,ML,Meghalaya,East Garo Hills,25.832,90.9897,2014,Rainfall,Active,Denudational Hills - Moderately Dissected (DHM),"Gneiss, Archaean to Proterozoic, Basement Genessic Complex of Meghalaya",Scrub Forest,696,MultiPolygon
LS2014_001371,1,positive,bhuvan_2014,ML/WK/78O01/2014/12,,ML,Meghalaya,West Khasi Hills,25.8286,91.0914,2014,Rainfall,Active,Denudational Hills - Moderately Dissected (DHM),"Gneiss, Archaean to Proterozoic, Basement Genessic Complex of Meghalaya",Deciduous,488,MultiPolygon
LS2014_001372,1,positive,bhuvan_2014,ML/WK/78O01/2014/13,,ML,Meghalaya,West Khasi Hills,25.8279,91.1502,2014,Rainfall,Active,Escarpment Slope- (ES),"Gneiss, Archaean to Proterozoic, Basement Genessic Complex of Meghalaya",Deciduous,2365,MultiPolygon
LS2014_001373,1,positive,bhuvan_2014,ML/WK/78O01/2014/14,,ML,Meghalaya,West Khasi Hills,25.8258,91.152,2014,Rainfall,Active,Escarpment Slope- (ES),"Gneiss, Archaean to Proterozoic, Basement Genessic Complex of Meghalaya",Deciduous,1954,MultiPolygon
LS2014_001374,1,positive,bhuvan_2014,ML/WK/78O01/2014/15,,ML,Meghalaya,West Khasi Hills,25.8251,91.1517,2014,Rainfall,Active,Escarpment Slope- (ES),"Gneiss, Archaean to Proterozoic, Basement Genessic Complex of Meghalaya",Deciduous,4549,MultiPolygon
LS2014_001375,1,positive,bhuvan_2014,ML/WK/78O01/2014/17,,ML,Meghalaya,West Khasi Hills,25.8233,91.1516,2014,Rainfall,Active,Escarpment Slope- (ES),"Gneiss, Archaean to Proterozoic, Basement Genessic Complex of Meghalaya",Deciduous,9025,MultiPolygon
LS2014_001376,1,positive,bhuvan_2014,ML/WK/78O01/2014/18,,ML,Meghalaya,West Khasi Hills,25.8218,91.1516,2014,Rainfall,Active,Escarpment Slope- (ES),"Gneiss, Archaean to Proterozoic, Basement Genessic Complex of Meghalaya",River / Stream / Canals,4013,MultiPolygon
LS2014_001377,1,positive,bhuvan_2014,ML/WK/78O01/2014/19,,ML,Meghalaya,West Khasi Hills,25.8216,91.149,2014,Rainfall,Active,Escarpment Slope- (ES),"Gneiss, Archaean to Proterozoic, Basement Genessic Complex of Meghalaya",Deciduous,1218,MultiPolygon
LS2014_001378,1,positive,bhuvan_2014,ML/WK/78O01/2014/20,,ML,Meghalaya,West Khasi Hills,25.8209,91.1499,2014,Rainfall,Active,Escarpment Slope- (ES),"Gneiss, Archaean to Proterozoic, Basement Genessic Complex of Meghalaya",Deciduous,595,MultiPolygon
LS2014_001379,1,positive,bhuvan_2014,ML/WK/78O01/2014/21,,ML,Meghalaya,West Khasi Hills,25.8197,91.1481,2014,Rainfall,Active,Escarpment Slope- (ES),"Gneiss, Archaean to Proterozoic, Basement Genessic Complex of Meghalaya",Deciduous,1043,MultiPolygon
LS2014_001380,1,positive,bhuvan_2014,ML/WK/78O01/2014/22,,ML,Meghalaya,West Khasi Hills,25.8182,91.1462,2014,Rainfall,Active,Escarpment Slope- (ES),"Gneiss, Archaean to Proterozoic, Basement Genessic Complex of Meghalaya",Deciduous,4580,MultiPolygon
LS2014_001381,1,positive,bhuvan_2014,ML/WK/78O01/2014/23,,ML,Meghalaya,West Khasi Hills,25.8167,91.1435,2014,Rainfall,Active,Escarpment Slope- (ES),"Gneiss, Archaean to Proterozoic, Basement Genessic Complex of Meghalaya",Deciduous,1811,MultiPolygon
LS2014_001382,1,positive,bhuvan_2014,ML/WK/78O01/2014/24,,ML,Meghalaya,West Khasi Hills,25.8167,91.14,2014,Rainfall,Active,Denudational Hill- Highly Dissected (DHH),"Gneiss, Archaean to Proterozoic, Basement Genessic Complex of Meghalaya",Deciduous,777,MultiPolygon
LS2014_001383,1,positive,bhuvan_2014,ML/WK/78O01/2014/25,,ML,Meghalaya,West Khasi Hills,25.816,91.1396,2014,Rainfall,Active,Denudational Hill- Highly Dissected (DHH),"Gneiss, Archaean to Proterozoic, Basement Genessic Complex of Meghalaya",Deciduous,2582,MultiPolygon
LS2014_001384,1,positive,bhuvan_2014,ML/WK/78O01/2014/26,,ML,Meghalaya,West Khasi Hills,25.8157,91.1386,2014,Rainfall,Active,Denudational Hill- Highly Dissected (DHH),"Gneiss, Archaean to Proterozoic, Basement Genessic Complex of Meghalaya",Deciduous,2030,MultiPolygon
LS2014_001385,1,positive,bhuvan_2014,ML/WK/78O01/2014/27,,ML,Meghalaya,West Khasi Hills,25.8155,91.1435,2014,Rainfall,Active,Escarpment Slope- (ES),"Gneiss, Archaean to Proterozoic, Basement Genessic Complex of Meghalaya",Deciduous,1118,MultiPolygon
LS2014_001386,1,positive,bhuvan_2014,ML/WK/78O01/2014/28,,ML,Meghalaya,West Khasi Hills,25.8144,91.1451,2014,Rainfall,Active,Escarpment Slope- (ES),"Gneiss, Archaean to Proterozoic, Basement Genessic Complex of Meghalaya",Deciduous,407,MultiPolygon
LS2014_001387,1,positive,bhuvan_2014,ML/WK/78O01/2014/29,,ML,Meghalaya,West Khasi Hills,25.8142,91.1407,2014,Rainfall,Active,Escarpment Slope- (ES),"Gneiss, Archaean to Proterozoic, Basement Genessic Complex of Meghalaya",Deciduous,5890,MultiPolygon
LS2014_001388,1,positive,bhuvan_2014,ML/WK/78O08/2014/239,,ML,Meghalaya,West Khasi Hills,25.2239,91.2515,2014,Rainfall,Active,Escarpment Slope- (ES),"Shale with sandatone, limestone and coal bands(Jaintia Gr)",Deciduous,786,MultiPolygon
LS2014_001389,1,positive,bhuvan_2014,ML/WK/78O03/2014/230,,ML,Meghalaya,West Khasi Hills,25.2823,91.2373,2014,Rainfall,Active,Lower Plateau - Moderately Dissected (LPM),"Shale with sandatone, limestone and coal bands(Jaintia Gr)",Deciduous,672,MultiPolygon
LS2014_001390,1,positive,bhuvan_2014,ML/WK/78O03/2014/231,,ML,Meghalaya,West Khasi Hills,25.282,91.2378,2014,Rainfall,Active,Lower Plateau - Moderately Dissected (LPM),"Shale with sandatone, limestone and coal bands(Jaintia Gr)",Deciduous,444,MultiPolygon
LS2014_001391,1,positive,bhuvan_2014,ML/WK/78O07/2014/232,,ML,Meghalaya,West Khasi Hills,25.2768,91.2645,2014,Rainfall,Active,Escarpment Slope- (ES),"Shale with sandatone, limestone and coal bands(Jaintia Gr)",Deciduous,1511,MultiPolygon
LS2014_001392,1,positive,bhuvan_2014,ML/WK/78O07/2014/217,,ML,Meghalaya,West Khasi Hills,25.3295,91.2702,2014,Rainfall,Active,Escarpment Slope- (ES),"Gneiss, Archaean to Proterozoic, Basement Genessic Complex of Meghalaya",Deciduous,995,MultiPolygon
LS2014_001393,1,positive,bhuvan_2014,ML/WK/78O07/2014/218,,ML,Meghalaya,West Khasi Hills,25.3283,91.272,2014,Rainfall,Active,Escarpment Slope- (ES),"Gneiss, Archaean to Proterozoic, Basement Genessic Complex of Meghalaya",Deciduous,231,MultiPolygon
LS2014_001394,1,positive,bhuvan_2014,ML/WK/78O07/2014/221,,ML,Meghalaya,West Khasi Hills,25.3214,91.2724,2014,Rainfall,Active,Escarpment Slope- (ES),"Gneiss, Archaean to Proterozoic, Basement Genessic Complex of Meghalaya",Deciduous,548,MultiPolygon
LS2014_001395,1,positive,bhuvan_2014,ML/WK/78O07/2014/195,,ML,Meghalaya,West Khasi Hills,25.4191,91.2627,2014,Rainfall,Active,Middle Plateau-moderately dissected(MPM),"Gneiss(Meghalaya Gneissic Complex),Archaean-Proterozoic",Deciduous,403,MultiPolygon
LS2014_001396,1,positive,bhuvan_2014,ML/WK/78O06/2014/160,,ML,Meghalaya,West Khasi Hills,25.729,91.3006,2014,Rainfall,Active,Escarpment Slope- (ES),"Gneiss(Meghalaya Gneissic Complex),Archaean-Proterozoic",Deciduous,1760,MultiPolygon
LS2014_001397,1,positive,bhuvan_2014,ML/WK/78O06/2014/164,,ML,Meghalaya,West Khasi Hills,25.7188,91.2534,2014,Rainfall,Active,Escarpment Slope- (ES),"Granite,Plutonic,Granite",Deciduous,0,MultiPolygon
LS2014_001398,1,positive,bhuvan_2014,ML/WK/78O06/2014/165,,ML,Meghalaya,West Khasi Hills,25.7183,91.2545,2014,Rainfall,Active,Escarpment Slope- (ES),"Granite,Plutonic,Granite",Deciduous,0,MultiPolygon
LS2014_001399,1,positive,bhuvan_2014,ML/WK/78O06/2014/166,,ML,Meghalaya,West Khasi Hills,25.7161,91.2669,2014,Rainfall,Active,Escarpment Slope- (ES),"Gneiss(Meghalaya Gneissic Complex),Archaean-Proterozoic",Deciduous,0,MultiPolygon
LS2014_001400,1,positive,bhuvan_2014,ML/WK/78O06/2014/167,,ML,Meghalaya,West Khasi Hills,25.7153,91.2742,2014,Rainfall,Active,Escarpment Slope- (ES),"Gneiss(Meghalaya Gneissic Complex),Archaean-Proterozoic",Deciduous,2019,MultiPolygon
LS2014_001401,1,positive,bhuvan_2014,ML/WK/78O06/2014/158,,ML,Meghalaya,West Khasi Hills,25.7328,91.4274,2014,Rainfall,Active,Escarpment Slope- (ES),"Gneiss(Meghalaya Gneissic Complex),Archaean-Proterozoic",Deciduous,988,MultiPolygon
LS2014_001402,1,positive,bhuvan_2014,ML/EK/78O11/2014/139,,ML,Meghalaya,East Khasi Hills,25.2639,91.6663,2014,Rainfall,Active,Escarpment Slope- (ES),"Quartzite(Shillong Gr),Paleo-meso-proterozoic",Deciduous,3767,MultiPolygon
LS2014_001403,1,positive,bhuvan_2014,ML/EK/78O11/2014/140,,ML,Meghalaya,East Khasi Hills,25.2634,91.6671,2014,Rainfall,Active,Escarpment Slope- (ES),"Quartzite(Shillong Gr),Paleo-meso-proterozoic",Deciduous,504,MultiPolygon
LS2014_001404,1,positive,bhuvan_2014,ML/EK/78O11/2014/116,,ML,Meghalaya,East Khasi Hills,25.3287,91.5648,2014,Rainfall,Active,Escarpment Slope- (ES),"Gneiss(Meghalaya Gneissic Complex),Archaean-Proterozoic",Deciduous,2735,MultiPolygon
LS2014_001405,1,positive,bhuvan_2014,ML/RB/78O09/2014/13,,ML,Meghalaya,Ribohi,25.9871,91.5637,2014,Rainfall,Active,Denudational Hills-moderately dissected(DHM),"Gneiss(Meghalaya Gneissic Complex),Archaean-Proterozoic",Deciduous,545,MultiPolygon
LS2014_001406,1,positive,bhuvan_2014,ML/EK/78O16/2014/150,,ML,Meghalaya,East Khasi Hills,25.2335,91.8732,2014,Rainfall,Active,Escarpment Slope- (ES),"Shale with sandatone, limestone and coal bands(Jaintia Gr),Paleocene-eocene",Deciduous,2182,MultiPolygon
LS2014_001407,1,positive,bhuvan_2014,ML/EK/78O15/2014/128,,ML,Meghalaya,East Khasi Hills,25.2818,91.8055,2014,Rainfall,Active,Escarpment Slope- (ES),"Quartzite(Shillong Gr),Paleo-meso-proterozoic",Deciduous,1403,MultiPolygon
LS2014_001408,1,positive,bhuvan_2014,ML/EK/78O15/2014/132,,ML,Meghalaya,East Khasi Hills,25.2744,91.8259,2014,Rainfall,Active,Escarpment Slope- (ES),"Quartzite(Shillong Gr),Paleo-meso-proterozoic",Deciduous,1651,MultiPolygon
LS2014_001409,1,positive,bhuvan_2014,ML/EK/78O15/2014/134,,ML,Meghalaya,East Khasi Hills,25.2725,91.8045,2014,Rainfall,Active,Escarpment Slope- (ES),"Quartzite(Shillong Gr),Paleo-meso-proterozoic",Deciduous,7760,MultiPolygon
LS2014_001410,1,positive,bhuvan_2014,ML/EK/78O15/2014/135,,ML,Meghalaya,East Khasi Hills,25.2716,91.8034,2014,Rainfall,Active,Escarpment Slope- (ES),"Quartzite(Shillong Gr),Paleo-meso-proterozoic",Deciduous,1716,MultiPolygon
LS2014_001411,1,positive,bhuvan_2014,ML/EK/78O15/2014/137,,ML,Meghalaya,East Khasi Hills,25.266,91.8568,2014,Rainfall,Active,Lower PLateau-moderately dissected(LPM),"Shale with sandatone, limestone and coal bands(Jaintia Gr),Paleocene-eocene",Deciduous,692,MultiPolygon
LS2014_001412,1,positive,bhuvan_2014,ML/EK/78O15/2014/141,,ML,Meghalaya,East Khasi Hills,25.2619,91.8549,2014,Rainfall,Active,Lower PLateau-moderately dissected(LPM),"Shale with sandatone, limestone and coal bands(Jaintia Gr),Paleocene-eocene",Deciduous,447,MultiPolygon
LS2014_001413,1,positive,bhuvan_2014,ML/EK/78O15/2014/126,,ML,Meghalaya,East Khasi Hills,25.2837,91.99,2014,Rainfall,Active,Escarpment Slope- (ES),"Quartzite(Shillong Gr),Paleo-meso-proterozoic",Deciduous,2961,MultiPolygon
LS2014_001414,1,positive,bhuvan_2014,ML/EK/78O15/2014/129,,ML,Meghalaya,East Khasi Hills,25.2794,91.9728,2014,Rainfall,Active,Escarpment Slope- (ES),"Quartzite(Shillong Gr),Paleo-meso-proterozoic",Deciduous,1618,MultiPolygon
LS2014_001415,1,positive,bhuvan_2014,ML/EK/78O15/2014/130,,ML,Meghalaya,East Khasi Hills,25.2783,91.971,2014,Rainfall,Active,Escarpment Slope- (ES),"Quartzite(Shillong Gr),Paleo-meso-proterozoic",Deciduous,3729,MultiPolygon
LS2014_001416,1,positive,bhuvan_2014,ML/EK/78O15/2014/131,,ML,Meghalaya,East Khasi Hills,25.2751,91.982,2014,Rainfall,Active,Escarpment Slope- (ES),"Quartzite(Shillong Gr),Paleo-meso-proterozoic",Deciduous,2268,MultiPolygon
LS2014_001417,1,positive,bhuvan_2014,ML/EK/78O15/2014/133,,ML,Meghalaya,East Khasi Hills,25.2726,91.9804,2014,Rainfall,Active,Escarpment Slope- (ES),"Quartzite(Shillong Gr),Paleo-meso-proterozoic",Deciduous,1403,MultiPolygon
LS2014_001418,1,positive,bhuvan_2014,ML/EK/78O15/2014/136,,ML,Meghalaya,East Khasi Hills,25.2686,91.9802,2014,Rainfall,Active,Escarpment Slope- (ES),"Quartzite(Shillong Gr),Paleo-meso-proterozoic",Deciduous,10434,MultiPolygon
LS2014_001419,1,positive,bhuvan_2014,ML/EK/78O15/2014/138,,ML,Meghalaya,East Khasi Hills,25.264,91.9725,2014,Rainfall,Active,Escarpment Slope- (ES),"Quartzite(Shillong Gr),Paleo-meso-proterozoic",Deciduous,3909,MultiPolygon
LS2014_001420,1,positive,bhuvan_2014,ML/EK/78O15/2014/117,,ML,Meghalaya,East Khasi Hills,25.3218,91.8245,2014,Rainfall,Active,Escarpment Slope- (ES),"Quartzite(Shillong Gr),Paleo-meso-proterozoic",Deciduous,2391,MultiPolygon
LS2014_001421,1,positive,bhuvan_2014,ML/EK/78O15/2014/120,,ML,Meghalaya,East Khasi Hills,25.3199,91.8297,2014,Rainfall,Active,Escarpment Slope- (ES),"Quartzite(Shillong Gr),Paleo-meso-proterozoic",Deciduous,1165,MultiPolygon
LS2014_001422,1,positive,bhuvan_2014,ML/EK/78O15/2014/92,,ML,Meghalaya,East Khasi Hills,25.3655,91.8671,2014,Rainfall,Active,Escarpment Slope- (ES),"Quartzite(Shillong Gr),Paleo-meso-proterozoic",Deciduous,3337,MultiPolygon
LS2014_001423,1,positive,bhuvan_2014,ML/EK/78O15/2014/93,,ML,Meghalaya,East Khasi Hills,25.3643,91.8527,2014,Rainfall,Active,Escarpment Slope- (ES),"Quartzite(Shillong Gr),Paleo-meso-proterozoic",Deciduous,861,MultiPolygon
LS2014_001424,1,positive,bhuvan_2014,ML/EK/78O15/2014/94,,ML,Meghalaya,East Khasi Hills,25.3623,91.8474,2014,Rainfall,Active,Escarpment Slope- (ES),"Quartzite(Shillong Gr),Paleo-meso-proterozoic",Deciduous,1314,MultiPolygon
LS2014_001425,1,positive,bhuvan_2014,ML/EK/78O15/2014/114,,ML,Meghalaya,East Khasi Hills,25.3324,91.9479,2014,Rainfall,Active,Escarpment Slope- (ES),"Quartzite(Shillong Gr),Paleo-meso-proterozoic",Deciduous,6528,MultiPolygon
LS2014_001426,1,positive,bhuvan_2014,ML/EK/78O15/2014/80,,ML,Meghalaya,East Khasi Hills,25.3853,91.9643,2014,Rainfall,Active,Escarpment Slope- (ES),"Quartzite(Shillong Gr),Paleo-Meso-Proterozoic",Deciduous,3307,MultiPolygon
LS2014_001427,1,positive,bhuvan_2014,ML/EK/78O15/2014/85,,ML,Meghalaya,East Khasi Hills,25.3804,91.9394,2014,Rainfall,Active,Escarpment Slope- (ES),"Quartzite(Shillong Gr),Paleo-meso-proterozoic",Deciduous,27093,MultiPolygon
LS2014_001428,1,positive,bhuvan_2014,ML/EK/78O15/2014/86,,ML,Meghalaya,East Khasi Hills,25.38,91.9677,2014,Rainfall,Active,Escarpment Slope- (ES),"Quartzite(Shillong Gr),Paleo-meso-proterozoic",Deciduous,8127,MultiPolygon
LS2014_001429,1,positive,bhuvan_2014,ML/EK/78O15/2014/90,,ML,Meghalaya,East Khasi Hills,25.3689,91.9465,2014,Rainfall,Active,Escarpment Slope- (ES),"Quartzite(Shillong Gr),Paleo-meso-proterozoic",Deciduous,2543,MultiPolygon
LS2014_001430,1,positive,bhuvan_2014,ML/EK/78O15/2014/91,,ML,Meghalaya,East Khasi Hills,25.3671,91.9734,2014,Rainfall,Active,Escarpment Slope- (ES),"Quartzite(Shillong Gr),Paleo-meso-proterozoic",Deciduous,1625,MultiPolygon
LS2014_001431,1,positive,bhuvan_2014,ML/EK/78O15/2014/22,,ML,Meghalaya,East Khasi Hills,25.486,91.8075,2014,Rainfall,Active,Upper Plateau Undissected(UPU),"Quartzite(Shillong Gr),Paleo-meso-proterozoic",Cropland,1619,MultiPolygon
LS2014_001432,1,positive,bhuvan_2014,ML/EK/78O15/2014/23,,ML,Meghalaya,East Khasi Hills,25.4846,91.8124,2014,Rainfall,Active,Upper Plateau Undissected(UPU),"Quartzite(Shillong Gr),Paleo-meso-proterozoic",River / Stream / Canals,2392,MultiPolygon
LS2014_001433,1,positive,bhuvan_2014,ML/EK/78O15/2014/28,,ML,Meghalaya,East Khasi Hills,25.4773,91.8191,2014,Rainfall,Active,Upper Plateau Undissected(UPU),"Granite(Myellium Granite),Neo-Proterozoic-Early-Proterozoic",Deciduous,676,MultiPolygon
LS2014_001434,1,positive,bhuvan_2014,ML/EK/78O15/2014/30,,ML,Meghalaya,East Khasi Hills,25.477,91.8654,2014,Rainfall,Active,Upper Plateau Undissected(UPU),"Granite(Myellium Granite),Neo-Proterozoic-Early-Proterozoic",Scrub land,1225,MultiPolygon
LS2014_001435,1,positive,bhuvan_2014,ML/EK/78O15/2014/33,,ML,Meghalaya,East Khasi Hills,25.4736,91.8315,2014,Rainfall,Active,Upper Plateau Undissected(UPU),"Granite(Myellium Granite),Neo-Proterozoic-Early-Proterozoic",Cropland,1308,MultiPolygon
LS2014_001436,1,positive,bhuvan_2014,ML/EK/78O15/2014/34,,ML,Meghalaya,East Khasi Hills,25.4709,91.8418,2014,Rainfall,Active,Upper Plateau Undissected(UPU),"Granite(Myellium Granite),Neo-Proterozoic-Early-Proterozoic",Deciduous,1895,MultiPolygon
LS2014_001437,1,positive,bhuvan_2014,ML/EK/78O15/2014/50,,ML,Meghalaya,East Khasi Hills,25.4305,91.9872,2014,Rainfall,Active,Escarpment Slope- (ES),"Quartzite(Shillong Gr),Paleo-meso-proterozoic",Deciduous,3338,MultiPolygon
LS2014_001438,1,positive,bhuvan_2014,ML/EK/78O15/2014/51,,ML,Meghalaya,East Khasi Hills,25.4291,91.9823,2014,Rainfall,Active,Escarpment Slope- (ES),"Quartzite(Shillong Gr),Paleo-meso-proterozoic",Deciduous,2576,MultiPolygon
LS2014_001439,1,positive,bhuvan_2014,ML/EK/78O15/2014/52,,ML,Meghalaya,East Khasi Hills,25.426,91.9768,2014,Rainfall,Active,Escarpment Slope- (ES),"Quartzite(Shillong Gr),Paleo-meso-proterozoic",Deciduous,6863,MultiPolygon
LS2014_001440,1,positive,bhuvan_2014,ML/EK/78O15/2014/58,,ML,Meghalaya,East Khasi Hills,25.4209,91.9703,2014,Rainfall,Active,Escarpment Slope- (ES),"Quartzite(Shillong Gr),Paleo-meso-proterozoic",Deciduous,803,MultiPolygon
LS2014_001441,1,positive,bhuvan_2014,ML/EK/78O15/2014/19,,ML,Meghalaya,East Khasi Hills,25.488,91.9904,2014,Rainfall,Active,Escarpment Slope- (ES),"Quartzite(Shillong Gr),Paleo-meso-proterozoic",Deciduous,983,MultiPolygon
LS2014_001442,1,positive,bhuvan_2014,ML/EK/78O15/2014/20,,ML,Meghalaya,East Khasi Hills,25.4876,91.9686,2014,Rainfall,Active,Middle Plateau-moderately dissected(MPM),"Quartzite(Shillong Gr),Paleo-meso-proterozoic",Scrub land,2069,MultiPolygon
LS2014_001443,1,positive,bhuvan_2014,ML/EK/78O15/2014/21,,ML,Meghalaya,East Khasi Hills,25.4871,91.9441,2014,Rainfall,Active,Upper Plateau-moderately dissected(UPM),"Quartzite(Shillong Gr),Paleo-meso-proterozoic",Barren Rocky,1189,MultiPolygon
LS2014_001444,1,positive,bhuvan_2014,ML/EK/78O15/2014/25,,ML,Meghalaya,East Khasi Hills,25.4827,91.9519,2014,Rainfall,Active,Upper Plateau-moderately dissected(UPM),"Quartzite(Shillong Gr),Paleo-meso-proterozoic",Deciduous,3221,MultiPolygon
LS2014_001445,1,positive,bhuvan_2014,ML/EK/78O15/2014/26,,ML,Meghalaya,East Khasi Hills,25.4816,91.9455,2014,Rainfall,Active,Upper Plateau-moderately dissected(UPM),"Quartzite(Shillong Gr),Paleo-meso-proterozoic",Deciduous,1151,MultiPolygon
LS2014_001446,1,positive,bhuvan_2014,ML/EK/78O14/2014/3,,ML,Meghalaya,East Khasi Hills,25.5786,91.9886,2014,Rainfall,Active,Escarpment Slope- (ES),"Quartzite(Shillong Gr),Paleo-meso-proterozoic",Deciduous,2524,MultiPolygon
LS2014_001447,1,positive,bhuvan_2014,ML/EK/78O14/2014/4,,ML,Meghalaya,East Khasi Hills,25.5768,91.9938,2014,Rainfall,Active,Escarpment Slope- (ES),"Quartzite(Shillong Gr),Paleo-meso-proterozoic",Scrub land,1673,MultiPolygon
LS2014_001448,1,positive,bhuvan_2014,ML/RB/78O13/2014/39,,ML,Meghalaya,Ribohi,25.7686,91.8755,2014,Rainfall,Active,Intermontane Valley-(IV),"Granite,Plutonic,Granite",Rural,3976,MultiPolygon
LS2014_001449,1,positive,bhuvan_2014,ML/RB/78O13/2014/15,,ML,Meghalaya,Ribohi,25.9848,91.8722,2014,Rainfall,Active,Denudational Hills-moderately dissected(DHM),"Gneiss(Meghalaya Gneissic Complex),Archaean-Proterozoic",Cuirrent Shifting Cultivation,3334,MultiPolygon
LS2014_001450,1,positive,bhuvan_2014,ML/RB/78O13/2014/17,,ML,Meghalaya,Ribohi,25.9657,91.8418,2014,Rainfall,Active,Denudational Hills-moderately dissected(DHM),"Gneiss(Meghalaya Gneissic Complex),Archaean-Proterozoic",Deciduous,4757,MultiPolygon
LS2014_001451,1,positive,bhuvan_2014,ML/JH/83C04/2014/102,,ML,Meghalaya,Jaintia Hills,25.1787,92.2362,2014,Rainfall,Active,Escarpment Slope- (ES),"Shale with sandatone, limestone and coal bands(Jaintia Gr),Paleocene-eocene",Deciduous,3082,MultiPolygon
LS2014_001452,1,positive,bhuvan_2014,ML/JH/83C04/2014/97,,ML,Meghalaya,Jaintia Hills,25.2303,92.0954,2014,Rainfall,Active,Middle Plateau-moderately dissected(MPM),"Shale with sandatone, limestone and coal bands(Jaintia Gr),Paleocene-eocene",Deciduous,1248,MultiPolygon
LS2014_001453,1,positive,bhuvan_2014,ML/JH/83C04/2014/98,,ML,Meghalaya,Jaintia Hills,25.2298,92.0952,2014,Rainfall,Active,Middle Plateau-moderately dissected(MPM),"Shale with sandatone, limestone and coal bands(Jaintia Gr),Paleocene-eocene",Deciduous,1378,MultiPolygon
LS2014_001454,1,positive,bhuvan_2014,ML/JH/83C04/2014/99,,ML,Meghalaya,Jaintia Hills,25.2287,92.0952,2014,Rainfall,Active,Middle Plateau-moderately dissected(MPM),"Shale with sandatone, limestone and coal bands(Jaintia Gr),Paleocene-eocene",Deciduous,1182,MultiPolygon
LS2014_001455,1,positive,bhuvan_2014,ML/JH/83C03/2014/91,,ML,Meghalaya,Jaintia Hills,25.2751,92.0955,2014,Rainfall,Active,Middle Plateau-moderately dissected(MPM),"Shale with sandatone, limestone and coal bands(Jaintia Gr),Paleocene-eocene",Scrub land,1143,MultiPolygon
LS2014_001456,1,positive,bhuvan_2014,ML/JH/83C03/2014/92,,ML,Meghalaya,Jaintia Hills,25.2745,92.0958,2014,Rainfall,Active,Middle Plateau-moderately dissected(MPM),"Shale with sandatone, limestone and coal bands(Jaintia Gr),Paleocene-eocene",Scrub land,1451,MultiPolygon
LS2014_001457,1,positive,bhuvan_2014,ML/EK/83C03/2014/112,,ML,Meghalaya,East Khasi Hills,25.3338,92.0865,2014,Rainfall,Active,Escarpment Slope- (ES),"Quartzite(Shillong Gr),Paleo-meso-proterozoic",Deciduous,2478,MultiPolygon
LS2014_001458,1,positive,bhuvan_2014,ML/EK/83C03/2014/122,,ML,Meghalaya,East Khasi Hills,25.3162,92.0963,2014,Rainfall,Active,Escarpment Slope- (ES),"Quartzite(Shillong Gr),Paleo-meso-proterozoic",Deciduous,5747,MultiPolygon
LS2014_001459,1,positive,bhuvan_2014,ML/JH/83C03/2014/41,,ML,Meghalaya,Jaintia Hills,25.3679,92.1308,2014,Rainfall,Active,Middle Plateau-moderately dissected(MPM),"Shale with sandatone, limestone and coal bands(Jaintia Gr),Paleocene-eocene",Scrub land,1099,MultiPolygon
LS2014_001460,1,positive,bhuvan_2014,ML/JH/83C03/2014/43,,ML,Meghalaya,Jaintia Hills,25.3636,92.1281,2014,Rainfall,Active,Middle Plateau-moderately dissected(MPM),"Shale with sandatone, limestone and coal bands(Jaintia Gr),Paleocene-eocene",Scrub land,1708,MultiPolygon
LS2014_001461,1,positive,bhuvan_2014,ML/EK/83C03/2014/32,,ML,Meghalaya,East Khasi Hills,25.4757,92.0925,2014,Rainfall,Active,Escarpment Slope- (ES),"Quartzite(Shillong Gr),Paleo-meso-proterozoic",Scrub land,509,MultiPolygon
LS2014_001462,1,positive,bhuvan_2014,ML/JH/83C03/2014/20,,ML,Meghalaya,Jaintia Hills,25.4663,92.1429,2014,Rainfall,Active,Escarpment Slope- (ES),"Quartzite(Shillong Gr),Paleo-meso-proterozoic",Scrub land,2804,MultiPolygon
LS2014_001463,1,positive,bhuvan_2014,ML/JH/83C03/2014/19,,ML,Meghalaya,Jaintia Hills,25.4666,92.2473,2014,Rainfall,Active,Intermontane Valley-(IV),"Gneiss, Archaean to Proterozoic, Basement Genessic Complex of Meghalaya",Deciduous,802,MultiPolygon
LS2014_001464,1,positive,bhuvan_2014,ML/JH/83C06/2014/6,,ML,Meghalaya,Jaintia Hills,25.5321,92.2661,2014,Rainfall,Active,Lower PLateau-weathered(LPW),"Gneiss(Meghalaya Gneissic Complex),Archaean-Proterozoic",Deciduous,7583,MultiPolygon
LS2014_001465,1,positive,bhuvan_2014,ML/RB/83C02/2014/45,,ML,Meghalaya,Ribohi,25.7297,92.1467,2014,Rainfall,Active,Lower PLateau-moderately dissected(LPM),"Quartzite(Shillong Gr),Paleo-meso-proterozoic",Deciduous,3159,MultiPolygon
LS2014_001466,1,positive,bhuvan_2014,ML/RB/83C02/2014/46,,ML,Meghalaya,Ribohi,25.7193,92.1189,2014,Rainfall,Active,Lower PLateau-moderately dissected(LPM),"Granite(Myellium Granite),Neo-Proterozoic-Early-Proterozoic",Deciduous,1953,MultiPolygon
LS2014_001467,1,positive,bhuvan_2014,ML/RB/83C01/2014/27,,ML,Meghalaya,Ribohi,25.8865,92.1193,2014,Rainfall,Active,Denudational Hills-moderately dissected(DHM),"Gneiss(Meghalaya Gneissic Complex),Archaean-Proterozoic",Cropland,5299,MultiPolygon
LS2014_001468,1,positive,bhuvan_2014,ML/RB/83C01/2014/29,,ML,Meghalaya,Ribohi,25.8762,92.1099,2014,Rainfall,Active,Denudational Hills-moderately dissected(DHM),"Granite(Myellium Granite),Neo-Proterozoic-Early-Proterozoic",Deciduous,1445,MultiPolygon
LS2014_001469,1,positive,bhuvan_2014,ML/RB/83B04/2014/6,,ML,Meghalaya,Ribohi,26.0385,92.1451,2014,Rainfall,Active,Denudational Hills-moderately dissected(DHM),"Gneiss(Meghalaya Gneissic Complex),Archaean-Proterozoic",Deciduous,4997,MultiPolygon
LS2014_001470,1,positive,bhuvan_2014,ML/RB/83B04/2014/8,,ML,Meghalaya,Ribohi,26.0348,92.1319,2014,Rainfall,Active,Denudational Hills-moderately dissected(DHM),"Gneiss(Meghalaya Gneissic Complex),Archaean-Proterozoic",Deciduous,51432,MultiPolygon
LS2014_001471,1,positive,bhuvan_2014,ML/RB/83B04/2014/9,,ML,Meghalaya,Ribohi,26.029,92.1449,2014,Rainfall,Active,Denudational Hills-moderately dissected(DHM),"Gneiss(Meghalaya Gneissic Complex),Archaean-Proterozoic",Scrub Forest,2008,MultiPolygon
LS2014_001472,1,positive,bhuvan_2014,ML/RB/83B04/2014/2,,ML,Meghalaya,Ribohi,26.0652,92.1558,2014,Rainfall,Active,Denudational Hills-moderately dissected(DHM),"Gneiss(Meghalaya Gneissic Complex),Archaean-Proterozoic",Deciduous,383,MultiPolygon
LS2014_001473,1,positive,bhuvan_2014,ML/RB/83B04/2014/3,,ML,Meghalaya,Ribohi,26.0651,92.1555,2014,Rainfall,Active,Denudational Hills-moderately dissected(DHM),"Gneiss(Meghalaya Gneissic Complex),Archaean-Proterozoic",Deciduous,265,MultiPolygon
LS2014_001474,1,positive,bhuvan_2014,ML/JH/83C08/2014/103,,ML,Meghalaya,Jaintia Hills,25.1259,92.4292,2014,Rainfall,Active,Structural Hill-moderately dissected(SHM),"Sandstone with shale & coal bands(Barail Gr),Eocene-Oligocene",Evergreen / Semi evergreen,1491,MultiPolygon
LS2014_001475,1,positive,bhuvan_2014,ML/JH/83C08/2014/104,,ML,Meghalaya,Jaintia Hills,25.1245,92.4293,2014,Rainfall,Active,Structural Hill-moderately dissected(SHM),"Sandstone with shale & coal bands(Barail Gr),Eocene-Oligocene",Evergreen / Semi evergreen,1243,MultiPolygon
LS2014_001476,1,positive,bhuvan_2014,ML/JH/83C08/2014/105,,ML,Meghalaya,Jaintia Hills,25.1194,92.4296,2014,Rainfall,Active,Structural Hill-moderately dissected(SHM),"Sandstone with shale & coal bands(Barail Gr),Eocene-Oligocene",Evergreen / Semi evergreen,2936,MultiPolygon
LS2014_001477,1,positive,bhuvan_2014,ML/JH/83C07/2014/33,,ML,Meghalaya,Jaintia Hills,25.4139,92.4352,2014,Rainfall,Active,Middle Plateau-moderately dissected(MPM),"Shale with sandatone, limestone and coal bands(Jaintia Gr),Paleocene-eocene",Scrub land,3091,MultiPolygon
LS2014_001478,1,positive,bhuvan_2014,ML/JH/83C11/2014/26,,ML,Meghalaya,Jaintia Hills,25.431,92.5284,2014,Rainfall,Active,Middle Plateau-moderately dissected(MPM),"Shale with sandatone, limestone and coal bands(Jaintia Gr),Paleocene-eocene",Scrub land,876,MultiPolygon
LS2014_001479,1,positive,bhuvan_2014,ML/JH/83C11/2014/27,,ML,Meghalaya,Jaintia Hills,25.4305,92.524,2014,Rainfall,Active,Middle Plateau-moderately dissected(MPM),"Shale with sandatone, limestone and coal bands(Jaintia Gr),Paleocene-eocene",Scrub land,1029,MultiPolygon
LS2014_001480,1,positive,bhuvan_2014,ML/JH/83C06/2014/3,,ML,Meghalaya,Jaintia Hills,25.5634,92.3914,2014,Rainfall,Active,Middle Plateau (Weathered),"Quartzite(Shillong Gr),Paleo-meso-proterozoic",Deciduous,3538,MultiPolygon
LS2014_001481,1,positive,bhuvan_2014,ML/JH/83C06/2014/1,,ML,Meghalaya,Jaintia Hills,25.6311,92.3871,2014,Rainfall,Active,Lower PLateau-weathered(LPW),"Quartzite(Shillong Gr),Paleo-meso-proterozoic",Deciduous,820,MultiPolygon
LS2014_001482,1,positive,bhuvan_2014,ML/JH/83C06/2014/2,,ML,Meghalaya,Jaintia Hills,25.6311,92.3709,2014,Rainfall,Active,Lower PLateau-weathered(LPW),"Quartzite(Shillong Gr),Paleo-meso-proterozoic",Deciduous,2461,MultiPolygon
LS2014_001483,1,positive,bhuvan_2014,MN/CC/83H04/2014/172,,MN,Manipur,Churachandpur,24.0499,93.1059,2014,Rainfall,Active,Structural hills-Highly Dissected(SHH),"Bhuban Formation,Surma Group/Shale with Sandstone",Deciduous,519,MultiPolygon
LS2014_001484,1,positive,bhuvan_2014,MN/CC/83H04/2014/161,,MN,Manipur,Churachandpur,24.1253,93.0226,2014,Rainfall,Active,Structural hills-Highly Dissected(SHH),"Bhuban Formation,Surma Group/Shale with Sandstone",Scrub land,525,MultiPolygon
LS2014_001485,1,positive,bhuvan_2014,MN/CC/83H04/2014/162,,MN,Manipur,Churachandpur,24.1236,93.0251,2014,Rainfall,Active,Structural hills-Highly Dissected(SHH),"Bhuban Formation,Surma Group/Shale with Sandstone",Scrub land,1348,MultiPolygon
LS2014_001486,1,positive,bhuvan_2014,MN/CC/83H04/2014/163,,MN,Manipur,Churachandpur,24.1228,93.0189,2014,Rainfall,Active,Structural hills-Highly Dissected(SHH),"Bhuban Formation,Surma Group/Shale with Sandstone",Scrub land,431,MultiPolygon
LS2014_001487,1,positive,bhuvan_2014,MN/CC/83H04/2014/164,,MN,Manipur,Churachandpur,24.1225,93.0254,2014,Rainfall,Active,Structural hills-Highly Dissected(SHH),"Bhuban Formation,Surma Group/Shale with Sandstone",Scrub land,586,MultiPolygon
LS2014_001488,1,positive,bhuvan_2014,MN/CC/83H04/2014/165,,MN,Manipur,Churachandpur,24.1213,93.0241,2014,Rainfall,Active,Structural hills-Highly Dissected(SHH),"Bhuban Formation,Surma Group/Shale with Sandstone",Scrub land,2311,MultiPolygon
LS2014_001489,1,positive,bhuvan_2014,MN/CC/83H04/2014/166,,MN,Manipur,Churachandpur,24.1142,93.0198,2014,Rainfall,Active,Structural hills-Highly Dissected(SHH),"Bhuban Formation,Surma Group/Shale with Sandstone",Deciduous,1961,MultiPolygon
LS2014_001490,1,positive,bhuvan_2014,MN/CC/83H04/2014/130,,MN,Manipur,Churachandpur,24.2434,93.0496,2014,Rainfall,Active,Structural hills-Highly Dissected(SHH),"Bhuban Formation,Surma Group/Shale with Sandstone",Deciduous,1482,MultiPolygon
LS2014_001491,1,positive,bhuvan_2014,MN/CC/83H04/2014/132,,MN,Manipur,Churachandpur,24.2409,93.0459,2014,Rainfall,Active,Structural hills-Highly Dissected(SHH),"Bhuban Formation,Surma Group/Shale with Sandstone",Deciduous,808,MultiPolygon
LS2014_001492,1,positive,bhuvan_2014,MN/CC/83H04/2014/133,,MN,Manipur,Churachandpur,24.2398,93.0454,2014,Rainfall,Active,Structural hills-Highly Dissected(SHH),"Bhuban Formation,Surma Group/Shale with Sandstone",Deciduous,1187,MultiPolygon
LS2014_001493,1,positive,bhuvan_2014,MN/CC/83H04/2014/134,,MN,Manipur,Churachandpur,24.2384,93.0454,2014,Rainfall,Active,Structural hills-Highly Dissected(SHH),"Bhuban Formation,Surma Group/Shale with Sandstone",Deciduous,499,MultiPolygon
LS2014_001494,1,positive,bhuvan_2014,MN/CC/83H04/2014/136,,MN,Manipur,Churachandpur,24.2326,93.0571,2014,Rainfall,Active,Structural hills-Highly Dissected(SHH),"Bhuban Formation,Surma Group/Shale with Sandstone",Deciduous,875,MultiPolygon
LS2014_001495,1,positive,bhuvan_2014,MN/CC/83H04/2014/137,,MN,Manipur,Churachandpur,24.2303,93.0418,2014,Rainfall,Active,Structural hills-Highly Dissected(SHH),"Bhuban Formation,Surma Group/Shale with Sandstone",Deciduous,695,MultiPolygon
LS2014_001496,1,positive,bhuvan_2014,MN/CC/83H04/2014/140,,MN,Manipur,Churachandpur,24.2244,93.0352,2014,Rainfall,Active,Structural hills-Highly Dissected(SHH),"Bhuban Formation,Surma Group/Shale with Sandstone",Deciduous,772,MultiPolygon
LS2014_001497,1,positive,bhuvan_2014,MN/CC/83H04/2014/141,,MN,Manipur,Churachandpur,24.223,93.0462,2014,Rainfall,Active,Structural hills-Highly Dissected(SHH),"Bhuban Formation,Surma Group/Shale with Sandstone",Deciduous,645,MultiPolygon
LS2014_001498,1,positive,bhuvan_2014,MN/CC/83H04/2014/142,,MN,Manipur,Churachandpur,24.2229,93.0353,2014,Rainfall,Active,Structural hills-Highly Dissected(SHH),"Bhuban Formation,Surma Group/Shale with Sandstone",Deciduous,1275,MultiPolygon
LS2014_001499,1,positive,bhuvan_2014,MN/CC/83H04/2014/143,,MN,Manipur,Churachandpur,24.221,93.0408,2014,Rainfall,Active,Structural hills-Highly Dissected(SHH),"Bhuban Formation,Surma Group/Shale with Sandstone",Deciduous,745,MultiPolygon
LS2014_001500,1,positive,bhuvan_2014,MN/CC/83H04/2014/144,,MN,Manipur,Churachandpur,24.2159,93.0553,2014,Rainfall,Active,Structural hills-Highly Dissected(SHH),"Bhuban Formation,Surma Group/Shale with Sandstone",Deciduous,886,MultiPolygon
LS2014_001501,1,positive,bhuvan_2014,MN/CC/83H04/2014/145,,MN,Manipur,Churachandpur,24.2118,93.0549,2014,Rainfall,Active,Structural hills-Highly Dissected(SHH),"Bhuban Formation,Surma Group/Shale with Sandstone",Cuirrent Shifting Cultivation,2798,MultiPolygon
LS2014_001502,1,positive,bhuvan_2014,MN/CC/83H04/2014/146,,MN,Manipur,Churachandpur,24.2114,93.044,2014,Rainfall,Active,Structural hills-Moderately Dissected(SHM),"Bhuban Formation,Surma Group/Shale with Sandstone",Deciduous,463,MultiPolygon
LS2014_001503,1,positive,bhuvan_2014,MN/CC/83H04/2014/147,,MN,Manipur,Churachandpur,24.2109,93.0435,2014,Rainfall,Active,Structural hills-Moderately Dissected(SHM),"Bhuban Formation,Surma Group/Shale with Sandstone",Deciduous,263,MultiPolygon
LS2014_001504,1,positive,bhuvan_2014,MN/CC/83H04/2014/148,,MN,Manipur,Churachandpur,24.2079,93.0546,2014,Rainfall,Active,Structural hills-Highly Dissected(SHH),"Bhuban Formation,Surma Group/Shale with Sandstone",Cuirrent Shifting Cultivation,1461,MultiPolygon
LS2014_001505,1,positive,bhuvan_2014,MN/CC/83H04/2014/149,,MN,Manipur,Churachandpur,24.2074,93.0419,2014,Rainfall,Active,Structural hills-Moderately Dissected(SHM),"Bhuban Formation,Surma Group/Shale with Sandstone",Deciduous,702,MultiPolygon
LS2014_001506,1,positive,bhuvan_2014,MN/CC/83H04/2014/170,,MN,Manipur,Churachandpur,24.106,93.1096,2014,Rainfall,Active,Structural hills-Highly Dissected(SHH),"Bhuban Formation,Surma Group/Shale with Sandstone",Deciduous,260,MultiPolygon
LS2014_001507,1,positive,bhuvan_2014,MN/CC/83H04/2014/171,,MN,Manipur,Churachandpur,24.103,93.1174,2014,Rainfall,Active,Structural hills-Highly Dissected(SHH),"Bhuban Formation,Surma Group/Shale with Sandstone",Scrub land,1083,MultiPolygon
LS2014_001508,1,positive,bhuvan_2014,MN/CC/83H04/2014/131,,MN,Manipur,Churachandpur,24.2417,93.1268,2014,Rainfall,Active,Structural hills-Highly Dissected(SHH),"Bhuban Formation,Surma Group/Shale with Sandstone",Scrub land,550,MultiPolygon
LS2014_001509,1,positive,bhuvan_2014,MN/CC/83H03/2014/97,,MN,Manipur,Churachandpur,24.3272,93.0485,2014,Rainfall,Active,Structural hills-Highly Dissected(SHH),Tipam Group/Sandstone,Cuirrent Shifting Cultivation,423,MultiPolygon
LS2014_001510,1,positive,bhuvan_2014,MN/CC/83H03/2014/98,,MN,Manipur,Churachandpur,24.3249,93.0441,2014,Rainfall,Active,Structural hills-Highly Dissected(SHH),Tipam Group/Sandstone,Cuirrent Shifting Cultivation,358,MultiPolygon
LS2014_001511,1,positive,bhuvan_2014,MN/CC/83H03/2014/100,,MN,Manipur,Churachandpur,24.3232,93.0436,2014,Rainfall,Active,Structural hills-Highly Dissected(SHH),Tipam Group/Sandstone,Cuirrent Shifting Cultivation,1021,MultiPolygon
LS2014_001512,1,positive,bhuvan_2014,MN/CC/83H03/2014/101,,MN,Manipur,Churachandpur,24.3226,93.0429,2014,Rainfall,Active,Structural hills-Highly Dissected(SHH),Tipam Group/Sandstone,Cuirrent Shifting Cultivation,1381,MultiPolygon
LS2014_001513,1,positive,bhuvan_2014,MN/CC/83H03/2014/102,,MN,Manipur,Churachandpur,24.3218,93.0425,2014,Rainfall,Active,Structural hills-Highly Dissected(SHH),Tipam Group/Sandstone,Cuirrent Shifting Cultivation,883,MultiPolygon
LS2014_001514,1,positive,bhuvan_2014,MN/CC/83H03/2014/103,,MN,Manipur,Churachandpur,24.3212,93.0422,2014,Rainfall,Active,Structural hills-Highly Dissected(SHH),Tipam Group/Sandstone,Cuirrent Shifting Cultivation,630,MultiPolygon
LS2014_001515,1,positive,bhuvan_2014,MN/CC/83H03/2014/105,,MN,Manipur,Churachandpur,24.3197,93.0404,2014,Rainfall,Active,Structural hills-Highly Dissected(SHH),Tipam Group/Sandstone,Cuirrent Shifting Cultivation,248,MultiPolygon
LS2014_001516,1,positive,bhuvan_2014,MN/CC/83H03/2014/106,,MN,Manipur,Churachandpur,24.3187,93.0413,2014,Rainfall,Active,Structural hills-Highly Dissected(SHH),Tipam Group/Sandstone,Cuirrent Shifting Cultivation,133,MultiPolygon
LS2014_001517,1,positive,bhuvan_2014,MN/CC/83H03/2014/107,,MN,Manipur,Churachandpur,24.318,93.0424,2014,Rainfall,Active,Structural hills-Highly Dissected(SHH),Tipam Group/Sandstone,Cuirrent Shifting Cultivation,615,MultiPolygon
LS2014_001518,1,positive,bhuvan_2014,MN/CC/83H03/2014/108,,MN,Manipur,Churachandpur,24.3149,93.0438,2014,Rainfall,Active,Structural hills-Highly Dissected(SHH),Tipam Group/Sandstone,Cuirrent Shifting Cultivation,223,MultiPolygon
LS2014_001519,1,positive,bhuvan_2014,MN/CC/83H03/2014/58,,MN,Manipur,Churachandpur,24.3887,93.0342,2014,Rainfall,Active,Structural hills-Highly Dissected(SHH),Dupitila Group/Sandstone & Conglomerate,Scrub Forest,227,MultiPolygon
LS2014_001520,1,positive,bhuvan_2014,MN/CC/83H03/2014/59,,MN,Manipur,Churachandpur,24.3868,93.0348,2014,Rainfall,Active,Structural hills-Highly Dissected(SHH),Dupitila Group/Sandstone & Conglomerate,Deciduous,579,MultiPolygon
LS2014_001521,1,positive,bhuvan_2014,MN/CC/83H03/2014/61,,MN,Manipur,Churachandpur,24.3862,93.0372,2014,Rainfall,Active,Structural hills-Highly Dissected(SHH),Dupitila Group/Sandstone & Conglomerate,Deciduous,689,MultiPolygon
LS2014_001522,1,positive,bhuvan_2014,MN/CC/83H03/2014/62,,MN,Manipur,Churachandpur,24.3859,93.0332,2014,Rainfall,Active,Structural hills-Highly Dissected(SHH),Dupitila Group/Sandstone & Conglomerate,Deciduous,757,MultiPolygon
LS2014_001523,1,positive,bhuvan_2014,MN/CC/83H03/2014/63,,MN,Manipur,Churachandpur,24.3859,93.0329,2014,Rainfall,Active,Structural hills-Highly Dissected(SHH),Dupitila Group/Sandstone & Conglomerate,Deciduous,174,MultiPolygon
LS2014_001524,1,positive,bhuvan_2014,MN/CC/83H03/2014/64,,MN,Manipur,Churachandpur,24.3856,93.048,2014,Rainfall,Active,Structural hills-Highly Dissected(SHH),Tipam Group/Sandstone,Deciduous,311,MultiPolygon
LS2014_001525,1,positive,bhuvan_2014,MN/CC/83H03/2014/65,,MN,Manipur,Churachandpur,24.3855,93.0328,2014,Rainfall,Active,Structural hills-Highly Dissected(SHH),Dupitila Group/Sandstone & Conglomerate,Deciduous,384,MultiPolygon
LS2014_001526,1,positive,bhuvan_2014,MN/CC/83H03/2014/66,,MN,Manipur,Churachandpur,24.3854,93.0309,2014,Rainfall,Active,Structural hills-Highly Dissected(SHH),Dupitila Group/Sandstone & Conglomerate,Deciduous,625,MultiPolygon
LS2014_001527,1,positive,bhuvan_2014,MN/CC/83H03/2014/68,,MN,Manipur,Churachandpur,24.3843,93.03,2014,Rainfall,Active,Structural hills-Highly Dissected(SHH),Dupitila Group/Sandstone & Conglomerate,Deciduous,414,MultiPolygon
LS2014_001528,1,positive,bhuvan_2014,MN/CC/83H03/2014/92,,MN,Manipur,Churachandpur,24.3355,93.1253,2014,Rainfall,Active,Structural hills-Highly Dissected(SHH),"Bhuban Formation,Surma Group/Shale with Sandstone",Deciduous,363,MultiPolygon
LS2014_001529,1,positive,bhuvan_2014,MN/CC/83H03/2014/93,,MN,Manipur,Churachandpur,24.3353,93.111,2014,Rainfall,Active,Structural hills-Highly Dissected(SHH),"Bhuban Formation,Surma Group/Shale with Sandstone",Cuirrent Shifting Cultivation,311,MultiPolygon
LS2014_001530,1,positive,bhuvan_2014,MN/CC/83H03/2014/94,,MN,Manipur,Churachandpur,24.3347,93.1267,2014,Rainfall,Active,Structural hills-Highly Dissected(SHH),"Bhuban Formation,Surma Group/Shale with Sandstone",Deciduous,207,MultiPolygon
LS2014_001531,1,positive,bhuvan_2014,MN/CC/83H03/2014/109,,MN,Manipur,Churachandpur,24.3066,93.1238,2014,Rainfall,Active,Structural hills-Highly Dissected(SHH),"Bhuban Formation,Surma Group/Shale with Sandstone",Rural,934,MultiPolygon
LS2014_001532,1,positive,bhuvan_2014,MN/CC/83H03/2014/110,,MN,Manipur,Churachandpur,24.3049,93.1214,2014,Rainfall,Active,Structural hills-Highly Dissected(SHH),"Bhuban Formation,Surma Group/Shale with Sandstone",Rural,519,MultiPolygon
LS2014_001533,1,positive,bhuvan_2014,MN/CC/83H03/2014/111,,MN,Manipur,Churachandpur,24.3023,93.1199,2014,Rainfall,Active,Structural hills-Highly Dissected(SHH),"Bhuban Formation,Surma Group/Shale with Sandstone",Deciduous,638,MultiPolygon
LS2014_001534,1,positive,bhuvan_2014,MN/CC/83H02/2014/6,,MN,Manipur,Churachandpur,24.5255,93.0508,2014,Rainfall,Active,Structural hills-Highly Dissected(SHH),Dupitila Group/Sandstone & Conglomerate,Deciduous,331,MultiPolygon
LS2014_001535,1,positive,bhuvan_2014,MN/CC/83H02/2014/7,,MN,Manipur,Churachandpur,24.5254,93.0505,2014,Rainfall,Active,Structural hills-Highly Dissected(SHH),Dupitila Group/Sandstone & Conglomerate,Deciduous,422,MultiPolygon
LS2014_001536,1,positive,bhuvan_2014,MN/CC/83H02/2014/9,,MN,Manipur,Churachandpur,24.5243,93.0526,2014,Rainfall,Active,Structural hills-Highly Dissected(SHH),Dupitila Group/Sandstone & Conglomerate,Deciduous,674,MultiPolygon
LS2014_001537,1,positive,bhuvan_2014,MN/CC/83H02/2014/10,,MN,Manipur,Churachandpur,24.5241,93.0534,2014,Rainfall,Active,Structural hills-Highly Dissected(SHH),Dupitila Group/Sandstone & Conglomerate,Deciduous,311,MultiPolygon
LS2014_001538,1,positive,bhuvan_2014,MN/CC/83H02/2014/11,,MN,Manipur,Churachandpur,24.524,93.0531,2014,Rainfall,Active,Structural hills-Highly Dissected(SHH),Dupitila Group/Sandstone & Conglomerate,Deciduous,410,MultiPolygon
LS2014_001539,1,positive,bhuvan_2014,MN/CC/83H02/2014/12,,MN,Manipur,Churachandpur,24.524,93.0528,2014,Rainfall,Active,Structural hills-Highly Dissected(SHH),Dupitila Group/Sandstone & Conglomerate,Deciduous,903,MultiPolygon
LS2014_001540,1,positive,bhuvan_2014,MN/CC/83H02/2014/14,,MN,Manipur,Churachandpur,24.5129,93.0488,2014,Rainfall,Active,Structural hills-Highly Dissected(SHH),Dupitila Group/Sandstone & Conglomerate,Deciduous,362,MultiPolygon
LS2014_001541,1,positive,bhuvan_2014,MN/CC/83H02/2014/15,,MN,Manipur,Churachandpur,24.51,93.0499,2014,Rainfall,Active,Structural hills-Highly Dissected(SHH),Dupitila Group/Sandstone & Conglomerate,Deciduous,602,MultiPolygon
LS2014_001542,1,positive,bhuvan_2014,MN/CC/83H03/2014/17,,MN,Manipur,Churachandpur,24.4997,93.0466,2014,Rainfall,Active,Structural hills-Highly Dissected(SHH),Dupitila Group/Sandstone & Conglomerate,Deciduous,518,MultiPolygon
LS2014_001543,1,positive,bhuvan_2014,MN/CC/83H03/2014/24,,MN,Manipur,Churachandpur,24.4946,93.0422,2014,Rainfall,Active,Structural hills-Highly Dissected(SHH),Dupitila Group/Sandstone & Conglomerate,Deciduous,337,MultiPolygon
LS2014_001544,1,positive,bhuvan_2014,MN/CC/83H03/2014/18,,MN,Manipur,Churachandpur,24.4972,93.0988,2014,Rainfall,Active,Structural hills-Highly Dissected(SHH),Tipam Group/Sandstone,Deciduous,1063,MultiPolygon
LS2014_001545,1,positive,bhuvan_2014,MN/CC/83H03/2014/25,,MN,Manipur,Churachandpur,24.4945,93.116,2014,Rainfall,Active,Structural hills-Highly Dissected(SHH),Tipam Group/Sandstone,Deciduous,908,MultiPolygon
LS2014_001546,1,positive,bhuvan_2014,MN/CC/83H03/2014/32,,MN,Manipur,Churachandpur,24.4883,93.1198,2014,Rainfall,Active,Structural hills-Highly Dissected(SHH),"Bokabil Formation,Surma Group/Shale",Deciduous,276,MultiPolygon
LS2014_001547,1,positive,bhuvan_2014,MN/EI/83H02/2014/1,,MN,Manipur,Imphal West,24.7047,93.1358,2014,Rainfall,Active,Structural hills-Highly Dissected(SHH),Tipam Group/Sandstone,Deciduous,807,MultiPolygon
LS2014_001548,1,positive,bhuvan_2014,MN/CC/83H08/2014/157,,MN,Manipur,Churachandpur,24.1345,93.2747,2014,Rainfall,Active,Structural hills-Highly Dissected(SHH),Disang Group/Shale with Sandstone,Deciduous,761,MultiPolygon
LS2014_001549,1,positive,bhuvan_2014,MN/CC/83H08/2014/160,,MN,Manipur,Churachandpur,24.1306,93.2733,2014,Rainfall,Active,Structural hills-Highly Dissected(SHH),Disang Group/Shale with Sandstone,Deciduous,1737,MultiPolygon
LS2014_001550,1,positive,bhuvan_2014,MN/CC/83H03/2014/53,,MN,Manipur,Churachandpur,24.4092,93.1907,2014,Rainfall,Active,Structural hills-Highly Dissected(SHH),"Bhuban Formation,Surma Group/Shale with Sandstone",Evergreen / Semi evergreen,439,MultiPolygon
LS2014_001551,1,positive,bhuvan_2014,MN/CC/83H03/2014/54,,MN,Manipur,Churachandpur,24.4043,93.2036,2014,Rainfall,Active,Structural hills-Highly Dissected(SHH),"Bhuban Formation,Surma Group/Shale with Sandstone",Evergreen / Semi evergreen,232,MultiPolygon
LS2014_001552,1,positive,bhuvan_2014,MN/CC/83H07/2014/55,,MN,Manipur,Churachandpur,24.4014,93.2749,2014,Rainfall,Active,Structural hills-Highly Dissected(SHH),"Jenam Formation,Barail Group/Sandstone",Deciduous,198,MultiPolygon
LS2014_001553,1,positive,bhuvan_2014,MN/CC/83H03/2014/28,,MN,Manipur,Churachandpur,24.4918,93.2004,2014,Rainfall,Active,Structural hills-Highly Dissected(SHH),"Laisong Formation,Barail Group/Sandstone with Shale",Evergreen / Semi evergreen,441,MultiPolygon
LS2014_001554,1,positive,bhuvan_2014,MN/CC/83H07/2014/20,,MN,Manipur,Churachandpur,24.4958,93.2926,2014,Rainfall,Active,Structural hills-Highly Dissected(SHH),"Jenam Formation,Barail Group/Sandstone",Deciduous,1116,MultiPolygon
LS2014_001555,1,positive,bhuvan_2014,MN/CC/83H07/2014/26,,MN,Manipur,Churachandpur,24.4934,93.2964,2014,Rainfall,Active,Structural hills-Highly Dissected(SHH),"Jenam Formation,Barail Group/Sandstone",Deciduous,359,MultiPolygon
LS2014_001556,1,positive,bhuvan_2014,MN/CC/83H07/2014/29,,MN,Manipur,Churachandpur,24.4914,93.2867,2014,Rainfall,Active,Structural hills-Highly Dissected(SHH),"Jenam Formation,Barail Group/Sandstone",Deciduous,338,MultiPolygon
LS2014_001557,1,positive,bhuvan_2014,MN/CC/83H07/2014/34,,MN,Manipur,Churachandpur,24.486,93.2622,2014,Rainfall,Active,Structural hills-Highly Dissected(SHH),"Jenam Formation,Barail Group/Sandstone",Deciduous,742,MultiPolygon
LS2014_001558,1,positive,bhuvan_2014,MN/CC/83H08/2014/158,,MN,Manipur,Churachandpur,24.131,93.432,2014,Rainfall,Active,Structural hills-Highly Dissected(SHH),Disang Group/Shale with Sandstone,Scrub Forest,3418,MultiPolygon
LS2014_001559,1,positive,bhuvan_2014,MN/CC/83H08/2014/159,,MN,Manipur,Churachandpur,24.1307,93.4275,2014,Rainfall,Active,Structural hills-Highly Dissected(SHH),Disang Group/Shale with Sandstone,Deciduous,2318,MultiPolygon
LS2014_001560,1,positive,bhuvan_2014,MN/CC/83H07/2014/50,,MN,Manipur,Churachandpur,24.4271,93.3663,2014,Rainfall,Active,Structural hills-Highly Dissected(SHH),Disang Group/Shale with Sandstone,Deciduous,262,MultiPolygon
LS2014_001561,1,positive,bhuvan_2014,MN/CC/83H07/2014/56,,MN,Manipur,Churachandpur,24.401,93.4141,2014,Rainfall,Active,Structural hills-Highly Dissected(SHH),Disang Group/Shale with Sandstone,Scrub land,865,MultiPolygon
LS2014_001562,1,positive,bhuvan_2014,MN/TA/83H05/2014/51,,MN,Manipur,Tamenglong,24.8849,93.4282,2014,Rainfall,Active,Structural hills-Moderately Dissected(SHM),"Jenam Formation,Barail Group/Sandstone",Deciduous,298,MultiPolygon
LS2014_001563,1,positive,bhuvan_2014,MN/TA/83G08/2014/41,,MN,Manipur,Tamenglong,25.0677,93.4511,2014,Rainfall,Active,Structural hills-Moderately Dissected(SHM),"Bhuban Formation,Surma Group/Shale with Sandstone",Deciduous,352,MultiPolygon
LS2014_001564,1,positive,bhuvan_2014,MN/TA/83G08/2014/49,,MN,Manipur,Tamenglong,25.0042,93.4951,2014,Rainfall,Active,Structural hills-Moderately Dissected(SHM),"Jenam Formation,Barail Group/Sandstone",Deciduous,398,MultiPolygon
LS2014_001565,1,positive,bhuvan_2014,MN/TA/83G12/2014/27,,MN,Manipur,Tamenglong,25.1599,93.5119,2014,Rainfall,Active,Structural hills-Highly Dissected(SHH),"Jenam Formation,Barail Group/Sandstone",Deciduous,482,MultiPolygon
LS2014_001566,1,positive,bhuvan_2014,MN/CC/83H12/2014/173,,MN,Manipur,Churachandpur,24.0435,93.6944,2014,Rainfall,Active,Structural hills-Highly Dissected(SHH),"Laisong Formation,Barail Group/Sandstone with Shale",Deciduous,4345,MultiPolygon
LS2014_001567,1,positive,bhuvan_2014,MN/CC/83H12/2014/174,,MN,Manipur,Churachandpur,24.0399,93.6947,2014,Rainfall,Active,Structural hills-Highly Dissected(SHH),"Laisong Formation,Barail Group/Sandstone with Shale",Deciduous,5378,MultiPolygon
LS2014_001568,1,positive,bhuvan_2014,MN/TA/83H10/2014/57,,MN,Manipur,Tamenglong,24.7053,93.6763,2014,Rainfall,Active,Structural hills-Highly Dissected(SHH),Disang Group/Shale with Sandstone,Evergreen / Semi evergreen,1312,MultiPolygon
LS2014_001569,1,positive,bhuvan_2014,MN/TA/83G11/2014/17,,MN,Manipur,Tamenglong,25.2803,93.7349,2014,Rainfall,Active,Structural hills-Highly Dissected(SHH),"Laisong Formation,Barail Group/Sandstone with Shale",Cuirrent Shifting Cultivation,372,MultiPolygon
LS2014_001570,1,positive,bhuvan_2014,MN/TA/83G15/2014/19,,MN,Manipur,Tamenglong,25.2573,93.7531,2014,Rainfall,Active,Structural hills-Highly Dissected(SHH),"Laisong Formation,Barail Group/Sandstone with Shale",Deciduous,154,MultiPolygon
LS2014_001571,1,positive,bhuvan_2014,MN/TA/83G15/2014/20,,MN,Manipur,Tamenglong,25.2571,93.7533,2014,Rainfall,Active,Structural hills-Highly Dissected(SHH),"Laisong Formation,Barail Group/Sandstone with Shale",Deciduous,149,MultiPolygon
LS2014_001572,1,positive,bhuvan_2014,MN/TA/83G15/2014/24,,MN,Manipur,Tamenglong,25.253,93.7521,2014,Rainfall,Active,Structural hills-Highly Dissected(SHH),"Laisong Formation,Barail Group/Sandstone with Shale",Deciduous,131,MultiPolygon
LS2014_001573,1,positive,bhuvan_2014,MN/TA/83G11/2014/8,,MN,Manipur,Tamenglong,25.3664,93.7442,2014,Rainfall,Active,Structural hills-Less Dissected(SHL),Disang Group/Shale with Sandstone,Scrub Forest,650,MultiPolygon
LS2014_001574,1,positive,bhuvan_2014,MN/TA/83G11/2014/9,,MN,Manipur,Tamenglong,25.3622,93.7435,2014,Rainfall,Active,Structural hills-Less Dissected(SHL),Disang Group/Shale with Sandstone,Deciduous,436,MultiPolygon
LS2014_001575,1,positive,bhuvan_2014,MN/SE/83H13/2014/40,,MN,Manipur,Senapati,24.9718,93.8104,2014,Rainfall,Active,Structural hills-Highly Dissected(SHH),Disang Group/Shale with Sandstone,Evergreen / Semi evergreen,2862,MultiPolygon
LS2014_001576,1,positive,bhuvan_2014,MN/SE/83G16/2014/36,,MN,Manipur,Senapati,25.07,93.8944,2014,Rainfall,Active,Structural hills-Moderately Dissected(SHM),Disang Group/Shale with Sandstone,Evergreen / Semi evergreen,430,MultiPolygon
LS2014_001577,1,positive,bhuvan_2014,MN/TA/83G15/2014/15,,MN,Manipur,Tamenglong,25.2921,93.8263,2014,Rainfall,Active,Structural hills-Moderately Dissected(SHM),"Jenam Formation,Barail Group/Sandstone",Deciduous,141,MultiPolygon
LS2014_001578,1,positive,bhuvan_2014,MN/TA/83G15/2014/16,,MN,Manipur,Tamenglong,25.2915,93.8288,2014,Rainfall,Active,Structural hills-Moderately Dissected(SHM),"Jenam Formation,Barail Group/Sandstone",Deciduous,323,MultiPolygon
LS2014_001579,1,positive,bhuvan_2014,MN/TA/83G15/2014/5,,MN,Manipur,Tamenglong,25.3812,93.8343,2014,Rainfall,Active,Structural hills-Highly Dissected(SHH),"Jenam Formation,Barail Group/Sandstone",Deciduous,631,MultiPolygon
LS2014_001580,1,positive,bhuvan_2014,MN/TA/83G15/2014/6,,MN,Manipur,Tamenglong,25.3785,93.821,2014,Rainfall,Active,Structural hills-Highly Dissected(SHH),"Jenam Formation,Barail Group/Sandstone",Deciduous,495,MultiPolygon
LS2014_001581,1,positive,bhuvan_2014,MN/TA/83G15/2014/7,,MN,Manipur,Tamenglong,25.3759,93.834,2014,Rainfall,Active,Structural hills-Highly Dissected(SHH),"Jenam Formation,Barail Group/Sandstone",Deciduous,495,MultiPolygon
LS2014_001582,1,positive,bhuvan_2014,MN/TA/83G15/2014/10,,MN,Manipur,Tamenglong,25.3598,93.8133,2014,Rainfall,Active,Structural hills-Moderately Dissected(SHM),Disang Group/Shale with Sandstone,Deciduous,350,MultiPolygon
LS2014_001583,1,positive,bhuvan_2014,MN/SE/83G15/2014/20,,MN,Manipur,Senapati,25.3634,93.915,2014,Rainfall,Active,Structural hills-Moderately Dissected(SHM),Disang Group/Shale with Sandstone,Deciduous,448,MultiPolygon
LS2014_001584,1,positive,bhuvan_2014,MN/SE/83G16/2014/39,,MN,Manipur,Senapati,25.01,93.9809,2014,Rainfall,Active,Structural hills-Moderately Dissected(SHM),Disang Group/Shale with Sandstone,Evergreen / Semi evergreen,189,MultiPolygon
LS2014_001585,1,positive,bhuvan_2014,MN/SE/83G15/2014/22,,MN,Manipur,Senapati,25.2739,93.9905,2014,Rainfall,Active,Structural hills-Moderately Dissected(SHM),Disang Group/Shale with Sandstone,Scrub land,326,MultiPolygon
LS2014_001586,1,positive,bhuvan_2014,MN/SE/83G15/2014/23,,MN,Manipur,Senapati,25.2719,93.9867,2014,Rainfall,Active,Structural hills-Moderately Dissected(SHM),Disang Group/Shale with Sandstone,Deciduous,105,MultiPolygon
LS2014_001587,1,positive,bhuvan_2014,MN/SE/83G15/2014/5,,MN,Manipur,Senapati,25.4642,93.9873,2014,Rainfall,Active,Structural hills-Highly Dissected(SHH),"Laisong Formation,Barail Group/Sandstone with Shale",Deciduous,871,MultiPolygon
LS2014_001588,1,positive,bhuvan_2014,MN/SE/83K03/2014/4,,MN,Manipur,Senapati,25.466,94.0566,2014,Rainfall,Active,Structural hills-Moderately Dissected(SHM),"Laisong Formation,Barail Group/Sandstone with Shale",Deciduous,924,MultiPolygon
LS2014_001589,1,positive,bhuvan_2014,MN/CD/83L04/2014/17,,MN,Manipur,Chandel,24.0065,94.1545,2014,Rainfall,Active,Structural hills-Highly Dissected(SHH),Ophiolite/Ultramafic Rocks,Deciduous,1030,MultiPolygon
LS2014_001590,1,positive,bhuvan_2014,MN/CD/83L04/2014/18,,MN,Manipur,Chandel,24.0062,94.1537,2014,Rainfall,Active,Structural hills-Highly Dissected(SHH),Ophiolite/Ultramafic Rocks,Deciduous,861,MultiPolygon
LS2014_001591,1,positive,bhuvan_2014,MN/CD/83L04/2014/19,,MN,Manipur,Chandel,24.0054,94.1534,2014,Rainfall,Active,Structural hills-Highly Dissected(SHH),Ophiolite/Ultramafic Rocks,Deciduous,286,MultiPolygon
LS2014_001592,1,positive,bhuvan_2014,MN/SE/83K03/2014/19,,MN,Manipur,Senapati,25.3636,94.1301,2014,Rainfall,Active,Structural hills-Moderately Dissected(SHM),Disang Group/Shale with Sandstone,Scrub Forest,254,MultiPolygon
LS2014_001593,1,positive,bhuvan_2014,MN/SE/83K03/2014/3,,MN,Manipur,Senapati,25.4758,94.1381,2014,Rainfall,Active,Structural hills-Moderately Dissected(SHM),Disang Group/Shale with Sandstone,Scrub land,265,MultiPolygon
LS2014_001594,1,positive,bhuvan_2014,MN/CD/83L07/2014/9,,MN,Manipur,Chandel,24.4307,94.3085,2014,Rainfall,Active,Structural hills-Highly Dissected(SHH),Oceanic Pelagic Sediments/Shale with Limestone Bands,Deciduous,742,MultiPolygon
LS2014_001595,1,positive,bhuvan_2014,MN/UK/83L05/2014/48,,MN,Manipur,Ukhrul,24.8924,94.2976,2014,Rainfall,Active,Structural hills-Highly Dissected(SHH),Disang Group/Shale with Sandstone,Deciduous,744,MultiPolygon
LS2014_001596,1,positive,bhuvan_2014,MN/UK/83L06/2014/69,,MN,Manipur,Ukhrul,24.6151,94.4815,2014,Rainfall,Active,Structural hills-Highly Dissected(SHH),Oceanic Pelagic Sediments/Shale with Limestone Bands,Deciduous,892,MultiPolygon
LS2014_001597,1,positive,bhuvan_2014,MN/UK/83L06/2014/70,,MN,Manipur,Ukhrul,24.6029,94.4776,2014,Rainfall,Active,Structural hills-Highly Dissected(SHH),Oceanic Pelagic Sediments/Shale with Limestone Bands,Deciduous,1029,MultiPolygon
LS2014_001598,1,positive,bhuvan_2014,MN/UK/83L06/2014/71,,MN,Manipur,Ukhrul,24.5852,94.4825,2014,Rainfall,Active,Structural hills-Highly Dissected(SHH),Oceanic Pelagic Sediments/Shale with Limestone Bands,Deciduous,462,MultiPolygon
LS2014_001599,1,positive,bhuvan_2014,MN/UK/83L05/2014/59,,MN,Manipur,Ukhrul,24.7741,94.4845,2014,Rainfall,Active,Structural hills-Highly Dissected(SHH),Oceanic Pelagic Sediments/Shale with Limestone Bands,Deciduous,807,MultiPolygon
LS2014_001600,1,positive,bhuvan_2014,MN/UK/83L10/2014/65,,MN,Manipur,Ukhrul,24.6853,94.534,2014,Rainfall,Active,Structural hills-Highly Dissected(SHH),Oceanic Pelagic Sediments/Shale with Limestone Bands,Deciduous,848,MultiPolygon
LS2014_001601,1,positive,bhuvan_2014,MN/UK/83L10/2014/66,,MN,Manipur,Ukhrul,24.6736,94.5317,2014,Rainfall,Active,Structural hills-Highly Dissected(SHH),Oceanic Pelagic Sediments/Shale with Limestone Bands,Deciduous,463,MultiPolygon
LS2014_001602,1,positive,bhuvan_2014,MN/UK/83L09/2014/57,,MN,Manipur,Ukhrul,24.8067,94.538,2014,Rainfall,Active,Structural hills-Highly Dissected(SHH),Oceanic Pelagic Sediments/Shale with Limestone Bands,Scrub Forest,241,MultiPolygon
LS2014_001603,1,positive,bhuvan_2014,MN/UK/83L09/2014/58,,MN,Manipur,Ukhrul,24.7941,94.5487,2014,Rainfall,Active,Structural hills-Highly Dissected(SHH),Oceanic Pelagic Sediments/Shale with Limestone Bands,Deciduous,510,MultiPolygon
LS2014_001604,1,positive,bhuvan_2014,MN/UK/83L05/2014/38,,MN,Manipur,Ukhrul,24.9689,94.4832,2014,Rainfall,Active,Structural hills-Highly Dissected(SHH),Oceanic Pelagic Sediments/Shale with Limestone Bands,Deciduous,1438,MultiPolygon
LS2014_001605,1,positive,bhuvan_2014,MN/UK/83L09/2014/53,,MN,Manipur,Ukhrul,24.8843,94.5394,2014,Rainfall,Active,Structural hills-Highly Dissected(SHH),Oceanic Pelagic Sediments/Shale with Limestone Bands,Deciduous,1214,MultiPolygon
LS2014_001606,1,positive,bhuvan_2014,MN/UK/83L09/2014/55,,MN,Manipur,Ukhrul,24.8705,94.5407,2014,Rainfall,Active,Structural hills-Highly Dissected(SHH),Oceanic Pelagic Sediments/Shale with Limestone Bands,Deciduous,501,MultiPolygon
LS2014_001607,1,positive,bhuvan_2014,MN/UK/83L09/2014/56,,MN,Manipur,Ukhrul,24.8701,94.5402,2014,Rainfall,Active,Structural hills-Highly Dissected(SHH),Oceanic Pelagic Sediments/Shale with Limestone Bands,Deciduous,224,MultiPolygon
LS2014_001608,1,positive,bhuvan_2014,MN/UK/83K11/2014/11,,MN,Manipur,Ukhrul,25.2844,94.5494,2014,Rainfall,Active,Structural hills-Highly Dissected(SHH),Ophiolite/Plutonic rocks,Scrub land,7427,MultiPolygon
LS2014_001609,1,positive,bhuvan_2014,MN/UK/83K11/2014/5,,MN,Manipur,Ukhrul,25.3633,94.5369,2014,Rainfall,Active,Structural hills-Moderately Dissected(SHM),Disang Group/Shale with Sandstone,Scrub land,1431,MultiPolygon
LS2014_001610,1,positive,bhuvan_2014,MN/UK/83K11/2014/6,,MN,Manipur,Ukhrul,25.3567,94.5383,2014,Rainfall,Active,Structural hills-Moderately Dissected(SHM),Disang Group/Shale with Sandstone,Scrub land,402,MultiPolygon
LS2014_001611,1,positive,bhuvan_2014,MN/UK/83K11/2014/7,,MN,Manipur,Ukhrul,25.3515,94.5303,2014,Rainfall,Active,Structural hills-Moderately Dissected(SHM),Disang Group/Shale with Sandstone,Scrub land,1078,MultiPolygon
LS2014_001612,1,positive,bhuvan_2014,MN/UK/83K11/2014/3,,MN,Manipur,Ukhrul,25.4448,94.5505,2014,Rainfall,Active,Structural hills-Highly Dissected(SHH),Disang Group/Shale with sandstone,Scrub land,1257,MultiPolygon
LS2014_001613,1,positive,bhuvan_2014,MN/UK/83K12/2014/22,,MN,Manipur,Ukhrul,25.0632,94.6841,2014,Rainfall,Active,Structural hills-Highly Dissected(SHH),Metamorphic complex/Phyllite,Deciduous,206,MultiPolygon
LS2014_001614,1,positive,bhuvan_2014,MZ/LU/84A08/2014/10,,MZ,Mizoram,Lunglei,23.1598,92.4144,2014,Rainfall,Active,Less Dissected Structural Hill (SHL),Shale (Middle Bhuban Formation) Surma Group,Deciduous,273,MultiPolygon
LS2014_001615,1,positive,bhuvan_2014,MZ/LU/84A08/2014/11,,MZ,Mizoram,Lunglei,23.1573,92.4167,2014,Rainfall,Active,Less Dissected Structural Hill (SHL),Shale (Middle Bhuban Formation) Surma Group,Cuirrent Shifting Cultivation,462,MultiPolygon
LS2014_001616,1,positive,bhuvan_2014,MZ/MA/84A07/2014/117,,MZ,Mizoram,Mamit,23.4767,92.4058,2014,Rainfall,Active,Highly Dissected Structural Hill (SHH),Shale (Middle Bhuban Formation) Surma Group,Scrub Forest,748,MultiPolygon
LS2014_001617,1,positive,bhuvan_2014,MZ/MA/84A06/2014/66,,MZ,Mizoram,Mamit,23.672,92.4354,2014,Rainfall,Active,Moderately Dissected Structural Hill (SHM),Sandstone (Upper Bhuban Formation) Surma Group,Cuirrent Shifting Cultivation,2167,MultiPolygon
LS2014_001618,1,positive,bhuvan_2014,MZ/MA/84A05/2014/26,,MZ,Mizoram,Mamit,23.9199,92.4165,2014,Rainfall,Active,Inter-Montane Valley (IV),Shale (Boka Bil Formation) Surma Group,Deciduous,775,MultiPolygon
LS2014_001619,1,positive,bhuvan_2014,MZ/MA/84A05/2014/30,,MZ,Mizoram,Mamit,23.8984,92.4092,2014,Rainfall,Active,Less Dissected Structural Hill (SHL),Shale (Boka Bil Formation) Surma Group,Deciduous,650,MultiPolygon
LS2014_001620,1,positive,bhuvan_2014,MZ/LU/84B09/2014/226,,MZ,Mizoram,Lunglei,22.8211,92.5294,2014,Rainfall,Active,Highly Dissected Structural Hill (SHH),Shale (Middle Bhuban Formation) Surma Group,Deciduous,335,MultiPolygon
LS2014_001621,1,positive,bhuvan_2014,MZ/LU/84A08/2014/15,,MZ,Mizoram,Lunglei,23.1528,92.4859,2014,Rainfall,Active,Highly Dissected Structural Hill (SHH),Shale (Middle Bhuban Formation) Surma Group,Evergreen / Semi evergreen,1099,MultiPolygon
LS2014_001622,1,positive,bhuvan_2014,MZ/LU/84A08/2014/17,,MZ,Mizoram,Lunglei,23.1502,92.4791,2014,Rainfall,Active,Highly Dissected Structural Hill (SHH),Shale (Middle Bhuban Formation) Surma Group,Evergreen / Semi evergreen,224,MultiPolygon
LS2014_001623,1,positive,bhuvan_2014,MZ/LU/84A08/2014/19,,MZ,Mizoram,Lunglei,23.1464,92.4878,2014,Rainfall,Active,Highly Dissected Structural Hill (SHH),Shale (Middle Bhuban Formation) Surma Group,Scrub Forest,285,MultiPolygon
LS2014_001624,1,positive,bhuvan_2014,MZ/LU/84A08/2014/37,,MZ,Mizoram,Lunglei,23.1238,92.4942,2014,Rainfall,Active,Highly Dissected Structural Hill (SHH),Shale (Middle Bhuban Formation) Surma Group,Scrub Forest,1201,MultiPolygon
LS2014_001625,1,positive,bhuvan_2014,MZ/LU/84A12/2014/96,,MZ,Mizoram,Lunglei,23.0289,92.5499,2014,Rainfall,Active,Highly Dissected Structural Hill (SHH),Shale (Middle Bhuban Formation) Surma Group,Deciduous,1878,MultiPolygon
LS2014_001626,1,positive,bhuvan_2014,MZ/MA/84A07/2014/114,,MZ,Mizoram,Mamit,23.4851,92.4815,2014,Rainfall,Active,Highly Dissected Structural Hill (SHH),Shale (Middle Bhuban Formation) Surma Group,Deciduous,818,MultiPolygon
LS2014_001627,1,positive,bhuvan_2014,MZ/MA/84A07/2014/119,,MZ,Mizoram,Mamit,23.4447,92.4822,2014,Rainfall,Active,Highly Dissected Structural Hill (SHH),Shale (Middle Bhuban Formation) Surma Group,Scrub Forest,533,MultiPolygon
LS2014_001628,1,positive,bhuvan_2014,MZ/MA/84A06/2014/92,,MZ,Mizoram,Mamit,23.5766,92.4662,2014,Rainfall,Active,Highly Dissected Structural Hill (SHH),Shale (Middle Bhuban Formation) Surma Group,Evergreen / Semi evergreen,1325,MultiPolygon
LS2014_001629,1,positive,bhuvan_2014,MZ/MA/84A06/2014/97,,MZ,Mizoram,Mamit,23.5671,92.4932,2014,Rainfall,Active,Highly Dissected Structural Hill (SHH),Shale (Middle Bhuban Formation) Surma Group,Deciduous,518,MultiPolygon
LS2014_001630,1,positive,bhuvan_2014,MZ/MA/84A06/2014/98,,MZ,Mizoram,Mamit,23.5645,92.4688,2014,Rainfall,Active,Highly Dissected Structural Hill (SHH),Shale (Middle Bhuban Formation) Surma Group,Scrub Forest,288,MultiPolygon
LS2014_001631,1,positive,bhuvan_2014,MZ/MA/84A06/2014/99,,MZ,Mizoram,Mamit,23.5617,92.4692,2014,Rainfall,Active,Highly Dissected Structural Hill (SHH),Shale (Middle Bhuban Formation) Surma Group,Scrub Forest,404,MultiPolygon
LS2014_001632,1,positive,bhuvan_2014,MZ/MA/84A06/2014/100,,MZ,Mizoram,Mamit,23.5556,92.4708,2014,Rainfall,Active,Less Dissected Structural Hill (SHL),Shale (Middle Bhuban Formation) Surma Group,Deciduous,400,MultiPolygon
LS2014_001633,1,positive,bhuvan_2014,MZ/MA/84A10/2014/89,,MZ,Mizoram,Mamit,23.5881,92.5461,2014,Rainfall,Active,Highly Dissected Structural Hill (SHH),Shale (Middle Bhuban Formation) Surma Group,Scrub Forest,1359,MultiPolygon
LS2014_001634,1,positive,bhuvan_2014,MZ/MA/84A10/2014/95,,MZ,Mizoram,Mamit,23.5716,92.5259,2014,Rainfall,Active,Less Dissected Structural Hill (SHL),Shale (Boka Bil Formation) Surma Group,Deciduous,1200,MultiPolygon
LS2014_001635,1,positive,bhuvan_2014,MZ/MA/84A06/2014/63,,MZ,Mizoram,Mamit,23.7028,92.4708,2014,Rainfall,Active,Less Dissected Structural Hill (SHL),Shale (Middle Bhuban Formation) Surma Group,Scrub Forest,2086,MultiPolygon
LS2014_001636,1,positive,bhuvan_2014,MZ/MA/84A05/2014/42,,MZ,Mizoram,Mamit,23.8155,92.4734,2014,Rainfall,Active,Moderately Dissected Structural Hill (SHM),Sandstone (Upper Bhuban Formation) Surma Group,Deciduous,2465,MultiPolygon
LS2014_001637,1,positive,bhuvan_2014,MZ/MA/84A05/2014/49,,MZ,Mizoram,Mamit,23.7901,92.4707,2014,Rainfall,Active,Moderately Dissected Structural Hill (SHM),Sandstone (Upper Bhuban Formation) Surma Group,Deciduous,563,MultiPolygon
LS2014_001638,1,positive,bhuvan_2014,MZ/MA/84A10/2014/62,,MZ,Mizoram,Mamit,23.7121,92.5357,2014,Rainfall,Active,Inter-Montane Valley (IV),Sandstone (Upper Bhuban Formation) Surma Group,Deciduous,1375,MultiPolygon
LS2014_001639,1,positive,bhuvan_2014,MZ/MA/84A10/2014/70,,MZ,Mizoram,Mamit,23.6655,92.5265,2014,Rainfall,Active,Highly Dissected Structural Hill (SHH),Shale (Middle Bhuban Formation) Surma Group,Scrub Forest,5750,MultiPolygon
LS2014_001640,1,positive,bhuvan_2014,MZ/MA/84A05/2014/24,,MZ,Mizoram,Mamit,23.9265,92.4924,2014,Rainfall,Active,Moderately Dissected Structural Hill (SHM),Sandstone (Upper Bhuban Formation) Surma Group,Scrub Forest,325,MultiPolygon
LS2014_001641,1,positive,bhuvan_2014,MZ/MA/84A05/2014/25,,MZ,Mizoram,Mamit,23.9211,92.4918,2014,Rainfall,Active,Moderately Dissected Structural Hill (SHM),Sandstone (Upper Bhuban Formation) Surma Group,Urban,400,MultiPolygon
LS2014_001642,1,positive,bhuvan_2014,MZ/MA/84A05/2014/27,,MZ,Mizoram,Mamit,23.9193,92.4915,2014,Rainfall,Active,Moderately Dissected Structural Hill (SHM),Sandstone (Upper Bhuban Formation) Surma Group,Urban,250,MultiPolygon
LS2014_001643,1,positive,bhuvan_2014,MZ/MA/84A05/2014/32,,MZ,Mizoram,Mamit,23.8771,92.4879,2014,Rainfall,Active,Moderately Dissected Structural Hill (SHM),Sandstone (Upper Bhuban Formation) Surma Group,Cuirrent Shifting Cultivation,635,MultiPolygon
LS2014_001644,1,positive,bhuvan_2014,MZ/LA/84B12/2014/84,,MZ,Mizoram,Lawangtlai,22.1778,92.6664,2014,Rainfall,Active,Inter-Montane Valley (IV),Shale (Boka Bil Formation) Surma Group,Grass / Grazing,631,MultiPolygon
LS2014_001645,1,positive,bhuvan_2014,MZ/LA/84B12/2014/85,,MZ,Mizoram,Lawangtlai,22.1776,92.6694,2014,Rainfall,Active,Less Dissected Structural Hill (SHL),Shale (Middle Bhuban Formation) Surma Group,Scrub Forest,764,MultiPolygon
LS2014_001646,1,positive,bhuvan_2014,MZ/LA/84B12/2014/87,,MZ,Mizoram,Lawangtlai,22.1533,92.6472,2014,Rainfall,Active,Moderately Dissected Structural Hill (SHM),Shale (Boka Bil Formation) Surma Group,Evergreen / Semi evergreen,416,MultiPolygon
LS2014_001647,1,positive,bhuvan_2014,MZ/LA/84B12/2014/88,,MZ,Mizoram,Lawangtlai,22.1528,92.6465,2014,Rainfall,Active,Moderately Dissected Structural Hill (SHM),Shale (Boka Bil Formation) Surma Group,Evergreen / Semi evergreen,430,MultiPolygon
LS2014_001648,1,positive,bhuvan_2014,MZ/LA/84B11/2014/55,,MZ,Mizoram,Lawangtlai,22.3848,92.6662,2014,Rainfall,Active,Less Dissected Structural Hill (SHL),Shale (Middle Bhuban Formation) Surma Group,Deciduous,300,MultiPolygon
LS2014_001649,1,positive,bhuvan_2014,MZ/LA/84B10/2014/1,,MZ,Mizoram,Lawangtlai,22.6916,92.5859,2014,Rainfall,Active,Less Dissected Structural Hill (SHL),Shale (Middle Bhuban Formation) Surma Group,Cuirrent Shifting Cultivation,759,MultiPolygon
LS2014_001650,1,positive,bhuvan_2014,MZ/LU/84B10/2014/262,,MZ,Mizoram,Lunglei,22.7047,92.6415,2014,Rainfall,Active,Highly Dissected Structural Hill (SHH),Shale (Middle Bhuban Formation) Surma Group,Scrub Forest,623,MultiPolygon
LS2014_001651,1,positive,bhuvan_2014,MZ/LU/84B09/2014/148,,MZ,Mizoram,Lunglei,22.9543,92.6546,2014,Rainfall,Active,Moderately Dissected Structural Hill (SHM),Sandstone (Lower Bhuban Formation) Surma Group,Scrub Forest,245,MultiPolygon
LS2014_001652,1,positive,bhuvan_2014,MZ/LU/84B09/2014/149,,MZ,Mizoram,Lunglei,22.9539,92.658,2014,Rainfall,Active,Moderately Dissected Structural Hill (SHM),Sandstone (Lower Bhuban Formation) Surma Group,Deciduous,218,MultiPolygon
LS2014_001653,1,positive,bhuvan_2014,MZ/LU/84B09/2014/150,,MZ,Mizoram,Lunglei,22.9538,92.6609,2014,Rainfall,Active,Moderately Dissected Structural Hill (SHM),Sandstone (Lower Bhuban Formation) Surma Group,Deciduous,245,MultiPolygon
LS2014_001654,1,positive,bhuvan_2014,MZ/LU/84B09/2014/151,,MZ,Mizoram,Lunglei,22.9529,92.6596,2014,Rainfall,Active,Moderately Dissected Structural Hill (SHM),Sandstone (Lower Bhuban Formation) Surma Group,Deciduous,210,MultiPolygon
LS2014_001655,1,positive,bhuvan_2014,MZ/LU/84B09/2014/152,,MZ,Mizoram,Lunglei,22.9513,92.6437,2014,Rainfall,Active,Less Dissected Structural Hill (SHL),Sandstone (Lower Bhuban Formation) Surma Group,Deciduous,1005,MultiPolygon
LS2014_001656,1,positive,bhuvan_2014,MZ/LU/84B09/2014/153,,MZ,Mizoram,Lunglei,22.951,92.6634,2014,Rainfall,Active,Moderately Dissected Structural Hill (SHM),Sandstone (Lower Bhuban Formation) Surma Group,Deciduous,608,MultiPolygon
LS2014_001657,1,positive,bhuvan_2014,MZ/LU/84B09/2014/156,,MZ,Mizoram,Lunglei,22.95,92.6479,2014,Rainfall,Active,Moderately Dissected Structural Hill (SHM),Sandstone (Lower Bhuban Formation) Surma Group,Deciduous,439,MultiPolygon
LS2014_001658,1,positive,bhuvan_2014,MZ/LU/84A12/2014/23,,MZ,Mizoram,Lunglei,23.1409,92.599,2014,Rainfall,Active,Highly Dissected Structural Hill (SHH),Shale (Middle Bhuban Formation) Surma Group,Scrub Forest,230,MultiPolygon
LS2014_001659,1,positive,bhuvan_2014,MZ/LU/84A12/2014/39,,MZ,Mizoram,Lunglei,23.1192,92.6093,2014,Rainfall,Active,Moderately Dissected Structural Hill (SHM),Sandstone (Lower Bhuban Formation) Surma Group,Scrub Forest,686,MultiPolygon
LS2014_001660,1,positive,bhuvan_2014,MZ/LU/84A12/2014/95,,MZ,Mizoram,Lunglei,23.0309,92.6453,2014,Rainfall,Active,Moderately Dissected Structural Hill (SHM),Sandstone (Lower Bhuban Formation) Surma Group,Deciduous,472,MultiPolygon
LS2014_001661,1,positive,bhuvan_2014,MZ/LU/84A12/2014/101,,MZ,Mizoram,Lunglei,23.0113,92.6694,2014,Rainfall,Active,Highly Dissected Structural Hill (SHH),Shale (Middle Bhuban Formation) Surma Group,Deciduous,453,MultiPolygon
LS2014_001662,1,positive,bhuvan_2014,MZ/LU/84A12/2014/104,,MZ,Mizoram,Lunglei,23.0083,92.6441,2014,Rainfall,Active,Moderately Dissected Structural Hill (SHM),Sandstone (Lower Bhuban Formation) Surma Group,Scrub Forest,673,MultiPolygon
LS2014_001663,1,positive,bhuvan_2014,MZ/LU/84A12/2014/13,,MZ,Mizoram,Lunglei,23.1539,92.6515,2014,Rainfall,Active,Highly Dissected Structural Hill (SHH),Shale (Middle Bhuban Formation) Surma Group,Evergreen / Semi evergreen,313,MultiPolygon
LS2014_001664,1,positive,bhuvan_2014,MZ/LU/84A12/2014/14,,MZ,Mizoram,Lunglei,23.1539,92.6419,2014,Rainfall,Active,Highly Dissected Structural Hill (SHH),Shale (Middle Bhuban Formation) Surma Group,Deciduous,392,MultiPolygon
LS2014_001665,1,positive,bhuvan_2014,MZ/LU/84A12/2014/27,,MZ,Mizoram,Lunglei,23.1325,92.6575,2014,Rainfall,Active,Highly Dissected Structural Hill (SHH),Shale (Middle Bhuban Formation) Surma Group,Scrub Forest,546,MultiPolygon
LS2014_001666,1,positive,bhuvan_2014,MZ/LU/84A12/2014/31,,MZ,Mizoram,Lunglei,23.1297,92.6588,2014,Rainfall,Active,Highly Dissected Structural Hill (SHH),Shale (Middle Bhuban Formation) Surma Group,Scrub Forest,646,MultiPolygon
LS2014_001667,1,positive,bhuvan_2014,MZ/MA/84A11/2014/131,,MZ,Mizoram,Mamit,23.3877,92.5842,2014,Rainfall,Active,Highly Dissected Structural Hill (SHH),Shale (Middle Bhuban Formation) Surma Group,Deciduous,975,MultiPolygon
LS2014_001668,1,positive,bhuvan_2014,MZ/LU/84A11/2014/1,,MZ,Mizoram,Lunglei,23.3666,92.6097,2014,Rainfall,Active,Highly Dissected Structural Hill (SHH),Shale (Middle Bhuban Formation) Surma Group,Scrub Forest,1046,MultiPolygon
LS2014_001669,1,positive,bhuvan_2014,MZ/MA/84A11/2014/116,,MZ,Mizoram,Mamit,23.4795,92.5843,2014,Rainfall,Active,Highly Dissected Structural Hill (SHH),Shale (Middle Bhuban Formation) Surma Group,Evergreen / Semi evergreen,286,MultiPolygon
LS2014_001670,1,positive,bhuvan_2014,MZ/AI/84A11/2014/415,,MZ,Mizoram,Aizawl,23.4658,92.6675,2014,Rainfall,Active,Highly Dissected Structural Hill (SHH),Shale (Middle Bhuban Formation) Surma Group,Deciduous,2375,MultiPolygon
LS2014_001671,1,positive,bhuvan_2014,MZ/MA/84A10/2014/67,,MZ,Mizoram,Mamit,23.6703,92.5967,2014,Rainfall,Active,Highly Dissected Structural Hill (SHH),Sandstone (Upper Bhuban Formation) Surma Group,Scrub land,270,MultiPolygon
LS2014_001672,1,positive,bhuvan_2014,MZ/MA/84A10/2014/71,,MZ,Mizoram,Mamit,23.6625,92.5924,2014,Rainfall,Active,Highly Dissected Structural Hill (SHH),Shale (Middle Bhuban Formation) Surma Group,Scrub Forest,675,MultiPolygon
LS2014_001673,1,positive,bhuvan_2014,MZ/MA/84A09/2014/47,,MZ,Mizoram,Mamit,23.7901,92.5834,2014,Rainfall,Active,Highly Dissected Structural Hill (SHH),Shale (Middle Bhuban Formation) Surma Group,Forest Plantation,2625,MultiPolygon
LS2014_001674,1,positive,bhuvan_2014,MZ/MA/84A09/2014/48,,MZ,Mizoram,Mamit,23.7901,92.582,2014,Rainfall,Active,Highly Dissected Structural Hill (SHH),Shale (Middle Bhuban Formation) Surma Group,Forest Plantation,10201,MultiPolygon
LS2014_001675,1,positive,bhuvan_2014,MZ/MA/84A09/2014/50,,MZ,Mizoram,Mamit,23.7882,92.5796,2014,Rainfall,Active,Highly Dissected Structural Hill (SHH),Shale (Middle Bhuban Formation) Surma Group,Plantation,18752,MultiPolygon
LS2014_001676,1,positive,bhuvan_2014,MZ/MA/84A09/2014/52,,MZ,Mizoram,Mamit,23.7766,92.6033,2014,Rainfall,Active,Less Dissected Structural Hill (SHL),Sandstone (Upper Bhuban Formation) Surma Group,Scrub Forest,1889,MultiPolygon
LS2014_001677,1,positive,bhuvan_2014,MZ/MA/84A09/2014/53,,MZ,Mizoram,Mamit,23.7715,92.5948,2014,Rainfall,Active,Highly Dissected Structural Hill (SHH),Sandstone (Upper Bhuban Formation) Surma Group,Deciduous,1030,MultiPolygon
LS2014_001678,1,positive,bhuvan_2014,MZ/MA/84A09/2014/41,,MZ,Mizoram,Mamit,23.8195,92.6424,2014,Rainfall,Active,Highly Dissected Structural Hill (SHH),Sandstone (Upper Bhuban Formation) Surma Group,Deciduous,500,MultiPolygon
LS2014_001679,1,positive,bhuvan_2014,MZ/AI/84A09/2014/307,,MZ,Mizoram,Aizawl,23.7883,92.6452,2014,Rainfall,Active,Highly Dissected Structural Hill (SHH),Sandstone (Upper Bhuban Formation) Surma Group,Deciduous,2361,MultiPolygon
LS2014_001680,1,positive,bhuvan_2014,MZ/AI/84A09/2014/309,,MZ,Mizoram,Aizawl,23.7882,92.6431,2014,Rainfall,Active,Highly Dissected Structural Hill (SHH),Sandstone (Upper Bhuban Formation) Surma Group,Deciduous,4400,MultiPolygon
LS2014_001681,1,positive,bhuvan_2014,MZ/MA/84A09/2014/28,,MZ,Mizoram,Mamit,23.9114,92.5897,2014,Rainfall,Active,Highly Dissected Structural Hill (SHH),Shale (Middle Bhuban Formation) Surma Group,Deciduous,525,MultiPolygon
LS2014_001682,1,positive,bhuvan_2014,MZ/MA/83D12/2014/9,,MZ,Mizoram,Mamit,24.0015,92.5971,2014,Rainfall,Active,Less Dissected Structural Hill (SHL),Shale (Middle Bhuban Formation) Surma Group,Deciduous,425,MultiPolygon
LS2014_001683,1,positive,bhuvan_2014,MZ/KO/83D12/2014/91,,MZ,Mizoram,Kolasib,24.1278,92.5941,2014,Rainfall,Active,Inter-Montane Valley (IV),Shale (Boka Bil Formation) Surma Group,Evergreen / Semi evergreen,1404,MultiPolygon
LS2014_001684,1,positive,bhuvan_2014,MZ/KO/83D12/2014/94,,MZ,Mizoram,Kolasib,24.1261,92.592,2014,Rainfall,Active,Less Dissected Structural Hill (SHL),Shale (Boka Bil Formation) Surma Group,Evergreen / Semi evergreen,959,MultiPolygon
LS2014_001685,1,positive,bhuvan_2014,MZ/KO/83D12/2014/95,,MZ,Mizoram,Kolasib,24.1261,92.5915,2014,Rainfall,Active,Less Dissected Structural Hill (SHL),Shale (Boka Bil Formation) Surma Group,Evergreen / Semi evergreen,292,MultiPolygon
LS2014_001686,1,positive,bhuvan_2014,MZ/KO/83D12/2014/97,,MZ,Mizoram,Kolasib,24.1258,92.5897,2014,Rainfall,Active,Less Dissected Structural Hill (SHL),Shale (Boka Bil Formation) Surma Group,Evergreen / Semi evergreen,821,MultiPolygon
LS2014_001687,1,positive,bhuvan_2014,MZ/KO/83D12/2014/98,,MZ,Mizoram,Kolasib,24.1257,92.59,2014,Rainfall,Active,Less Dissected Structural Hill (SHL),Shale (Boka Bil Formation) Surma Group,Evergreen / Semi evergreen,608,MultiPolygon
LS2014_001688,1,positive,bhuvan_2014,MZ/KO/83D12/2014/101,,MZ,Mizoram,Kolasib,24.1241,92.5815,2014,Rainfall,Active,Inter-Montane Valley (IV),Shale (Boka Bil Formation) Surma Group,Evergreen / Semi evergreen,568,MultiPolygon
LS2014_001689,1,positive,bhuvan_2014,MZ/KO/83D12/2014/106,,MZ,Mizoram,Kolasib,24.1169,92.6047,2014,Rainfall,Active,Inter-Montane Valley (IV),Shale (Boka Bil Formation) Surma Group,Evergreen / Semi evergreen,339,MultiPolygon
LS2014_001690,1,positive,bhuvan_2014,MZ/KO/83D12/2014/30,,MZ,Mizoram,Kolasib,24.2459,92.5935,2014,Rainfall,Active,Moderately Dissected Structural Hill (SHM),Shale (Boka Bil Formation) Surma Group,Scrub Forest,650,MultiPolygon
LS2014_001691,1,positive,bhuvan_2014,MZ/KO/83D12/2014/31,,MZ,Mizoram,Kolasib,24.243,92.6081,2014,Rainfall,Active,Inter-Montane Valley (IV),Shale (Boka Bil Formation) Surma Group,Evergreen / Semi evergreen,285,MultiPolygon
LS2014_001692,1,positive,bhuvan_2014,MZ/KO/83D12/2014/86,,MZ,Mizoram,Kolasib,24.143,92.6626,2014,Rainfall,Active,Less Dissected Structural Hill (SHL),Shale (Boka Bil Formation) Surma Group,Deciduous,406,MultiPolygon
LS2014_001693,1,positive,bhuvan_2014,MZ/KO/83D12/2014/87,,MZ,Mizoram,Kolasib,24.1425,92.6625,2014,Rainfall,Active,Less Dissected Structural Hill (SHL),Shale (Boka Bil Formation) Surma Group,Deciduous,641,MultiPolygon
LS2014_001694,1,positive,bhuvan_2014,MZ/KO/83D12/2014/88,,MZ,Mizoram,Kolasib,24.1405,92.6617,2014,Rainfall,Active,Less Dissected Structural Hill (SHL),Shale (Boka Bil Formation) Surma Group,Deciduous,432,MultiPolygon
LS2014_001695,1,positive,bhuvan_2014,MZ/KO/83D12/2014/55,,MZ,Mizoram,Kolasib,24.223,92.6625,2014,Rainfall,Active,Moderately Dissected Structural Hill (SHM),Sandstone (Upper Bhuban Formation) Surma Group,Evergreen / Semi evergreen,918,MultiPolygon
LS2014_001696,1,positive,bhuvan_2014,MZ/KO/83D12/2014/56,,MZ,Mizoram,Kolasib,24.2226,92.6622,2014,Rainfall,Active,Moderately Dissected Structural Hill (SHM),Sandstone (Upper Bhuban Formation) Surma Group,Evergreen / Semi evergreen,429,MultiPolygon
LS2014_001697,1,positive,bhuvan_2014,MZ/KO/83D12/2014/58,,MZ,Mizoram,Kolasib,24.222,92.6625,2014,Rainfall,Active,Moderately Dissected Structural Hill (SHM),Sandstone (Upper Bhuban Formation) Surma Group,Evergreen / Semi evergreen,567,MultiPolygon
LS2014_001698,1,positive,bhuvan_2014,MZ/KO/83D12/2014/74,,MZ,Mizoram,Kolasib,24.208,92.6554,2014,Rainfall,Active,Moderately Dissected Structural Hill (SHM),Sandstone (Upper Bhuban Formation) Surma Group,Deciduous,679,MultiPolygon
LS2014_001699,1,positive,bhuvan_2014,MZ/LA/84B12/2014/83,,MZ,Mizoram,Lawangtlai,22.182,92.7029,2014,Rainfall,Active,Highly Dissected Structural Hill (SHH),Shale (Middle Bhuban Formation) Surma Group,Deciduous,616,MultiPolygon
LS2014_001700,1,positive,bhuvan_2014,MZ/LA/84B12/2014/86,,MZ,Mizoram,Lawangtlai,22.1625,92.7093,2014,Rainfall,Active,Less Dissected Structural Hill (SHL),Shale (Middle Bhuban Formation) Surma Group,Scrub Forest,1215,MultiPolygon
LS2014_001701,1,positive,bhuvan_2014,MZ/LA/84B15/2014/72,,MZ,Mizoram,Lawangtlai,22.2753,92.783,2014,Rainfall,Active,Highly Dissected Structural Hill (SHH),Shale (Middle Bhuban Formation) Surma Group,Scrub Forest,544,MultiPolygon
LS2014_001702,1,positive,bhuvan_2014,MZ/LA/84B15/2014/74,,MZ,Mizoram,Lawangtlai,22.2676,92.7724,2014,Rainfall,Active,Highly Dissected Structural Hill (SHH),Shale (Middle Bhuban Formation) Surma Group,Evergreen / Semi evergreen,801,MultiPolygon
LS2014_001703,1,positive,bhuvan_2014,MZ/LA/84B11/2014/48,,MZ,Mizoram,Lawangtlai,22.4161,92.7033,2014,Rainfall,Active,Highly Dissected Structural Hill (SHH),Shale (Middle Bhuban Formation) Surma Group,Scrub Forest,411,MultiPolygon
LS2014_001704,1,positive,bhuvan_2014,MZ/LA/84B11/2014/49,,MZ,Mizoram,Lawangtlai,22.4159,92.703,2014,Rainfall,Active,Highly Dissected Structural Hill (SHH),Shale (Middle Bhuban Formation) Surma Group,Scrub Forest,243,MultiPolygon
LS2014_001705,1,positive,bhuvan_2014,MZ/LA/84B11/2014/50,,MZ,Mizoram,Lawangtlai,22.4147,92.7008,2014,Rainfall,Active,Highly Dissected Structural Hill (SHH),Shale (Middle Bhuban Formation) Surma Group,Scrub Forest,560,MultiPolygon
LS2014_001706,1,positive,bhuvan_2014,MZ/LA/84B10/2014/27,,MZ,Mizoram,Lawangtlai,22.5229,92.721,2014,Rainfall,Active,Highly Dissected Structural Hill (SHH),Shale (Middle Bhuban Formation) Surma Group,Scrub Forest,742,MultiPolygon
LS2014_001707,1,positive,bhuvan_2014,MZ/LA/84B10/2014/34,,MZ,Mizoram,Lawangtlai,22.5024,92.7078,2014,Rainfall,Active,Less Dissected Structural Hill (SHL),Shale (Middle Bhuban Formation) Surma Group,Evergreen / Semi evergreen,276,MultiPolygon
LS2014_001708,1,positive,bhuvan_2014,MZ/LU/84B14/2014/284,,MZ,Mizoram,Lunglei,22.5185,92.7589,2014,Rainfall,Active,Highly Dissected Structural Hill (SHH),Shale (Middle Bhuban Formation) Surma Group,Evergreen / Semi evergreen,294,MultiPolygon
LS2014_001709,1,positive,bhuvan_2014,MZ/LU/84B14/2014/285,,MZ,Mizoram,Lunglei,22.5159,92.7637,2014,Rainfall,Active,Moderately Dissected Structural Hill (SHM),Sandstone (Upper Bhuban Formation) Surma Group,Evergreen / Semi evergreen,892,MultiPolygon
LS2014_001710,1,positive,bhuvan_2014,MZ/LU/84B14/2014/286,,MZ,Mizoram,Lunglei,22.5122,92.7629,2014,Rainfall,Active,Moderately Dissected Structural Hill (SHM),Sandstone (Upper Bhuban Formation) Surma Group,Deciduous,736,MultiPolygon
LS2014_001711,1,positive,bhuvan_2014,MZ/LU/84B10/2014/263,,MZ,Mizoram,Lunglei,22.6321,92.7147,2014,Rainfall,Active,Highly Dissected Structural Hill (SHH),Shale (Middle Bhuban Formation) Surma Group,Deciduous,431,MultiPolygon
LS2014_001712,1,positive,bhuvan_2014,MZ/LU/84B10/2014/264,,MZ,Mizoram,Lunglei,22.6311,92.7138,2014,Rainfall,Active,Less Dissected Structural Hill (SHL),Shale (Middle Bhuban Formation) Surma Group,Deciduous,752,MultiPolygon
LS2014_001713,1,positive,bhuvan_2014,MZ/LU/84B14/2014/268,,MZ,Mizoram,Lunglei,22.5953,92.7799,2014,Rainfall,Active,Less Dissected Structural Hill (SHL),Sandstone (Upper Bhuban Formation) Surma Group,Evergreen / Semi evergreen,395,MultiPolygon
LS2014_001714,1,positive,bhuvan_2014,MZ/LU/84B14/2014/269,,MZ,Mizoram,Lunglei,22.5949,92.7717,2014,Rainfall,Active,Less Dissected Structural Hill (SHL),Shale (Middle Bhuban Formation) Surma Group,Deciduous,413,MultiPolygon
LS2014_001715,1,positive,bhuvan_2014,MZ/LU/84B09/2014/212,,MZ,Mizoram,Lunglei,22.846,92.7042,2014,Rainfall,Active,Highly Dissected Structural Hill (SHH),Shale (Middle Bhuban Formation) Surma Group,Deciduous,1816,MultiPolygon
LS2014_001716,1,positive,bhuvan_2014,MZ/LU/84B09/2014/214,,MZ,Mizoram,Lunglei,22.839,92.7195,2014,Rainfall,Active,Moderately Dissected Structural Hill (SHM),Sandstone (Lower Bhuban Formation) Surma Group,Deciduous,739,MultiPolygon
LS2014_001717,1,positive,bhuvan_2014,MZ/LU/84B09/2014/215,,MZ,Mizoram,Lunglei,22.8388,92.7168,2014,Rainfall,Active,Moderately Dissected Structural Hill (SHM),Sandstone (Lower Bhuban Formation) Surma Group,Deciduous,462,MultiPolygon
LS2014_001718,1,positive,bhuvan_2014,MZ/LU/84B09/2014/218,,MZ,Mizoram,Lunglei,22.8372,92.7121,2014,Rainfall,Active,Moderately Dissected Structural Hill (SHM),Sandstone (Lower Bhuban Formation) Surma Group,Deciduous,826,MultiPolygon
LS2014_001719,1,positive,bhuvan_2014,MZ/LU/84B09/2014/220,,MZ,Mizoram,Lunglei,22.8287,92.7227,2014,Rainfall,Active,Moderately Dissected Structural Hill (SHM),Sandstone (Lower Bhuban Formation) Surma Group,Deciduous,1275,MultiPolygon
LS2014_001720,1,positive,bhuvan_2014,MZ/LU/84B09/2014/242,,MZ,Mizoram,Lunglei,22.8033,92.7102,2014,Rainfall,Active,Less Dissected Structural Hill (SHL),Shale (Middle Bhuban Formation) Surma Group,Deciduous,965,MultiPolygon
LS2014_001721,1,positive,bhuvan_2014,MZ/LU/84B09/2014/145,,MZ,Mizoram,Lunglei,22.958,92.7118,2014,Rainfall,Active,Highly Dissected Structural Hill (SHH),Shale (Middle Bhuban Formation) Surma Group,Scrub Forest,360,MultiPolygon
LS2014_001722,1,positive,bhuvan_2014,MZ/LU/84B09/2014/163,,MZ,Mizoram,Lunglei,22.9453,92.7123,2014,Rainfall,Active,Highly Dissected Structural Hill (SHH),Shale (Middle Bhuban Formation) Surma Group,Scrub Forest,560,MultiPolygon
LS2014_001723,1,positive,bhuvan_2014,MZ/LU/84B09/2014/164,,MZ,Mizoram,Lunglei,22.9446,92.715,2014,Rainfall,Active,Highly Dissected Structural Hill (SHH),Shale (Middle Bhuban Formation) Surma Group,Scrub Forest,639,MultiPolygon
LS2014_001724,1,positive,bhuvan_2014,MZ/LU/84B09/2014/165,,MZ,Mizoram,Lunglei,22.9443,92.7143,2014,Rainfall,Active,Highly Dissected Structural Hill (SHH),Shale (Middle Bhuban Formation) Surma Group,Scrub Forest,806,MultiPolygon
LS2014_001725,1,positive,bhuvan_2014,MZ/LU/84B09/2014/167,,MZ,Mizoram,Lunglei,22.9396,92.712,2014,Rainfall,Active,Highly Dissected Structural Hill (SHH),Shale (Middle Bhuban Formation) Surma Group,Scrub Forest,302,MultiPolygon
LS2014_001726,1,positive,bhuvan_2014,MZ/LU/84B09/2014/168,,MZ,Mizoram,Lunglei,22.939,92.7124,2014,Rainfall,Active,Highly Dissected Structural Hill (SHH),Shale (Middle Bhuban Formation) Surma Group,Scrub Forest,552,MultiPolygon
LS2014_001727,1,positive,bhuvan_2014,MZ/LU/84B09/2014/170,,MZ,Mizoram,Lunglei,22.9385,92.7137,2014,Rainfall,Active,Highly Dissected Structural Hill (SHH),Shale (Middle Bhuban Formation) Surma Group,Deciduous,451,MultiPolygon
LS2014_001728,1,positive,bhuvan_2014,MZ/LU/84B09/2014/171,,MZ,Mizoram,Lunglei,22.9348,92.7019,2014,Rainfall,Active,Less Dissected Structural Hill (SHL),Shale (Middle Bhuban Formation) Surma Group,Scrub Forest,501,MultiPolygon
LS2014_001729,1,positive,bhuvan_2014,MZ/LU/84B09/2014/179,,MZ,Mizoram,Lunglei,22.9259,92.708,2014,Rainfall,Active,Highly Dissected Structural Hill (SHH),Shale (Middle Bhuban Formation) Surma Group,Evergreen / Semi evergreen,315,MultiPolygon
LS2014_001730,1,positive,bhuvan_2014,MZ/LU/84B09/2014/184,,MZ,Mizoram,Lunglei,22.918,92.703,2014,Rainfall,Active,Highly Dissected Structural Hill (SHH),Shale (Middle Bhuban Formation) Surma Group,Scrub Forest,502,MultiPolygon
LS2014_001731,1,positive,bhuvan_2014,MZ/LU/84B09/2014/187,,MZ,Mizoram,Lunglei,22.9133,92.7067,2014,Rainfall,Active,Highly Dissected Structural Hill (SHH),Shale (Middle Bhuban Formation) Surma Group,Scrub Forest,1420,MultiPolygon
LS2014_001732,1,positive,bhuvan_2014,MZ/LU/84B09/2014/189,,MZ,Mizoram,Lunglei,22.9075,92.722,2014,Rainfall,Active,Highly Dissected Structural Hill (SHH),Shale (Middle Bhuban Formation) Surma Group,Evergreen / Semi evergreen,182,MultiPolygon
LS2014_001733,1,positive,bhuvan_2014,MZ/LU/84B09/2014/190,,MZ,Mizoram,Lunglei,22.9075,92.7057,2014,Rainfall,Active,Highly Dissected Structural Hill (SHH),Shale (Middle Bhuban Formation) Surma Group,Deciduous,384,MultiPolygon
LS2014_001734,1,positive,bhuvan_2014,MZ/LU/84B09/2014/191,,MZ,Mizoram,Lunglei,22.9067,92.7274,2014,Rainfall,Active,Highly Dissected Structural Hill (SHH),Shale (Middle Bhuban Formation) Surma Group,Cuirrent Shifting Cultivation,539,MultiPolygon
LS2014_001735,1,positive,bhuvan_2014,MZ/LU/84B09/2014/192,,MZ,Mizoram,Lunglei,22.9062,92.7219,2014,Rainfall,Active,Highly Dissected Structural Hill (SHH),Shale (Middle Bhuban Formation) Surma Group,Evergreen / Semi evergreen,345,MultiPolygon
LS2014_001736,1,positive,bhuvan_2014,MZ/LU/84B09/2014/194,,MZ,Mizoram,Lunglei,22.9023,92.7261,2014,Rainfall,Active,Highly Dissected Structural Hill (SHH),Shale (Middle Bhuban Formation) Surma Group,Cuirrent Shifting Cultivation,576,MultiPolygon
LS2014_001737,1,positive,bhuvan_2014,MZ/LU/84B13/2014/213,,MZ,Mizoram,Lunglei,22.8453,92.7718,2014,Rainfall,Active,Highly Dissected Structural Hill (SHH),Shale (Middle Bhuban Formation) Surma Group,Scrub Forest,517,MultiPolygon
LS2014_001738,1,positive,bhuvan_2014,MZ/LU/84B13/2014/221,,MZ,Mizoram,Lunglei,22.8285,92.7827,2014,Rainfall,Active,Highly Dissected Structural Hill (SHH),Shale (Middle Bhuban Formation) Surma Group,Deciduous,185,MultiPolygon
LS2014_001739,1,positive,bhuvan_2014,MZ/LU/84B13/2014/222,,MZ,Mizoram,Lunglei,22.8283,92.7767,2014,Rainfall,Active,Highly Dissected Structural Hill (SHH),Shale (Middle Bhuban Formation) Surma Group,Evergreen / Semi evergreen,1109,MultiPolygon
LS2014_001740,1,positive,bhuvan_2014,MZ/LU/84B13/2014/224,,MZ,Mizoram,Lunglei,22.8215,92.7806,2014,Rainfall,Active,Highly Dissected Structural Hill (SHH),Shale (Middle Bhuban Formation) Surma Group,Deciduous,330,MultiPolygon
LS2014_001741,1,positive,bhuvan_2014,MZ/LU/84B13/2014/225,,MZ,Mizoram,Lunglei,22.8214,92.7801,2014,Rainfall,Active,Highly Dissected Structural Hill (SHH),Shale (Middle Bhuban Formation) Surma Group,Deciduous,608,MultiPolygon
LS2014_001742,1,positive,bhuvan_2014,MZ/LU/84B13/2014/227,,MZ,Mizoram,Lunglei,22.8203,92.7797,2014,Rainfall,Active,Highly Dissected Structural Hill (SHH),Shale (Middle Bhuban Formation) Surma Group,Deciduous,741,MultiPolygon
LS2014_001743,1,positive,bhuvan_2014,MZ/LU/84B13/2014/228,,MZ,Mizoram,Lunglei,22.82,92.7838,2014,Rainfall,Active,Highly Dissected Structural Hill (SHH),Shale (Middle Bhuban Formation) Surma Group,Deciduous,344,MultiPolygon
LS2014_001744,1,positive,bhuvan_2014,MZ/LU/84B13/2014/229,,MZ,Mizoram,Lunglei,22.8199,92.7821,2014,Rainfall,Active,Highly Dissected Structural Hill (SHH),Shale (Middle Bhuban Formation) Surma Group,Deciduous,309,MultiPolygon
LS2014_001745,1,positive,bhuvan_2014,MZ/LU/84B13/2014/230,,MZ,Mizoram,Lunglei,22.8192,92.7846,2014,Rainfall,Active,Highly Dissected Structural Hill (SHH),Shale (Middle Bhuban Formation) Surma Group,Deciduous,485,MultiPolygon
LS2014_001746,1,positive,bhuvan_2014,MZ/LU/84B13/2014/231,,MZ,Mizoram,Lunglei,22.8185,92.7867,2014,Rainfall,Active,Highly Dissected Structural Hill (SHH),Shale (Middle Bhuban Formation) Surma Group,Deciduous,975,MultiPolygon
LS2014_001747,1,positive,bhuvan_2014,MZ/LU/84B13/2014/232,,MZ,Mizoram,Lunglei,22.8183,92.7855,2014,Rainfall,Active,Less Dissected Structural Hill (SHL),Shale (Middle Bhuban Formation) Surma Group,Deciduous,1486,MultiPolygon
LS2014_001748,1,positive,bhuvan_2014,MZ/LU/84B13/2014/236,,MZ,Mizoram,Lunglei,22.8152,92.7857,2014,Rainfall,Active,Less Dissected Structural Hill (SHL),Shale (Middle Bhuban Formation) Surma Group,Deciduous,2856,MultiPolygon
LS2014_001749,1,positive,bhuvan_2014,MZ/LU/84B13/2014/241,,MZ,Mizoram,Lunglei,22.8051,92.7602,2014,Rainfall,Active,Less Dissected Structural Hill (SHL),Shale (Middle Bhuban Formation) Surma Group,Evergreen / Semi evergreen,738,MultiPolygon
LS2014_001750,1,positive,bhuvan_2014,MZ/LU/84B13/2014/243,,MZ,Mizoram,Lunglei,22.803,92.7636,2014,Rainfall,Active,Highly Dissected Structural Hill (SHH),Shale (Middle Bhuban Formation) Surma Group,Scrub Forest,630,MultiPolygon
LS2014_001751,1,positive,bhuvan_2014,MZ/LU/84B13/2014/246,,MZ,Mizoram,Lunglei,22.7972,92.7834,2014,Rainfall,Active,Highly Dissected Structural Hill (SHH),Shale (Middle Bhuban Formation) Surma Group,Deciduous,535,MultiPolygon
LS2014_001752,1,positive,bhuvan_2014,MZ/LU/84B13/2014/182,,MZ,Mizoram,Lunglei,22.9242,92.7799,2014,Rainfall,Active,Less Dissected Structural Hill (SHL),Sandstone (Upper Bhuban Formation) Surma Group,Deciduous,664,MultiPolygon
LS2014_001753,1,positive,bhuvan_2014,MZ/LU/84B13/2014/188,,MZ,Mizoram,Lunglei,22.9084,92.7679,2014,Rainfall,Active,Moderately Dissected Structural Hill (SHM),Sandstone (Upper Bhuban Formation) Surma Group,Scrub Forest,820,MultiPolygon
LS2014_001754,1,positive,bhuvan_2014,MZ/LU/84A12/2014/86,,MZ,Mizoram,Lunglei,23.059,92.7017,2014,Rainfall,Active,Highly Dissected Structural Hill (SHH),Shale (Middle Bhuban Formation) Surma Group,Evergreen / Semi evergreen,1052,MultiPolygon
LS2014_001755,1,positive,bhuvan_2014,MZ/LU/84A12/2014/94,,MZ,Mizoram,Lunglei,23.0354,92.7106,2014,Rainfall,Active,Highly Dissected Structural Hill (SHH),Shale (Middle Bhuban Formation) Surma Group,Deciduous,908,MultiPolygon
LS2014_001756,1,positive,bhuvan_2014,MZ/LU/84A12/2014/8,,MZ,Mizoram,Lunglei,23.175,92.7134,2014,Rainfall,Active,Moderately Dissected Structural Hill (SHM),Sandstone (Lower Bhuban Formation) Surma Group,Deciduous,495,MultiPolygon
LS2014_001757,1,positive,bhuvan_2014,MZ/LU/84A12/2014/26,,MZ,Mizoram,Lunglei,23.136,92.7093,2014,Rainfall,Active,Highly Dissected Structural Hill (SHH),Shale (Middle Bhuban Formation) Surma Group,Deciduous,427,MultiPolygon
LS2014_001758,1,positive,bhuvan_2014,MZ/LU/84A12/2014/28,,MZ,Mizoram,Lunglei,23.1319,92.7164,2014,Rainfall,Active,Highly Dissected Structural Hill (SHH),Shale (Middle Bhuban Formation) Surma Group,Deciduous,580,MultiPolygon
LS2014_001759,1,positive,bhuvan_2014,MZ/LU/84A12/2014/29,,MZ,Mizoram,Lunglei,23.1313,92.7156,2014,Rainfall,Active,Highly Dissected Structural Hill (SHH),Shale (Middle Bhuban Formation) Surma Group,Deciduous,462,MultiPolygon
LS2014_001760,1,positive,bhuvan_2014,MZ/LU/84A12/2014/30,,MZ,Mizoram,Lunglei,23.1313,92.7137,2014,Rainfall,Active,Highly Dissected Structural Hill (SHH),Shale (Middle Bhuban Formation) Surma Group,Deciduous,467,MultiPolygon
LS2014_001761,1,positive,bhuvan_2014,MZ/LU/84A12/2014/33,,MZ,Mizoram,Lunglei,23.1264,92.7118,2014,Rainfall,Active,Highly Dissected Structural Hill (SHH),Shale (Middle Bhuban Formation) Surma Group,Evergreen / Semi evergreen,440,MultiPolygon
LS2014_001762,1,positive,bhuvan_2014,MZ/LU/84A12/2014/36,,MZ,Mizoram,Lunglei,23.1238,92.7014,2014,Rainfall,Active,Less Dissected Structural Hill (SHL),Shale (Middle Bhuban Formation) Surma Group,Deciduous,906,MultiPolygon
LS2014_001763,1,positive,bhuvan_2014,MZ/LU/84A12/2014/40,,MZ,Mizoram,Lunglei,23.1176,92.7141,2014,Rainfall,Active,Less Dissected Structural Hill (SHL),Sandstone (Upper Bhuban Formation) Surma Group,Deciduous,447,MultiPolygon
LS2014_001764,1,positive,bhuvan_2014,MZ/LU/84A16/2014/20,,MZ,Mizoram,Lunglei,23.1446,92.7591,2014,Rainfall,Active,Less Dissected Structural Hill (SHL),Shale (Middle Bhuban Formation) Surma Group,Deciduous,703,MultiPolygon
LS2014_001765,1,positive,bhuvan_2014,MZ/AI/84A11/2014/424,,MZ,Mizoram,Aizawl,23.3652,92.6974,2014,Rainfall,Active,Less Dissected Structural Hill (SHL),Sandstone (Lower Bhuban Formation) Surma Group,Scrub Forest,387,MultiPolygon
LS2014_001766,1,positive,bhuvan_2014,MZ/AI/84A11/2014/425,,MZ,Mizoram,Aizawl,23.3565,92.7099,2014,Rainfall,Active,Moderately Dissected Structural Hill (SHM),Sandstone (Lower Bhuban Formation) Surma Group,Deciduous,1606,MultiPolygon
LS2014_001767,1,positive,bhuvan_2014,MZ/AI/84A15/2014/427,,MZ,Mizoram,Aizawl,23.3518,92.7575,2014,Rainfall,Active,Inter-Montane Valley (IV),Shale (Middle Bhuban Formation) Surma Group,Deciduous,502,MultiPolygon
LS2014_001768,1,positive,bhuvan_2014,MZ/AI/84A10/2014/403,,MZ,Mizoram,Aizawl,23.5762,92.714,2014,Rainfall,Active,Highly Dissected Structural Hill (SHH),Shale (Middle Bhuban Formation) Surma Group,Scrub Forest,225,MultiPolygon
LS2014_001769,1,positive,bhuvan_2014,MZ/AI/84A14/2014/401,,MZ,Mizoram,Aizawl,23.5859,92.7763,2014,Rainfall,Active,Moderately Dissected Structural Hill (SHM),Shale (Boka Bil Formation) Surma Group,Deciduous,1086,MultiPolygon
LS2014_001770,1,positive,bhuvan_2014,MZ/AI/84A09/2014/319,,MZ,Mizoram,Aizawl,23.7689,92.7032,2014,Rainfall,Active,Highly Dissected Structural Hill (SHH),Shale (Middle Bhuban Formation) Surma Group,Scrub Forest,596,MultiPolygon
LS2014_001771,1,positive,bhuvan_2014,MZ/AI/84A14/2014/362,,MZ,Mizoram,Aizawl,23.6982,92.7637,2014,Rainfall,Active,Moderately Dissected Structural Hill (SHM),Sandstone (Upper Bhuban Formation) Surma Group,Evergreen / Semi evergreen,1100,MultiPolygon
LS2014_001772,1,positive,bhuvan_2014,MZ/AI/84A14/2014/367,,MZ,Mizoram,Aizawl,23.6822,92.7847,2014,Rainfall,Active,Less Dissected Structural Hill (SHL),Shale (Boka Bil Formation) Surma Group,Deciduous,1176,MultiPolygon
LS2014_001773,1,positive,bhuvan_2014,MZ/AI/84A13/2014/272,,MZ,Mizoram,Aizawl,23.8148,92.7647,2014,Rainfall,Active,Moderately Dissected Structural Hill (SHM),Sandstone (Upper Bhuban Formation) Surma Group,Plantation,1350,MultiPolygon
LS2014_001774,1,positive,bhuvan_2014,MZ/AI/84A13/2014/278,,MZ,Mizoram,Aizawl,23.8084,92.7785,2014,Rainfall,Active,Moderately Dissected Structural Hill (SHM),Sandstone (Upper Bhuban Formation) Surma Group,Scrub Forest,664,MultiPolygon
LS2014_001775,1,positive,bhuvan_2014,MZ/AI/84A13/2014/279,,MZ,Mizoram,Aizawl,23.8075,92.7745,2014,Rainfall,Active,Moderately Dissected Structural Hill (SHM),Sandstone (Upper Bhuban Formation) Surma Group,Scrub Forest,449,MultiPolygon
LS2014_001776,1,positive,bhuvan_2014,MZ/AI/84A13/2014/280,,MZ,Mizoram,Aizawl,23.8071,92.7745,2014,Rainfall,Active,Moderately Dissected Structural Hill (SHM),Sandstone (Upper Bhuban Formation) Surma Group,Scrub Forest,253,MultiPolygon
LS2014_001777,1,positive,bhuvan_2014,MZ/AI/84A13/2014/289,,MZ,Mizoram,Aizawl,23.7995,92.7614,2014,Rainfall,Active,Moderately Dissected Structural Hill (SHM),Sandstone (Upper Bhuban Formation) Surma Group,Deciduous,308,MultiPolygon
LS2014_001778,1,positive,bhuvan_2014,MZ/AI/84A13/2014/293,,MZ,Mizoram,Aizawl,23.7974,92.7564,2014,Rainfall,Active,Moderately Dissected Structural Hill (SHM),Sandstone (Upper Bhuban Formation) Surma Group,Deciduous,563,MultiPolygon
LS2014_001779,1,positive,bhuvan_2014,MZ/AI/84A13/2014/300,,MZ,Mizoram,Aizawl,23.7934,92.7565,2014,Rainfall,Active,Moderately Dissected Structural Hill (SHM),Sandstone (Upper Bhuban Formation) Surma Group,Plantation,1079,MultiPolygon
LS2014_001780,1,positive,bhuvan_2014,MZ/AI/84A13/2014/304,,MZ,Mizoram,Aizawl,23.7895,92.7677,2014,Rainfall,Active,Moderately Dissected Structural Hill (SHM),Sandstone (Upper Bhuban Formation) Surma Group,Scrub Forest,703,MultiPolygon
LS2014_001781,1,positive,bhuvan_2014,MZ/AI/84A13/2014/305,,MZ,Mizoram,Aizawl,23.7888,92.7683,2014,Rainfall,Active,Moderately Dissected Structural Hill (SHM),Sandstone (Upper Bhuban Formation) Surma Group,Scrub Forest,335,MultiPolygon
LS2014_001782,1,positive,bhuvan_2014,MZ/AI/84A13/2014/317,,MZ,Mizoram,Aizawl,23.7767,92.7794,2014,Rainfall,Active,Moderately Dissected Structural Hill (SHM),Sandstone (Upper Bhuban Formation) Surma Group,Deciduous,517,MultiPolygon
LS2014_001783,1,positive,bhuvan_2014,MZ/AI/84A09/2014/231,,MZ,Mizoram,Aizawl,23.8761,92.7105,2014,Rainfall,Active,Moderately Dissected Structural Hill (SHM),Shale (Middle bhuban Formation) Surma Group,Scrub Forest,1594,MultiPolygon
LS2014_001784,1,positive,bhuvan_2014,MZ/AI/84A13/2014/214,,MZ,Mizoram,Aizawl,23.9345,92.7581,2014,Rainfall,Active,Moderately Dissected Structural Hill (SHM),Sandstone (Upper Bhuban Formation) Surma Group,Rural,150,MultiPolygon
LS2014_001785,1,positive,bhuvan_2014,MZ/AI/84A13/2014/228,,MZ,Mizoram,Aizawl,23.8805,92.7689,2014,Rainfall,Active,Moderately Dissected Structural Hill (SHM),Sandstone (Upper Bhuban Formation) Surma Group,Deciduous,1025,MultiPolygon
LS2014_001786,1,positive,bhuvan_2014,MZ/AI/84A13/2014/232,,MZ,Mizoram,Aizawl,23.8759,92.7599,2014,Rainfall,Active,Less Dissected Structural Hill (SHL),Sandstone (Upper Bhuban Formation) Surma Group,Deciduous,262,MultiPolygon
LS2014_001787,1,positive,bhuvan_2014,MZ/KO/83D16/2014/128,,MZ,Mizoram,Kolasib,24.0403,92.7743,2014,Rainfall,Active,Highly Dissected Structural Hill (SHH),Shale (Middle Bhuban Formation) Surma Group,Deciduous,1366,MultiPolygon
LS2014_001788,1,positive,bhuvan_2014,MZ/KO/83D16/2014/130,,MZ,Mizoram,Kolasib,24.0247,92.7582,2014,Rainfall,Active,Moderately Dissected Structural Hill (SHM),Sandstone (Upper Bhuban Formation) Surma Group,Scrub Forest,2473,MultiPolygon
LS2014_001789,1,positive,bhuvan_2014,MZ/KO/83D12/2014/89,,MZ,Mizoram,Kolasib,24.1396,92.713,2014,Rainfall,Active,Moderately Dissected Structural Hill (SHM),Sandstone (Upper Bhuban Formation) Surma Group,Deciduous,832,MultiPolygon
LS2014_001790,1,positive,bhuvan_2014,MZ/KO/83D12/2014/90,,MZ,Mizoram,Kolasib,24.1391,92.713,2014,Rainfall,Active,Moderately Dissected Structural Hill (SHM),Sandstone (Upper Bhuban Formation) Surma Group,Deciduous,640,MultiPolygon
LS2014_001791,1,positive,bhuvan_2014,MZ/KO/83D12/2014/109,,MZ,Mizoram,Kolasib,24.1034,92.7164,2014,Rainfall,Active,Moderately Dissected Structural Hill (SHM),Sandstone (Upper Bhuban Formation) Surma Group,Evergreen / Semi evergreen,977,MultiPolygon
LS2014_001792,1,positive,bhuvan_2014,MZ/KO/83D12/2014/47,,MZ,Mizoram,Kolasib,24.228,92.707,2014,Rainfall,Active,Less Dissected Structural Hill (SHL),Sandstone (Upper Bhuban Formation) Surma Group,Deciduous,639,MultiPolygon
LS2014_001793,1,positive,bhuvan_2014,MZ/KO/83D16/2014/72,,MZ,Mizoram,Kolasib,24.2104,92.7739,2014,Rainfall,Active,Highly Dissected Structural Hill (SHH),Shale (Middle Bhuban Formation) Surma Group,Deciduous,873,MultiPolygon
LS2014_001794,1,positive,bhuvan_2014,MZ/KO/83D16/2014/73,,MZ,Mizoram,Kolasib,24.2087,92.7699,2014,Rainfall,Active,Less Dissected Structural Hill (SHL),Sandstone (Upper Bhuban Formation) Surma Group,Deciduous,260,MultiPolygon
LS2014_001795,1,positive,bhuvan_2014,MZ/KO/83D11/2014/10,,MZ,Mizoram,Kolasib,24.3374,92.7259,2014,Rainfall,Active,Moderately Dissected Structural Hill (SHM),Sandstone (Upper Bhuban Formation) Surma Group,Evergreen / Semi evergreen,1748,MultiPolygon
LS2014_001796,1,positive,bhuvan_2014,MZ/KO/83D11/2014/12,,MZ,Mizoram,Kolasib,24.3088,92.7137,2014,Rainfall,Active,Moderately Dissected Structural Hill (SHM),Sandstone (Upper Bhuban Formation) Surma Group,Deciduous,1446,MultiPolygon
LS2014_001797,1,positive,bhuvan_2014,MZ/LA/84B15/2014/75,,MZ,Mizoram,Lawangtlai,22.2566,92.8267,2014,Rainfall,Active,Highly Dissected Structural Hill (SHH),Shale (Middle Bhuban Formation) Surma Group,Deciduous,980,MultiPolygon
LS2014_001798,1,positive,bhuvan_2014,MZ/SA/84B16/2014/64,,MZ,Mizoram,Saiha,22.155,92.8845,2014,Rainfall,Active,Less Dissected Structural Hill (SHL),Shale (Barail Group),Deciduous,854,MultiPolygon
LS2014_001799,1,positive,bhuvan_2014,MZ/LA/84B14/2014/32,,MZ,Mizoram,Lawangtlai,22.5163,92.8409,2014,Rainfall,Active,Highly Dissected Structural Hill (SHH),Shale (Middle Bhuban Formation) Surma Group,Deciduous,1337,MultiPolygon
LS2014_001800,1,positive,bhuvan_2014,MZ/LU/84B14/2014/266,,MZ,Mizoram,Lunglei,22.6147,92.8814,2014,Rainfall,Active,Less Dissected Structural Hill (SHL),Sandstone (Upper Bhuban Formation) Surma Group,Deciduous,192,MultiPolygon
LS2014_001801,1,positive,bhuvan_2014,MZ/LU/84B14/2014/259,,MZ,Mizoram,Lunglei,22.7194,92.8825,2014,Rainfall,Active,Moderately Dissected Structural Hill (SHM),Sandstone (Upper Bhuban Formation) Surma Group,Evergreen / Semi evergreen,654,MultiPolygon
LS2014_001802,1,positive,bhuvan_2014,MZ/LU/84B13/2014/216,,MZ,Mizoram,Lunglei,22.8387,92.8251,2014,Rainfall,Active,Highly Dissected Structural Hill (SHH),Shale (Middle Bhuban Formation) Surma Group,Scrub Forest,524,MultiPolygon
LS2014_001803,1,positive,bhuvan_2014,MZ/LU/84B13/2014/237,,MZ,Mizoram,Lunglei,22.8111,92.8334,2014,Rainfall,Active,Highly Dissected Structural Hill (SHH),Shale (Middle Bhuban Formation) Surma Group,Evergreen / Semi evergreen,927,MultiPolygon
LS2014_001804,1,positive,bhuvan_2014,MZ/LU/84B13/2014/245,,MZ,Mizoram,Lunglei,22.7984,92.8314,2014,Rainfall,Active,Highly Dissected Structural Hill (SHH),Shale (Middle Bhuban Formation) Surma Group,Evergreen / Semi evergreen,406,MultiPolygon
LS2014_001805,1,positive,bhuvan_2014,MZ/LU/84B13/2014/248,,MZ,Mizoram,Lunglei,22.794,92.8221,2014,Rainfall,Active,Highly Dissected Structural Hill (SHH),Shale (Middle Bhuban Formation) Surma Group,Scrub Forest,1027,MultiPolygon
LS2014_001806,1,positive,bhuvan_2014,MZ/LU/84B13/2014/154,,MZ,Mizoram,Lunglei,22.9506,92.8338,2014,Rainfall,Active,Less Dissected Structural Hill (SHL),Shale (Middle Bhuban Formation) Surma Group,Evergreen / Semi evergreen,920,MultiPolygon
LS2014_001807,1,positive,bhuvan_2014,MZ/LU/84B13/2014/155,,MZ,Mizoram,Lunglei,22.9505,92.8339,2014,Rainfall,Active,Less Dissected Structural Hill (SHL),Shale (Middle Bhuban Formation) Surma Group,Evergreen / Semi evergreen,705,MultiPolygon
LS2014_001808,1,positive,bhuvan_2014,MZ/LU/84B13/2014/158,,MZ,Mizoram,Lunglei,22.9475,92.8424,2014,Rainfall,Active,Highly Dissected Structural Hill (SHH),Shale (Middle Bhuban Formation) Surma Group,Deciduous,155,MultiPolygon
LS2014_001809,1,positive,bhuvan_2014,MZ/LU/84B13/2014/173,,MZ,Mizoram,Lunglei,22.9309,92.843,2014,Rainfall,Active,Less Dissected Structural Hill (SHL),Shale (Middle Bhuban Formation) Surma Group,Deciduous,620,MultiPolygon
LS2014_001810,1,positive,bhuvan_2014,MZ/LU/84B13/2014/174,,MZ,Mizoram,Lunglei,22.9308,92.8431,2014,Rainfall,Active,Less Dissected Structural Hill (SHL),Shale (Middle Bhuban Formation) Surma Group,Deciduous,551,MultiPolygon
LS2014_001811,1,positive,bhuvan_2014,MZ/LU/84B13/2014/175,,MZ,Mizoram,Lunglei,22.9308,92.8411,2014,Rainfall,Active,Highly Dissected Structural Hill (SHH),Shale (Middle Bhuban Formation) Surma Group,Deciduous,1289,MultiPolygon
LS2014_001812,1,positive,bhuvan_2014,MZ/LU/84B13/2014/176,,MZ,Mizoram,Lunglei,22.9306,92.8412,2014,Rainfall,Active,Less Dissected Structural Hill (SHL),Shale (Middle Bhuban Formation) Surma Group,Deciduous,922,MultiPolygon
LS2014_001813,1,positive,bhuvan_2014,MZ/LU/84B13/2014/185,,MZ,Mizoram,Lunglei,22.9166,92.8954,2014,Rainfall,Active,Highly Dissected Structural Hill (SHH),Shale (Middle Bhuban Formation) Surma Group,Deciduous,736,MultiPolygon
LS2014_001814,1,positive,bhuvan_2014,MZ/LU/84A16/2014/102,,MZ,Mizoram,Lunglei,23.0105,92.8179,2014,Rainfall,Active,Less Dissected Structural Hill (SHL),Shale (Middle Bhuban Formation) Surma Group,Scrub Forest,477,MultiPolygon
LS2014_001815,1,positive,bhuvan_2014,MZ/AI/84A15/2014/416,,MZ,Mizoram,Aizawl,23.4609,92.8152,2014,Rainfall,Active,Moderately Dissected Structural Hill (SHM),Sandstone (Upper Bhuban Formation) Surma Group,Scrub Forest,571,MultiPolygon
LS2014_001816,1,positive,bhuvan_2014,MZ/AI/84A14/2014/400,,MZ,Mizoram,Aizawl,23.6001,92.8418,2014,Rainfall,Active,Highly Dissected Structural Hill (SHH),Shale (Middle Bhuban Formation) Surma Group,Scrub Forest,3558,MultiPolygon
LS2014_001817,1,positive,bhuvan_2014,MZ/AI/84A14/2014/358,,MZ,Mizoram,Aizawl,23.7063,92.8181,2014,Rainfall,Active,Highly Dissected Structural Hill (SHH),Shale (Middle Bhuban Formation) Surma Group,Deciduous,1300,MultiPolygon
LS2014_001818,1,positive,bhuvan_2014,MZ/AI/84A13/2014/270,,MZ,Mizoram,Aizawl,23.8161,92.8226,2014,Rainfall,Active,Moderately Dissected Structural Hill (SHM),Shale (Boka Bil Formation) Surma Group,Evergreen / Semi evergreen,753,MultiPolygon
LS2014_001819,1,positive,bhuvan_2014,MZ/AI/84A13/2014/273,,MZ,Mizoram,Aizawl,23.8128,92.8241,2014,Rainfall,Active,Moderately Dissected Structural Hill (SHM),Shale (Boka Bil Formation) Surma Group,Cuirrent Shifting Cultivation,1600,MultiPolygon
LS2014_001820,1,positive,bhuvan_2014,MZ/AI/84A13/2014/274,,MZ,Mizoram,Aizawl,23.8105,92.8352,2014,Rainfall,Active,Moderately Dissected Structural Hill (SHM),Shale (Boka Bil Formation) Surma Group,Deciduous,4525,MultiPolygon
LS2014_001821,1,positive,bhuvan_2014,MZ/AI/84A13/2014/275,,MZ,Mizoram,Aizawl,23.8103,92.8345,2014,Rainfall,Active,Moderately Dissected Structural Hill (SHM),Shale (Boka Bil Formation) Surma Group,Deciduous,1150,MultiPolygon
LS2014_001822,1,positive,bhuvan_2014,MZ/AI/84A13/2014/277,,MZ,Mizoram,Aizawl,23.8087,92.8279,2014,Rainfall,Active,Less Dissected Structural Hill (SHL),Shale (Boka Bil Formation) Surma Group,Deciduous,950,MultiPolygon
LS2014_001823,1,positive,bhuvan_2014,MZ/AI/84A13/2014/288,,MZ,Mizoram,Aizawl,23.7997,92.815,2014,Rainfall,Active,Moderately Dissected Structural Hill (SHM),Shale (Boka Bil Formation) Surma Group,Scrub Forest,1597,MultiPolygon
LS2014_001824,1,positive,bhuvan_2014,MZ/AI/84A13/2014/291,,MZ,Mizoram,Aizawl,23.7988,92.8142,2014,Rainfall,Active,Less Dissected Structural Hill (SHL),Shale (Boka Bil Formation) Surma Group,Cuirrent Shifting Cultivation,360,MultiPolygon
LS2014_001825,1,positive,bhuvan_2014,MZ/AI/84A13/2014/292,,MZ,Mizoram,Aizawl,23.7977,92.8365,2014,Rainfall,Active,Moderately Dissected Structural Hill (SHM),Shale (Boka Bil Formation) Surma Group,Scrub Forest,2025,MultiPolygon
LS2014_001826,1,positive,bhuvan_2014,MZ/AI/84A14/2014/353,,MZ,Mizoram,Aizawl,23.7144,92.8813,2014,Rainfall,Active,Less Dissected Structural Hill (SHL),Sandstone (Upper Bhuban Formation) Surma Group,Cuirrent Shifting Cultivation,1083,MultiPolygon
LS2014_001827,1,positive,bhuvan_2014,MZ/AI/84A14/2014/355,,MZ,Mizoram,Aizawl,23.7122,92.8957,2014,Rainfall,Active,Moderately Dissected Structural Hill (SHM),Sandstone (Upper Bhuban Formation) Surma Group,Scrub Forest,431,MultiPolygon
LS2014_001828,1,positive,bhuvan_2014,MZ/AI/84A14/2014/356,,MZ,Mizoram,Aizawl,23.7096,92.8956,2014,Rainfall,Active,Moderately Dissected Structural Hill (SHM),Sandstone (Upper Bhuban Formation) Surma Group,Scrub Forest,1275,MultiPolygon
LS2014_001829,1,positive,bhuvan_2014,MZ/AI/84A14/2014/359,,MZ,Mizoram,Aizawl,23.7048,92.8757,2014,Rainfall,Active,Moderately Dissected Structural Hill (SHM),Sandstone (Upper Bhuban Formation) Surma Group,Plantation,650,MultiPolygon
LS2014_001830,1,positive,bhuvan_2014,MZ/AI/84A14/2014/361,,MZ,Mizoram,Aizawl,23.7012,92.8812,2014,Rainfall,Active,Moderately Dissected Structural Hill (SHM),Sandstone (Upper Bhuban Formation) Surma Group,Evergreen / Semi evergreen,850,MultiPolygon
LS2014_001831,1,positive,bhuvan_2014,MZ/AI/84A14/2014/366,,MZ,Mizoram,Aizawl,23.6894,92.8927,2014,Rainfall,Active,Moderately Dissected Structural Hill (SHM),Sandstone (Upper Bhuban Formation) Surma Group,Deciduous,1450,MultiPolygon
LS2014_001832,1,positive,bhuvan_2014,MZ/AI/84A14/2014/369,,MZ,Mizoram,Aizawl,23.6685,92.8968,2014,Rainfall,Active,Less Dissected Structural Hill (SHL),Sandstone (Upper Bhuban Formation) Surma Group,Cuirrent Shifting Cultivation,3225,MultiPolygon
LS2014_001833,1,positive,bhuvan_2014,MZ/AI/84A14/2014/370,,MZ,Mizoram,Aizawl,23.6653,92.8925,2014,Rainfall,Active,Moderately Dissected Structural Hill (SHM),Sandstone (Upper Bhuban Formation) Surma Group,Deciduous,2900,MultiPolygon
LS2014_001834,1,positive,bhuvan_2014,MZ/AI/84A13/2014/267,,MZ,Mizoram,Aizawl,23.8228,92.9017,2014,Rainfall,Active,Less Dissected Structural Hill (SHL),Shale (Middle Bhuban Formation) Surma Group,Deciduous,249,MultiPolygon
LS2014_001835,1,positive,bhuvan_2014,MZ/AI/84A13/2014/221,,MZ,Mizoram,Aizawl,23.9128,92.8309,2014,Rainfall,Active,Less Dissected Structural Hill (SHL),Shale (Boka Bil Formation) Surma Group,Scrub Forest,1017,MultiPolygon
LS2014_001836,1,positive,bhuvan_2014,MZ/AI/84A13/2014/223,,MZ,Mizoram,Aizawl,23.9054,92.8837,2014,Rainfall,Active,Highly Dissected Structural Hill (SHH),Shale (Middle Bhuban Formation) Surma Group,Deciduous,627,MultiPolygon
LS2014_001837,1,positive,bhuvan_2014,MZ/AI/84A13/2014/224,,MZ,Mizoram,Aizawl,23.9051,92.883,2014,Rainfall,Active,Highly Dissected Structural Hill (SHH),Shale (Middle Bhuban Formation) Surma Group,Deciduous,1614,MultiPolygon
LS2014_001838,1,positive,bhuvan_2014,MZ/KO/83D16/2014/93,,MZ,Mizoram,Kolasib,24.1261,92.8163,2014,Rainfall,Active,Less Dissected Structural Hill (SHL),Sandstone (Lower Bhuban Formation) Surma Group,Deciduous,1794,MultiPolygon
LS2014_001839,1,positive,bhuvan_2014,MZ/KO/83D16/2014/35,,MZ,Mizoram,Kolasib,24.2381,92.8217,2014,Rainfall,Active,Moderately Dissected Structural Hill (SHM),Sandstone (Lower Bhuban Formation) Surma Group,Deciduous,919,MultiPolygon
LS2014_001840,1,positive,bhuvan_2014,MZ/KO/83D16/2014/52,,MZ,Mizoram,Kolasib,24.2255,92.8188,2014,Rainfall,Active,Moderately Dissected Structural Hill (SHM),Sandstone (Lower Bhuban Formation) Surma Group,Cuirrent Shifting Cultivation,686,MultiPolygon
LS2014_001841,1,positive,bhuvan_2014,MZ/KO/83D16/2014/59,,MZ,Mizoram,Kolasib,24.2213,92.8273,2014,Rainfall,Active,Less Dissected Structural Hill (SHL),Sandstone (Lower Bhuban Formation) Surma Group,Deciduous,1023,MultiPolygon
LS2014_001842,1,positive,bhuvan_2014,MZ/KO/83D16/2014/63,,MZ,Mizoram,Kolasib,24.2158,92.838,2014,Rainfall,Active,Inter-Montane Valley (IV),Shale (Middle Bhuban Formation) Surma Group,Deciduous,344,MultiPolygon
LS2014_001843,1,positive,bhuvan_2014,MZ/KO/83D16/2014/67,,MZ,Mizoram,Kolasib,24.2134,92.8282,2014,Rainfall,Active,Less Dissected Structural Hill (SHL),Sandstone (Lower Bhuban Formation) Surma Group,Deciduous,904,MultiPolygon
LS2014_001844,1,positive,bhuvan_2014,MZ/KO/83D16/2014/71,,MZ,Mizoram,Kolasib,24.2118,92.8304,2014,Rainfall,Active,Highly Dissected Structural Hill (SHH),Shale (Middle Bhuban Formation) Surma Group,Deciduous,462,MultiPolygon
LS2014_001845,1,positive,bhuvan_2014,MZ/AI/83D15/2014/117,,MZ,Mizoram,Aizawl,24.2549,92.8879,2014,Rainfall,Active,Less Dissected Structural Hill (SHL),Sandstone (Upper Bhuban Formation) Surma Group,Deciduous,505,MultiPolygon
LS2014_001846,1,positive,bhuvan_2014,MZ/AI/83D16/2014/127,,MZ,Mizoram,Aizawl,24.2477,92.8854,2014,Rainfall,Active,Moderately Dissected Structural Hill (SHM),Shale (Boka Bil Formation) Surma Group,Deciduous,873,MultiPolygon
LS2014_001847,1,positive,bhuvan_2014,MZ/KO/83D16/2014/69,,MZ,Mizoram,Kolasib,24.2124,92.8865,2014,Rainfall,Active,Less Dissected Structural Hill (SHL),Shale (Boka Bil Formation) Surma Group,Deciduous,586,MultiPolygon
LS2014_001848,1,positive,bhuvan_2014,MZ/AI/83D16/2014/161,,MZ,Mizoram,Aizawl,24.2058,92.902,2014,Rainfall,Active,Less Dissected Structural Hill (SHL),Sandstone (Upper Bhuban Formation) Surma Group,Evergreen / Semi evergreen,1504,MultiPolygon
LS2014_001849,1,positive,bhuvan_2014,MZ/AI/83D16/2014/162,,MZ,Mizoram,Aizawl,24.2027,92.9017,2014,Rainfall,Active,Moderately Dissected Structural Hill (SHM),Sandstone (Upper Bhuban Formation) Surma Group,Evergreen / Semi evergreen,1787,MultiPolygon
LS2014_001850,1,positive,bhuvan_2014,MZ/KO/83D15/2014/11,,MZ,Mizoram,Kolasib,24.3243,92.8204,2014,Rainfall,Active,Highly Dissected Structural Hill (SHH),Shale (Middle Bhuban Formation) Surma Group,Evergreen / Semi evergreen,357,MultiPolygon
LS2014_001851,1,positive,bhuvan_2014,MZ/AI/83D15/2014/27,,MZ,Mizoram,Aizawl,24.3651,92.8996,2014,Rainfall,Active,Inter-Montane Valley (IV),Shale (Boka Bil Formation) Surma Group,Deciduous,268,MultiPolygon
LS2014_001852,1,positive,bhuvan_2014,MZ/AI/83D15/2014/75,,MZ,Mizoram,Aizawl,24.3082,92.8951,2014,Rainfall,Active,Less Dissected Structural Hill (SHL),Sandstone (Upper Bhuban Formation) Surma Group,Deciduous,328,MultiPolygon
LS2014_001853,1,positive,bhuvan_2014,MZ/SA/84C13/2014/72,,MZ,Mizoram,Saiha,21.9817,92.9957,2014,Rainfall,Active,Highly Dissected Structural Hill (SHH),Shale (Barail Group),Evergreen / Semi evergreen,880,MultiPolygon
LS2014_001854,1,positive,bhuvan_2014,MZ/SA/84B16/2014/63,,MZ,Mizoram,Saiha,22.171,92.9338,2014,Rainfall,Active,Highly Dissected Structural Hill (SHH),Shale (Barail Group),Deciduous,905,MultiPolygon
LS2014_001855,1,positive,bhuvan_2014,MZ/SA/84B15/2014/47,,MZ,Mizoram,Saiha,22.2631,92.9512,2014,Rainfall,Active,Highly Dissected Structural Hill (SHH),Shale (Barail Group),Evergreen / Semi evergreen,616,MultiPolygon
LS2014_001856,1,positive,bhuvan_2014,MZ/SA/84B15/2014/48,,MZ,Mizoram,Saiha,22.2628,92.9509,2014,Rainfall,Active,Highly Dissected Structural Hill (SHH),Shale (Barail Group),Evergreen / Semi evergreen,1139,MultiPolygon
LS2014_001857,1,positive,bhuvan_2014,MZ/SA/84F03/2014/43,,MZ,Mizoram,Saiha,22.2819,93.0178,2014,Rainfall,Active,Highly Dissected Structural Hill (SHH),Shale (Barail Group),Evergreen / Semi evergreen,812,MultiPolygon
LS2014_001858,1,positive,bhuvan_2014,MZ/SA/84F03/2014/51,,MZ,Mizoram,Saiha,22.2526,93.0157,2014,Rainfall,Active,Highly Dissected Structural Hill (SHH),Shale (Barail Group),Scrub Forest,742,MultiPolygon
LS2014_001859,1,positive,bhuvan_2014,MZ/SA/84F03/2014/52,,MZ,Mizoram,Saiha,22.2511,93.0088,2014,Rainfall,Active,Less Dissected Structural Hill (SHL),Shale (Barail Group),Scrub Forest,337,MultiPolygon
LS2014_001860,1,positive,bhuvan_2014,MZ/SA/84F03/2014/53,,MZ,Mizoram,Saiha,22.2509,93.0124,2014,Rainfall,Active,Highly Dissected Structural Hill (SHH),Shale (Barail Group),Scrub Forest,1417,MultiPolygon
LS2014_001861,1,positive,bhuvan_2014,MZ/SA/84F03/2014/54,,MZ,Mizoram,Saiha,22.2506,93.0103,2014,Rainfall,Active,Highly Dissected Structural Hill (SHH),Shale (Barail Group),Scrub Forest,628,MultiPolygon
LS2014_001862,1,positive,bhuvan_2014,MZ/LA/84B15/2014/52,,MZ,Mizoram,Lawangtlai,22.3996,92.9316,2014,Rainfall,Active,Highly Dissected Structural Hill (SHH),Shale (Barail Group),Scrub land,1074,MultiPolygon
LS2014_001863,1,positive,bhuvan_2014,MZ/SA/84B15/2014/39,,MZ,Mizoram,Saiha,22.3634,92.9359,2014,Rainfall,Active,Highly Dissected Structural Hill (SHH),Shale (Barail Group),Scrub Forest,843,MultiPolygon
LS2014_001864,1,positive,bhuvan_2014,MZ/SA/84B14/2014/13,,MZ,Mizoram,Saiha,22.5125,92.9477,2014,Rainfall,Active,Highly Dissected Structural Hill (SHH),Shale (Barail Group),Deciduous,511,MultiPolygon
LS2014_001865,1,positive,bhuvan_2014,MZ/SA/84B15/2014/34,,MZ,Mizoram,Saiha,22.3844,92.992,2014,Rainfall,Active,Fracture Valley (FV),Shale (Barail Group),Deciduous,1491,MultiPolygon
LS2014_001866,1,positive,bhuvan_2014,MZ/SA/84F03/2014/38,,MZ,Mizoram,Saiha,22.3658,93.0091,2014,Rainfall,Active,Highly Dissected Structural Hill (SHH),Shale (Barail Group),Deciduous,588,MultiPolygon
LS2014_001867,1,positive,bhuvan_2014,MZ/SA/84B14/2014/14,,MZ,Mizoram,Saiha,22.5086,92.9927,2014,Rainfall,Active,Highly Dissected Structural Hill (SHH),Shale (Barail Group),Deciduous,511,MultiPolygon
LS2014_001868,1,positive,bhuvan_2014,MZ/SA/84B14/2014/8,,MZ,Mizoram,Saiha,22.5899,92.9509,2014,Rainfall,Active,Highly Dissected Structural Hill (SHH),Shale (Barail Group),Deciduous,577,MultiPolygon
LS2014_001869,1,positive,bhuvan_2014,MZ/LU/84B13/2014/159,,MZ,Mizoram,Lunglei,22.9472,92.9425,2014,Rainfall,Active,Highly Dissected Structural Hill (SHH),Shale (Barail Group),Evergreen / Semi evergreen,1088,MultiPolygon
LS2014_001870,1,positive,bhuvan_2014,MZ/LU/84B13/2014/181,,MZ,Mizoram,Lunglei,22.9243,92.9456,2014,Rainfall,Active,Highly Dissected Structural Hill (SHH),Shale (Barail Group),Deciduous,1705,MultiPolygon
LS2014_001871,1,positive,bhuvan_2014,MZ/LU/84F01/2014/239,,MZ,Mizoram,Lunglei,22.8093,93.0166,2014,Rainfall,Active,Less Dissected Structural Hill (SHL),Shale (Barail Group),Evergreen / Semi evergreen,844,MultiPolygon
LS2014_001872,1,positive,bhuvan_2014,MZ/LU/84F01/2014/161,,MZ,Mizoram,Lunglei,22.947,93.0145,2014,Rainfall,Active,Highly Dissected Structural Hill (SHH),Shale (Barail Group),Scrub Forest,1362,MultiPolygon
LS2014_001873,1,positive,bhuvan_2014,MZ/LU/84F01/2014/195,,MZ,Mizoram,Lunglei,22.9006,93.0102,2014,Rainfall,Active,Highly Dissected Structural Hill (SHH),Shale (Barail Group),Deciduous,360,MultiPolygon
LS2014_001874,1,positive,bhuvan_2014,MZ/SE/84A16/2014/16,,MZ,Mizoram,Serchhip,23.1612,92.9929,2014,Rainfall,Active,Highly Dissected Structural Hill (SHH),Shale (Barail Group),Deciduous,985,MultiPolygon
LS2014_001875,1,positive,bhuvan_2014,MZ/SE/84E03/2014/10,,MZ,Mizoram,Serchhip,23.2672,93.0089,2014,Rainfall,Active,Highly Dissected Structural Hill (SHH),Shale (Barail Group),Scrub Forest,401,MultiPolygon
LS2014_001876,1,positive,bhuvan_2014,MZ/AI/84A13/2014/269,,MZ,Mizoram,Aizawl,23.8193,92.947,2014,Rainfall,Active,Moderately Dissected Structural Hill (SHM),Sandstone (Upper Bhuban Formation) Surma Group,Deciduous,1175,MultiPolygon
LS2014_001877,1,positive,bhuvan_2014,MZ/AI/84A13/2014/271,,MZ,Mizoram,Aizawl,23.8156,92.9492,2014,Rainfall,Active,Less Dissected Structural Hill (SHL),Sandstone (Upper Bhuban Formation) Surma Group,Deciduous,255,MultiPolygon
LS2014_001878,1,positive,bhuvan_2014,MZ/AI/84A13/2014/281,,MZ,Mizoram,Aizawl,23.8061,92.9551,2014,Rainfall,Active,Highly Dissected Structural Hill (SHH),Shale (Middle Bhuban Formation) Surma Group,Deciduous,500,MultiPolygon
LS2014_001879,1,positive,bhuvan_2014,MZ/AI/84A13/2014/299,,MZ,Mizoram,Aizawl,23.7934,92.9582,2014,Rainfall,Active,Highly Dissected Structural Hill (SHH),Shale (Middle Bhuban Formation) Surma Group,Deciduous,316,MultiPolygon
LS2014_001880,1,positive,bhuvan_2014,MZ/AI/84A13/2014/301,,MZ,Mizoram,Aizawl,23.7929,92.9588,2014,Rainfall,Active,Highly Dissected Structural Hill (SHH),Shale (Middle Bhuban Formation) Surma Group,Deciduous,254,MultiPolygon
LS2014_001881,1,positive,bhuvan_2014,MZ/AI/84A13/2014/302,,MZ,Mizoram,Aizawl,23.7919,92.9412,2014,Rainfall,Active,Highly Dissected Structural Hill (SHH),Shale (Middle Bhuban Formation) Surma Group,Evergreen / Semi evergreen,3050,MultiPolygon
LS2014_001882,1,positive,bhuvan_2014,MZ/AI/84A14/2014/352,,MZ,Mizoram,Aizawl,23.7158,92.9944,2014,Rainfall,Active,Highly Dissected Structural Hill (SHH),Shale (Middle Bhuban Formation) Surma Group,Scrub Forest,200,MultiPolygon
LS2014_001883,1,positive,bhuvan_2014,MZ/AI/84A14/2014/364,,MZ,Mizoram,Aizawl,23.6917,92.9915,2014,Rainfall,Active,Highly Dissected Structural Hill (SHH),Shale (Middle Bhuban Formation) Surma Group,Scrub Forest,1275,MultiPolygon
LS2014_001884,1,positive,bhuvan_2014,MZ/AI/84A13/2014/265,,MZ,Mizoram,Aizawl,23.8246,92.9952,2014,Rainfall,Active,Highly Dissected Structural Hill (SHH),Shale (Middle Bhuban Formation) Surma Group,Scrub Forest,1350,MultiPolygon
LS2014_001885,1,positive,bhuvan_2014,MZ/AI/84A13/2014/204,,MZ,Mizoram,Aizawl,23.9866,92.949,2014,Rainfall,Active,Highly Dissected Structural Hill (SHH),Shale (Middle Bhuban Formation) Surma Group,Deciduous,1029,MultiPolygon
LS2014_001886,1,positive,bhuvan_2014,MZ/AI/84E01/2014/222,,MZ,Mizoram,Aizawl,23.9095,93.007,2014,Rainfall,Active,Less Dissected Structural Hill (SHL),Sandstone (Upper Bhuban Formation) Surma Group,Cuirrent Shifting Cultivation,351,MultiPolygon
LS2014_001887,1,positive,bhuvan_2014,MZ/AI/83D16/2014/193,,MZ,Mizoram,Aizawl,24.1138,92.9435,2014,Rainfall,Active,Highly Dissected Structural Hill (SHH),Shale (Middle Bhuban Formation) Surma Group,Deciduous,461,MultiPolygon
LS2014_001888,1,positive,bhuvan_2014,MZ/AI/83D16/2014/194,,MZ,Mizoram,Aizawl,24.1132,92.9405,2014,Rainfall,Active,Highly Dissected Structural Hill (SHH),Shale (Middle Bhuban Formation) Surma Group,Deciduous,626,MultiPolygon
LS2014_001889,1,positive,bhuvan_2014,MZ/AI/83D15/2014/115,,MZ,Mizoram,Aizawl,24.2557,92.9473,2014,Rainfall,Active,Less Dissected Structural Hill (SHL),Sandstone (Upper Bhuban Formation) Surma Group,Scrub Forest,1037,MultiPolygon
LS2014_001890,1,positive,bhuvan_2014,MZ/AI/83D15/2014/118,,MZ,Mizoram,Aizawl,24.2537,92.949,2014,Rainfall,Active,Moderately Dissected Structural Hill (SHM),Sandstone (Upper Bhuban Formation) Surma Group,Evergreen / Semi evergreen,433,MultiPolygon
LS2014_001891,1,positive,bhuvan_2014,MZ/AI/83D15/2014/119,,MZ,Mizoram,Aizawl,24.2536,92.9394,2014,Rainfall,Active,Fracture Valley (FV),Sandstone (Upper Bhuban Formation) Surma Group,Deciduous,452,MultiPolygon
LS2014_001892,1,positive,bhuvan_2014,MZ/AI/83D15/2014/121,,MZ,Mizoram,Aizawl,24.2521,92.9465,2014,Rainfall,Active,Less Dissected Structural Hill (SHL),Sandstone (Upper Bhuban Formation) Surma Group,Evergreen / Semi evergreen,515,MultiPolygon
LS2014_001893,1,positive,bhuvan_2014,MZ/AI/83D15/2014/122,,MZ,Mizoram,Aizawl,24.2521,92.9328,2014,Rainfall,Active,Less Dissected Structural Hill (SHL),Sandstone (Upper Bhuban Formation) Surma Group,Scrub Forest,607,MultiPolygon
LS2014_001894,1,positive,bhuvan_2014,MZ/AI/83D15/2014/123,,MZ,Mizoram,Aizawl,24.252,92.9468,2014,Rainfall,Active,Moderately Dissected Structural Hill (SHM),Sandstone (Upper Bhuban Formation) Surma Group,Evergreen / Semi evergreen,412,MultiPolygon
LS2014_001895,1,positive,bhuvan_2014,MZ/AI/83D16/2014/124,,MZ,Mizoram,Aizawl,24.2487,92.9314,2014,Rainfall,Active,Less Dissected Structural Hill (SHL),Sandstone (Upper Bhuban Formation) Surma Group,Deciduous,612,MultiPolygon
LS2014_001896,1,positive,bhuvan_2014,MZ/AI/83D16/2014/126,,MZ,Mizoram,Aizawl,24.2479,92.9441,2014,Rainfall,Active,Moderately Dissected Structural Hill (SHM),Sandstone (Upper Bhuban Formation) Surma Group,Scrub Forest,862,MultiPolygon
LS2014_001897,1,positive,bhuvan_2014,MZ/AI/83D16/2014/128,,MZ,Mizoram,Aizawl,24.246,92.9378,2014,Rainfall,Active,Less Dissected Structural Hill (SHL),Sandstone (Upper Bhuban Formation) Surma Group,Deciduous,950,MultiPolygon
LS2014_001898,1,positive,bhuvan_2014,MZ/AI/83D16/2014/131,,MZ,Mizoram,Aizawl,24.2451,92.9419,2014,Rainfall,Active,Less Dissected Structural Hill (SHL),Sandstone (Upper Bhuban Formation) Surma Group,Scrub Forest,484,MultiPolygon
LS2014_001899,1,positive,bhuvan_2014,MZ/AI/83D16/2014/133,,MZ,Mizoram,Aizawl,24.2418,92.9582,2014,Rainfall,Active,Moderately Dissected Structural Hill (SHM),Sandstone (Upper Bhuban Formation) Surma Group,Deciduous,476,MultiPolygon
LS2014_001900,1,positive,bhuvan_2014,MZ/AI/83D16/2014/134,,MZ,Mizoram,Aizawl,24.2411,92.9472,2014,Rainfall,Active,Moderately Dissected Structural Hill (SHM),Sandstone (Upper Bhuban Formation) Surma Group,Scrub Forest,288,MultiPolygon
LS2014_001901,1,positive,bhuvan_2014,MZ/AI/83D16/2014/136,,MZ,Mizoram,Aizawl,24.2394,92.9398,2014,Rainfall,Active,Moderately Dissected Structural Hill (SHM),Sandstone (Upper Bhuban Formation) Surma Group,Scrub Forest,585,MultiPolygon
LS2014_001902,1,positive,bhuvan_2014,MZ/AI/83D16/2014/137,,MZ,Mizoram,Aizawl,24.2393,92.9393,2014,Rainfall,Active,Moderately Dissected Structural Hill (SHM),Sandstone (Upper Bhuban Formation) Surma Group,Scrub Forest,658,MultiPolygon
LS2014_001903,1,positive,bhuvan_2014,MZ/AI/83D16/2014/138,,MZ,Mizoram,Aizawl,24.2392,92.9593,2014,Rainfall,Active,Less Dissected Structural Hill (SHL),Sandstone (Upper Bhuban Formation) Surma Group,Deciduous,853,MultiPolygon
LS2014_001904,1,positive,bhuvan_2014,MZ/AI/83D16/2014/139,,MZ,Mizoram,Aizawl,24.2392,92.9383,2014,Rainfall,Active,Moderately Dissected Structural Hill (SHM),Sandstone (Upper Bhuban Formation) Surma Group,Scrub Forest,794,MultiPolygon
LS2014_001905,1,positive,bhuvan_2014,MZ/AI/83D16/2014/140,,MZ,Mizoram,Aizawl,24.239,92.9334,2014,Rainfall,Active,Moderately Dissected Structural Hill (SHM),Sandstone (Upper Bhuban Formation) Surma Group,Scrub Forest,2122,MultiPolygon
LS2014_001906,1,positive,bhuvan_2014,MZ/AI/83D16/2014/142,,MZ,Mizoram,Aizawl,24.2377,92.9463,2014,Rainfall,Active,Less Dissected Structural Hill (SHL),Sandstone (Upper Bhuban Formation) Surma Group,Scrub Forest,921,MultiPolygon
LS2014_001907,1,positive,bhuvan_2014,MZ/AI/83D16/2014/143,,MZ,Mizoram,Aizawl,24.2372,92.9592,2014,Rainfall,Active,Less Dissected Structural Hill (SHL),Sandstone (Upper Bhuban Formation) Surma Group,Forest Plantation,172,MultiPolygon
LS2014_001908,1,positive,bhuvan_2014,MZ/AI/83D16/2014/146,,MZ,Mizoram,Aizawl,24.2355,92.9392,2014,Rainfall,Active,Moderately Dissected Structural Hill (SHM),Sandstone (Upper Bhuban Formation) Surma Group,Scrub Forest,1618,MultiPolygon
LS2014_001909,1,positive,bhuvan_2014,MZ/AI/83D16/2014/148,,MZ,Mizoram,Aizawl,24.2328,92.9504,2014,Rainfall,Active,Less Dissected Structural Hill (SHL),Sandstone (Upper Bhuban Formation) Surma Group,Scrub Forest,1523,MultiPolygon
LS2014_001910,1,positive,bhuvan_2014,MZ/AI/83D15/2014/116,,MZ,Mizoram,Aizawl,24.2551,92.995,2014,Rainfall,Active,Less Dissected Structural Hill (SHL),Shale (Middle Bhuban Formation) Surma Group,Deciduous,672,MultiPolygon
LS2014_001911,1,positive,bhuvan_2014,MZ/AI/83H04/2014/132,,MZ,Mizoram,Aizawl,24.244,93.0048,2014,Rainfall,Active,Less Dissected Structural Hill (SHL),Shale (Middle Bhuban Formation) Surma Group,Cuirrent Shifting Cultivation,1025,MultiPolygon
LS2014_001912,1,positive,bhuvan_2014,MZ/AI/83H04/2014/157,,MZ,Mizoram,Aizawl,24.2222,93.0033,2014,Rainfall,Active,Less Dissected Structural Hill (SHL),Shale (Middle Bhuban Formation) Surma Group,Deciduous,703,MultiPolygon
LS2014_001913,1,positive,bhuvan_2014,MZ/AI/83D15/2014/25,,MZ,Mizoram,Aizawl,24.3657,92.9574,2014,Rainfall,Active,Moderately Dissected Structural Hill (SHM),Sandstone (Upper Bhuban Formation) Surma Group,Scrub Forest,261,MultiPolygon
LS2014_001914,1,positive,bhuvan_2014,MZ/AI/83D15/2014/31,,MZ,Mizoram,Aizawl,24.3581,92.9586,2014,Rainfall,Active,Moderately Dissected Structural Hill (SHM),Sandstone (Upper Bhuban Formation) Surma Group,Cuirrent Shifting Cultivation,2323,MultiPolygon
LS2014_001915,1,positive,bhuvan_2014,MZ/AI/83D15/2014/35,,MZ,Mizoram,Aizawl,24.3525,92.9553,2014,Rainfall,Active,Less Dissected Structural Hill (SHL),Sandstone (Upper Bhuban Formation) Surma Group,Evergreen / Semi evergreen,649,MultiPolygon
LS2014_001916,1,positive,bhuvan_2014,MZ/AI/83D15/2014/37,,MZ,Mizoram,Aizawl,24.3512,92.9346,2014,Rainfall,Active,Moderately Dissected Structural Hill (SHM),Sandstone (Upper Bhuban Formation) Surma Group,Scrub Forest,468,MultiPolygon
LS2014_001917,1,positive,bhuvan_2014,MZ/AI/83D15/2014/40,,MZ,Mizoram,Aizawl,24.3475,92.9592,2014,Rainfall,Active,Moderately Dissected Structural Hill (SHM),Sandstone (Upper Bhuban Formation) Surma Group,Deciduous,306,MultiPolygon
LS2014_001918,1,positive,bhuvan_2014,MZ/AI/83D15/2014/42,,MZ,Mizoram,Aizawl,24.3454,92.9401,2014,Rainfall,Active,Less Dissected Structural Hill (SHL),Sandstone (Upper Bhuban Formation) Surma Group,Cuirrent Shifting Cultivation,372,MultiPolygon
LS2014_001919,1,positive,bhuvan_2014,MZ/AI/83D15/2014/45,,MZ,Mizoram,Aizawl,24.3403,92.9533,2014,Rainfall,Active,Moderately Dissected Structural Hill (SHM),Sandstone (Upper Bhuban Formation) Surma Group,Deciduous,772,MultiPolygon
LS2014_001920,1,positive,bhuvan_2014,MZ/AI/83D15/2014/48,,MZ,Mizoram,Aizawl,24.339,92.9564,2014,Rainfall,Active,Moderately Dissected Structural Hill (SHM),Sandstone (Upper Bhuban Formation) Surma Group,Deciduous,1541,MultiPolygon
LS2014_001921,1,positive,bhuvan_2014,MZ/AI/83D15/2014/50,,MZ,Mizoram,Aizawl,24.3326,92.9591,2014,Rainfall,Active,Moderately Dissected Structural Hill (SHM),Sandstone (Upper Bhuban Formation) Surma Group,Deciduous,493,MultiPolygon
LS2014_001922,1,positive,bhuvan_2014,MZ/AI/83D15/2014/51,,MZ,Mizoram,Aizawl,24.3324,92.945,2014,Rainfall,Active,Moderately Dissected Structural Hill (SHM),Sandstone (Upper Bhuban Formation) Surma Group,Deciduous,448,MultiPolygon
LS2014_001923,1,positive,bhuvan_2014,MZ/AI/83D15/2014/52,,MZ,Mizoram,Aizawl,24.3307,92.9524,2014,Rainfall,Active,Moderately Dissected Structural Hill (SHM),Sandstone (Upper Bhuban Formation) Surma Group,Deciduous,594,MultiPolygon
LS2014_001924,1,positive,bhuvan_2014,MZ/AI/83D15/2014/53,,MZ,Mizoram,Aizawl,24.3302,92.9529,2014,Rainfall,Active,Moderately Dissected Structural Hill (SHM),Sandstone (Upper Bhuban Formation) Surma Group,Deciduous,657,MultiPolygon
LS2014_001925,1,positive,bhuvan_2014,MZ/AI/83D15/2014/54,,MZ,Mizoram,Aizawl,24.3292,92.9366,2014,Rainfall,Active,Moderately Dissected Structural Hill (SHM),Sandstone (Upper Bhuban Formation) Surma Group,Evergreen / Semi evergreen,3158,MultiPolygon
LS2014_001926,1,positive,bhuvan_2014,MZ/AI/83D15/2014/56,,MZ,Mizoram,Aizawl,24.3267,92.947,2014,Rainfall,Active,Moderately Dissected Structural Hill (SHM),Sandstone (Upper Bhuban Formation) Surma Group,Deciduous,930,MultiPolygon
LS2014_001927,1,positive,bhuvan_2014,MZ/AI/83D15/2014/57,,MZ,Mizoram,Aizawl,24.3261,92.9484,2014,Rainfall,Active,Less Dissected Structural Hill (SHL),Sandstone (Upper Bhuban Formation) Surma Group,Deciduous,700,MultiPolygon
LS2014_001928,1,positive,bhuvan_2014,MZ/AI/83D15/2014/58,,MZ,Mizoram,Aizawl,24.3244,92.9383,2014,Rainfall,Active,Moderately Dissected Structural Hill (SHM),Sandstone (Upper Bhuban Formation) Surma Group,Deciduous,141,MultiPolygon
LS2014_001929,1,positive,bhuvan_2014,MZ/AI/83D15/2014/59,,MZ,Mizoram,Aizawl,24.3242,92.9382,2014,Rainfall,Active,Moderately Dissected Structural Hill (SHM),Sandstone (Upper Bhuban Formation) Surma Group,Deciduous,195,MultiPolygon
LS2014_001930,1,positive,bhuvan_2014,MZ/AI/83D15/2014/61,,MZ,Mizoram,Aizawl,24.3239,92.9393,2014,Rainfall,Active,Moderately Dissected Structural Hill (SHM),Sandstone (Upper Bhuban Formation) Surma Group,Deciduous,239,MultiPolygon
LS2014_001931,1,positive,bhuvan_2014,MZ/AI/83D15/2014/63,,MZ,Mizoram,Aizawl,24.3216,92.953,2014,Rainfall,Active,Fracture Valley (FV),Sandstone (Upper Bhuban Formation) Surma Group,Deciduous,433,MultiPolygon
LS2014_001932,1,positive,bhuvan_2014,MZ/AI/83D15/2014/67,,MZ,Mizoram,Aizawl,24.3173,92.9615,2014,Rainfall,Active,Moderately Dissected Structural Hill (SHM),Sandstone (Upper Bhuban Formation) Surma Group,Evergreen / Semi evergreen,1220,MultiPolygon
LS2014_001933,1,positive,bhuvan_2014,MZ/AI/83D15/2014/68,,MZ,Mizoram,Aizawl,24.317,92.954,2014,Rainfall,Active,Moderately Dissected Structural Hill (SHM),Sandstone (Upper Bhuban Formation) Surma Group,Deciduous,234,MultiPolygon
LS2014_001934,1,positive,bhuvan_2014,MZ/AI/83D15/2014/71,,MZ,Mizoram,Aizawl,24.3157,92.9599,2014,Rainfall,Active,Moderately Dissected Structural Hill (SHM),Sandstone (Upper Bhuban Formation) Surma Group,Evergreen / Semi evergreen,3213,MultiPolygon
LS2014_001935,1,positive,bhuvan_2014,MZ/AI/83D15/2014/74,,MZ,Mizoram,Aizawl,24.3114,92.949,2014,Rainfall,Active,Moderately Dissected Structural Hill (SHM),Sandstone (Upper Bhuban Formation) Surma Group,Cuirrent Shifting Cultivation,323,MultiPolygon
LS2014_001936,1,positive,bhuvan_2014,MZ/AI/83H03/2014/32,,MZ,Mizoram,Aizawl,24.3578,93.0003,2014,Rainfall,Active,Moderately Dissected Structural Hill (SHM),Sandstone (Upper Bhuban Formation) Surma Group,Scrub Forest,1225,MultiPolygon
LS2014_001937,1,positive,bhuvan_2014,MZ/AI/83H03/2014/34,,MZ,Mizoram,Aizawl,24.3567,93.0057,2014,Rainfall,Active,Moderately Dissected Structural Hill (SHM),Sandstone (Upper Bhuban Formation) Surma Group,Deciduous,400,MultiPolygon
LS2014_001938,1,positive,bhuvan_2014,MZ/AI/83H03/2014/39,,MZ,Mizoram,Aizawl,24.3482,93.012,2014,Rainfall,Active,Moderately Dissected Structural Hill (SHM),Sandstone (Upper Bhuban Formation) Surma Group,Cuirrent Shifting Cultivation,1150,MultiPolygon
LS2014_001939,1,positive,bhuvan_2014,MZ/AI/83H03/2014/69,,MZ,Mizoram,Aizawl,24.3169,93.0093,2014,Rainfall,Active,Moderately Dissected Structural Hill (SHM),Sandstone (Upper Bhuban Formation) Surma Group,Deciduous,175,MultiPolygon
LS2014_001940,1,positive,bhuvan_2014,MZ/AI/83D15/2014/73,,MZ,Mizoram,Aizawl,24.3126,92.9928,2014,Rainfall,Active,Moderately Dissected Structural Hill (SHM),Sandstone (Upper Bhuban Formation) Surma Group,Cuirrent Shifting Cultivation,556,MultiPolygon
LS2014_001941,1,positive,bhuvan_2014,MZ/SA/84F03/2014/31,,MZ,Mizoram,Saiha,22.4147,93.0476,2014,Rainfall,Active,Highly Dissected Structural Hill (SHH),Shale (Barail Group),Evergreen / Semi evergreen,1355,MultiPolygon
LS2014_001942,1,positive,bhuvan_2014,MZ/SA/84F03/2014/33,,MZ,Mizoram,Saiha,22.3898,93.0474,2014,Rainfall,Active,Fracture Valley (FV),Shale (Barail Group),Evergreen / Semi evergreen,738,MultiPolygon
LS2014_001943,1,positive,bhuvan_2014,MZ/SA/84F03/2014/35,,MZ,Mizoram,Saiha,22.3819,93.0588,2014,Rainfall,Active,Fracture Valley (FV),Shale (Barail Group),Evergreen / Semi evergreen,656,MultiPolygon
LS2014_001944,1,positive,bhuvan_2014,MZ/SA/84F02/2014/15,,MZ,Mizoram,Saiha,22.508,93.0536,2014,Rainfall,Active,Highly Dissected Structural Hill (SHH),Shale (Barail Group),Scrub Forest,10133,MultiPolygon
LS2014_001945,1,positive,bhuvan_2014,MZ/SA/84F03/2014/17,,MZ,Mizoram,Saiha,22.4909,93.0701,2014,Rainfall,Active,Less Dissected Structural Hill (SHL),Shale (Barail Group),Scrub Forest,1065,MultiPolygon
LS2014_001946,1,positive,bhuvan_2014,MZ/SA/84F03/2014/19,,MZ,Mizoram,Saiha,22.4669,93.0703,2014,Rainfall,Active,Highly Dissected Structural Hill (SHH),Shale (Barail Group),Evergreen / Semi evergreen,640,MultiPolygon
LS2014_001947,1,positive,bhuvan_2014,MZ/SA/84F02/2014/2,,MZ,Mizoram,Saiha,22.7415,93.0653,2014,Rainfall,Active,Highly Dissected Structural Hill (SHH),Shale (Barail Group),Scrub Forest,617,MultiPolygon
LS2014_001948,1,positive,bhuvan_2014,MZ/SA/84F02/2014/3,,MZ,Mizoram,Saiha,22.7086,93.049,2014,Rainfall,Active,Highly Dissected Structural Hill (SHH),Shale (Barail Group),Scrub Forest,1411,MultiPolygon
LS2014_001949,1,positive,bhuvan_2014,MZ/SA/84F02/2014/4,,MZ,Mizoram,Saiha,22.7078,93.0489,2014,Rainfall,Active,Highly Dissected Structural Hill (SHH),Shale (Barail Group),Scrub Forest,4136,MultiPolygon
LS2014_001950,1,positive,bhuvan_2014,MZ/LU/84F01/2014/186,,MZ,Mizoram,Lunglei,22.9165,93.0703,2014,Rainfall,Active,Moderately Dissected Structural Hill (SHM),Sandstone (Lower Bhuban Formation) Surma Group,Scrub Forest,835,MultiPolygon
LS2014_001951,1,positive,bhuvan_2014,MZ/SE/84E04/2014/21,,MZ,Mizoram,Serchhip,23.02,93.1139,2014,Rainfall,Active,Highly Dissected Structural Hill (SHH),Shale (Barail Group),Evergreen / Semi evergreen,423,MultiPolygon
LS2014_001952,1,positive,bhuvan_2014,MZ/SE/84E04/2014/17,,MZ,Mizoram,Serchhip,23.1323,93.1126,2014,Rainfall,Active,Highly Dissected Structural Hill (SHH),Shale (Barail Group),Deciduous,872,MultiPolygon
LS2014_001953,1,positive,bhuvan_2014,MZ/AI/84E01/2014/297,,MZ,Mizoram,Aizawl,23.7943,93.0469,2014,Rainfall,Active,Highly Dissected Structural Hill (SHH),Shale (Middle Bhuban Formation) Surma Group,Deciduous,1760,MultiPolygon
LS2014_001954,1,positive,bhuvan_2014,MZ/AI/84E01/2014/217,,MZ,Mizoram,Aizawl,23.9295,93.0664,2014,Rainfall,Active,Moderately Dissected Structural Hill (SHM),Sandstone (Upper Bhuban Formation) Surma Group,Deciduous,443,MultiPolygon
LS2014_001955,1,positive,bhuvan_2014,MZ/AI/84E01/2014/220,,MZ,Mizoram,Aizawl,23.9148,93.0468,2014,Rainfall,Active,Moderately Dissected Structural Hill (SHM),Sandstone (Upper Bhuban Formation) Surma Group,Scrub Forest,472,MultiPolygon
LS2014_001956,1,positive,bhuvan_2014,MZ/AI/84E01/2014/230,,MZ,Mizoram,Aizawl,23.878,93.076,2014,Rainfall,Active,Highly Dissected Structural Hill (SHH),Shale (Barail Group),Scrub Forest,2600,MultiPolygon
LS2014_001957,1,positive,bhuvan_2014,MZ/SA/84F03/2014/45,,MZ,Mizoram,Saiha,22.2791,93.1915,2014,Rainfall,Active,Less Dissected Structural Hill (SHL),Shale (Barail Group),Rural,1804,MultiPolygon
LS2014_001958,1,positive,bhuvan_2014,MZ/CH/84E04/2014/24,,MZ,Mizoram,Champhai,23.0139,93.2393,2014,Rainfall,Active,Highly Dissected Structural Hill (SHH),Shale (Barail Group),Scrub Forest,770,MultiPolygon
LS2014_001959,1,positive,bhuvan_2014,MZ/CH/84E04/2014/25,,MZ,Mizoram,Champhai,23.0133,93.2398,2014,Rainfall,Active,Less Dissected Structural Hill (SHL),Shale (Barail Group),Scrub Forest,1204,MultiPolygon
LS2014_001960,1,positive,bhuvan_2014,MZ/CH/84E02/2014/11,,MZ,Mizoram,Champhai,23.6084,93.1689,2014,Rainfall,Active,Less Dissected Structural Hill (SHL),Shale (Barail Group),Evergreen / Semi evergreen,1077,MultiPolygon
LS2014_001961,1,positive,bhuvan_2014,MZ/CH/84E02/2014/4,,MZ,Mizoram,Champhai,23.6762,93.1821,2014,Rainfall,Active,Highly Dissected Structural Hill (SHH),Shale (Barail Group),Scrub Forest,902,MultiPolygon
LS2014_001962,1,positive,bhuvan_2014,MZ/CH/84E02/2014/5,,MZ,Mizoram,Champhai,23.676,93.1819,2014,Rainfall,Active,Highly Dissected Structural Hill (SHH),Shale (Barail Group),Scrub Forest,201,MultiPolygon
LS2014_001963,1,positive,bhuvan_2014,MZ/CH/84E02/2014/6,,MZ,Mizoram,Champhai,23.6756,93.1824,2014,Rainfall,Active,Highly Dissected Structural Hill (SHH),Shale (Barail Group),Scrub Forest,404,MultiPolygon
LS2014_001964,1,positive,bhuvan_2014,MZ/CH/84E02/2014/8,,MZ,Mizoram,Champhai,23.6677,93.1648,2014,Rainfall,Active,Highly Dissected Structural Hill (SHH),Shale (Barail Group),Evergreen / Semi evergreen,1144,MultiPolygon
LS2014_001965,1,positive,bhuvan_2014,MZ/CH/84E08/2014/23,,MZ,Mizoram,Champhai,23.1396,93.3564,2014,Rainfall,Active,Highly Dissected Structural Hill (SHH),Shale (Barail Group),Evergreen / Semi evergreen,820,MultiPolygon
LS2014_001966,1,positive,bhuvan_2014,MZ/CH/84E07/2014/20,,MZ,Mizoram,Champhai,23.3504,93.3101,2014,Rainfall,Active,Less Dissected Structural Hill (SHL),Shale (Barail Group),Cuirrent Shifting Cultivation,244,MultiPolygon
LS2014_001967,1,positive,bhuvan_2014,MZ/CH/84E06/2014/3,,MZ,Mizoram,Champhai,23.6844,93.3393,2014,Rainfall,Active,Less Dissected Structural Hill (SHL),Shale (Barail Group),Evergreen / Semi evergreen,408,MultiPolygon
LS2014_001968,1,positive,bhuvan_2014,NL/KO/83G14/2014/13,,NL,Nagaland,Kohima,25.6381,93.8585,2014,Rainfall,Active,Structural Hills Highly dissected (SHH),Shale,Deciduous,838,MultiPolygon
LS2014_001969,1,positive,bhuvan_2014,NL/KO/83K01/2014/6,,NL,Nagaland,Kohima,25.8088,94.1938,2014,Rainfall,Active,Structural Hills Highly dissected (SHH),Shale,Deciduous,741,MultiPolygon
LS2014_001970,1,positive,bhuvan_2014,NL/KO/83K01/2014/7,,NL,Nagaland,Kohima,25.791,94.1845,2014,Rainfall,Active,Structural Hills Highly dissected (SHH),Shale,Deciduous,1660,MultiPolygon
LS2014_001971,1,positive,bhuvan_2014,NL/ZU/83K09/2014/2,,NL,Nagaland,Zunheboto,25.8086,94.6023,2014,Rainfall,Active,Structural Hills Highly dissected (SHH),Sandstone with shale,Deciduous,504,MultiPolygon
LS2014_001972,1,positive,bhuvan_2014,NL/TU/83J16/2014/7,,NL,Nagaland,Tuensang,26.1212,94.8593,2014,Rainfall,Active,Structural Hills Highly dissected (SHH),Sandstone with shale,Deciduous,973,MultiPolygon
LS2014_001973,1,positive,bhuvan_2014,NL/TU/83J16/2014/8,,NL,Nagaland,Tuensang,26.1024,94.8591,2014,Rainfall,Active,Structural Hills Highly dissected (SHH),Sandstone with shale,Scrub Forest,611,MultiPolygon
LS2014_001974,1,positive,bhuvan_2014,NL/TU/83J15/2014/2,,NL,Nagaland,Tuensang,26.3408,94.8593,2014,Rainfall,Active,Structural Hills Highly dissected (SHH),Shale,Cropland,39779,MultiPolygon
LS2014_001975,1,positive,bhuvan_2014,NL/MN/83J14/2014/5,,NL,Nagaland,Mon,26.5056,94.9887,2014,Rainfall,Active,Structural Hills Highly dissected (SHH),Shale,Deciduous,764,MultiPolygon
LS2014_001976,1,positive,bhuvan_2014,SK/WS/78A04/2014/35,,SK,Sikkim,West,27.1275,88.1321,2014,Rainfall,Active,Structural Hills (Less Dissected),Gneiss / Kanchenjunga Gneiss / Darjeelling Gneiss (undifferentiated) / Proterozoic,Cropland,2975,MultiPolygon
LS2014_001977,1,positive,bhuvan_2014,SK/WS/78A04/2014/28,,SK,Sikkim,West,27.2236,88.2029,2014,Rainfall,Active,Structural Hills ( Moderately Dissected ),Gneiss / Kanchenjunga Gneiss / Darjeelling Gneiss (undifferentiated) / Proterozoic,Cropland,2774,MultiPolygon
LS2014_001978,1,positive,bhuvan_2014,SK/WS/78A03/2014/11,,SK,Sikkim,West,27.3259,88.1663,2014,Rainfall,Active,Structural Hills ( Highly Dissected ) (SHH),"Quartzite, biotite and garnetiferous mica schist / Chungthang Formation/ Proterozoic",Evergreen / Semi evergreen,1504,MultiPolygon
LS2014_001979,1,positive,bhuvan_2014,SK/WS/78A03/2014/13,,SK,Sikkim,West,27.3188,88.196,2014,Rainfall,Active,Structural Hills ( Highly Dissected ) (SHH),Gneiss / Kanchenjunga Gneiss / Darjeelling Gneiss (undifferentiated) / Proterozoic,Cropland,2536,MultiPolygon
LS2014_001980,1,positive,bhuvan_2014,SK/WS/78A04/2014/34,,SK,Sikkim,West,27.1727,88.2444,2014,Rainfall,Active,Structural Hills (Less Dissected),Phyllite / Reyong Formation / Proterozoic,Cropland,8071,MultiPolygon
LS2014_001981,1,positive,bhuvan_2014,SK/WS/78A03/2014/23,,SK,Sikkim,West,27.2738,88.2387,2014,Rainfall,Active,Structural Hills (Less Dissected),Schist / Gorubathan Formation / Proterozoic,Cropland,7540,MultiPolygon
LS2014_001982,1,positive,bhuvan_2014,SK/WS/78A08/2014/29,,SK,Sikkim,West,27.2177,88.2747,2014,Rainfall,Active,Structural Hills ( Moderately Dissected ),Schist / Gorubathan Formation / Proterozoic,Evergreen / Semi evergreen,1379,MultiPolygon
LS2014_001983,1,positive,bhuvan_2014,SK/WS/78A07/2014/6,,SK,Sikkim,West,27.332,88.272,2014,Rainfall,Active,Old Slided  Mass (OSM),Schist / Gorubathan Formation / Proterozoic,Cropland,2091,MultiPolygon
LS2014_001984,1,positive,bhuvan_2014,SK/WS/78A07/2014/7,,SK,Sikkim,West,27.3311,88.2717,2014,Rainfall,Active,Old Slided  Mass (OSM),Schist / Gorubathan Formation / Proterozoic,Cropland,2455,MultiPolygon
LS2014_001985,1,positive,bhuvan_2014,SK/WS/78A07/2014/14,,SK,Sikkim,West,27.3171,88.2796,2014,Rainfall,Active,Structural Hills (Less Dissected),Schist / Gorubathan Formation / Proterozoic,Evergreen / Semi evergreen,14897,MultiPolygon
LS2014_001986,1,positive,bhuvan_2014,SK/WS/78A07/2014/15,,SK,Sikkim,West,27.3143,88.2795,2014,Rainfall,Active,Structural Hills (Less Dissected),Schist / Gorubathan Formation / Proterozoic,Evergreen / Semi evergreen,9091,MultiPolygon
LS2014_001987,1,positive,bhuvan_2014,SK/WS/78A07/2014/16,,SK,Sikkim,West,27.311,88.278,2014,Rainfall,Active,Structural Hills (Less Dissected),Schist / Gorubathan Formation / Proterozoic,Evergreen / Semi evergreen,3770,MultiPolygon
LS2014_001988,1,positive,bhuvan_2014,SK/SS/78A07/2014/10,,SK,Sikkim,South,27.3114,88.3144,2014,Rainfall,Active,Structural Hills ( Moderately Dissected ),Schist / Gorubathan Formation / Proterozoic,Scrub land,8432,MultiPolygon
LS2014_001989,1,positive,bhuvan_2014,SK/SS/78A07/2014/4,,SK,Sikkim,South,27.3243,88.3603,2014,Rainfall,Active,Structural Hills ( Moderately Dissected ),Schist / Gorubathan Formation / Proterozoic,Scrub Forest,1247,MultiPolygon
LS2014_001990,1,positive,bhuvan_2014,SK/SS/78A07/2014/2,,SK,Sikkim,South,27.3263,88.3875,2014,Rainfall,Active,Structural Hills ( Moderately Dissected ),Schist / Gorubathan Formation / Proterozoic,Evergreen / Semi evergreen,4356,MultiPolygon
LS2014_001991,1,positive,bhuvan_2014,SK/SS/78A07/2014/5,,SK,Sikkim,South,27.3198,88.4016,2014,Rainfall,Active,Structural Hills ( Moderately Dissected ),Schist / Gorubathan Formation / Proterozoic,Evergreen / Semi evergreen,1429,MultiPolygon
LS2014_001992,1,positive,bhuvan_2014,SK/NS/78A06/2014/9,,SK,Sikkim,North,27.5844,88.3901,2014,Rainfall,Active,Structural Hills ( Moderately Dissected ),Gneiss / Kanchenjunga Gneiss / Darjeelling Gneiss (undifferentiated) / Proterozoic,Scrub Forest,84612,MultiPolygon
LS2014_001993,1,positive,bhuvan_2014,SK/ES/78A11/2014/1,,SK,Sikkim,East,27.2855,88.55,2014,Rainfall,Active,Structural Hills ( Highly Dissected ) (SHH),Granite gneiss/ Lingtse Gneiss/ Meso Proterozoic,River / Stream / Canals,3884,MultiPolygon
LS2014_001994,1,positive,bhuvan_2014,SK/ES/78A12/2014/6,,SK,Sikkim,East,27.2211,88.6178,2014,Rainfall,Active,Structural Hills ( Moderately Dissected ),Schist / Gorubathan Formation / Proterozoic,Scrub land,8183,MultiPolygon
LS2014_001995,1,positive,bhuvan_2014,SK/NS/78A10/2014/4,,SK,Sikkim,North,27.6768,88.7402,2014,Rainfall,Active,Structural Hills ( Highly Dissected ) (SHH),Gneiss / Kanchenjunga Gneiss / Darjeelling Gneiss (undifferentiated) / Proterozoic,Cropland,616,MultiPolygon
LS2014_001996,1,positive,bhuvan_2014,SK/NS/78A10/2014/5,,SK,Sikkim,North,27.6764,88.7357,2014,Rainfall,Active,Structural Hills ( Highly Dissected ) (SHH),Gneiss / Kanchenjunga Gneiss / Darjeelling Gneiss (undifferentiated) / Proterozoic,Evergreen / Semi evergreen,3925,MultiPolygon
LS2014_001997,1,positive,bhuvan_2014,TR/KH/78P12/2014/1,,TR,Tripura,Khowai District,24.1323,91.7455,2014,Rainfall,Active,Structural Hills-Highly Dissected,Shale with sandstone/ limestone bands,Evergreen / Semi evergreen,1342.557359,MultiPolygon
LS2014_001998,1,positive,bhuvan_2014,TR/DH/79M13/2014/4,,TR,Tripura,Dhalai District,23.9239,91.9604,2014,Rainfall,Active,Structural Hills-Moderately dissected,Shale with sandstone/ limestone bands,Evergreen / Semi evergreen,1648.18878,MultiPolygon
LS2014_001999,1,positive,bhuvan_2014,TR/NT/84A01/2014/30,,TR,Tripura,North District,23.8064,92.2191,2014,Rainfall,Active,Structural Hills-Moderately dissected,Shale with sandstone/ limestone bands,Scrub Forest,363.805261,MultiPolygon
LS2014_002000,1,positive,bhuvan_2014,TR/NT/84A01/2014/31,,TR,Tripura,North District,23.8062,92.2194,2014,Rainfall,Active,Structural Hills-Moderately dissected,Shale with sandstone/ limestone bands,Scrub Forest,413.902318,MultiPolygon
LS2014_002001,1,positive,bhuvan_2014,TR/NT/84A05/2014/27,,TR,Tripura,North District,23.8172,92.2656,2014,Rainfall,Active,Structural Hills-Highly Dissected,Sandstone with shale/ coal bands,Deciduous,391.36958,MultiPolygon
LS2014_002002,1,positive,bhuvan_2014,TR/NT/84A05/2014/28,,TR,Tripura,North District,23.8167,92.2781,2014,Rainfall,Active,Structural Hills-Highly Dissected,Sandstone with shale/ coal bands,Scrub Forest,409.0895,MultiPolygon
LS2014_002003,1,positive,bhuvan_2014,TR/NT/84A05/2014/29,,TR,Tripura,North District,23.8162,92.2723,2014,Rainfall,Active,Structural Hills-Highly Dissected,Sandstone with shale/ coal bands,Scrub Forest,1584.869601,MultiPolygon
LS2014_002004,1,positive,bhuvan_2014,TR/NT/84A05/2014/3,,TR,Tripura,North District,23.923,92.2846,2014,Rainfall,Active,Structural Hills-Highly Dissected,Sandstone with shale/ coal bands,Evergreen / Semi evergreen,702.452612,MultiPolygon
LS2014_002005,1,positive,bhuvan_2014,TR/NT/84A05/2014/4,,TR,Tripura,North District,23.9216,92.2621,2014,Rainfall,Active,Structural Hills-Highly Dissected,Sandstone with shale/ coal bands,Evergreen / Semi evergreen,311.822287,MultiPolygon
LS2014_002006,1,positive,bhuvan_2014,TR/NT/84A05/2014/5,,TR,Tripura,North District,23.9178,92.2848,2014,Rainfall,Active,Structural Hills-Highly Dissected,Sandstone with shale/ coal bands,Evergreen / Semi evergreen,311.940588,MultiPolygon
LS2014_002007,1,positive,bhuvan_2014,TR/NT/84A05/2014/6,,TR,Tripura,North District,23.9176,92.2845,2014,Rainfall,Active,Structural Hills-Highly Dissected,Sandstone with shale/ coal bands,Evergreen / Semi evergreen,328.764098,MultiPolygon
LS2014_002008,1,positive,bhuvan_2014,TR/NT/84A05/2014/7,,TR,Tripura,North District,23.9154,92.2818,2014,Rainfall,Active,Structural Hills-Highly Dissected,Sandstone with shale/ coal bands,Evergreen / Semi evergreen,1109.901378,MultiPolygon
NEG2014_000001,0,negative_candidate,spatial_negative_sampling,,,AR,,,29.319851962082463,94.16891551731118,2014,,,,,,,Point
NEG2014_000002,0,negative_candidate,spatial_negative_sampling,,,AR,,,27.546940217229736,96.81615939005178,2014,,,,,,,Point
NEG2014_000003,0,negative_candidate,spatial_negative_sampling,,,AR,,,27.86600248190434,93.30054809204957,2014,,,,,,,Point
NEG2014_000004,0,negative_candidate,spatial_negative_sampling,,,AR,,,28.68355888016452,93.40871636479449,2014,,,,,,,Point
NEG2014_000005,0,negative_candidate,spatial_negative_sampling,,,AR,,,28.734660533060932,96.10381535497235,2014,,,,,,,Point
NEG2014_000006,0,negative_candidate,spatial_negative_sampling,,,AR,,,28.74002030435465,93.02022577542178,2014,,,,,,,Point
NEG2014_000007,0,negative_candidate,spatial_negative_sampling,,,AR,,,26.526919074748356,94.02512187840736,2014,,,,,,,Point
NEG2014_000008,0,negative_candidate,spatial_negative_sampling,,,AR,,,27.587433865555084,94.65628581114787,2014,,,,,,,Point
NEG2014_000009,0,negative_candidate,spatial_negative_sampling,,,AR,,,29.4926185627766,92.87305720693115,2014,,,,,,,Point
NEG2014_000010,0,negative_candidate,spatial_negative_sampling,,,AR,,,29.182087806254142,92.76179400565877,2014,,,,,,,Point
NEG2014_000011,0,negative_candidate,spatial_negative_sampling,,,AR,,,27.468418018494823,94.37347660678044,2014,,,,,,,Point
NEG2014_000012,0,negative_candidate,spatial_negative_sampling,,,AR,,,29.220741553381597,92.47564264642189,2014,,,,,,,Point
NEG2014_000013,0,negative_candidate,spatial_negative_sampling,,,AR,,,26.76033498775013,96.10193403994509,2014,,,,,,,Point
NEG2014_000014,0,negative_candidate,spatial_negative_sampling,,,AR,,,28.586702231929408,97.38630742354309,2014,,,,,,,Point
NEG2014_000015,0,negative_candidate,spatial_negative_sampling,,,AR,,,28.49411912775423,95.95575685154533,2014,,,,,,,Point
NEG2014_000016,0,negative_candidate,spatial_negative_sampling,,,AR,,,28.303152978493525,96.08062291732475,2014,,,,,,,Point
NEG2014_000017,0,negative_candidate,spatial_negative_sampling,,,AR,,,27.371643136642803,96.88188234617732,2014,,,,,,,Point
NEG2014_000018,0,negative_candidate,spatial_negative_sampling,,,AR,,,28.606249132022032,92.5474941184826,2014,,,,,,,Point
NEG2014_000019,0,negative_candidate,spatial_negative_sampling,,,AR,,,27.2164943397002,92.14140294392786,2014,,,,,,,Point
NEG2014_000020,0,negative_candidate,spatial_negative_sampling,,,AR,,,27.433457695132535,92.25476228224684,2014,,,,,,,Point
NEG2014_000021,0,negative_candidate,spatial_negative_sampling,,,AR,,,27.735823578151187,94.1314968860912,2014,,,,,,,Point
NEG2014_000022,0,negative_candidate,spatial_negative_sampling,,,AR,,,28.21397268621608,92.29727217656962,2014,,,,,,,Point
NEG2014_000023,0,negative_candidate,spatial_negative_sampling,,,AR,,,27.04433051288004,92.06708813473317,2014,,,,,,,Point
NEG2014_000024,0,negative_candidate,spatial_negative_sampling,,,AR,,,29.296988185659895,94.53030616340135,2014,,,,,,,Point
NEG2014_000025,0,negative_candidate,spatial_negative_sampling,,,AR,,,26.808128318238044,91.89872685326434,2014,,,,,,,Point
NEG2014_000026,0,negative_candidate,spatial_negative_sampling,,,AR,,,27.508503339536837,91.54117623910348,2014,,,,,,,Point
NEG2014_000027,0,negative_candidate,spatial_negative_sampling,,,AR,,,28.26802842826315,92.11463392969054,2014,,,,,,,Point
NEG2014_000028,0,negative_candidate,spatial_negative_sampling,,,AR,,,28.549502102868928,92.5243682286532,2014,,,,,,,Point
NEG2014_000029,0,negative_candidate,spatial_negative_sampling,,,AR,,,26.937033263057483,91.91275666116485,2014,,,,,,,Point
NEG2014_000030,0,negative_candidate,spatial_negative_sampling,,,AR,,,26.937757188998614,93.3088659678498,2014,,,,,,,Point
NEG2014_000031,0,negative_candidate,spatial_negative_sampling,,,AR,,,26.893817118390345,91.80631387592337,2014,,,,,,,Point
NEG2014_000032,0,negative_candidate,spatial_negative_sampling,,,AR,,,27.58155753476762,94.78409209114899,2014,,,,,,,Point
NEG2014_000033,0,negative_candidate,spatial_negative_sampling,,,AR,,,28.311602347134723,96.74829585294945,2014,,,,,,,Point
NEG2014_000034,0,negative_candidate,spatial_negative_sampling,,,AR,,,27.21249497039861,94.94427927919305,2014,,,,,,,Point
NEG2014_000035,0,negative_candidate,spatial_negative_sampling,,,AR,,,26.841811692065324,92.48250726930186,2014,,,,,,,Point
NEG2014_000036,0,negative_candidate,spatial_negative_sampling,,,AR,,,28.421515414142892,96.53372320401978,2014,,,,,,,Point
NEG2014_000037,0,negative_candidate,spatial_negative_sampling,,,AR,,,27.219187084070395,93.70002224903388,2014,,,,,,,Point
NEG2014_000038,0,negative_candidate,spatial_negative_sampling,,,AR,,,28.04742271191483,97.16418424918643,2014,,,,,,,Point
NEG2014_000039,0,negative_candidate,spatial_negative_sampling,,,AR,,,26.93239947924776,96.34571955920157,2014,,,,,,,Point
NEG2014_000040,0,negative_candidate,spatial_negative_sampling,,,AR,,,26.6610175154339,97.48051684038917,2014,,,,,,,Point
NEG2014_000041,0,negative_candidate,spatial_negative_sampling,,,AR,,,28.442172352555463,97.37223743285986,2014,,,,,,,Point
NEG2014_000042,0,negative_candidate,spatial_negative_sampling,,,AR,,,27.31578163954686,94.38541305661471,2014,,,,,,,Point
NEG2014_000043,0,negative_candidate,spatial_negative_sampling,,,AR,,,28.454911198844282,95.74944517032867,2014,,,,,,,Point
NEG2014_000044,0,negative_candidate,spatial_negative_sampling,,,AR,,,26.546881598084802,96.1479232144321,2014,,,,,,,Point
NEG2014_000045,0,negative_candidate,spatial_negative_sampling,,,AR,,,28.66204693446778,96.40802394268212,2014,,,,,,,Point
NEG2014_000046,0,negative_candidate,spatial_negative_sampling,,,AR,,,28.84612758289788,94.145044563254,2014,,,,,,,Point
NEG2014_000047,0,negative_candidate,spatial_negative_sampling,,,AR,,,28.202747048202333,95.53242985550955,2014,,,,,,,Point
NEG2014_000048,0,negative_candidate,spatial_negative_sampling,,,AR,,,27.336611721433883,91.54255668410521,2014,,,,,,,Point
NEG2014_000049,0,negative_candidate,spatial_negative_sampling,,,AR,,,27.34012415639071,97.16597646406578,2014,,,,,,,Point
NEG2014_000050,0,negative_candidate,spatial_negative_sampling,,,AR,,,28.419244826058083,92.67822184872254,2014,,,,,,,Point
NEG2014_000051,0,negative_candidate,spatial_negative_sampling,,,AR,,,26.57729272268472,96.81666929327602,2014,,,,,,,Point
NEG2014_000052,0,negative_candidate,spatial_negative_sampling,,,AR,,,27.060258168477937,94.04211021670008,2014,,,,,,,Point
NEG2014_000053,0,negative_candidate,spatial_negative_sampling,,,AR,,,27.80901067930094,92.35036865180382,2014,,,,,,,Point
NEG2014_000054,0,negative_candidate,spatial_negative_sampling,,,AR,,,28.889786565993596,96.60882495110366,2014,,,,,,,Point
NEG2014_000055,0,negative_candidate,spatial_negative_sampling,,,AR,,,26.625639470455628,95.30309190841145,2014,,,,,,,Point
NEG2014_000056,0,negative_candidate,spatial_negative_sampling,,,AR,,,28.209447808608004,93.15205163224168,2014,,,,,,,Point
NEG2014_000057,0,negative_candidate,spatial_negative_sampling,,,AR,,,27.51327975785558,92.58559794625651,2014,,,,,,,Point
NEG2014_000058,0,negative_candidate,spatial_negative_sampling,,,AR,,,28.423055055194748,92.1377202468878,2014,,,,,,,Point
NEG2014_000059,0,negative_candidate,spatial_negative_sampling,,,AR,,,27.664422645952072,96.08805237636689,2014,,,,,,,Point
NEG2014_000060,0,negative_candidate,spatial_negative_sampling,,,AR,,,28.55529973266774,91.84010449701725,2014,,,,,,,Point
NEG2014_000061,0,negative_candidate,spatial_negative_sampling,,,AR,,,28.482919358245574,94.10758423272814,2014,,,,,,,Point
NEG2014_000062,0,negative_candidate,spatial_negative_sampling,,,AR,,,28.663525060535314,95.84440862792042,2014,,,,,,,Point
NEG2014_000063,0,negative_candidate,spatial_negative_sampling,,,AR,,,29.206880736415876,92.79889721955108,2014,,,,,,,Point
NEG2014_000064,0,negative_candidate,spatial_negative_sampling,,,AR,,,29.14285375130533,96.41320575665299,2014,,,,,,,Point
NEG2014_000065,0,negative_candidate,spatial_negative_sampling,,,AR,,,28.623686197320215,96.43063012612593,2014,,,,,,,Point
NEG2014_000066,0,negative_candidate,spatial_negative_sampling,,,AR,,,29.171762715000575,96.17864803073171,2014,,,,,,,Point
NEG2014_000067,0,negative_candidate,spatial_negative_sampling,,,AR,,,27.344100152632056,93.04080836207922,2014,,,,,,,Point
NEG2014_000068,0,negative_candidate,spatial_negative_sampling,,,AR,,,26.607252888867023,92.68884628285042,2014,,,,,,,Point
NEG2014_000069,0,negative_candidate,spatial_negative_sampling,,,AR,,,28.78785450070665,96.14975928509067,2014,,,,,,,Point
NEG2014_000070,0,negative_candidate,spatial_negative_sampling,,,AR,,,29.462572324633275,92.01281608075772,2014,,,,,,,Point
NEG2014_000071,0,negative_candidate,spatial_negative_sampling,,,AR,,,29.393179005961972,95.06564016600574,2014,,,,,,,Point
NEG2014_000072,0,negative_candidate,spatial_negative_sampling,,,AR,,,29.284984566724795,91.75124258845653,2014,,,,,,,Point
NEG2014_000073,0,negative_candidate,spatial_negative_sampling,,,AR,,,27.02033317797922,91.84164055390293,2014,,,,,,,Point
NEG2014_000074,0,negative_candidate,spatial_negative_sampling,,,AR,,,29.40580752294625,97.01298807141967,2014,,,,,,,Point
NEG2014_000075,0,negative_candidate,spatial_negative_sampling,,,AR,,,29.095311043631682,95.00482234050713,2014,,,,,,,Point
NEG2014_000076,0,negative_candidate,spatial_negative_sampling,,,AR,,,28.061384330330092,92.61294818529316,2014,,,,,,,Point
NEG2014_000077,0,negative_candidate,spatial_negative_sampling,,,AR,,,27.39813865102563,95.13814449737573,2014,,,,,,,Point
NEG2014_000078,0,negative_candidate,spatial_negative_sampling,,,AR,,,27.37879955628575,94.94398441627008,2014,,,,,,,Point
NEG2014_000079,0,negative_candidate,spatial_negative_sampling,,,AR,,,27.420068946519397,95.12069012588307,2014,,,,,,,Point
NEG2014_000080,0,negative_candidate,spatial_negative_sampling,,,AR,,,28.770126855556367,96.4257403588939,2014,,,,,,,Point
NEG2014_000081,0,negative_candidate,spatial_negative_sampling,,,AR,,,28.597961347871436,92.32872493767213,2014,,,,,,,Point
NEG2014_000082,0,negative_candidate,spatial_negative_sampling,,,AR,,,29.400296313280222,95.30736589272166,2014,,,,,,,Point
NEG2014_000083,0,negative_candidate,spatial_negative_sampling,,,AR,,,28.444202207564878,97.20301095098515,2014,,,,,,,Point
NEG2014_000084,0,negative_candidate,spatial_negative_sampling,,,AR,,,28.083844915652293,94.037129971913,2014,,,,,,,Point
NEG2014_000085,0,negative_candidate,spatial_negative_sampling,,,AR,,,26.894170754647863,92.93042993104642,2014,,,,,,,Point
NEG2014_000086,0,negative_candidate,spatial_negative_sampling,,,AR,,,27.33673443911795,97.27220848934977,2014,,,,,,,Point
NEG2014_000087,0,negative_candidate,spatial_negative_sampling,,,AR,,,26.787907775389094,94.64934293164005,2014,,,,,,,Point
NEG2014_000088,0,negative_candidate,spatial_negative_sampling,,,AR,,,27.84734324507209,95.67581331174765,2014,,,,,,,Point
NEG2014_000089,0,negative_candidate,spatial_negative_sampling,,,AR,,,29.466644946143475,96.80993639702692,2014,,,,,,,Point
NEG2014_000090,0,negative_candidate,spatial_negative_sampling,,,AR,,,27.2476327682998,94.4453541658121,2014,,,,,,,Point
NEG2014_000091,0,negative_candidate,spatial_negative_sampling,,,AR,,,28.16017941604134,94.010987949033,2014,,,,,,,Point
NEG2014_000092,0,negative_candidate,spatial_negative_sampling,,,AR,,,27.13586437357568,91.60521561164384,2014,,,,,,,Point
NEG2014_000093,0,negative_candidate,spatial_negative_sampling,,,AR,,,28.059433739568696,97.42203977787173,2014,,,,,,,Point
NEG2014_000094,0,negative_candidate,spatial_negative_sampling,,,AR,,,27.58895955351687,93.66223426796951,2014,,,,,,,Point
NEG2014_000095,0,negative_candidate,spatial_negative_sampling,,,AR,,,27.64030231470702,97.2535714777541,2014,,,,,,,Point
NEG2014_000096,0,negative_candidate,spatial_negative_sampling,,,AR,,,28.155285935022974,92.16992156334744,2014,,,,,,,Point
NEG2014_000097,0,negative_candidate,spatial_negative_sampling,,,AR,,,26.690327915326435,94.65678108465548,2014,,,,,,,Point
NEG2014_000098,0,negative_candidate,spatial_negative_sampling,,,AR,,,28.381490662053018,93.5339444498529,2014,,,,,,,Point
NEG2014_000099,0,negative_candidate,spatial_negative_sampling,,,AR,,,26.943479434433513,94.86046787572567,2014,,,,,,,Point
NEG2014_000100,0,negative_candidate,spatial_negative_sampling,,,AR,,,28.388420336317242,92.46365867745128,2014,,,,,,,Point
NEG2014_000101,0,negative_candidate,spatial_negative_sampling,,,AR,,,28.906823931210795,92.39541249173108,2014,,,,,,,Point
NEG2014_000102,0,negative_candidate,spatial_negative_sampling,,,AR,,,28.05310163832665,94.65363632749201,2014,,,,,,,Point
NEG2014_000103,0,negative_candidate,spatial_negative_sampling,,,AR,,,26.901062522939466,94.39925403905723,2014,,,,,,,Point
NEG2014_000104,0,negative_candidate,spatial_negative_sampling,,,AR,,,27.37114712392455,93.28723021841829,2014,,,,,,,Point
NEG2014_000105,0,negative_candidate,spatial_negative_sampling,,,AR,,,28.793123513773,92.63207384328261,2014,,,,,,,Point
NEG2014_000106,0,negative_candidate,spatial_negative_sampling,,,AR,,,29.133812060024358,93.5994100416515,2014,,,,,,,Point
NEG2014_000107,0,negative_candidate,spatial_negative_sampling,,,AR,,,26.972380710042263,94.21733331032858,2014,,,,,,,Point
NEG2014_000108,0,negative_candidate,spatial_negative_sampling,,,AR,,,28.340139365491314,95.9546927368334,2014,,,,,,,Point
NEG2014_000109,0,negative_candidate,spatial_negative_sampling,,,AR,,,28.953505648523034,94.92400345284099,2014,,,,,,,Point
NEG2014_000110,0,negative_candidate,spatial_negative_sampling,,,AR,,,29.327506125656498,91.83980014019177,2014,,,,,,,Point
NEG2014_000111,0,negative_candidate,spatial_negative_sampling,,,AR,,,26.573034940475562,93.87317794029677,2014,,,,,,,Point
NEG2014_000112,0,negative_candidate,spatial_negative_sampling,,,AR,,,29.286052218237582,96.30007925998208,2014,,,,,,,Point
NEG2014_000113,0,negative_candidate,spatial_negative_sampling,,,AR,,,28.201227267086683,96.36328924401828,2014,,,,,,,Point
NEG2014_000114,0,negative_candidate,spatial_negative_sampling,,,AR,,,29.271265931821684,94.41992604137013,2014,,,,,,,Point
NEG2014_000115,0,negative_candidate,spatial_negative_sampling,,,AR,,,28.145827588379216,92.51137369332902,2014,,,,,,,Point
NEG2014_000116,0,negative_candidate,spatial_negative_sampling,,,AR,,,27.703862820593514,92.57971060208047,2014,,,,,,,Point
NEG2014_000117,0,negative_candidate,spatial_negative_sampling,,,AR,,,29.09580998095488,93.00909298036979,2014,,,,,,,Point
NEG2014_000118,0,negative_candidate,spatial_negative_sampling,,,AR,,,29.414914506888426,93.92134122895965,2014,,,,,,,Point
NEG2014_000119,0,negative_candidate,spatial_negative_sampling,,,AR,,,27.913243481640706,95.1102477022966,2014,,,,,,,Point
NEG2014_000120,0,negative_candidate,spatial_negative_sampling,,,AR,,,29.471591257126967,94.70149637274329,2014,,,,,,,Point
NEG2014_000121,0,negative_candidate,spatial_negative_sampling,,,AR,,,27.616188874281587,91.69658499793532,2014,,,,,,,Point
NEG2014_000122,0,negative_candidate,spatial_negative_sampling,,,AR,,,27.98702424151189,95.14237534258413,2014,,,,,,,Point
NEG2014_000123,0,negative_candidate,spatial_negative_sampling,,,AR,,,28.18352839744585,94.21007580173583,2014,,,,,,,Point
NEG2014_000124,0,negative_candidate,spatial_negative_sampling,,,AR,,,27.643309467603324,96.57497254483673,2014,,,,,,,Point
NEG2014_000125,0,negative_candidate,spatial_negative_sampling,,,AR,,,29.086563194180783,95.58574468497424,2014,,,,,,,Point
NEG2014_000126,0,negative_candidate,spatial_negative_sampling,,,AR,,,27.419965756024858,94.80039934030648,2014,,,,,,,Point
NEG2014_000127,0,negative_candidate,spatial_negative_sampling,,,AR,,,28.60165410185627,92.32533831889687,2014,,,,,,,Point
NEG2014_000128,0,negative_candidate,spatial_negative_sampling,,,AR,,,27.92838677007807,95.2131444895385,2014,,,,,,,Point
NEG2014_000129,0,negative_candidate,spatial_negative_sampling,,,AR,,,26.549910743073145,93.87263461837397,2014,,,,,,,Point
NEG2014_000130,0,negative_candidate,spatial_negative_sampling,,,AR,,,28.962984104564796,94.58996719857963,2014,,,,,,,Point
NEG2014_000131,0,negative_candidate,spatial_negative_sampling,,,AR,,,26.531217263841352,94.80164605924722,2014,,,,,,,Point
NEG2014_000132,0,negative_candidate,spatial_negative_sampling,,,AR,,,28.822328822995516,91.73089674579542,2014,,,,,,,Point
NEG2014_000133,0,negative_candidate,spatial_negative_sampling,,,AR,,,28.277236546406364,92.92464193713161,2014,,,,,,,Point
NEG2014_000134,0,negative_candidate,spatial_negative_sampling,,,AR,,,28.088469374980086,94.65496891251743,2014,,,,,,,Point
NEG2014_000135,0,negative_candidate,spatial_negative_sampling,,,AR,,,27.997291458668847,95.47466577272837,2014,,,,,,,Point
NEG2014_000136,0,negative_candidate,spatial_negative_sampling,,,AR,,,29.3338973513866,94.5115621728992,2014,,,,,,,Point
NEG2014_000137,0,negative_candidate,spatial_negative_sampling,,,AR,,,29.264318591730643,92.35076037168609,2014,,,,,,,Point
NEG2014_000138,0,negative_candidate,spatial_negative_sampling,,,AR,,,26.50351970319498,93.41454978286927,2014,,,,,,,Point
NEG2014_000139,0,negative_candidate,spatial_negative_sampling,,,AR,,,27.38321150597604,91.6848216151872,2014,,,,,,,Point
NEG2014_000140,0,negative_candidate,spatial_negative_sampling,,,AR,,,27.906458731375146,94.04359000175616,2014,,,,,,,Point
NEG2014_000141,0,negative_candidate,spatial_negative_sampling,,,AR,,,26.98408000540273,91.73358236938394,2014,,,,,,,Point
NEG2014_000142,0,negative_candidate,spatial_negative_sampling,,,AR,,,26.853921748220948,97.08698857633277,2014,,,,,,,Point
NEG2014_000143,0,negative_candidate,spatial_negative_sampling,,,AR,,,27.435411951471202,92.72039236037777,2014,,,,,,,Point
NEG2014_000144,0,negative_candidate,spatial_negative_sampling,,,AR,,,26.587193668121955,92.61013635947158,2014,,,,,,,Point
NEG2014_000145,0,negative_candidate,spatial_negative_sampling,,,AR,,,27.716332790436716,93.57093273342883,2014,,,,,,,Point
NEG2014_000146,0,negative_candidate,spatial_negative_sampling,,,AR,,,28.665965616962552,96.80852977168107,2014,,,,,,,Point
NEG2014_000147,0,negative_candidate,spatial_negative_sampling,,,AR,,,27.758484455495967,97.21856708001312,2014,,,,,,,Point
NEG2014_000148,0,negative_candidate,spatial_negative_sampling,,,AR,,,27.853779301134217,94.96262603533032,2014,,,,,,,Point
NEG2014_000149,0,negative_candidate,spatial_negative_sampling,,,AR,,,28.289515406445958,96.76186144853136,2014,,,,,,,Point
NEG2014_000150,0,negative_candidate,spatial_negative_sampling,,,AR,,,28.334007429294942,94.9554096556778,2014,,,,,,,Point
NEG2014_000151,0,negative_candidate,spatial_negative_sampling,,,AR,,,28.283697003244725,97.35512371136076,2014,,,,,,,Point
NEG2014_000152,0,negative_candidate,spatial_negative_sampling,,,AR,,,28.653709099746536,97.36040530804625,2014,,,,,,,Point
NEG2014_000153,0,negative_candidate,spatial_negative_sampling,,,AR,,,27.069289073559325,93.81200197293803,2014,,,,,,,Point
NEG2014_000154,0,negative_candidate,spatial_negative_sampling,,,AR,,,28.443798128770332,92.08587777792664,2014,,,,,,,Point
NEG2014_000155,0,negative_candidate,spatial_negative_sampling,,,AR,,,27.474759592734443,97.4392739530898,2014,,,,,,,Point
NEG2014_000156,0,negative_candidate,spatial_negative_sampling,,,AR,,,27.748166208410474,92.70281729590866,2014,,,,,,,Point
NEG2014_000157,0,negative_candidate,spatial_negative_sampling,,,AR,,,26.909024442946013,92.06723559905673,2014,,,,,,,Point
NEG2014_000158,0,negative_candidate,spatial_negative_sampling,,,AR,,,27.43121892593455,93.24509008715253,2014,,,,,,,Point
NEG2014_000159,0,negative_candidate,spatial_negative_sampling,,,AR,,,28.83920035513331,96.2788414872495,2014,,,,,,,Point
NEG2014_000160,0,negative_candidate,spatial_negative_sampling,,,AR,,,28.22437498562713,91.77691821235143,2014,,,,,,,Point
NEG2014_000161,0,negative_candidate,spatial_negative_sampling,,,AR,,,27.268683248731683,92.91376846589687,2014,,,,,,,Point
NEG2014_000162,0,negative_candidate,spatial_negative_sampling,,,AR,,,27.939138682961254,92.99469786671472,2014,,,,,,,Point
NEG2014_000163,0,negative_candidate,spatial_negative_sampling,,,AR,,,26.51697982093417,95.5052534909257,2014,,,,,,,Point
NEG2014_000164,0,negative_candidate,spatial_negative_sampling,,,AR,,,27.206518991276656,95.41624494041315,2014,,,,,,,Point
NEG2014_000165,0,negative_candidate,spatial_negative_sampling,,,AR,,,28.53231811866811,94.8166361488314,2014,,,,,,,Point
NEG2014_000166,0,negative_candidate,spatial_negative_sampling,,,AR,,,27.09221811020827,95.30344249992076,2014,,,,,,,Point
NEG2014_000167,0,negative_candidate,spatial_negative_sampling,,,AR,,,28.955490093951862,96.39586867858453,2014,,,,,,,Point
NEG2014_000168,0,negative_candidate,spatial_negative_sampling,,,AR,,,26.58171873822273,95.40847844875228,2014,,,,,,,Point
NEG2014_000169,0,negative_candidate,spatial_negative_sampling,,,AR,,,29.32556841732021,96.48050042254926,2014,,,,,,,Point
NEG2014_000170,0,negative_candidate,spatial_negative_sampling,,,AR,,,26.821318086084005,91.94855939568858,2014,,,,,,,Point
NEG2014_000171,0,negative_candidate,spatial_negative_sampling,,,AR,,,28.574570832827778,94.32466326518659,2014,,,,,,,Point
NEG2014_000172,0,negative_candidate,spatial_negative_sampling,,,AR,,,28.994933419446543,97.22751666124876,2014,,,,,,,Point
NEG2014_000173,0,negative_candidate,spatial_negative_sampling,,,AR,,,29.121071221744327,92.98665259152204,2014,,,,,,,Point
NEG2014_000174,0,negative_candidate,spatial_negative_sampling,,,AR,,,28.78518665068243,96.21948466154035,2014,,,,,,,Point
NEG2014_000175,0,negative_candidate,spatial_negative_sampling,,,AR,,,27.508843295142874,96.30562196359908,2014,,,,,,,Point
NEG2014_000176,0,negative_candidate,spatial_negative_sampling,,,AR,,,28.125563788503356,93.07392485706792,2014,,,,,,,Point
NEG2014_000177,0,negative_candidate,spatial_negative_sampling,,,AR,,,28.64978226250828,92.5985555129336,2014,,,,,,,Point
NEG2014_000178,0,negative_candidate,spatial_negative_sampling,,,AR,,,27.884038905553478,96.08745862640899,2014,,,,,,,Point
NEG2014_000179,0,negative_candidate,spatial_negative_sampling,,,AR,,,26.55566399368849,93.5137264847011,2014,,,,,,,Point
NEG2014_000180,0,negative_candidate,spatial_negative_sampling,,,AR,,,28.647835057152566,91.82352789242454,2014,,,,,,,Point
NEG2014_000181,0,negative_candidate,spatial_negative_sampling,,,AR,,,27.927481648258752,93.2614868998334,2014,,,,,,,Point
NEG2014_000182,0,negative_candidate,spatial_negative_sampling,,,AR,,,28.67517557285755,91.93944776466175,2014,,,,,,,Point
NEG2014_000183,0,negative_candidate,spatial_negative_sampling,,,AR,,,26.90390485034736,95.89490121460338,2014,,,,,,,Point
NEG2014_000184,0,negative_candidate,spatial_negative_sampling,,,AR,,,28.177669920450587,94.32786546077939,2014,,,,,,,Point
NEG2014_000185,0,negative_candidate,spatial_negative_sampling,,,AR,,,26.77964182713028,97.21948118951319,2014,,,,,,,Point
NEG2014_000186,0,negative_candidate,spatial_negative_sampling,,,AR,,,28.85032697565165,95.1288475668943,2014,,,,,,,Point
NEG2014_000187,0,negative_candidate,spatial_negative_sampling,,,AR,,,27.343956111670465,96.80246070507086,2014,,,,,,,Point
NEG2014_000188,0,negative_candidate,spatial_negative_sampling,,,AR,,,27.012928046834933,91.86647789420667,2014,,,,,,,Point
NEG2014_000189,0,negative_candidate,spatial_negative_sampling,,,AR,,,26.511714576770235,94.44111727939902,2014,,,,,,,Point
NEG2014_000190,0,negative_candidate,spatial_negative_sampling,,,AR,,,28.347498920333468,93.73250252291864,2014,,,,,,,Point
NEG2014_000191,0,negative_candidate,spatial_negative_sampling,,,AR,,,26.942704014587484,91.70828190554057,2014,,,,,,,Point
NEG2014_000192,0,negative_candidate,spatial_negative_sampling,,,AR,,,29.04247959650359,95.51530620168064,2014,,,,,,,Point
NEG2014_000193,0,negative_candidate,spatial_negative_sampling,,,AR,,,27.47358523670005,93.38566147919649,2014,,,,,,,Point
NEG2014_000194,0,negative_candidate,spatial_negative_sampling,,,AR,,,26.662307766666043,92.64184394224854,2014,,,,,,,Point
NEG2014_000195,0,negative_candidate,spatial_negative_sampling,,,AR,,,28.127570484601733,97.37525776534008,2014,,,,,,,Point
NEG2014_000196,0,negative_candidate,spatial_negative_sampling,,,AR,,,26.924619182611263,92.64238131610884,2014,,,,,,,Point
NEG2014_000197,0,negative_candidate,spatial_negative_sampling,,,AR,,,29.440996807415047,92.12782335492106,2014,,,,,,,Point
NEG2014_000198,0,negative_candidate,spatial_negative_sampling,,,AR,,,27.193500736828778,92.23699822838027,2014,,,,,,,Point
NEG2014_000199,0,negative_candidate,spatial_negative_sampling,,,AR,,,28.599730134359962,93.85414438918306,2014,,,,,,,Point
NEG2014_000200,0,negative_candidate,spatial_negative_sampling,,,AR,,,28.710671155626812,96.37315913551029,2014,,,,,,,Point
NEG2014_000201,0,negative_candidate,spatial_negative_sampling,,,AR,,,26.940919381672852,94.11742984316112,2014,,,,,,,Point
NEG2014_000202,0,negative_candidate,spatial_negative_sampling,,,AR,,,28.164639393191518,97.2617867302163,2014,,,,,,,Point
NEG2014_000203,0,negative_candidate,spatial_negative_sampling,,,AR,,,27.06928334482369,91.98162864005886,2014,,,,,,,Point
NEG2014_000204,0,negative_candidate,spatial_negative_sampling,,,AR,,,28.04385827742596,93.01143306901736,2014,,,,,,,Point
NEG2014_000205,0,negative_candidate,spatial_negative_sampling,,,AR,,,29.046120624961347,92.1070744966858,2014,,,,,,,Point
NEG2014_000206,0,negative_candidate,spatial_negative_sampling,,,AR,,,28.460535678706993,94.24935284282081,2014,,,,,,,Point
NEG2014_000207,0,negative_candidate,spatial_negative_sampling,,,AR,,,26.859525710585093,93.59028197399259,2014,,,,,,,Point
NEG2014_000208,0,negative_candidate,spatial_negative_sampling,,,AR,,,28.325771056743633,92.02342900600351,2014,,,,,,,Point
NEG2014_000209,0,negative_candidate,spatial_negative_sampling,,,AR,,,28.23909862266906,93.57791931407971,2014,,,,,,,Point
NEG2014_000210,0,negative_candidate,spatial_negative_sampling,,,AR,,,26.60673949874462,96.10062931996319,2014,,,,,,,Point
NEG2014_000211,0,negative_candidate,spatial_negative_sampling,,,AR,,,26.967601606297386,91.77759802004243,2014,,,,,,,Point
NEG2014_000212,0,negative_candidate,spatial_negative_sampling,,,AR,,,28.88022647564174,94.53813051526953,2014,,,,,,,Point
NEG2014_000213,0,negative_candidate,spatial_negative_sampling,,,AR,,,26.902956652715172,91.61734361490645,2014,,,,,,,Point
NEG2014_000214,0,negative_candidate,spatial_negative_sampling,,,AR,,,26.687844178536253,96.61090238179202,2014,,,,,,,Point
NEG2014_000215,0,negative_candidate,spatial_negative_sampling,,,AR,,,27.57836144506191,96.8049578953279,2014,,,,,,,Point
NEG2014_000216,0,negative_candidate,spatial_negative_sampling,,,AR,,,28.496584253694074,94.38246096576135,2014,,,,,,,Point
NEG2014_000217,0,negative_candidate,spatial_negative_sampling,,,AR,,,26.786421584393313,94.0707479447637,2014,,,,,,,Point
NEG2014_000218,0,negative_candidate,spatial_negative_sampling,,,AR,,,28.585765291387755,96.34374469006832,2014,,,,,,,Point
NEG2014_000219,0,negative_candidate,spatial_negative_sampling,,,AR,,,28.482442916449486,92.74063511841415,2014,,,,,,,Point
NEG2014_000220,0,negative_candidate,spatial_negative_sampling,,,AR,,,26.784225814704133,92.62731266156034,2014,,,,,,,Point
NEG2014_000221,0,negative_candidate,spatial_negative_sampling,,,AR,,,27.687763956159174,96.53039108709129,2014,,,,,,,Point
NEG2014_000222,0,negative_candidate,spatial_negative_sampling,,,AR,,,28.34721663720049,92.10780746412438,2014,,,,,,,Point
NEG2014_000223,0,negative_candidate,spatial_negative_sampling,,,AR,,,27.46970405847477,92.94978864564378,2014,,,,,,,Point
NEG2014_000224,0,negative_candidate,spatial_negative_sampling,,,AR,,,26.883022529461055,96.5554488381992,2014,,,,,,,Point
NEG2014_000225,0,negative_candidate,spatial_negative_sampling,,,AR,,,27.058379093053723,95.57859049049141,2014,,,,,,,Point
NEG2014_000226,0,negative_candidate,spatial_negative_sampling,,,AR,,,27.467325265186698,93.27675922248143,2014,,,,,,,Point
NEG2014_000227,0,negative_candidate,spatial_negative_sampling,,,AR,,,29.12026524333055,94.12004260069943,2014,,,,,,,Point
NEG2014_000228,0,negative_candidate,spatial_negative_sampling,,,AR,,,26.753603782583323,92.99121432381864,2014,,,,,,,Point
NEG2014_000229,0,negative_candidate,spatial_negative_sampling,,,AR,,,27.85032171907135,94.91706582868117,2014,,,,,,,Point
NEG2014_000230,0,negative_candidate,spatial_negative_sampling,,,AR,,,29.053399861786243,96.7810473373633,2014,,,,,,,Point
NEG2014_000231,0,negative_candidate,spatial_negative_sampling,,,AR,,,27.656891010183013,94.70228879432638,2014,,,,,,,Point
NEG2014_000232,0,negative_candidate,spatial_negative_sampling,,,AR,,,27.97355663594672,92.57694230335426,2014,,,,,,,Point
NEG2014_000233,0,negative_candidate,spatial_negative_sampling,,,AR,,,26.759223045082443,97.33700861304324,2014,,,,,,,Point
NEG2014_000234,0,negative_candidate,spatial_negative_sampling,,,AR,,,26.634134029401405,93.41862272479219,2014,,,,,,,Point
NEG2014_000235,0,negative_candidate,spatial_negative_sampling,,,AR,,,26.694040737249917,93.0216018289821,2014,,,,,,,Point
NEG2014_000236,0,negative_candidate,spatial_negative_sampling,,,AR,,,27.68050556339013,96.4227706511892,2014,,,,,,,Point
NEG2014_000237,0,negative_candidate,spatial_negative_sampling,,,AR,,,26.9207325635819,92.84923578689298,2014,,,,,,,Point
NEG2014_000238,0,negative_candidate,spatial_negative_sampling,,,AR,,,28.546678983837566,97.20658110033999,2014,,,,,,,Point
NEG2014_000239,0,negative_candidate,spatial_negative_sampling,,,AR,,,28.562930619693162,96.13385150925556,2014,,,,,,,Point
NEG2014_000240,0,negative_candidate,spatial_negative_sampling,,,AR,,,27.830563055890938,96.20601997820657,2014,,,,,,,Point
NEG2014_000241,0,negative_candidate,spatial_negative_sampling,,,AR,,,27.05086034768974,95.06767484028377,2014,,,,,,,Point
NEG2014_000242,0,negative_candidate,spatial_negative_sampling,,,AR,,,26.635963234488287,91.8273254344873,2014,,,,,,,Point
NEG2014_000243,0,negative_candidate,spatial_negative_sampling,,,AR,,,26.529103112265986,95.50196410388796,2014,,,,,,,Point
NEG2014_000244,0,negative_candidate,spatial_negative_sampling,,,AR,,,27.06325096929032,96.51909804534553,2014,,,,,,,Point
NEG2014_000245,0,negative_candidate,spatial_negative_sampling,,,AR,,,27.552001926557068,96.69459159184657,2014,,,,,,,Point
NEG2014_000246,0,negative_candidate,spatial_negative_sampling,,,AR,,,27.73805302217067,92.39804205363896,2014,,,,,,,Point
NEG2014_000247,0,negative_candidate,spatial_negative_sampling,,,AR,,,26.64355375102804,97.30004481055616,2014,,,,,,,Point
NEG2014_000248,0,negative_candidate,spatial_negative_sampling,,,AR,,,29.3623763347985,91.56679023509113,2014,,,,,,,Point
NEG2014_000249,0,negative_candidate,spatial_negative_sampling,,,AR,,,27.5324701082039,92.72565008269065,2014,,,,,,,Point
NEG2014_000250,0,negative_candidate,spatial_negative_sampling,,,AR,,,26.925677241666747,94.78224933901919,2014,,,,,,,Point
NEG2014_000251,0,negative_candidate,spatial_negative_sampling,,,AR,,,27.623149628645496,96.98965879238187,2014,,,,,,,Point
NEG2014_000252,0,negative_candidate,spatial_negative_sampling,,,AR,,,27.922090519787798,95.3167609832293,2014,,,,,,,Point
NEG2014_000253,0,negative_candidate,spatial_negative_sampling,,,AR,,,26.934796697289975,91.7078766578271,2014,,,,,,,Point
NEG2014_000254,0,negative_candidate,spatial_negative_sampling,,,AR,,,28.905060036002265,93.80055737841532,2014,,,,,,,Point
NEG2014_000255,0,negative_candidate,spatial_negative_sampling,,,AR,,,29.39678920244919,96.07157433522885,2014,,,,,,,Point
NEG2014_000256,0,negative_candidate,spatial_negative_sampling,,,AR,,,27.395755032999418,94.49925919724966,2014,,,,,,,Point
NEG2014_000257,0,negative_candidate,spatial_negative_sampling,,,AR,,,27.38747371715231,97.06790689005616,2014,,,,,,,Point
NEG2014_000258,0,negative_candidate,spatial_negative_sampling,,,AR,,,29.41394052317393,95.44504473945516,2014,,,,,,,Point
NEG2014_000259,0,negative_candidate,spatial_negative_sampling,,,AR,,,27.91187671101109,93.91785578394375,2014,,,,,,,Point
NEG2014_000260,0,negative_candidate,spatial_negative_sampling,,,AR,,,27.567448861307767,96.57835132786356,2014,,,,,,,Point
NEG2014_000261,0,negative_candidate,spatial_negative_sampling,,,AR,,,27.776134835922456,94.08824317621776,2014,,,,,,,Point
NEG2014_000262,0,negative_candidate,spatial_negative_sampling,,,AR,,,27.001805240338687,95.20539283760269,2014,,,,,,,Point
NEG2014_000263,0,negative_candidate,spatial_negative_sampling,,,AR,,,27.680472508892358,96.04816926949773,2014,,,,,,,Point
NEG2014_000264,0,negative_candidate,spatial_negative_sampling,,,AR,,,28.816152700266862,92.62314672021263,2014,,,,,,,Point
NEG2014_000265,0,negative_candidate,spatial_negative_sampling,,,AR,,,27.826467376078163,95.57957081927708,2014,,,,,,,Point
NEG2014_000266,0,negative_candidate,spatial_negative_sampling,,,AR,,,29.380465660246536,95.80712950690177,2014,,,,,,,Point
NEG2014_000267,0,negative_candidate,spatial_negative_sampling,,,AR,,,26.782020897197263,94.41084412136352,2014,,,,,,,Point
NEG2014_000268,0,negative_candidate,spatial_negative_sampling,,,AR,,,28.415860751898794,94.42940854249343,2014,,,,,,,Point
NEG2014_000269,0,negative_candidate,spatial_negative_sampling,,,AR,,,27.87903609939254,95.0599969792566,2014,,,,,,,Point
NEG2014_000270,0,negative_candidate,spatial_negative_sampling,,,AR,,,28.56491166160889,93.87358990683666,2014,,,,,,,Point
NEG2014_000271,0,negative_candidate,spatial_negative_sampling,,,AR,,,27.74940082243585,96.02213576336372,2014,,,,,,,Point
NEG2014_000272,0,negative_candidate,spatial_negative_sampling,,,AR,,,28.145810360293417,92.84511358605965,2014,,,,,,,Point
NEG2014_000273,0,negative_candidate,spatial_negative_sampling,,,AR,,,26.87117356204152,97.20035844043854,2014,,,,,,,Point
NEG2014_000274,0,negative_candidate,spatial_negative_sampling,,,AR,,,27.099634798518817,93.0144879790153,2014,,,,,,,Point
NEG2014_000275,0,negative_candidate,spatial_negative_sampling,,,AR,,,28.15074223691808,97.05206695630082,2014,,,,,,,Point
NEG2014_000276,0,negative_candidate,spatial_negative_sampling,,,AR,,,29.147019788071265,96.45743551889471,2014,,,,,,,Point
NEG2014_000277,0,negative_candidate,spatial_negative_sampling,,,AR,,,26.686878993203848,96.60340679707994,2014,,,,,,,Point
NEG2014_000278,0,negative_candidate,spatial_negative_sampling,,,AR,,,28.975499919305253,95.26749564282169,2014,,,,,,,Point
NEG2014_000279,0,negative_candidate,spatial_negative_sampling,,,AR,,,26.884510886887092,97.02350144951494,2014,,,,,,,Point
NEG2014_000280,0,negative_candidate,spatial_negative_sampling,,,AR,,,27.302578940252335,93.49366704846896,2014,,,,,,,Point
NEG2014_000281,0,negative_candidate,spatial_negative_sampling,,,AR,,,29.174435780666748,93.13789944100937,2014,,,,,,,Point
NEG2014_000282,0,negative_candidate,spatial_negative_sampling,,,AR,,,28.989126311398046,97.38232482565864,2014,,,,,,,Point
NEG2014_000283,0,negative_candidate,spatial_negative_sampling,,,AR,,,27.54347836668475,95.92746580970648,2014,,,,,,,Point
NEG2014_000284,0,negative_candidate,spatial_negative_sampling,,,AR,,,28.3123306114403,91.58259286317582,2014,,,,,,,Point
NEG2014_000285,0,negative_candidate,spatial_negative_sampling,,,AR,,,27.87302884186414,91.65255272798927,2014,,,,,,,Point
NEG2014_000286,0,negative_candidate,spatial_negative_sampling,,,AR,,,28.020734771374897,93.80652575972168,2014,,,,,,,Point
NEG2014_000287,0,negative_candidate,spatial_negative_sampling,,,AR,,,27.283342843290303,91.65848714908584,2014,,,,,,,Point
NEG2014_000288,0,negative_candidate,spatial_negative_sampling,,,AR,,,28.809073362449617,92.00821786041688,2014,,,,,,,Point
NEG2014_000289,0,negative_candidate,spatial_negative_sampling,,,AR,,,29.259574071686522,96.6967221171652,2014,,,,,,,Point
NEG2014_000290,0,negative_candidate,spatial_negative_sampling,,,AR,,,29.30681895311037,92.29620874824553,2014,,,,,,,Point
NEG2014_000291,0,negative_candidate,spatial_negative_sampling,,,AR,,,26.526064563189458,92.86725507976946,2014,,,,,,,Point
NEG2014_000292,0,negative_candidate,spatial_negative_sampling,,,AR,,,28.191144711191924,95.09060631039779,2014,,,,,,,Point
NEG2014_000293,0,negative_candidate,spatial_negative_sampling,,,AR,,,29.191217933888268,92.88342025952572,2014,,,,,,,Point
NEG2014_000294,0,negative_candidate,spatial_negative_sampling,,,AR,,,27.095025183608417,95.75802797956332,2014,,,,,,,Point
NEG2014_000295,0,negative_candidate,spatial_negative_sampling,,,AR,,,29.010402561487847,96.21425038972578,2014,,,,,,,Point
NEG2014_000296,0,negative_candidate,spatial_negative_sampling,,,AR,,,28.83207922834131,94.96364734231744,2014,,,,,,,Point
NEG2014_000297,0,negative_candidate,spatial_negative_sampling,,,AR,,,26.75277019693261,95.10480194346827,2014,,,,,,,Point
NEG2014_000298,0,negative_candidate,spatial_negative_sampling,,,AR,,,26.825521126263165,96.56307827264303,2014,,,,,,,Point
NEG2014_000299,0,negative_candidate,spatial_negative_sampling,,,AR,,,26.65711941518498,94.9935520494803,2014,,,,,,,Point
NEG2014_000300,0,negative_candidate,spatial_negative_sampling,,,AR,,,28.586796008168363,92.84487146782536,2014,,,,,,,Point
NEG2014_000301,0,negative_candidate,spatial_negative_sampling,,,AR,,,27.30655608805329,94.9726297166899,2014,,,,,,,Point
NEG2014_000302,0,negative_candidate,spatial_negative_sampling,,,AR,,,28.890437053548517,97.30313648626802,2014,,,,,,,Point
NEG2014_000303,0,negative_candidate,spatial_negative_sampling,,,AR,,,28.406445671896154,93.09744627662309,2014,,,,,,,Point
NEG2014_000304,0,negative_candidate,spatial_negative_sampling,,,AR,,,26.729927652867136,92.72916116627113,2014,,,,,,,Point
NEG2014_000305,0,negative_candidate,spatial_negative_sampling,,,AR,,,27.532378032398352,94.88891302618359,2014,,,,,,,Point
NEG2014_000306,0,negative_candidate,spatial_negative_sampling,,,AR,,,29.44056500423428,95.64134302893619,2014,,,,,,,Point
NEG2014_000307,0,negative_candidate,spatial_negative_sampling,,,AR,,,28.336252916329002,91.85057444397329,2014,,,,,,,Point
NEG2014_000308,0,negative_candidate,spatial_negative_sampling,,,AR,,,28.171637934212992,94.32325720542046,2014,,,,,,,Point
NEG2014_000309,0,negative_candidate,spatial_negative_sampling,,,AR,,,28.43560349469133,94.63675428024625,2014,,,,,,,Point
NEG2014_000310,0,negative_candidate,spatial_negative_sampling,,,AR,,,26.5428993615262,97.23275596723266,2014,,,,,,,Point
NEG2014_000311,0,negative_candidate,spatial_negative_sampling,,,AR,,,27.73853197438688,97.43210102696465,2014,,,,,,,Point
NEG2014_000312,0,negative_candidate,spatial_negative_sampling,,,AR,,,26.92933158613108,97.34552904629878,2014,,,,,,,Point
NEG2014_000313,0,negative_candidate,spatial_negative_sampling,,,AR,,,28.2027157751144,97.37005308144934,2014,,,,,,,Point
NEG2014_000314,0,negative_candidate,spatial_negative_sampling,,,AR,,,28.36804774450288,93.51079992020404,2014,,,,,,,Point
NEG2014_000315,0,negative_candidate,spatial_negative_sampling,,,AR,,,29.383095807651646,92.84750391974221,2014,,,,,,,Point
NEG2014_000316,0,negative_candidate,spatial_negative_sampling,,,AR,,,27.428308330418037,93.82903062047473,2014,,,,,,,Point
NEG2014_000317,0,negative_candidate,spatial_negative_sampling,,,AR,,,29.202393080587207,95.3180273346065,2014,,,,,,,Point
NEG2014_000318,0,negative_candidate,spatial_negative_sampling,,,AR,,,29.063142366067268,96.04415071359819,2014,,,,,,,Point
NEG2014_000319,0,negative_candidate,spatial_negative_sampling,,,AR,,,29.334189056561517,93.65370619872259,2014,,,,,,,Point
NEG2014_000320,0,negative_candidate,spatial_negative_sampling,,,AR,,,27.512369524892375,93.21125947679931,2014,,,,,,,Point
NEG2014_000321,0,negative_candidate,spatial_negative_sampling,,,AR,,,28.339640608208708,94.30274813877833,2014,,,,,,,Point
NEG2014_000322,0,negative_candidate,spatial_negative_sampling,,,AR,,,28.724445316713243,94.0585724238037,2014,,,,,,,Point
NEG2014_000323,0,negative_candidate,spatial_negative_sampling,,,AR,,,28.54219595393896,94.1078513647013,2014,,,,,,,Point
NEG2014_000324,0,negative_candidate,spatial_negative_sampling,,,AR,,,27.012067108878224,96.08034645340945,2014,,,,,,,Point
NEG2014_000325,0,negative_candidate,spatial_negative_sampling,,,AR,,,26.647694561242677,92.55376610503943,2014,,,,,,,Point
NEG2014_000326,0,negative_candidate,spatial_negative_sampling,,,AR,,,29.06552381121504,96.14973256424253,2014,,,,,,,Point
NEG2014_000327,0,negative_candidate,spatial_negative_sampling,,,AR,,,29.036631898924362,94.50976682694298,2014,,,,,,,Point
NEG2014_000328,0,negative_candidate,spatial_negative_sampling,,,AR,,,26.703676460482757,97.23941882751495,2014,,,,,,,Point
NEG2014_000329,0,negative_candidate,spatial_negative_sampling,,,AR,,,26.685719746831097,95.42915871633897,2014,,,,,,,Point
NEG2014_000330,0,negative_candidate,spatial_negative_sampling,,,AR,,,28.019135149818787,97.45706457289953,2014,,,,,,,Point
NEG2014_000331,0,negative_candidate,spatial_negative_sampling,,,AR,,,27.503567141240097,94.55973709146117,2014,,,,,,,Point
NEG2014_000332,0,negative_candidate,spatial_negative_sampling,,,AR,,,27.503450150517395,96.3866866323262,2014,,,,,,,Point
NEG2014_000333,0,negative_candidate,spatial_negative_sampling,,,AR,,,27.63519821225355,93.56347356128275,2014,,,,,,,Point
NEG2014_000334,0,negative_candidate,spatial_negative_sampling,,,AR,,,26.947873856402904,93.27379993775476,2014,,,,,,,Point
NEG2014_000335,0,negative_candidate,spatial_negative_sampling,,,AR,,,27.412457941166053,92.69990019957443,2014,,,,,,,Point
NEG2014_000336,0,negative_candidate,spatial_negative_sampling,,,AR,,,28.101169342566962,96.13123959512357,2014,,,,,,,Point
NEG2014_000337,0,negative_candidate,spatial_negative_sampling,,,AR,,,28.514342771012476,93.64133849789305,2014,,,,,,,Point
NEG2014_000338,0,negative_candidate,spatial_negative_sampling,,,AR,,,29.265824013675168,93.55213413015161,2014,,,,,,,Point
NEG2014_000339,0,negative_candidate,spatial_negative_sampling,,,AR,,,26.81259569745277,93.79018987835305,2014,,,,,,,Point
NEG2014_000340,0,negative_candidate,spatial_negative_sampling,,,AR,,,29.14137882957946,94.77859554360462,2014,,,,,,,Point
NEG2014_000341,0,negative_candidate,spatial_negative_sampling,,,AR,,,27.587529798255087,97.1172262417207,2014,,,,,,,Point
NEG2014_000342,0,negative_candidate,spatial_negative_sampling,,,AR,,,26.526620919584634,93.79574399738524,2014,,,,,,,Point
NEG2014_000343,0,negative_candidate,spatial_negative_sampling,,,AR,,,29.052832599425994,92.49007472703065,2014,,,,,,,Point
NEG2014_000344,0,negative_candidate,spatial_negative_sampling,,,AR,,,29.288811652143572,95.13839048274566,2014,,,,,,,Point
NEG2014_000345,0,negative_candidate,spatial_negative_sampling,,,AR,,,27.17951919458933,93.44649561726929,2014,,,,,,,Point
NEG2014_000346,0,negative_candidate,spatial_negative_sampling,,,AR,,,27.36342468032313,93.425027074915,2014,,,,,,,Point
NEG2014_000347,0,negative_candidate,spatial_negative_sampling,,,AR,,,28.81070496118758,91.72507886695138,2014,,,,,,,Point
NEG2014_000348,0,negative_candidate,spatial_negative_sampling,,,AR,,,28.365382432083276,97.29571349639829,2014,,,,,,,Point
NEG2014_000349,0,negative_candidate,spatial_negative_sampling,,,AR,,,28.495243774211392,97.18487179154143,2014,,,,,,,Point
NEG2014_000350,0,negative_candidate,spatial_negative_sampling,,,AR,,,27.375200752253644,93.25783980818112,2014,,,,,,,Point
NEG2014_000351,0,negative_candidate,spatial_negative_sampling,,,AR,,,26.869114534894777,92.5598931350209,2014,,,,,,,Point
NEG2014_000352,0,negative_candidate,spatial_negative_sampling,,,AR,,,27.627352306564894,95.99716918639596,2014,,,,,,,Point
NEG2014_000353,0,negative_candidate,spatial_negative_sampling,,,AR,,,28.399661788262332,92.3253629997704,2014,,,,,,,Point
NEG2014_000354,0,negative_candidate,spatial_negative_sampling,,,AR,,,27.962866096541166,96.3484378702112,2014,,,,,,,Point
NEG2014_000355,0,negative_candidate,spatial_negative_sampling,,,AR,,,26.949698469457164,94.51393659585202,2014,,,,,,,Point
NEG2014_000356,0,negative_candidate,spatial_negative_sampling,,,AR,,,27.73582969762347,93.7058959230782,2014,,,,,,,Point
NEG2014_000357,0,negative_candidate,spatial_negative_sampling,,,AR,,,27.489738184259643,96.10941956468227,2014,,,,,,,Point
NEG2014_000358,0,negative_candidate,spatial_negative_sampling,,,AR,,,27.328096966846037,93.17744369509255,2014,,,,,,,Point
NEG2014_000359,0,negative_candidate,spatial_negative_sampling,,,AR,,,28.750313871742204,96.74357899461953,2014,,,,,,,Point
NEG2014_000360,0,negative_candidate,spatial_negative_sampling,,,AR,,,28.11567867129321,93.39128520794924,2014,,,,,,,Point
NEG2014_000361,0,negative_candidate,spatial_negative_sampling,,,AR,,,27.082639867252862,96.47044207145873,2014,,,,,,,Point
NEG2014_000362,0,negative_candidate,spatial_negative_sampling,,,AR,,,29.099076370608735,94.02032268237065,2014,,,,,,,Point
NEG2014_000363,0,negative_candidate,spatial_negative_sampling,,,AR,,,27.107840789072963,95.59301664475935,2014,,,,,,,Point
NEG2014_000364,0,negative_candidate,spatial_negative_sampling,,,AR,,,29.11588787970272,95.64120186335659,2014,,,,,,,Point
NEG2014_000365,0,negative_candidate,spatial_negative_sampling,,,AR,,,27.846451334163397,92.67221122850827,2014,,,,,,,Point
NEG2014_000366,0,negative_candidate,spatial_negative_sampling,,,AR,,,26.75808364411869,93.8549548540432,2014,,,,,,,Point
NEG2014_000367,0,negative_candidate,spatial_negative_sampling,,,AR,,,28.221516725688318,95.91898777906243,2014,,,,,,,Point
NEG2014_000368,0,negative_candidate,spatial_negative_sampling,,,AR,,,26.532165028111947,92.32428715405123,2014,,,,,,,Point
NEG2014_000369,0,negative_candidate,spatial_negative_sampling,,,AR,,,27.857634008269056,92.34569227291041,2014,,,,,,,Point
NEG2014_000370,0,negative_candidate,spatial_negative_sampling,,,AR,,,27.152481055764884,91.63422482932096,2014,,,,,,,Point
NEG2014_000371,0,negative_candidate,spatial_negative_sampling,,,AR,,,27.300347867473665,94.95060055259289,2014,,,,,,,Point
NEG2014_000372,0,negative_candidate,spatial_negative_sampling,,,AR,,,28.676958158645025,97.46856555518895,2014,,,,,,,Point
NEG2014_000373,0,negative_candidate,spatial_negative_sampling,,,AR,,,26.920087090390684,92.49798159539311,2014,,,,,,,Point
NEG2014_000374,0,negative_candidate,spatial_negative_sampling,,,AR,,,28.48663862984762,93.60382548533873,2014,,,,,,,Point
NEG2014_000375,0,negative_candidate,spatial_negative_sampling,,,AR,,,28.609591792148144,93.69554221423023,2014,,,,,,,Point
NEG2014_000376,0,negative_candidate,spatial_negative_sampling,,,AR,,,29.322185070650026,95.93606154715131,2014,,,,,,,Point
NEG2014_000377,0,negative_candidate,spatial_negative_sampling,,,AR,,,26.818864627739853,97.23393207456478,2014,,,,,,,Point
NEG2014_000378,0,negative_candidate,spatial_negative_sampling,,,AR,,,29.205619658187295,95.83620799952449,2014,,,,,,,Point
NEG2014_000379,0,negative_candidate,spatial_negative_sampling,,,AR,,,27.50517320684218,94.42284805880638,2014,,,,,,,Point
NEG2014_000380,0,negative_candidate,spatial_negative_sampling,,,AR,,,27.336560735114,96.46473208926801,2014,,,,,,,Point
NEG2014_000381,0,negative_candidate,spatial_negative_sampling,,,AR,,,26.98228502167293,92.55526576225257,2014,,,,,,,Point
NEG2014_000382,0,negative_candidate,spatial_negative_sampling,,,AR,,,28.53521202718732,96.72688726135223,2014,,,,,,,Point
NEG2014_000383,0,negative_candidate,spatial_negative_sampling,,,AR,,,27.177486880638597,96.63269185593587,2014,,,,,,,Point
NEG2014_000384,0,negative_candidate,spatial_negative_sampling,,,AR,,,26.7908706822951,92.01761681651611,2014,,,,,,,Point
NEG2014_000385,0,negative_candidate,spatial_negative_sampling,,,AR,,,26.824173420972546,97.43800948966762,2014,,,,,,,Point
NEG2014_000386,0,negative_candidate,spatial_negative_sampling,,,AR,,,27.96871275907598,95.73570316807321,2014,,,,,,,Point
NEG2014_000387,0,negative_candidate,spatial_negative_sampling,,,AR,,,26.79938651514426,93.57598391034612,2014,,,,,,,Point
NEG2014_000388,0,negative_candidate,spatial_negative_sampling,,,AR,,,28.824576330831032,93.85083246044901,2014,,,,,,,Point
NEG2014_000389,0,negative_candidate,spatial_negative_sampling,,,AR,,,29.253646950185008,97.04839410304653,2014,,,,,,,Point
NEG2014_000390,0,negative_candidate,spatial_negative_sampling,,,AR,,,29.264555306715877,95.85985702777552,2014,,,,,,,Point
NEG2014_000391,0,negative_candidate,spatial_negative_sampling,,,AR,,,28.5917782807516,94.08535339381928,2014,,,,,,,Point
NEG2014_000392,0,negative_candidate,spatial_negative_sampling,,,AR,,,27.07749801595396,96.56109441296908,2014,,,,,,,Point
NEG2014_000393,0,negative_candidate,spatial_negative_sampling,,,AR,,,28.05197698072575,92.38157742429236,2014,,,,,,,Point
NEG2014_000394,0,negative_candidate,spatial_negative_sampling,,,AR,,,29.19786070105369,91.56246267557263,2014,,,,,,,Point
NEG2014_000395,0,negative_candidate,spatial_negative_sampling,,,AR,,,26.903918371295916,96.99211118817189,2014,,,,,,,Point
NEG2014_000396,0,negative_candidate,spatial_negative_sampling,,,AR,,,28.3426409119524,96.76961748302682,2014,,,,,,,Point
NEG2014_000397,0,negative_candidate,spatial_negative_sampling,,,AR,,,26.740832303921522,95.30987938596803,2014,,,,,,,Point
NEG2014_000398,0,negative_candidate,spatial_negative_sampling,,,AR,,,26.809261387673956,96.15615659779914,2014,,,,,,,Point
NEG2014_000399,0,negative_candidate,spatial_negative_sampling,,,AR,,,27.722772060732986,92.79401754634976,2014,,,,,,,Point
NEG2014_000400,0,negative_candidate,spatial_negative_sampling,,,AR,,,27.437396911859345,92.95631348215247,2014,,,,,,,Point
NEG2014_000401,0,negative_candidate,spatial_negative_sampling,,,AR,,,26.55983538771774,95.07904030534377,2014,,,,,,,Point
NEG2014_000402,0,negative_candidate,spatial_negative_sampling,,,AR,,,28.772537315778106,95.22502043308887,2014,,,,,,,Point
NEG2014_000403,0,negative_candidate,spatial_negative_sampling,,,AR,,,28.060307451041687,95.16215772014449,2014,,,,,,,Point
NEG2014_000404,0,negative_candidate,spatial_negative_sampling,,,AR,,,27.848921621339073,95.99345714634926,2014,,,,,,,Point
NEG2014_000405,0,negative_candidate,spatial_negative_sampling,,,AR,,,27.28318724888467,94.98209432896113,2014,,,,,,,Point
NEG2014_000406,0,negative_candidate,spatial_negative_sampling,,,AR,,,27.123513490498876,95.30573871687825,2014,,,,,,,Point
NEG2014_000407,0,negative_candidate,spatial_negative_sampling,,,AR,,,28.531361041784535,92.62756996694795,2014,,,,,,,Point
NEG2014_000408,0,negative_candidate,spatial_negative_sampling,,,AR,,,26.945008276334427,94.22539240645607,2014,,,,,,,Point
NEG2014_000409,0,negative_candidate,spatial_negative_sampling,,,AR,,,28.4763299295344,92.9818829745513,2014,,,,,,,Point
NEG2014_000410,0,negative_candidate,spatial_negative_sampling,,,AR,,,27.298748381328657,93.35189384002398,2014,,,,,,,Point
NEG2014_000411,0,negative_candidate,spatial_negative_sampling,,,AR,,,29.06393451869127,95.69820665386983,2014,,,,,,,Point
NEG2014_000412,0,negative_candidate,spatial_negative_sampling,,,AR,,,28.500535242679504,94.4108651768477,2014,,,,,,,Point
NEG2014_000413,0,negative_candidate,spatial_negative_sampling,,,AR,,,28.109245510101037,93.40422465110552,2014,,,,,,,Point
NEG2014_000414,0,negative_candidate,spatial_negative_sampling,,,AR,,,27.892795928561032,95.44692782415304,2014,,,,,,,Point
NEG2014_000415,0,negative_candidate,spatial_negative_sampling,,,AR,,,28.49036717118027,94.88998383192269,2014,,,,,,,Point
NEG2014_000416,0,negative_candidate,spatial_negative_sampling,,,AR,,,29.25061762900031,95.28188657368908,2014,,,,,,,Point
NEG2014_000417,0,negative_candidate,spatial_negative_sampling,,,AR,,,27.815099279871514,93.87908849483625,2014,,,,,,,Point
NEG2014_000418,0,negative_candidate,spatial_negative_sampling,,,AR,,,28.53038106955271,91.8352808960631,2014,,,,,,,Point
NEG2014_000419,0,negative_candidate,spatial_negative_sampling,,,AR,,,26.889071860999966,95.34844859213011,2014,,,,,,,Point
NEG2014_000420,0,negative_candidate,spatial_negative_sampling,,,AR,,,26.63197379409486,92.42769941775711,2014,,,,,,,Point
NEG2014_000421,0,negative_candidate,spatial_negative_sampling,,,AR,,,28.21244507386725,92.21919452836244,2014,,,,,,,Point
NEG2014_000422,0,negative_candidate,spatial_negative_sampling,,,AR,,,29.259832678288117,92.07625792347642,2014,,,,,,,Point
NEG2014_000423,0,negative_candidate,spatial_negative_sampling,,,AR,,,28.584352897234478,91.74587152555762,2014,,,,,,,Point
NEG2014_000424,0,negative_candidate,spatial_negative_sampling,,,AR,,,28.760950106727513,94.68622845243503,2014,,,,,,,Point
NEG2014_000425,0,negative_candidate,spatial_negative_sampling,,,AR,,,28.16561015498252,92.05062218156776,2014,,,,,,,Point
NEG2014_000426,0,negative_candidate,spatial_negative_sampling,,,AR,,,29.039393091039347,94.83949755639776,2014,,,,,,,Point
NEG2014_000427,0,negative_candidate,spatial_negative_sampling,,,AR,,,28.470921901670444,92.84093291641906,2014,,,,,,,Point
NEG2014_000428,0,negative_candidate,spatial_negative_sampling,,,AR,,,29.382362918349465,97.34244802903932,2014,,,,,,,Point
NEG2014_000429,0,negative_candidate,spatial_negative_sampling,,,AR,,,28.690732172818187,97.06336963029885,2014,,,,,,,Point
NEG2014_000430,0,negative_candidate,spatial_negative_sampling,,,AR,,,29.005085683822344,91.7402861632666,2014,,,,,,,Point
NEG2014_000431,0,negative_candidate,spatial_negative_sampling,,,AR,,,27.920289758770224,94.16429502048281,2014,,,,,,,Point
NEG2014_000432,0,negative_candidate,spatial_negative_sampling,,,AR,,,29.368752855900844,93.33997356137544,2014,,,,,,,Point
NEG2014_000433,0,negative_candidate,spatial_negative_sampling,,,AR,,,28.950285362459187,97.46617338457484,2014,,,,,,,Point
NEG2014_000434,0,negative_candidate,spatial_negative_sampling,,,AR,,,29.00135248876364,95.49979350145189,2014,,,,,,,Point
NEG2014_000435,0,negative_candidate,spatial_negative_sampling,,,AR,,,27.69100658879703,94.62709954084424,2014,,,,,,,Point
NEG2014_000436,0,negative_candidate,spatial_negative_sampling,,,AR,,,29.314013811069074,94.42422794952135,2014,,,,,,,Point
NEG2014_000437,0,negative_candidate,spatial_negative_sampling,,,AR,,,26.787989104561323,93.26412582144741,2014,,,,,,,Point
NEG2014_000438,0,negative_candidate,spatial_negative_sampling,,,AR,,,27.09591666750478,95.08987221815492,2014,,,,,,,Point
NEG2014_000439,0,negative_candidate,spatial_negative_sampling,,,AR,,,27.366690048463404,92.51205053407566,2014,,,,,,,Point
NEG2014_000440,0,negative_candidate,spatial_negative_sampling,,,AR,,,29.396856589921533,92.5677643406525,2014,,,,,,,Point
NEG2014_000441,0,negative_candidate,spatial_negative_sampling,,,AR,,,28.519181336735652,93.76506594473898,2014,,,,,,,Point
NEG2014_000442,0,negative_candidate,spatial_negative_sampling,,,AR,,,28.66714719626953,97.1752058407738,2014,,,,,,,Point
NEG2014_000443,0,negative_candidate,spatial_negative_sampling,,,AR,,,28.304665469509196,96.80470248973273,2014,,,,,,,Point
NEG2014_000444,0,negative_candidate,spatial_negative_sampling,,,AR,,,27.506833051951944,92.93307900279963,2014,,,,,,,Point
NEG2014_000445,0,negative_candidate,spatial_negative_sampling,,,AR,,,28.20889682131309,94.84653969961253,2014,,,,,,,Point
NEG2014_000446,0,negative_candidate,spatial_negative_sampling,,,AR,,,27.149205003493467,91.74691028333721,2014,,,,,,,Point
NEG2014_000447,0,negative_candidate,spatial_negative_sampling,,,AR,,,27.74642953278823,91.95481218373541,2014,,,,,,,Point
NEG2014_000448,0,negative_candidate,spatial_negative_sampling,,,AR,,,27.92343744676112,95.72697361359535,2014,,,,,,,Point
NEG2014_000449,0,negative_candidate,spatial_negative_sampling,,,AR,,,26.90492419806831,95.07536657739155,2014,,,,,,,Point
NEG2014_000450,0,negative_candidate,spatial_negative_sampling,,,AR,,,26.921248885766413,93.87105899372926,2014,,,,,,,Point
NEG2014_000451,0,negative_candidate,spatial_negative_sampling,,,AR,,,29.323251030952218,94.2874434727737,2014,,,,,,,Point
NEG2014_000452,0,negative_candidate,spatial_negative_sampling,,,AR,,,27.889649392750847,94.30702023414342,2014,,,,,,,Point
NEG2014_000453,0,negative_candidate,spatial_negative_sampling,,,AR,,,28.5447062657085,96.30809424048472,2014,,,,,,,Point
NEG2014_000454,0,negative_candidate,spatial_negative_sampling,,,AR,,,27.798282395705748,93.75760509330848,2014,,,,,,,Point
NEG2014_000455,0,negative_candidate,spatial_negative_sampling,,,AR,,,27.140108979879734,96.8729262492062,2014,,,,,,,Point
NEG2014_000456,0,negative_candidate,spatial_negative_sampling,,,AR,,,29.36297450114314,96.87117506035015,2014,,,,,,,Point
NEG2014_000457,0,negative_candidate,spatial_negative_sampling,,,AR,,,27.96400730370181,93.11031490827074,2014,,,,,,,Point
NEG2014_000458,0,negative_candidate,spatial_negative_sampling,,,AR,,,29.01213948750378,96.32438391942858,2014,,,,,,,Point
NEG2014_000459,0,negative_candidate,spatial_negative_sampling,,,AR,,,26.808761939366484,95.19010895581673,2014,,,,,,,Point
NEG2014_000460,0,negative_candidate,spatial_negative_sampling,,,AR,,,28.66242075143314,94.28749971496595,2014,,,,,,,Point
NEG2014_000461,0,negative_candidate,spatial_negative_sampling,,,AR,,,26.92260826316555,97.32726242247715,2014,,,,,,,Point
NEG2014_000462,0,negative_candidate,spatial_negative_sampling,,,AR,,,28.925220269093938,94.97460762587359,2014,,,,,,,Point
NEG2014_000463,0,negative_candidate,spatial_negative_sampling,,,AR,,,29.480444944952666,96.3746743682803,2014,,,,,,,Point
NEG2014_000464,0,negative_candidate,spatial_negative_sampling,,,AR,,,27.90472146333326,97.30852949768982,2014,,,,,,,Point
NEG2014_000465,0,negative_candidate,spatial_negative_sampling,,,AR,,,28.543507442819514,97.48619654257064,2014,,,,,,,Point
NEG2014_000466,0,negative_candidate,spatial_negative_sampling,,,AR,,,27.445856915152895,96.91889240345789,2014,,,,,,,Point
NEG2014_000467,0,negative_candidate,spatial_negative_sampling,,,AR,,,29.326438179603628,94.41594497543298,2014,,,,,,,Point
NEG2014_000468,0,negative_candidate,spatial_negative_sampling,,,AR,,,27.152725324093833,94.01990419262044,2014,,,,,,,Point
NEG2014_000469,0,negative_candidate,spatial_negative_sampling,,,AR,,,26.548952194319973,97.01684786839402,2014,,,,,,,Point
NEG2014_000470,0,negative_candidate,spatial_negative_sampling,,,AR,,,27.067614817759566,93.22825337368651,2014,,,,,,,Point
NEG2014_000471,0,negative_candidate,spatial_negative_sampling,,,AR,,,27.371242439123055,93.33932629157712,2014,,,,,,,Point
NEG2014_000472,0,negative_candidate,spatial_negative_sampling,,,AR,,,26.86075817039007,94.18879036040457,2014,,,,,,,Point
NEG2014_000473,0,negative_candidate,spatial_negative_sampling,,,AR,,,29.01643644550977,93.03523723115117,2014,,,,,,,Point
NEG2014_000474,0,negative_candidate,spatial_negative_sampling,,,AR,,,28.81219332759572,96.36919480759207,2014,,,,,,,Point
NEG2014_000475,0,negative_candidate,spatial_negative_sampling,,,AR,,,27.0076705797706,95.64589759066443,2014,,,,,,,Point
NEG2014_000476,0,negative_candidate,spatial_negative_sampling,,,AR,,,29.331930639991064,92.41467093356951,2014,,,,,,,Point
NEG2014_000477,0,negative_candidate,spatial_negative_sampling,,,AR,,,27.385833603285153,96.85226057363592,2014,,,,,,,Point
NEG2014_000478,0,negative_candidate,spatial_negative_sampling,,,AR,,,26.67461909786096,94.34363904619443,2014,,,,,,,Point
NEG2014_000479,0,negative_candidate,spatial_negative_sampling,,,AR,,,28.81856572382575,95.19350617056537,2014,,,,,,,Point
NEG2014_000480,0,negative_candidate,spatial_negative_sampling,,,AR,,,27.358164291738802,95.51121199718695,2014,,,,,,,Point
NEG2014_000481,0,negative_candidate,spatial_negative_sampling,,,AR,,,28.78824988841175,93.87891726971851,2014,,,,,,,Point
NEG2014_000482,0,negative_candidate,spatial_negative_sampling,,,AR,,,27.681983723867805,93.64526528062727,2014,,,,,,,Point
NEG2014_000483,0,negative_candidate,spatial_negative_sampling,,,AR,,,26.63764365229224,95.87492715497679,2014,,,,,,,Point
NEG2014_000484,0,negative_candidate,spatial_negative_sampling,,,AR,,,29.181574345864394,95.24781232520552,2014,,,,,,,Point
NEG2014_000485,0,negative_candidate,spatial_negative_sampling,,,AR,,,28.207574479312605,96.87265594304685,2014,,,,,,,Point
NEG2014_000486,0,negative_candidate,spatial_negative_sampling,,,AR,,,27.043759806270575,97.49885149913978,2014,,,,,,,Point
NEG2014_000487,0,negative_candidate,spatial_negative_sampling,,,AR,,,27.06817239395638,94.04576248744964,2014,,,,,,,Point
NEG2014_000488,0,negative_candidate,spatial_negative_sampling,,,AR,,,27.607626285837195,93.20703188245774,2014,,,,,,,Point
NEG2014_000489,0,negative_candidate,spatial_negative_sampling,,,AR,,,28.602774889143543,93.71255745779908,2014,,,,,,,Point
NEG2014_000490,0,negative_candidate,spatial_negative_sampling,,,AR,,,29.415226259756253,96.16147122030408,2014,,,,,,,Point
NEG2014_000491,0,negative_candidate,spatial_negative_sampling,,,AR,,,27.015842472035267,95.96341813570022,2014,,,,,,,Point
NEG2014_000492,0,negative_candidate,spatial_negative_sampling,,,AR,,,27.876573663440197,96.38821670035442,2014,,,,,,,Point
NEG2014_000493,0,negative_candidate,spatial_negative_sampling,,,AR,,,27.553328681847443,97.16214785635698,2014,,,,,,,Point
NEG2014_000494,0,negative_candidate,spatial_negative_sampling,,,AR,,,27.19175779270648,94.08557251327203,2014,,,,,,,Point
NEG2014_000495,0,negative_candidate,spatial_negative_sampling,,,AR,,,28.580225863997107,96.56152452734723,2014,,,,,,,Point
NEG2014_000496,0,negative_candidate,spatial_negative_sampling,,,AR,,,29.102099816042184,93.3966775669204,2014,,,,,,,Point
NEG2014_000497,0,negative_candidate,spatial_negative_sampling,,,AR,,,27.39828560052212,95.22823406938475,2014,,,,,,,Point
NEG2014_000498,0,negative_candidate,spatial_negative_sampling,,,AR,,,27.16485292318576,94.17849343699463,2014,,,,,,,Point
NEG2014_000499,0,negative_candidate,spatial_negative_sampling,,,AR,,,27.364911521341494,92.07284746395072,2014,,,,,,,Point
NEG2014_000500,0,negative_candidate,spatial_negative_sampling,,,AR,,,27.9793455572504,93.12132814344832,2014,,,,,,,Point
NEG2014_000501,0,negative_candidate,spatial_negative_sampling,,,AR,,,26.63394516127297,96.50332065179609,2014,,,,,,,Point
NEG2014_000502,0,negative_candidate,spatial_negative_sampling,,,AR,,,28.497270877185574,93.73323642939279,2014,,,,,,,Point
NEG2014_000503,0,negative_candidate,spatial_negative_sampling,,,AR,,,28.226453031897496,92.57519989837074,2014,,,,,,,Point
NEG2014_000504,0,negative_candidate,spatial_negative_sampling,,,AR,,,28.590144954703476,97.46979898118065,2014,,,,,,,Point
NEG2014_000505,0,negative_candidate,spatial_negative_sampling,,,AR,,,28.022839809892695,96.38262540042504,2014,,,,,,,Point
NEG2014_000506,0,negative_candidate,spatial_negative_sampling,,,AR,,,28.677965211008157,92.99890614042954,2014,,,,,,,Point
NEG2014_000507,0,negative_candidate,spatial_negative_sampling,,,AR,,,29.354462720167124,92.25888892114816,2014,,,,,,,Point
NEG2014_000508,0,negative_candidate,spatial_negative_sampling,,,AR,,,28.705028314969198,91.93713840458933,2014,,,,,,,Point
NEG2014_000509,0,negative_candidate,spatial_negative_sampling,,,AR,,,27.46899814229183,94.22963510983755,2014,,,,,,,Point
NEG2014_000510,0,negative_candidate,spatial_negative_sampling,,,AR,,,29.254949486012354,97.123753505873,2014,,,,,,,Point
NEG2014_000511,0,negative_candidate,spatial_negative_sampling,,,AR,,,27.665450516342155,91.81275690182609,2014,,,,,,,Point
NEG2014_000512,0,negative_candidate,spatial_negative_sampling,,,AR,,,26.73070301952438,94.81557189105895,2014,,,,,,,Point
NEG2014_000513,0,negative_candidate,spatial_negative_sampling,,,AR,,,26.95543734190947,96.44981106577062,2014,,,,,,,Point
NEG2014_000514,0,negative_candidate,spatial_negative_sampling,,,AR,,,28.58449572249406,96.89996009915937,2014,,,,,,,Point
NEG2014_000515,0,negative_candidate,spatial_negative_sampling,,,AR,,,28.460212339838158,92.61158769203499,2014,,,,,,,Point
NEG2014_000516,0,negative_candidate,spatial_negative_sampling,,,AR,,,28.218005959876578,96.41161571715902,2014,,,,,,,Point
NEG2014_000517,0,negative_candidate,spatial_negative_sampling,,,AR,,,28.742054230180575,96.41202700076866,2014,,,,,,,Point
NEG2014_000518,0,negative_candidate,spatial_negative_sampling,,,AR,,,26.88579840377462,95.29943991498571,2014,,,,,,,Point
NEG2014_000519,0,negative_candidate,spatial_negative_sampling,,,AR,,,28.318015036872964,97.1113083207542,2014,,,,,,,Point
NEG2014_000520,0,negative_candidate,spatial_negative_sampling,,,AR,,,27.74856988922809,93.99019585530657,2014,,,,,,,Point
NEG2014_000521,0,negative_candidate,spatial_negative_sampling,,,AR,,,29.02410026947666,95.58565331908596,2014,,,,,,,Point
NEG2014_000522,0,negative_candidate,spatial_negative_sampling,,,AR,,,28.340058162626836,97.16115443996614,2014,,,,,,,Point
NEG2014_000523,0,negative_candidate,spatial_negative_sampling,,,AR,,,28.694934438117873,93.27910085498326,2014,,,,,,,Point
NEG2014_000524,0,negative_candidate,spatial_negative_sampling,,,AR,,,27.61794555351739,95.05679604007865,2014,,,,,,,Point
NEG2014_000525,0,negative_candidate,spatial_negative_sampling,,,AR,,,29.46427313539455,96.30712165964107,2014,,,,,,,Point
NEG2014_000526,0,negative_candidate,spatial_negative_sampling,,,AR,,,28.51548459963339,94.76989521218874,2014,,,,,,,Point
NEG2014_000527,0,negative_candidate,spatial_negative_sampling,,,AR,,,28.338305016551402,95.63224206929839,2014,,,,,,,Point
NEG2014_000528,0,negative_candidate,spatial_negative_sampling,,,AR,,,29.321016036448675,97.35026289447995,2014,,,,,,,Point
NEG2014_000529,0,negative_candidate,spatial_negative_sampling,,,AR,,,28.492028202684697,97.45633138054451,2014,,,,,,,Point
NEG2014_000530,0,negative_candidate,spatial_negative_sampling,,,AR,,,28.50332857562056,93.29067030645975,2014,,,,,,,Point
NEG2014_000531,0,negative_candidate,spatial_negative_sampling,,,AR,,,28.53649815284247,95.50356605639456,2014,,,,,,,Point
NEG2014_000532,0,negative_candidate,spatial_negative_sampling,,,AR,,,26.671607584059704,97.01745110414566,2014,,,,,,,Point
NEG2014_000533,0,negative_candidate,spatial_negative_sampling,,,AR,,,29.40955323191922,92.93100096359184,2014,,,,,,,Point
NEG2014_000534,0,negative_candidate,spatial_negative_sampling,,,AR,,,28.168518714697562,92.64364323478503,2014,,,,,,,Point
NEG2014_000535,0,negative_candidate,spatial_negative_sampling,,,AR,,,27.513379743146405,91.82125871283871,2014,,,,,,,Point
NEG2014_000536,0,negative_candidate,spatial_negative_sampling,,,AR,,,26.801714976213876,94.57454430812275,2014,,,,,,,Point
NEG2014_000537,0,negative_candidate,spatial_negative_sampling,,,AR,,,27.78143466159497,96.00393479640945,2014,,,,,,,Point
NEG2014_000538,0,negative_candidate,spatial_negative_sampling,,,AR,,,27.39011735650073,94.91256292844801,2014,,,,,,,Point
NEG2014_000539,0,negative_candidate,spatial_negative_sampling,,,AR,,,28.105841282811653,94.86703947795795,2014,,,,,,,Point
NEG2014_000540,0,negative_candidate,spatial_negative_sampling,,,AR,,,27.07147618849127,96.51787186382158,2014,,,,,,,Point
NEG2014_000541,0,negative_candidate,spatial_negative_sampling,,,AR,,,27.01391173686677,92.8458957348927,2014,,,,,,,Point
NEG2014_000542,0,negative_candidate,spatial_negative_sampling,,,AR,,,27.244390919625605,92.08830037412478,2014,,,,,,,Point
NEG2014_000543,0,negative_candidate,spatial_negative_sampling,,,AR,,,28.706628826936953,96.38178004499046,2014,,,,,,,Point
NEG2014_000544,0,negative_candidate,spatial_negative_sampling,,,AR,,,26.69207881646254,93.42500799949136,2014,,,,,,,Point
NEG2014_000545,0,negative_candidate,spatial_negative_sampling,,,AR,,,27.327788172415122,92.18672519786591,2014,,,,,,,Point
NEG2014_000546,0,negative_candidate,spatial_negative_sampling,,,AR,,,27.511142416789994,91.79271349914164,2014,,,,,,,Point
NEG2014_000547,0,negative_candidate,spatial_negative_sampling,,,AR,,,29.474335366004095,92.79520038701855,2014,,,,,,,Point
NEG2014_000548,0,negative_candidate,spatial_negative_sampling,,,AR,,,28.983366952905147,95.29407593634451,2014,,,,,,,Point
NEG2014_000549,0,negative_candidate,spatial_negative_sampling,,,AR,,,29.020589857245746,97.4779156328915,2014,,,,,,,Point
NEG2014_000550,0,negative_candidate,spatial_negative_sampling,,,AR,,,28.466546401088518,96.21030361049212,2014,,,,,,,Point
NEG2014_000551,0,negative_candidate,spatial_negative_sampling,,,AR,,,27.07034881180302,92.54454346099688,2014,,,,,,,Point
NEG2014_000552,0,negative_candidate,spatial_negative_sampling,,,AR,,,27.878999623921384,96.8206435134506,2014,,,,,,,Point
NEG2014_000553,0,negative_candidate,spatial_negative_sampling,,,AR,,,28.195795555437744,95.57695556331734,2014,,,,,,,Point
NEG2014_000554,0,negative_candidate,spatial_negative_sampling,,,AR,,,28.20825844425506,91.8939292935351,2014,,,,,,,Point
NEG2014_000555,0,negative_candidate,spatial_negative_sampling,,,AR,,,26.54950026496026,93.33040864247089,2014,,,,,,,Point
NEG2014_000556,0,negative_candidate,spatial_negative_sampling,,,AR,,,29.31015941032732,93.84109410797637,2014,,,,,,,Point
NEG2014_000557,0,negative_candidate,spatial_negative_sampling,,,AR,,,27.700872508861295,91.53460880090277,2014,,,,,,,Point
NEG2014_000558,0,negative_candidate,spatial_negative_sampling,,,AR,,,28.52100237596396,91.77439065457291,2014,,,,,,,Point
NEG2014_000559,0,negative_candidate,spatial_negative_sampling,,,AR,,,27.26794224342969,94.71931778853937,2014,,,,,,,Point
NEG2014_000560,0,negative_candidate,spatial_negative_sampling,,,AR,,,28.45223025321755,93.81624980818108,2014,,,,,,,Point
NEG2014_000561,0,negative_candidate,spatial_negative_sampling,,,AR,,,27.610320894372222,92.54526061784573,2014,,,,,,,Point
NEG2014_000562,0,negative_candidate,spatial_negative_sampling,,,AR,,,26.548153884372557,93.63748925981983,2014,,,,,,,Point
NEG2014_000563,0,negative_candidate,spatial_negative_sampling,,,AR,,,26.814428709344806,96.8170241015069,2014,,,,,,,Point
NEG2014_000564,0,negative_candidate,spatial_negative_sampling,,,AR,,,29.19438781378959,96.13147143238014,2014,,,,,,,Point
NEG2014_000565,0,negative_candidate,spatial_negative_sampling,,,AR,,,28.022417213906166,96.94595870606439,2014,,,,,,,Point
NEG2014_000566,0,negative_candidate,spatial_negative_sampling,,,AR,,,27.532806927557775,96.7693160375574,2014,,,,,,,Point
NEG2014_000567,0,negative_candidate,spatial_negative_sampling,,,AR,,,27.541718847016742,94.62194506182935,2014,,,,,,,Point
NEG2014_000568,0,negative_candidate,spatial_negative_sampling,,,AR,,,28.77460229604366,93.48629873948278,2014,,,,,,,Point
NEG2014_000569,0,negative_candidate,spatial_negative_sampling,,,AR,,,28.413727592817878,94.77485440899852,2014,,,,,,,Point
NEG2014_000570,0,negative_candidate,spatial_negative_sampling,,,AR,,,28.80701493228339,91.69713108862051,2014,,,,,,,Point
NEG2014_000571,0,negative_candidate,spatial_negative_sampling,,,AR,,,26.9188486745998,92.2693916720375,2014,,,,,,,Point
NEG2014_000572,0,negative_candidate,spatial_negative_sampling,,,AR,,,27.15407630765955,96.87540661292418,2014,,,,,,,Point
NEG2014_000573,0,negative_candidate,spatial_negative_sampling,,,AR,,,26.91212985117375,95.95827629985598,2014,,,,,,,Point
NEG2014_000574,0,negative_candidate,spatial_negative_sampling,,,AR,,,26.703520006044087,91.64512948261134,2014,,,,,,,Point
NEG2014_000575,0,negative_candidate,spatial_negative_sampling,,,AR,,,27.806619592616116,95.78195339247803,2014,,,,,,,Point
NEG2014_000576,0,negative_candidate,spatial_negative_sampling,,,AR,,,26.986504043647887,91.96585973225702,2014,,,,,,,Point
NEG2014_000577,0,negative_candidate,spatial_negative_sampling,,,AR,,,28.75898003743778,95.37398571280455,2014,,,,,,,Point
NEG2014_000578,0,negative_candidate,spatial_negative_sampling,,,AR,,,27.523429399270317,96.75739917199068,2014,,,,,,,Point
NEG2014_000579,0,negative_candidate,spatial_negative_sampling,,,AR,,,27.18352830716028,92.04635232301769,2014,,,,,,,Point
NEG2014_000580,0,negative_candidate,spatial_negative_sampling,,,AR,,,29.37790001622098,92.0278761334204,2014,,,,,,,Point
NEG2014_000581,0,negative_candidate,spatial_negative_sampling,,,AR,,,27.281237029171837,94.49406547148737,2014,,,,,,,Point
NEG2014_000582,0,negative_candidate,spatial_negative_sampling,,,AR,,,27.626093198511345,94.25349671181743,2014,,,,,,,Point
NEG2014_000583,0,negative_candidate,spatial_negative_sampling,,,AR,,,26.517152085411638,91.94137571553327,2014,,,,,,,Point
NEG2014_000584,0,negative_candidate,spatial_negative_sampling,,,AR,,,28.799054733922567,94.62657196486364,2014,,,,,,,Point
NEG2014_000585,0,negative_candidate,spatial_negative_sampling,,,AR,,,26.79416674960292,94.6528286525892,2014,,,,,,,Point
NEG2014_000586,0,negative_candidate,spatial_negative_sampling,,,AR,,,27.998573268920612,94.09132693755728,2014,,,,,,,Point
NEG2014_000587,0,negative_candidate,spatial_negative_sampling,,,AR,,,27.360185198288395,92.02529016973388,2014,,,,,,,Point
NEG2014_000588,0,negative_candidate,spatial_negative_sampling,,,AR,,,28.55448406439356,93.7794434545059,2014,,,,,,,Point
NEG2014_000589,0,negative_candidate,spatial_negative_sampling,,,AR,,,29.27138591626515,93.65201448131337,2014,,,,,,,Point
NEG2014_000590,0,negative_candidate,spatial_negative_sampling,,,AR,,,27.970295750789557,96.58180698129061,2014,,,,,,,Point
NEG2014_000591,0,negative_candidate,spatial_negative_sampling,,,AR,,,27.53228077957385,95.63132044132901,2014,,,,,,,Point
NEG2014_000592,0,negative_candidate,spatial_negative_sampling,,,AR,,,27.537657462012035,92.74192587348738,2014,,,,,,,Point
NEG2014_000593,0,negative_candidate,spatial_negative_sampling,,,AR,,,26.515480789178326,93.73949104492802,2014,,,,,,,Point
NEG2014_000594,0,negative_candidate,spatial_negative_sampling,,,AR,,,27.417376806393527,93.07186494253621,2014,,,,,,,Point
NEG2014_000595,0,negative_candidate,spatial_negative_sampling,,,AR,,,26.689784009469186,97.26556719992757,2014,,,,,,,Point
NEG2014_000596,0,negative_candidate,spatial_negative_sampling,,,AR,,,28.062973190532915,92.59308583846718,2014,,,,,,,Point
NEG2014_000597,0,negative_candidate,spatial_negative_sampling,,,AR,,,28.163128432197542,91.63036286842666,2014,,,,,,,Point
NEG2014_000598,0,negative_candidate,spatial_negative_sampling,,,AR,,,28.948228722109178,94.9152418328741,2014,,,,,,,Point
NEG2014_000599,0,negative_candidate,spatial_negative_sampling,,,AR,,,26.788475495112706,95.37518786259555,2014,,,,,,,Point
NEG2014_000600,0,negative_candidate,spatial_negative_sampling,,,AR,,,26.989410619488414,94.3206641806361,2014,,,,,,,Point
NEG2014_000601,0,negative_candidate,spatial_negative_sampling,,,AR,,,26.624522620330268,95.59527431792065,2014,,,,,,,Point
NEG2014_000602,0,negative_candidate,spatial_negative_sampling,,,AR,,,26.566231067533327,92.44551484200261,2014,,,,,,,Point
NEG2014_000603,0,negative_candidate,spatial_negative_sampling,,,AR,,,28.15962012220444,92.24728154850614,2014,,,,,,,Point
NEG2014_000604,0,negative_candidate,spatial_negative_sampling,,,AR,,,29.319644667897087,95.05416963166707,2014,,,,,,,Point
NEG2014_000605,0,negative_candidate,spatial_negative_sampling,,,AR,,,28.106663063989004,91.63831498455606,2014,,,,,,,Point
NEG2014_000606,0,negative_candidate,spatial_negative_sampling,,,AR,,,28.803028255107506,95.19974068367361,2014,,,,,,,Point
NEG2014_000607,0,negative_candidate,spatial_negative_sampling,,,AR,,,26.652690736267864,96.90878155148303,2014,,,,,,,Point
NEG2014_000608,0,negative_candidate,spatial_negative_sampling,,,AR,,,27.33954592016331,92.23653288974259,2014,,,,,,,Point
NEG2014_000609,0,negative_candidate,spatial_negative_sampling,,,AR,,,26.766092378967432,95.94169362336754,2014,,,,,,,Point
NEG2014_000610,0,negative_candidate,spatial_negative_sampling,,,AR,,,28.425762601087698,93.69032782809927,2014,,,,,,,Point
NEG2014_000611,0,negative_candidate,spatial_negative_sampling,,,AR,,,27.40262259532918,95.14432420001499,2014,,,,,,,Point
NEG2014_000612,0,negative_candidate,spatial_negative_sampling,,,AR,,,27.366568516733764,95.01032974949456,2014,,,,,,,Point
NEG2014_000613,0,negative_candidate,spatial_negative_sampling,,,AR,,,27.75883570744405,94.79760920165107,2014,,,,,,,Point
NEG2014_000614,0,negative_candidate,spatial_negative_sampling,,,AR,,,26.637638856744317,93.41103309273178,2014,,,,,,,Point
NEG2014_000615,0,negative_candidate,spatial_negative_sampling,,,AR,,,27.557302308169458,94.42441565763535,2014,,,,,,,Point
NEG2014_000616,0,negative_candidate,spatial_negative_sampling,,,AR,,,28.26599994345367,97.27031204094173,2014,,,,,,,Point
NEG2014_000617,0,negative_candidate,spatial_negative_sampling,,,AR,,,28.843231515378093,94.95967047391434,2014,,,,,,,Point
NEG2014_000618,0,negative_candidate,spatial_negative_sampling,,,AR,,,27.7276502835333,94.04051589475229,2014,,,,,,,Point
NEG2014_000619,0,negative_candidate,spatial_negative_sampling,,,AR,,,28.588521049737988,93.82668560309162,2014,,,,,,,Point
NEG2014_000620,0,negative_candidate,spatial_negative_sampling,,,AR,,,28.23379167594697,91.50816527724685,2014,,,,,,,Point
NEG2014_000621,0,negative_candidate,spatial_negative_sampling,,,AR,,,27.80376824398201,92.49265719602414,2014,,,,,,,Point
NEG2014_000622,0,negative_candidate,spatial_negative_sampling,,,AR,,,27.880434198678905,93.97378148103269,2014,,,,,,,Point
NEG2014_000623,0,negative_candidate,spatial_negative_sampling,,,AR,,,28.161787752502637,96.01642230920135,2014,,,,,,,Point
NEG2014_000624,0,negative_candidate,spatial_negative_sampling,,,AR,,,28.537636937454685,94.60733240827096,2014,,,,,,,Point
NEG2014_000625,0,negative_candidate,spatial_negative_sampling,,,AR,,,28.562651148726,96.27359250913221,2014,,,,,,,Point
NEG2014_000626,0,negative_candidate,spatial_negative_sampling,,,AR,,,29.248159007929836,95.34211332944518,2014,,,,,,,Point
NEG2014_000627,0,negative_candidate,spatial_negative_sampling,,,AR,,,27.56207831059414,93.50892387088496,2014,,,,,,,Point
NEG2014_000628,0,negative_candidate,spatial_negative_sampling,,,AR,,,26.508707193090036,95.59694032238575,2014,,,,,,,Point
NEG2014_000629,0,negative_candidate,spatial_negative_sampling,,,AR,,,28.858735341565477,92.51745167965987,2014,,,,,,,Point
NEG2014_000630,0,negative_candidate,spatial_negative_sampling,,,AR,,,27.813335253129768,93.17225586658479,2014,,,,,,,Point
NEG2014_000631,0,negative_candidate,spatial_negative_sampling,,,AR,,,26.73138595311548,96.06028623585344,2014,,,,,,,Point
NEG2014_000632,0,negative_candidate,spatial_negative_sampling,,,AR,,,28.33058487351314,93.06803040102729,2014,,,,,,,Point
NEG2014_000633,0,negative_candidate,spatial_negative_sampling,,,AR,,,26.73545975344036,92.80192603566395,2014,,,,,,,Point
NEG2014_000634,0,negative_candidate,spatial_negative_sampling,,,AR,,,28.238475754220094,95.88574191619381,2014,,,,,,,Point
NEG2014_000635,0,negative_candidate,spatial_negative_sampling,,,AR,,,28.19121172358648,94.73015448479791,2014,,,,,,,Point
NEG2014_000636,0,negative_candidate,spatial_negative_sampling,,,AR,,,27.311762594583925,94.32365104498652,2014,,,,,,,Point
NEG2014_000637,0,negative_candidate,spatial_negative_sampling,,,AR,,,28.21712871508854,92.08780857816892,2014,,,,,,,Point
NEG2014_000638,0,negative_candidate,spatial_negative_sampling,,,AR,,,29.29165287650863,95.25250425000002,2014,,,,,,,Point
NEG2014_000639,0,negative_candidate,spatial_negative_sampling,,,AR,,,27.41205863742766,95.66323237541337,2014,,,,,,,Point
NEG2014_000640,0,negative_candidate,spatial_negative_sampling,,,AR,,,29.316172982783307,95.18614151263904,2014,,,,,,,Point
NEG2014_000641,0,negative_candidate,spatial_negative_sampling,,,AR,,,27.544289786045816,91.63405959009764,2014,,,,,,,Point
NEG2014_000642,0,negative_candidate,spatial_negative_sampling,,,AR,,,29.185959615113028,92.96912195622316,2014,,,,,,,Point
NEG2014_000643,0,negative_candidate,spatial_negative_sampling,,,AR,,,29.48666318919385,91.51588033840204,2014,,,,,,,Point
NEG2014_000644,0,negative_candidate,spatial_negative_sampling,,,AR,,,29.37269319688254,96.67270092611989,2014,,,,,,,Point
NEG2014_000645,0,negative_candidate,spatial_negative_sampling,,,AR,,,28.1656514211528,95.46780236444249,2014,,,,,,,Point
NEG2014_000646,0,negative_candidate,spatial_negative_sampling,,,AR,,,28.576012193131444,93.58251301320605,2014,,,,,,,Point
NEG2014_000647,0,negative_candidate,spatial_negative_sampling,,,AR,,,27.44266974869696,94.85111494430167,2014,,,,,,,Point
NEG2014_000648,0,negative_candidate,spatial_negative_sampling,,,AR,,,26.962152270232263,96.29331214155424,2014,,,,,,,Point
NEG2014_000649,0,negative_candidate,spatial_negative_sampling,,,AR,,,28.806003688475222,97.0695258540958,2014,,,,,,,Point
NEG2014_000650,0,negative_candidate,spatial_negative_sampling,,,AR,,,28.12217480036052,97.04363936373332,2014,,,,,,,Point
NEG2014_000651,0,negative_candidate,spatial_negative_sampling,,,AR,,,28.063661572738226,92.59535437597881,2014,,,,,,,Point
NEG2014_000652,0,negative_candidate,spatial_negative_sampling,,,AR,,,27.313893231693676,97.14873986978823,2014,,,,,,,Point
NEG2014_000653,0,negative_candidate,spatial_negative_sampling,,,AR,,,28.07859393687236,92.77131168131204,2014,,,,,,,Point
NEG2014_000654,0,negative_candidate,spatial_negative_sampling,,,AR,,,27.21556405486555,97.36988781870821,2014,,,,,,,Point
NEG2014_000655,0,negative_candidate,spatial_negative_sampling,,,AR,,,28.468604404776386,95.9439419158333,2014,,,,,,,Point
NEG2014_000656,0,negative_candidate,spatial_negative_sampling,,,AR,,,27.99861842721913,94.35444186168665,2014,,,,,,,Point
NEG2014_000657,0,negative_candidate,spatial_negative_sampling,,,AR,,,26.7561889968903,95.70069597889986,2014,,,,,,,Point
NEG2014_000658,0,negative_candidate,spatial_negative_sampling,,,AR,,,27.993131746120564,95.21632347863361,2014,,,,,,,Point
NEG2014_000659,0,negative_candidate,spatial_negative_sampling,,,AR,,,28.337276216941557,93.59547286885919,2014,,,,,,,Point
NEG2014_000660,0,negative_candidate,spatial_negative_sampling,,,AR,,,26.947566002394503,95.58311375745286,2014,,,,,,,Point
NEG2014_000661,0,negative_candidate,spatial_negative_sampling,,,AR,,,28.518960525766225,95.07870308239343,2014,,,,,,,Point
NEG2014_000662,0,negative_candidate,spatial_negative_sampling,,,AR,,,27.976647075210696,95.32046112371177,2014,,,,,,,Point
NEG2014_000663,0,negative_candidate,spatial_negative_sampling,,,AR,,,27.267501849323445,96.94228421492548,2014,,,,,,,Point
NEG2014_000664,0,negative_candidate,spatial_negative_sampling,,,AR,,,27.58983261939134,92.82977985301336,2014,,,,,,,Point
NEG2014_000665,0,negative_candidate,spatial_negative_sampling,,,AR,,,27.42755919491645,91.74811856346612,2014,,,,,,,Point
NEG2014_000666,0,negative_candidate,spatial_negative_sampling,,,AR,,,27.39731327295037,96.9383113999283,2014,,,,,,,Point
NEG2014_000667,0,negative_candidate,spatial_negative_sampling,,,AR,,,28.341535635569016,93.50164641977834,2014,,,,,,,Point
NEG2014_000668,0,negative_candidate,spatial_negative_sampling,,,AR,,,28.978102322379748,92.58484792529963,2014,,,,,,,Point
NEG2014_000669,0,negative_candidate,spatial_negative_sampling,,,AR,,,26.692656359391258,96.00274012570125,2014,,,,,,,Point
NEG2014_000670,0,negative_candidate,spatial_negative_sampling,,,AR,,,28.047694897492505,96.48012458057372,2014,,,,,,,Point
NEG2014_000671,0,negative_candidate,spatial_negative_sampling,,,AR,,,27.21906432733212,97.39258877227397,2014,,,,,,,Point
NEG2014_000672,0,negative_candidate,spatial_negative_sampling,,,AR,,,28.825802497625943,93.83787766125435,2014,,,,,,,Point
NEG2014_000673,0,negative_candidate,spatial_negative_sampling,,,AR,,,27.148638694846657,96.1385483978097,2014,,,,,,,Point
NEG2014_000674,0,negative_candidate,spatial_negative_sampling,,,AR,,,27.844251367987948,97.03016702348951,2014,,,,,,,Point
NEG2014_000675,0,negative_candidate,spatial_negative_sampling,,,AR,,,29.2857894720457,91.53603802145413,2014,,,,,,,Point
NEG2014_000676,0,negative_candidate,spatial_negative_sampling,,,AR,,,29.480598175782134,91.52266920832798,2014,,,,,,,Point
NEG2014_000677,0,negative_candidate,spatial_negative_sampling,,,AR,,,27.958505590993067,92.63464258897223,2014,,,,,,,Point
NEG2014_000678,0,negative_candidate,spatial_negative_sampling,,,AR,,,26.611357145991096,94.95997678646602,2014,,,,,,,Point
NEG2014_000679,0,negative_candidate,spatial_negative_sampling,,,AR,,,28.494399080858607,96.49671494190568,2014,,,,,,,Point
NEG2014_000680,0,negative_candidate,spatial_negative_sampling,,,AR,,,28.149009372471937,95.1778620229435,2014,,,,,,,Point
NEG2014_000681,0,negative_candidate,spatial_negative_sampling,,,AR,,,27.10888879463767,96.09654080256004,2014,,,,,,,Point
NEG2014_000682,0,negative_candidate,spatial_negative_sampling,,,AR,,,27.687773364210056,95.08813500777119,2014,,,,,,,Point
NEG2014_000683,0,negative_candidate,spatial_negative_sampling,,,AR,,,29.102880471159324,92.70702464168151,2014,,,,,,,Point
NEG2014_000684,0,negative_candidate,spatial_negative_sampling,,,AR,,,29.030626888723454,93.87035521192689,2014,,,,,,,Point
NEG2014_000685,0,negative_candidate,spatial_negative_sampling,,,AR,,,26.610827887724444,94.214274787411,2014,,,,,,,Point
NEG2014_000686,0,negative_candidate,spatial_negative_sampling,,,AR,,,28.539146954584186,92.12538510615684,2014,,,,,,,Point
NEG2014_000687,0,negative_candidate,spatial_negative_sampling,,,AR,,,26.985915132485033,93.1168606746135,2014,,,,,,,Point
NEG2014_000688,0,negative_candidate,spatial_negative_sampling,,,AR,,,28.50132992636452,93.22189342596545,2014,,,,,,,Point
NEG2014_000689,0,negative_candidate,spatial_negative_sampling,,,AR,,,26.745943936564803,97.05680890995899,2014,,,,,,,Point
NEG2014_000690,0,negative_candidate,spatial_negative_sampling,,,AR,,,27.007168432079883,97.24557722854766,2014,,,,,,,Point
NEG2014_000691,0,negative_candidate,spatial_negative_sampling,,,AR,,,29.402343208227247,95.83716007064774,2014,,,,,,,Point
NEG2014_000692,0,negative_candidate,spatial_negative_sampling,,,AR,,,28.5812213167615,96.83273175105705,2014,,,,,,,Point
NEG2014_000693,0,negative_candidate,spatial_negative_sampling,,,AR,,,26.654743488192885,94.34466965343323,2014,,,,,,,Point
NEG2014_000694,0,negative_candidate,spatial_negative_sampling,,,AR,,,26.54464665473256,94.20719441429578,2014,,,,,,,Point
NEG2014_000695,0,negative_candidate,spatial_negative_sampling,,,AR,,,28.48310518287865,96.1598833833243,2014,,,,,,,Point
NEG2014_000696,0,negative_candidate,spatial_negative_sampling,,,AR,,,29.042852199081445,97.03258332406877,2014,,,,,,,Point
NEG2014_000697,0,negative_candidate,spatial_negative_sampling,,,AR,,,27.267690151029626,96.45788906600623,2014,,,,,,,Point
NEG2014_000698,0,negative_candidate,spatial_negative_sampling,,,AR,,,27.64743097231585,93.94586510282564,2014,,,,,,,Point
NEG2014_000699,0,negative_candidate,spatial_negative_sampling,,,AR,,,28.09402649377721,96.00582445942568,2014,,,,,,,Point
NEG2014_000700,0,negative_candidate,spatial_negative_sampling,,,AR,,,27.61308411310622,97.3199702747116,2014,,,,,,,Point
NEG2014_000701,0,negative_candidate,spatial_negative_sampling,,,AR,,,28.885802149880867,96.66794192026649,2014,,,,,,,Point
NEG2014_000702,0,negative_candidate,spatial_negative_sampling,,,AR,,,28.060288457270655,91.62984454721727,2014,,,,,,,Point
NEG2014_000703,0,negative_candidate,spatial_negative_sampling,,,AR,,,28.29226969171018,93.01162584607378,2014,,,,,,,Point
NEG2014_000704,0,negative_candidate,spatial_negative_sampling,,,AR,,,28.359862316075088,93.38146174122022,2014,,,,,,,Point
NEG2014_000705,0,negative_candidate,spatial_negative_sampling,,,AR,,,26.821443292585098,93.19200133821266,2014,,,,,,,Point
NEG2014_000706,0,negative_candidate,spatial_negative_sampling,,,AR,,,28.710208649005317,93.3458550556987,2014,,,,,,,Point
NEG2014_000707,0,negative_candidate,spatial_negative_sampling,,,AR,,,28.715437451949946,94.37385625809333,2014,,,,,,,Point
NEG2014_000708,0,negative_candidate,spatial_negative_sampling,,,AR,,,28.416598730103104,97.12447669614626,2014,,,,,,,Point
NEG2014_000709,0,negative_candidate,spatial_negative_sampling,,,AR,,,27.373710282289323,95.60185835352506,2014,,,,,,,Point
NEG2014_000710,0,negative_candidate,spatial_negative_sampling,,,AR,,,28.48565642047619,92.30844591827965,2014,,,,,,,Point
NEG2014_000711,0,negative_candidate,spatial_negative_sampling,,,AR,,,27.65483374338574,92.23253728917291,2014,,,,,,,Point
NEG2014_000712,0,negative_candidate,spatial_negative_sampling,,,AR,,,29.240827128832393,91.53457235963681,2014,,,,,,,Point
NEG2014_000713,0,negative_candidate,spatial_negative_sampling,,,AR,,,27.766414685956992,97.2371811557175,2014,,,,,,,Point
NEG2014_000714,0,negative_candidate,spatial_negative_sampling,,,AR,,,28.11937917798178,91.87132259867191,2014,,,,,,,Point
NEG2014_000715,0,negative_candidate,spatial_negative_sampling,,,AR,,,28.952649093282357,94.19286601183511,2014,,,,,,,Point
NEG2014_000716,0,negative_candidate,spatial_negative_sampling,,,AR,,,26.910303514721246,94.6377322196151,2014,,,,,,,Point
NEG2014_000717,0,negative_candidate,spatial_negative_sampling,,,AR,,,28.4436950527284,94.42171852539734,2014,,,,,,,Point
NEG2014_000718,0,negative_candidate,spatial_negative_sampling,,,AR,,,28.894843826917025,92.5994234046981,2014,,,,,,,Point
NEG2014_000719,0,negative_candidate,spatial_negative_sampling,,,AR,,,27.734454527358864,96.3235008455898,2014,,,,,,,Point
NEG2014_000720,0,negative_candidate,spatial_negative_sampling,,,AR,,,26.777766157265283,95.30743693379206,2014,,,,,,,Point
NEG2014_000721,0,negative_candidate,spatial_negative_sampling,,,AR,,,27.494406277905043,92.71561977413184,2014,,,,,,,Point
NEG2014_000722,0,negative_candidate,spatial_negative_sampling,,,AR,,,27.746062640929274,96.11331729114389,2014,,,,,,,Point
NEG2014_000723,0,negative_candidate,spatial_negative_sampling,,,AR,,,27.055320439190915,94.80702412674897,2014,,,,,,,Point
NEG2014_000724,0,negative_candidate,spatial_negative_sampling,,,AS,,,26.194937850902612,90.69325780146056,2014,,,,,,,Point
NEG2014_000725,0,negative_candidate,spatial_negative_sampling,,,AS,,,24.240868719157913,95.94592307858944,2014,,,,,,,Point
NEG2014_000726,0,negative_candidate,spatial_negative_sampling,,,AS,,,25.083092290301735,91.37339062904161,2014,,,,,,,Point
NEG2014_000727,0,negative_candidate,spatial_negative_sampling,,,AS,,,24.27682832665816,92.47863741507572,2014,,,,,,,Point
NEG2014_000728,0,negative_candidate,spatial_negative_sampling,,,AS,,,28.157803907966297,95.68096347923692,2014,,,,,,,Point
NEG2014_000729,0,negative_candidate,spatial_negative_sampling,,,AS,,,26.833231733030388,91.24409300577302,2014,,,,,,,Point
NEG2014_000730,0,negative_candidate,spatial_negative_sampling,,,AS,,,25.597488576243137,94.47851740019372,2014,,,,,,,Point
NEG2014_000731,0,negative_candidate,spatial_negative_sampling,,,AS,,,27.892131143037005,93.40830642993237,2014,,,,,,,Point
NEG2014_000732,0,negative_candidate,spatial_negative_sampling,,,AS,,,24.55419951048311,93.38151887214666,2014,,,,,,,Point
NEG2014_000733,0,negative_candidate,spatial_negative_sampling,,,AS,,,24.10025549655787,93.0405794166799,2014,,,,,,,Point
NEG2014_000734,0,negative_candidate,spatial_negative_sampling,,,AS,,,24.15018075567715,92.47151489513527,2014,,,,,,,Point
NEG2014_000735,0,negative_candidate,spatial_negative_sampling,,,AS,,,24.68830206227969,94.12283381396581,2014,,,,,,,Point
NEG2014_000736,0,negative_candidate,spatial_negative_sampling,,,AS,,,25.132408084562556,92.94843715423005,2014,,,,,,,Point
NEG2014_000737,0,negative_candidate,spatial_negative_sampling,,,AS,,,27.452418056968824,94.26982558382396,2014,,,,,,,Point
NEG2014_000738,0,negative_candidate,spatial_negative_sampling,,,AS,,,24.541286358255658,92.1663666709171,2014,,,,,,,Point
NEG2014_000739,0,negative_candidate,spatial_negative_sampling,,,AS,,,26.729059403689764,89.92996354143146,2014,,,,,,,Point
NEG2014_000740,0,negative_candidate,spatial_negative_sampling,,,AS,,,28.020948196055585,89.55372135489876,2014,,,,,,,Point
NEG2014_000741,0,negative_candidate,spatial_negative_sampling,,,AS,,,28.252319318520527,90.3025274089978,2014,,,,,,,Point
NEG2014_000742,0,negative_candidate,spatial_negative_sampling,,,AS,,,25.81263674643725,95.57619727692604,2014,,,,,,,Point
NEG2014_000743,0,negative_candidate,spatial_negative_sampling,,,AS,,,27.24768629594015,96.39592095522278,2014,,,,,,,Point
NEG2014_000744,0,negative_candidate,spatial_negative_sampling,,,AS,,,25.622253885519626,96.18197600397498,2014,,,,,,,Point
NEG2014_000745,0,negative_candidate,spatial_negative_sampling,,,AS,,,27.891723431260317,93.17302427994828,2014,,,,,,,Point
NEG2014_000746,0,negative_candidate,spatial_negative_sampling,,,AS,,,27.897436750479816,93.49168443513857,2014,,,,,,,Point
NEG2014_000747,0,negative_candidate,spatial_negative_sampling,,,AS,,,27.316501252100586,95.23549128742745,2014,,,,,,,Point
NEG2014_000748,0,negative_candidate,spatial_negative_sampling,,,AS,,,25.628034886619268,93.6688062266749,2014,,,,,,,Point
NEG2014_000749,0,negative_candidate,spatial_negative_sampling,,,AS,,,27.920845483192476,92.15826600344309,2014,,,,,,,Point
NEG2014_000750,0,negative_candidate,spatial_negative_sampling,,,AS,,,27.698643017422665,95.23769863160649,2014,,,,,,,Point
NEG2014_000751,0,negative_candidate,spatial_negative_sampling,,,AS,,,24.17690583487713,92.91634421365772,2014,,,,,,,Point
NEG2014_000752,0,negative_candidate,spatial_negative_sampling,,,AS,,,24.326331779871307,93.48301550763985,2014,,,,,,,Point
NEG2014_000753,0,negative_candidate,spatial_negative_sampling,,,AS,,,25.297614091788315,89.86977384066645,2014,,,,,,,Point
NEG2014_000754,0,negative_candidate,spatial_negative_sampling,,,AS,,,27.837539698399873,90.34434147700996,2014,,,,,,,Point
NEG2014_000755,0,negative_candidate,spatial_negative_sampling,,,AS,,,24.014850810584004,94.49428242656968,2014,,,,,,,Point
NEG2014_000756,0,negative_candidate,spatial_negative_sampling,,,AS,,,24.36350656518298,95.80512391382207,2014,,,,,,,Point
NEG2014_000757,0,negative_candidate,spatial_negative_sampling,,,AS,,,25.88694990709784,92.92229862166715,2014,,,,,,,Point
NEG2014_000758,0,negative_candidate,spatial_negative_sampling,,,AS,,,25.03840119462456,91.28076369073244,2014,,,,,,,Point
NEG2014_000759,0,negative_candidate,spatial_negative_sampling,,,AS,,,25.20012173864658,92.05967429185904,2014,,,,,,,Point
NEG2014_000760,0,negative_candidate,spatial_negative_sampling,,,AS,,,25.349197161057187,94.27794249186107,2014,,,,,,,Point
NEG2014_000761,0,negative_candidate,spatial_negative_sampling,,,AS,,,26.76150062349609,91.2358848888082,2014,,,,,,,Point
NEG2014_000762,0,negative_candidate,spatial_negative_sampling,,,AS,,,25.953607403215287,91.15561995426603,2014,,,,,,,Point
NEG2014_000763,0,negative_candidate,spatial_negative_sampling,,,AS,,,26.282429850083595,92.9154090133413,2014,,,,,,,Point
NEG2014_000764,0,negative_candidate,spatial_negative_sampling,,,AS,,,25.43301334039436,90.81476418278554,2014,,,,,,,Point
NEG2014_000765,0,negative_candidate,spatial_negative_sampling,,,AS,,,25.716903656427164,90.05421634145182,2014,,,,,,,Point
NEG2014_000766,0,negative_candidate,spatial_negative_sampling,,,AS,,,27.017347149544154,91.58702065753518,2014,,,,,,,Point
NEG2014_000767,0,negative_candidate,spatial_negative_sampling,,,AS,,,25.708712864579184,95.98420195523816,2014,,,,,,,Point
NEG2014_000768,0,negative_candidate,spatial_negative_sampling,,,AS,,,26.520772597654062,96.15737951371305,2014,,,,,,,Point
NEG2014_000769,0,negative_candidate,spatial_negative_sampling,,,AS,,,27.13274021003901,92.25581376023494,2014,,,,,,,Point
NEG2014_000770,0,negative_candidate,spatial_negative_sampling,,,AS,,,25.9839474822799,90.873160344237,2014,,,,,,,Point
NEG2014_000771,0,negative_candidate,spatial_negative_sampling,,,AS,,,25.973699249544868,91.95792988959653,2014,,,,,,,Point
NEG2014_000772,0,negative_candidate,spatial_negative_sampling,,,AS,,,26.010122021606197,95.08868893023597,2014,,,,,,,Point
NEG2014_000773,0,negative_candidate,spatial_negative_sampling,,,AS,,,27.44683604492126,91.77432413251832,2014,,,,,,,Point
NEG2014_000774,0,negative_candidate,spatial_negative_sampling,,,AS,,,26.745125278803677,90.99743212593269,2014,,,,,,,Point
NEG2014_000775,0,negative_candidate,spatial_negative_sampling,,,AS,,,24.8495820663736,92.48302814184908,2014,,,,,,,Point
NEG2014_000776,0,negative_candidate,spatial_negative_sampling,,,AS,,,27.665888101199105,89.58781546135792,2014,,,,,,,Point
NEG2014_000777,0,negative_candidate,spatial_negative_sampling,,,AS,,,24.420716076044908,91.5382891441904,2014,,,,,,,Point
NEG2014_000778,0,negative_candidate,spatial_negative_sampling,,,AS,,,27.706283016474156,95.19902931377977,2014,,,,,,,Point
NEG2014_000779,0,negative_candidate,spatial_negative_sampling,,,AS,,,26.08228253642955,89.95325979719459,2014,,,,,,,Point
NEG2014_000780,0,negative_candidate,spatial_negative_sampling,,,AS,,,26.120643435636318,92.69497763881753,2014,,,,,,,Point
NEG2014_000781,0,negative_candidate,spatial_negative_sampling,,,AS,,,26.211042648872862,94.60015909844599,2014,,,,,,,Point
NEG2014_000782,0,negative_candidate,spatial_negative_sampling,,,AS,,,24.02153760708139,93.98200898703038,2014,,,,,,,Point
NEG2014_000783,0,negative_candidate,spatial_negative_sampling,,,AS,,,24.420845847884173,90.21014751956295,2014,,,,,,,Point
NEG2014_000784,0,negative_candidate,spatial_negative_sampling,,,AS,,,24.466798138631916,91.0875179220562,2014,,,,,,,Point
NEG2014_000785,0,negative_candidate,spatial_negative_sampling,,,AS,,,26.62438441768985,89.69444098321729,2014,,,,,,,Point
NEG2014_000786,0,negative_candidate,spatial_negative_sampling,,,AS,,,24.12929045189814,93.32314517548238,2014,,,,,,,Point
NEG2014_000787,0,negative_candidate,spatial_negative_sampling,,,AS,,,26.004360263892295,93.29476283331965,2014,,,,,,,Point
NEG2014_000788,0,negative_candidate,spatial_negative_sampling,,,AS,,,28.014563395116966,93.29329681750548,2014,,,,,,,Point
NEG2014_000789,0,negative_candidate,spatial_negative_sampling,,,AS,,,27.156338457770737,95.07518638822488,2014,,,,,,,Point
NEG2014_000790,0,negative_candidate,spatial_negative_sampling,,,AS,,,25.30072808335371,94.57301631507094,2014,,,,,,,Point
NEG2014_000791,0,negative_candidate,spatial_negative_sampling,,,AS,,,24.672678963695024,96.2750755345763,2014,,,,,,,Point
NEG2014_000792,0,negative_candidate,spatial_negative_sampling,,,AS,,,26.973869585618395,94.98327662620427,2014,,,,,,,Point
NEG2014_000793,0,negative_candidate,spatial_negative_sampling,,,AS,,,26.296860654525016,92.73383293480512,2014,,,,,,,Point
NEG2014_000794,0,negative_candidate,spatial_negative_sampling,,,AS,,,26.126303898877243,91.97863873716048,2014,,,,,,,Point
NEG2014_000795,0,negative_candidate,spatial_negative_sampling,,,AS,,,24.042762209466293,91.82436681751952,2014,,,,,,,Point
NEG2014_000796,0,negative_candidate,spatial_negative_sampling,,,AS,,,28.195939983192567,95.52167174902509,2014,,,,,,,Point
NEG2014_000797,0,negative_candidate,spatial_negative_sampling,,,AS,,,24.38262584266265,94.54184043798087,2014,,,,,,,Point
NEG2014_000798,0,negative_candidate,spatial_negative_sampling,,,AS,,,25.044134649259664,95.95121389943208,2014,,,,,,,Point
NEG2014_000799,0,negative_candidate,spatial_negative_sampling,,,AS,,,26.476015577531204,90.31012183429996,2014,,,,,,,Point
NEG2014_000800,0,negative_candidate,spatial_negative_sampling,,,AS,,,27.274699188066798,93.61293576437824,2014,,,,,,,Point
NEG2014_000801,0,negative_candidate,spatial_negative_sampling,,,AS,,,26.10438875192694,91.20377352395377,2014,,,,,,,Point
NEG2014_000802,0,negative_candidate,spatial_negative_sampling,,,AS,,,27.88213132238706,90.88828715746364,2014,,,,,,,Point
NEG2014_000803,0,negative_candidate,spatial_negative_sampling,,,AS,,,27.623472685416246,91.02278308576665,2014,,,,,,,Point
NEG2014_000804,0,negative_candidate,spatial_negative_sampling,,,AS,,,24.13442573825264,91.64414258654647,2014,,,,,,,Point
NEG2014_000805,0,negative_candidate,spatial_negative_sampling,,,AS,,,26.606078271064458,91.37604629201284,2014,,,,,,,Point
NEG2014_000806,0,negative_candidate,spatial_negative_sampling,,,AS,,,27.91425633789555,91.98401794307416,2014,,,,,,,Point
NEG2014_000807,0,negative_candidate,spatial_negative_sampling,,,AS,,,24.305834661780302,89.64589541307757,2014,,,,,,,Point
NEG2014_000808,0,negative_candidate,spatial_negative_sampling,,,AS,,,24.404189872285514,91.5621179432641,2014,,,,,,,Point
NEG2014_000809,0,negative_candidate,spatial_negative_sampling,,,AS,,,24.94321051579168,94.50665370751602,2014,,,,,,,Point
NEG2014_000810,0,negative_candidate,spatial_negative_sampling,,,AS,,,24.15706399034036,90.94570922763634,2014,,,,,,,Point
NEG2014_000811,0,negative_candidate,spatial_negative_sampling,,,AS,,,27.424071270049716,90.65232598060842,2014,,,,,,,Point
NEG2014_000812,0,negative_candidate,spatial_negative_sampling,,,AS,,,26.422195022836128,91.29126752626742,2014,,,,,,,Point
NEG2014_000813,0,negative_candidate,spatial_negative_sampling,,,AS,,,27.725386973473704,92.07104262077296,2014,,,,,,,Point
NEG2014_000814,0,negative_candidate,spatial_negative_sampling,,,AS,,,25.949565985491006,95.14678702909775,2014,,,,,,,Point
NEG2014_000815,0,negative_candidate,spatial_negative_sampling,,,AS,,,25.839525374544422,94.49911785727244,2014,,,,,,,Point
NEG2014_000816,0,negative_candidate,spatial_negative_sampling,,,AS,,,26.32967205329195,95.18511601117592,2014,,,,,,,Point
NEG2014_000817,0,negative_candidate,spatial_negative_sampling,,,AS,,,24.494137569969837,90.4761756048174,2014,,,,,,,Point
NEG2014_000818,0,negative_candidate,spatial_negative_sampling,,,AS,,,28.075907511386013,95.47771603560686,2014,,,,,,,Point
NEG2014_000819,0,negative_candidate,spatial_negative_sampling,,,AS,,,24.814688674973635,94.66734827808895,2014,,,,,,,Point
NEG2014_000820,0,negative_candidate,spatial_negative_sampling,,,AS,,,24.344265334893702,93.79486261315441,2014,,,,,,,Point
NEG2014_000821,0,negative_candidate,spatial_negative_sampling,,,AS,,,25.58253207530727,92.66104685111158,2014,,,,,,,Point
NEG2014_000822,0,negative_candidate,spatial_negative_sampling,,,AS,,,26.59569109712708,91.22729527651197,2014,,,,,,,Point
NEG2014_000823,0,negative_candidate,spatial_negative_sampling,,,AS,,,26.375155155824192,93.53713450401892,2014,,,,,,,Point
NEG2014_000824,0,negative_candidate,spatial_negative_sampling,,,AS,,,25.36934789133845,90.81581667531141,2014,,,,,,,Point
NEG2014_000825,0,negative_candidate,spatial_negative_sampling,,,AS,,,25.778260129689762,89.88922391909293,2014,,,,,,,Point
NEG2014_000826,0,negative_candidate,spatial_negative_sampling,,,AS,,,26.461296243809038,89.55713310499253,2014,,,,,,,Point
NEG2014_000827,0,negative_candidate,spatial_negative_sampling,,,AS,,,28.374400610588513,92.08764371328098,2014,,,,,,,Point
NEG2014_000828,0,negative_candidate,spatial_negative_sampling,,,AS,,,28.15351854160043,93.47777227005633,2014,,,,,,,Point
NEG2014_000829,0,negative_candidate,spatial_negative_sampling,,,AS,,,26.999422356832035,93.79299622797431,2014,,,,,,,Point
NEG2014_000830,0,negative_candidate,spatial_negative_sampling,,,AS,,,27.22874733189331,92.54580358749956,2014,,,,,,,Point
NEG2014_000831,0,negative_candidate,spatial_negative_sampling,,,AS,,,26.699101197321106,89.5776811320625,2014,,,,,,,Point
NEG2014_000832,0,negative_candidate,spatial_negative_sampling,,,AS,,,27.396369268259658,94.70891392022993,2014,,,,,,,Point
NEG2014_000833,0,negative_candidate,spatial_negative_sampling,,,AS,,,27.202290948850198,93.00795588006116,2014,,,,,,,Point
NEG2014_000834,0,negative_candidate,spatial_negative_sampling,,,AS,,,28.41806230776638,93.7381541194793,2014,,,,,,,Point
NEG2014_000835,0,negative_candidate,spatial_negative_sampling,,,AS,,,25.560710551965407,92.06533104021831,2014,,,,,,,Point
NEG2014_000836,0,negative_candidate,spatial_negative_sampling,,,AS,,,26.816198473383988,90.91739068569362,2014,,,,,,,Point
NEG2014_000837,0,negative_candidate,spatial_negative_sampling,,,AS,,,27.58070226361928,90.71276346166457,2014,,,,,,,Point
NEG2014_000838,0,negative_candidate,spatial_negative_sampling,,,AS,,,28.07862488714384,92.10099841713377,2014,,,,,,,Point
NEG2014_000839,0,negative_candidate,spatial_negative_sampling,,,AS,,,26.62800526808844,96.1187435645467,2014,,,,,,,Point
NEG2014_000840,0,negative_candidate,spatial_negative_sampling,,,AS,,,27.086752045646413,93.2101613019602,2014,,,,,,,Point
NEG2014_000841,0,negative_candidate,spatial_negative_sampling,,,AS,,,24.545450797017303,89.65768613643687,2014,,,,,,,Point
NEG2014_000842,0,negative_candidate,spatial_negative_sampling,,,AS,,,28.18678089992231,89.72843334374413,2014,,,,,,,Point
NEG2014_000843,0,negative_candidate,spatial_negative_sampling,,,AS,,,26.11267462972267,96.3432310411693,2014,,,,,,,Point
NEG2014_000844,0,negative_candidate,spatial_negative_sampling,,,AS,,,27.105055329778132,90.08893943062445,2014,,,,,,,Point
NEG2014_000845,0,negative_candidate,spatial_negative_sampling,,,AS,,,27.728399584071482,91.03713670745324,2014,,,,,,,Point
NEG2014_000846,0,negative_candidate,spatial_negative_sampling,,,AS,,,26.93294754501715,91.95117844801541,2014,,,,,,,Point
NEG2014_000847,0,negative_candidate,spatial_negative_sampling,,,AS,,,28.254312734652856,90.85617655279759,2014,,,,,,,Point
NEG2014_000848,0,negative_candidate,spatial_negative_sampling,,,AS,,,24.127566040076154,95.98514448795119,2014,,,,,,,Point
NEG2014_000849,0,negative_candidate,spatial_negative_sampling,,,AS,,,24.927854992281663,92.84567743265052,2014,,,,,,,Point
NEG2014_000850,0,negative_candidate,spatial_negative_sampling,,,AS,,,28.218614800766357,91.83615786648305,2014,,,,,,,Point
NEG2014_000851,0,negative_candidate,spatial_negative_sampling,,,AS,,,24.3466945831362,95.39432399522804,2014,,,,,,,Point
NEG2014_000852,0,negative_candidate,spatial_negative_sampling,,,AS,,,28.09889167422167,91.47807085444165,2014,,,,,,,Point
NEG2014_000853,0,negative_candidate,spatial_negative_sampling,,,AS,,,25.3216969676445,90.60512207165253,2014,,,,,,,Point
NEG2014_000854,0,negative_candidate,spatial_negative_sampling,,,AS,,,26.130609021865713,94.63777966350588,2014,,,,,,,Point
NEG2014_000855,0,negative_candidate,spatial_negative_sampling,,,AS,,,26.921189809713248,90.7536027914865,2014,,,,,,,Point
NEG2014_000856,0,negative_candidate,spatial_negative_sampling,,,AS,,,26.398422798521832,91.56620173225892,2014,,,,,,,Point
NEG2014_000857,0,negative_candidate,spatial_negative_sampling,,,AS,,,25.715718069484932,95.51832908610216,2014,,,,,,,Point
NEG2014_000858,0,negative_candidate,spatial_negative_sampling,,,AS,,,24.887111405430364,93.70148482592643,2014,,,,,,,Point
NEG2014_000859,0,negative_candidate,spatial_negative_sampling,,,AS,,,27.477466281304245,93.74064932252382,2014,,,,,,,Point
NEG2014_000860,0,negative_candidate,spatial_negative_sampling,,,AS,,,25.78493208725933,95.19198544987097,2014,,,,,,,Point
NEG2014_000861,0,negative_candidate,spatial_negative_sampling,,,AS,,,27.44928281781787,92.0884734989626,2014,,,,,,,Point
NEG2014_000862,0,negative_candidate,spatial_negative_sampling,,,AS,,,25.240833412397276,94.29193850401649,2014,,,,,,,Point
NEG2014_000863,0,negative_candidate,spatial_negative_sampling,,,AS,,,27.314429730650847,93.82818192625068,2014,,,,,,,Point
NEG2014_000864,0,negative_candidate,spatial_negative_sampling,,,AS,,,25.76029888080364,95.57328827593324,2014,,,,,,,Point
NEG2014_000865,0,negative_candidate,spatial_negative_sampling,,,AS,,,25.942648092553235,94.28760593373816,2014,,,,,,,Point
NEG2014_000866,0,negative_candidate,spatial_negative_sampling,,,AS,,,26.244244642114207,90.39580947240097,2014,,,,,,,Point
NEG2014_000867,0,negative_candidate,spatial_negative_sampling,,,AS,,,25.82294368710539,90.60804260755755,2014,,,,,,,Point
NEG2014_000868,0,negative_candidate,spatial_negative_sampling,,,AS,,,25.194113571111497,92.246497127849,2014,,,,,,,Point
NEG2014_000869,0,negative_candidate,spatial_negative_sampling,,,AS,,,26.657137946795782,96.46379147330518,2014,,,,,,,Point
NEG2014_000870,0,negative_candidate,spatial_negative_sampling,,,AS,,,26.958763978900546,95.82315695769992,2014,,,,,,,Point
NEG2014_000871,0,negative_candidate,spatial_negative_sampling,,,AS,,,27.048648947530527,94.70989392017748,2014,,,,,,,Point
NEG2014_000872,0,negative_candidate,spatial_negative_sampling,,,AS,,,27.47109221379253,94.72955198747096,2014,,,,,,,Point
NEG2014_000873,0,negative_candidate,spatial_negative_sampling,,,AS,,,25.419061609187732,92.59821946784992,2014,,,,,,,Point
NEG2014_000874,0,negative_candidate,spatial_negative_sampling,,,AS,,,25.12753118383012,94.56419016246288,2014,,,,,,,Point
NEG2014_000875,0,negative_candidate,spatial_negative_sampling,,,AS,,,24.883964557836595,92.20671431779938,2014,,,,,,,Point
NEG2014_000876,0,negative_candidate,spatial_negative_sampling,,,AS,,,27.512188590729604,94.35971591288762,2014,,,,,,,Point
NEG2014_000877,0,negative_candidate,spatial_negative_sampling,,,AS,,,26.183057160695473,90.38234016074382,2014,,,,,,,Point
NEG2014_000878,0,negative_candidate,spatial_negative_sampling,,,AS,,,26.648892090376208,91.4353181461329,2014,,,,,,,Point
NEG2014_000879,0,negative_candidate,spatial_negative_sampling,,,AS,,,25.619004365338235,90.84722198469794,2014,,,,,,,Point
NEG2014_000880,0,negative_candidate,spatial_negative_sampling,,,AS,,,26.65094710119499,91.96945327494885,2014,,,,,,,Point
NEG2014_000881,0,negative_candidate,spatial_negative_sampling,,,AS,,,27.694657181260354,89.8318347516387,2014,,,,,,,Point
NEG2014_000882,0,negative_candidate,spatial_negative_sampling,,,AS,,,25.097832604196388,90.93750066842657,2014,,,,,,,Point
NEG2014_000883,0,negative_candidate,spatial_negative_sampling,,,AS,,,24.546793245814136,94.54528419203741,2014,,,,,,,Point
NEG2014_000884,0,negative_candidate,spatial_negative_sampling,,,AS,,,24.2845459680861,91.97548714186911,2014,,,,,,,Point
NEG2014_000885,0,negative_candidate,spatial_negative_sampling,,,AS,,,25.399641875082256,95.7262843128647,2014,,,,,,,Point
NEG2014_000886,0,negative_candidate,spatial_negative_sampling,,,AS,,,27.567185660011404,91.35063308567423,2014,,,,,,,Point
NEG2014_000887,0,negative_candidate,spatial_negative_sampling,,,AS,,,24.024113525298993,92.2734323475328,2014,,,,,,,Point
NEG2014_000888,0,negative_candidate,spatial_negative_sampling,,,AS,,,27.017248927953098,95.60930651244315,2014,,,,,,,Point
NEG2014_000889,0,negative_candidate,spatial_negative_sampling,,,AS,,,27.624897489114524,90.08279805860644,2014,,,,,,,Point
NEG2014_000890,0,negative_candidate,spatial_negative_sampling,,,AS,,,26.373416782600593,90.08920241306315,2014,,,,,,,Point
NEG2014_000891,0,negative_candidate,spatial_negative_sampling,,,AS,,,27.571627223633083,92.64020786118164,2014,,,,,,,Point
NEG2014_000892,0,negative_candidate,spatial_negative_sampling,,,AS,,,27.398625643049886,92.81398664404242,2014,,,,,,,Point
NEG2014_000893,0,negative_candidate,spatial_negative_sampling,,,AS,,,28.101373993641616,94.80899146281821,2014,,,,,,,Point
NEG2014_000894,0,negative_candidate,spatial_negative_sampling,,,AS,,,28.462076803751756,93.58455084649634,2014,,,,,,,Point
NEG2014_000895,0,negative_candidate,spatial_negative_sampling,,,AS,,,27.904032264047878,90.25466053681644,2014,,,,,,,Point
NEG2014_000896,0,negative_candidate,spatial_negative_sampling,,,AS,,,25.524609971951985,93.16499757806751,2014,,,,,,,Point
NEG2014_000897,0,negative_candidate,spatial_negative_sampling,,,AS,,,25.340031035588005,91.06200284494444,2014,,,,,,,Point
NEG2014_000898,0,negative_candidate,spatial_negative_sampling,,,AS,,,24.475713018957773,95.69193555621487,2014,,,,,,,Point
NEG2014_000899,0,negative_candidate,spatial_negative_sampling,,,AS,,,27.76780292922918,95.9438451016028,2014,,,,,,,Point
NEG2014_000900,0,negative_candidate,spatial_negative_sampling,,,AS,,,26.670840388185066,93.08936618988486,2014,,,,,,,Point
NEG2014_000901,0,negative_candidate,spatial_negative_sampling,,,AS,,,25.201032607676414,90.60515336512239,2014,,,,,,,Point
NEG2014_000902,0,negative_candidate,spatial_negative_sampling,,,AS,,,28.408573857712323,92.39049387871724,2014,,,,,,,Point
NEG2014_000903,0,negative_candidate,spatial_negative_sampling,,,AS,,,24.83754934344229,91.61400961444217,2014,,,,,,,Point
NEG2014_000904,0,negative_candidate,spatial_negative_sampling,,,AS,,,24.173707995394597,95.21470395543562,2014,,,,,,,Point
NEG2014_000905,0,negative_candidate,spatial_negative_sampling,,,AS,,,27.867177958023696,92.76143624361514,2014,,,,,,,Point
NEG2014_000906,0,negative_candidate,spatial_negative_sampling,,,AS,,,26.81803163450522,89.5099017837338,2014,,,,,,,Point
NEG2014_000907,0,negative_candidate,spatial_negative_sampling,,,AS,,,26.352349953732123,92.92949991107713,2014,,,,,,,Point
NEG2014_000908,0,negative_candidate,spatial_negative_sampling,,,AS,,,26.488497904528103,93.2976331311479,2014,,,,,,,Point
NEG2014_000909,0,negative_candidate,spatial_negative_sampling,,,AS,,,27.826318796337134,92.69922501137837,2014,,,,,,,Point
NEG2014_000910,0,negative_candidate,spatial_negative_sampling,,,AS,,,27.828752798627203,92.23689979971714,2014,,,,,,,Point
NEG2014_000911,0,negative_candidate,spatial_negative_sampling,,,AS,,,27.454706116586433,95.77451134709301,2014,,,,,,,Point
NEG2014_000912,0,negative_candidate,spatial_negative_sampling,,,AS,,,27.71758655227729,93.11987073000442,2014,,,,,,,Point
NEG2014_000913,0,negative_candidate,spatial_negative_sampling,,,AS,,,27.715288920672418,89.94979773176838,2014,,,,,,,Point
NEG2014_000914,0,negative_candidate,spatial_negative_sampling,,,AS,,,25.96236490416352,93.0359780009362,2014,,,,,,,Point
NEG2014_000915,0,negative_candidate,spatial_negative_sampling,,,AS,,,26.845351113562113,93.25346938847647,2014,,,,,,,Point
NEG2014_000916,0,negative_candidate,spatial_negative_sampling,,,AS,,,24.372602770488186,92.7208599363398,2014,,,,,,,Point
NEG2014_000917,0,negative_candidate,spatial_negative_sampling,,,AS,,,28.429094327067983,94.33977986658924,2014,,,,,,,Point
NEG2014_000918,0,negative_candidate,spatial_negative_sampling,,,AS,,,26.382960477453892,95.0931862913855,2014,,,,,,,Point
NEG2014_000919,0,negative_candidate,spatial_negative_sampling,,,AS,,,25.99514900648783,91.86514493532685,2014,,,,,,,Point
NEG2014_000920,0,negative_candidate,spatial_negative_sampling,,,AS,,,24.344216946707313,93.28177027483528,2014,,,,,,,Point
NEG2014_000921,0,negative_candidate,spatial_negative_sampling,,,AS,,,24.520110325240633,93.69267720220007,2014,,,,,,,Point
NEG2014_000922,0,negative_candidate,spatial_negative_sampling,,,AS,,,27.61873556369631,95.50412884410855,2014,,,,,,,Point
NEG2014_000923,0,negative_candidate,spatial_negative_sampling,,,AS,,,26.002098517597464,96.46784047659007,2014,,,,,,,Point
NEG2014_000924,0,negative_candidate,spatial_negative_sampling,,,AS,,,28.371769958352516,90.58739406899278,2014,,,,,,,Point
NEG2014_000925,0,negative_candidate,spatial_negative_sampling,,,AS,,,25.798780824628327,90.55603864009483,2014,,,,,,,Point
NEG2014_000926,0,negative_candidate,spatial_negative_sampling,,,AS,,,26.432868637257677,95.52536676541227,2014,,,,,,,Point
NEG2014_000927,0,negative_candidate,spatial_negative_sampling,,,AS,,,27.19275367895622,90.4565241820331,2014,,,,,,,Point
NEG2014_000928,0,negative_candidate,spatial_negative_sampling,,,AS,,,26.076348040176303,92.30919785043727,2014,,,,,,,Point
NEG2014_000929,0,negative_candidate,spatial_negative_sampling,,,AS,,,25.618682992400437,95.16347136031364,2014,,,,,,,Point
NEG2014_000930,0,negative_candidate,spatial_negative_sampling,,,AS,,,27.852393847808727,94.82994738756992,2014,,,,,,,Point
NEG2014_000931,0,negative_candidate,spatial_negative_sampling,,,AS,,,28.281360727438305,91.04735503028219,2014,,,,,,,Point
NEG2014_000932,0,negative_candidate,spatial_negative_sampling,,,AS,,,24.844910530502798,93.6912680432341,2014,,,,,,,Point
NEG2014_000933,0,negative_candidate,spatial_negative_sampling,,,AS,,,26.836042438277733,90.26418061457265,2014,,,,,,,Point
NEG2014_000934,0,negative_candidate,spatial_negative_sampling,,,AS,,,24.769957216904064,95.51272411722822,2014,,,,,,,Point
NEG2014_000935,0,negative_candidate,spatial_negative_sampling,,,AS,,,28.456340295974986,95.46462635790138,2014,,,,,,,Point
NEG2014_000936,0,negative_candidate,spatial_negative_sampling,,,AS,,,26.473228103172627,95.94311918540755,2014,,,,,,,Point
NEG2014_000937,0,negative_candidate,spatial_negative_sampling,,,AS,,,24.663784165583973,90.78679570391134,2014,,,,,,,Point
NEG2014_000938,0,negative_candidate,spatial_negative_sampling,,,AS,,,25.12880763787357,93.87336044922367,2014,,,,,,,Point
NEG2014_000939,0,negative_candidate,spatial_negative_sampling,,,AS,,,25.012873352222524,96.36244356319312,2014,,,,,,,Point
NEG2014_000940,0,negative_candidate,spatial_negative_sampling,,,AS,,,25.448562550660505,94.04491660162513,2014,,,,,,,Point
NEG2014_000941,0,negative_candidate,spatial_negative_sampling,,,AS,,,25.194882131782336,89.82986487050917,2014,,,,,,,Point
NEG2014_000942,0,negative_candidate,spatial_negative_sampling,,,AS,,,24.994759713953826,89.60440647285478,2014,,,,,,,Point
NEG2014_000943,0,negative_candidate,spatial_negative_sampling,,,AS,,,25.708369085630704,89.86088199399019,2014,,,,,,,Point
NEG2014_000944,0,negative_candidate,spatial_negative_sampling,,,AS,,,25.711343336644347,96.37673104422976,2014,,,,,,,Point
NEG2014_000945,0,negative_candidate,spatial_negative_sampling,,,AS,,,25.159052546224046,94.75396747863535,2014,,,,,,,Point
NEG2014_000946,0,negative_candidate,spatial_negative_sampling,,,AS,,,24.77310545218773,93.2369153081561,2014,,,,,,,Point
NEG2014_000947,0,negative_candidate,spatial_negative_sampling,,,AS,,,24.53809738907004,95.10783282562642,2014,,,,,,,Point
NEG2014_000948,0,negative_candidate,spatial_negative_sampling,,,AS,,,25.75622788088774,95.19710894192349,2014,,,,,,,Point
NEG2014_000949,0,negative_candidate,spatial_negative_sampling,,,AS,,,24.77312706665434,94.2047354230326,2014,,,,,,,Point
NEG2014_000950,0,negative_candidate,spatial_negative_sampling,,,AS,,,24.937558691152127,90.84839495806847,2014,,,,,,,Point
NEG2014_000951,0,negative_candidate,spatial_negative_sampling,,,AS,,,24.275971811830985,94.6730893638667,2014,,,,,,,Point
NEG2014_000952,0,negative_candidate,spatial_negative_sampling,,,AS,,,26.817782722887866,90.37154804698112,2014,,,,,,,Point
NEG2014_000953,0,negative_candidate,spatial_negative_sampling,,,AS,,,26.09477309808261,94.93918456248959,2014,,,,,,,Point
NEG2014_000954,0,negative_candidate,spatial_negative_sampling,,,AS,,,24.983095348242536,91.80190980345483,2014,,,,,,,Point
NEG2014_000955,0,negative_candidate,spatial_negative_sampling,,,AS,,,27.994955279777223,91.73889130515629,2014,,,,,,,Point
NEG2014_000956,0,negative_candidate,spatial_negative_sampling,,,AS,,,25.558596255419133,90.9857373531681,2014,,,,,,,Point
NEG2014_000957,0,negative_candidate,spatial_negative_sampling,,,AS,,,26.083188185065357,94.21729038914974,2014,,,,,,,Point
NEG2014_000958,0,negative_candidate,spatial_negative_sampling,,,AS,,,26.56478482743624,95.67659235003215,2014,,,,,,,Point
NEG2014_000959,0,negative_candidate,spatial_negative_sampling,,,AS,,,26.37519383268172,95.44253112973936,2014,,,,,,,Point
NEG2014_000960,0,negative_candidate,spatial_negative_sampling,,,AS,,,24.16348688301719,94.90395989953767,2014,,,,,,,Point
NEG2014_000961,0,negative_candidate,spatial_negative_sampling,,,AS,,,24.56435434935958,91.97801546334054,2014,,,,,,,Point
NEG2014_000962,0,negative_candidate,spatial_negative_sampling,,,AS,,,24.810383349511184,94.27803422098916,2014,,,,,,,Point
NEG2014_000963,0,negative_candidate,spatial_negative_sampling,,,AS,,,26.699285274450606,89.77895268531502,2014,,,,,,,Point
NEG2014_000964,0,negative_candidate,spatial_negative_sampling,,,AS,,,26.08971735570987,93.91761235017006,2014,,,,,,,Point
NEG2014_000965,0,negative_candidate,spatial_negative_sampling,,,AS,,,28.4546347981525,94.66377706547098,2014,,,,,,,Point
NEG2014_000966,0,negative_candidate,spatial_negative_sampling,,,AS,,,27.12987264364503,90.71079048868356,2014,,,,,,,Point
NEG2014_000967,0,negative_candidate,spatial_negative_sampling,,,AS,,,25.105253718975817,94.17555480414278,2014,,,,,,,Point
NEG2014_000968,0,negative_candidate,spatial_negative_sampling,,,AS,,,26.288970023817377,90.01707994213552,2014,,,,,,,Point
NEG2014_000969,0,negative_candidate,spatial_negative_sampling,,,AS,,,27.18902550961773,92.88131434184403,2014,,,,,,,Point
NEG2014_000970,0,negative_candidate,spatial_negative_sampling,,,AS,,,25.46969601724247,91.51439076033081,2014,,,,,,,Point
NEG2014_000971,0,negative_candidate,spatial_negative_sampling,,,AS,,,27.524436318149295,93.02525517428825,2014,,,,,,,Point
NEG2014_000972,0,negative_candidate,spatial_negative_sampling,,,AS,,,27.83585312836375,91.85793047625745,2014,,,,,,,Point
NEG2014_000973,0,negative_candidate,spatial_negative_sampling,,,AS,,,26.895430242082828,94.59891204077886,2014,,,,,,,Point
NEG2014_000974,0,negative_candidate,spatial_negative_sampling,,,AS,,,25.562374922982713,94.01780107516899,2014,,,,,,,Point
NEG2014_000975,0,negative_candidate,spatial_negative_sampling,,,AS,,,26.717148591585566,93.50716536197075,2014,,,,,,,Point
NEG2014_000976,0,negative_candidate,spatial_negative_sampling,,,ML,,,25.02424449478726,92.23263725308186,2014,,,,,,,Point
NEG2014_000977,0,negative_candidate,spatial_negative_sampling,,,ML,,,26.090020444783526,92.54931617582415,2014,,,,,,,Point
NEG2014_000978,0,negative_candidate,spatial_negative_sampling,,,ML,,,25.227654625819344,92.02247324972124,2014,,,,,,,Point
NEG2014_000979,0,negative_candidate,spatial_negative_sampling,,,ML,,,25.235149510712656,89.75671765980168,2014,,,,,,,Point
NEG2014_000980,0,negative_candidate,spatial_negative_sampling,,,ML,,,26.012339752911917,89.83963396300643,2014,,,,,,,Point
NEG2014_000981,0,negative_candidate,spatial_negative_sampling,,,ML,,,26.12514165963796,91.57672208437988,2014,,,,,,,Point
NEG2014_000982,0,negative_candidate,spatial_negative_sampling,,,ML,,,25.06842929524611,91.8473906775796,2014,,,,,,,Point
NEG2014_000983,0,negative_candidate,spatial_negative_sampling,,,ML,,,25.11371804140432,90.38537155316445,2014,,,,,,,Point
NEG2014_000984,0,negative_candidate,spatial_negative_sampling,,,ML,,,25.597340134519605,89.94853480864434,2014,,,,,,,Point
NEG2014_000985,0,negative_candidate,spatial_negative_sampling,,,ML,,,25.14890731639889,91.52002770405167,2014,,,,,,,Point
NEG2014_000986,0,negative_candidate,spatial_negative_sampling,,,ML,,,26.07504058468679,91.44940264980866,2014,,,,,,,Point
NEG2014_000987,0,negative_candidate,spatial_negative_sampling,,,ML,,,25.734683253896343,90.68249574839578,2014,,,,,,,Point
NEG2014_000988,0,negative_candidate,spatial_negative_sampling,,,ML,,,25.951865232592436,91.38165546830314,2014,,,,,,,Point
NEG2014_000989,0,negative_candidate,spatial_negative_sampling,,,ML,,,25.258382688570528,92.70924298882396,2014,,,,,,,Point
NEG2014_000990,0,negative_candidate,spatial_negative_sampling,,,ML,,,25.30082048752871,89.5029888694241,2014,,,,,,,Point
NEG2014_000991,0,negative_candidate,spatial_negative_sampling,,,ML,,,25.599018412062637,92.03747336561615,2014,,,,,,,Point
NEG2014_000992,0,negative_candidate,spatial_negative_sampling,,,ML,,,25.399078550557846,90.87443794037159,2014,,,,,,,Point
NEG2014_000993,0,negative_candidate,spatial_negative_sampling,,,ML,,,26.122992470949917,92.03471454685871,2014,,,,,,,Point
NEG2014_000994,0,negative_candidate,spatial_negative_sampling,,,ML,,,25.717500789593387,91.53302782468909,2014,,,,,,,Point
NEG2014_000995,0,negative_candidate,spatial_negative_sampling,,,ML,,,25.07847632209436,92.69325337221572,2014,,,,,,,Point
NEG2014_000996,0,negative_candidate,spatial_negative_sampling,,,ML,,,26.137781614721515,89.8572686417988,2014,,,,,,,Point
NEG2014_000997,0,negative_candidate,spatial_negative_sampling,,,ML,,,25.08341584826194,89.76960503656362,2014,,,,,,,Point
NEG2014_000998,0,negative_candidate,spatial_negative_sampling,,,ML,,,25.925374881319083,92.43336703873261,2014,,,,,,,Point
NEG2014_000999,0,negative_candidate,spatial_negative_sampling,,,ML,,,25.028550408212688,90.63428773778925,2014,,,,,,,Point
NEG2014_001000,0,negative_candidate,spatial_negative_sampling,,,ML,,,25.327340672624743,89.55963843432525,2014,,,,,,,Point
NEG2014_001001,0,negative_candidate,spatial_negative_sampling,,,ML,,,25.351110851255473,92.62727186189952,2014,,,,,,,Point
NEG2014_001002,0,negative_candidate,spatial_negative_sampling,,,ML,,,25.196566941508802,92.01812246723757,2014,,,,,,,Point
NEG2014_001003,0,negative_candidate,spatial_negative_sampling,,,ML,,,25.788186751618266,91.10382679832016,2014,,,,,,,Point
NEG2014_001004,0,negative_candidate,spatial_negative_sampling,,,ML,,,25.38772082081775,92.17512532192399,2014,,,,,,,Point
NEG2014_001005,0,negative_candidate,spatial_negative_sampling,,,ML,,,26.13436185640892,92.70557756410825,2014,,,,,,,Point
NEG2014_001006,0,negative_candidate,spatial_negative_sampling,,,ML,,,26.051540193458457,90.12202875759324,2014,,,,,,,Point
NEG2014_001007,0,negative_candidate,spatial_negative_sampling,,,ML,,,25.185395406715383,90.04230937874814,2014,,,,,,,Point
NEG2014_001008,0,negative_candidate,spatial_negative_sampling,,,ML,,,25.943181299586406,92.31615269695699,2014,,,,,,,Point
NEG2014_001009,0,negative_candidate,spatial_negative_sampling,,,ML,,,25.329278174855393,92.06606175296083,2014,,,,,,,Point
NEG2014_001010,0,negative_candidate,spatial_negative_sampling,,,ML,,,25.583969679475068,92.73090143768191,2014,,,,,,,Point
NEG2014_001011,0,negative_candidate,spatial_negative_sampling,,,ML,,,25.57749186295197,91.48911001759478,2014,,,,,,,Point
NEG2014_001012,0,negative_candidate,spatial_negative_sampling,,,ML,,,25.970210671943825,90.8993792942751,2014,,,,,,,Point
NEG2014_001013,0,negative_candidate,spatial_negative_sampling,,,ML,,,25.900822641088652,92.35325257676824,2014,,,,,,,Point
NEG2014_001014,0,negative_candidate,spatial_negative_sampling,,,ML,,,25.27097532042025,91.05892225175447,2014,,,,,,,Point
NEG2014_001015,0,negative_candidate,spatial_negative_sampling,,,ML,,,25.597202163474428,89.80797131535076,2014,,,,,,,Point
NEG2014_001016,0,negative_candidate,spatial_negative_sampling,,,ML,,,25.804742262665364,92.85797826334719,2014,,,,,,,Point
NEG2014_001017,0,negative_candidate,spatial_negative_sampling,,,ML,,,25.721381089179243,91.71913848590866,2014,,,,,,,Point
NEG2014_001018,0,negative_candidate,spatial_negative_sampling,,,ML,,,25.071804388043436,92.51172727759021,2014,,,,,,,Point
NEG2014_001019,0,negative_candidate,spatial_negative_sampling,,,ML,,,25.670110108504854,91.02376399695068,2014,,,,,,,Point
NEG2014_001020,0,negative_candidate,spatial_negative_sampling,,,ML,,,25.01851234422558,89.80800608562187,2014,,,,,,,Point
NEG2014_001021,0,negative_candidate,spatial_negative_sampling,,,ML,,,25.95942749225314,92.06943200108674,2014,,,,,,,Point
NEG2014_001022,0,negative_candidate,spatial_negative_sampling,,,ML,,,25.485788004601634,90.27868932774312,2014,,,,,,,Point
NEG2014_001023,0,negative_candidate,spatial_negative_sampling,,,ML,,,25.851070736289916,89.89807278323956,2014,,,,,,,Point
NEG2014_001024,0,negative_candidate,spatial_negative_sampling,,,ML,,,25.98615085547665,91.40733804176645,2014,,,,,,,Point
NEG2014_001025,0,negative_candidate,spatial_negative_sampling,,,ML,,,26.047958799795037,92.47225189324861,2014,,,,,,,Point
NEG2014_001026,0,negative_candidate,spatial_negative_sampling,,,ML,,,25.953950917772698,90.53952077591626,2014,,,,,,,Point
NEG2014_001027,0,negative_candidate,spatial_negative_sampling,,,ML,,,25.24392083621733,89.80524912251597,2014,,,,,,,Point
NEG2014_001028,0,negative_candidate,spatial_negative_sampling,,,ML,,,25.35803836120675,91.54535553861908,2014,,,,,,,Point
NEG2014_001029,0,negative_candidate,spatial_negative_sampling,,,ML,,,25.064669949782278,91.39171756086797,2014,,,,,,,Point
NEG2014_001030,0,negative_candidate,spatial_negative_sampling,,,ML,,,26.17164832862168,90.38470771387932,2014,,,,,,,Point
NEG2014_001031,0,negative_candidate,spatial_negative_sampling,,,ML,,,25.526509328356127,92.20732592637914,2014,,,,,,,Point
NEG2014_001032,0,negative_candidate,spatial_negative_sampling,,,ML,,,25.78345257187108,90.43922238916517,2014,,,,,,,Point
NEG2014_001033,0,negative_candidate,spatial_negative_sampling,,,ML,,,25.636731632528157,89.79436133890884,2014,,,,,,,Point
NEG2014_001034,0,negative_candidate,spatial_negative_sampling,,,ML,,,25.46190408477368,90.93035565790686,2014,,,,,,,Point
NEG2014_001035,0,negative_candidate,spatial_negative_sampling,,,ML,,,26.064364025385814,91.14234481279904,2014,,,,,,,Point
NEG2014_001036,0,negative_candidate,spatial_negative_sampling,,,ML,,,25.894879398890527,91.55575916796543,2014,,,,,,,Point
NEG2014_001037,0,negative_candidate,spatial_negative_sampling,,,ML,,,25.753357500244345,90.05005939464229,2014,,,,,,,Point
NEG2014_001038,0,negative_candidate,spatial_negative_sampling,,,ML,,,25.258200907319424,90.82677503088146,2014,,,,,,,Point
NEG2014_001039,0,negative_candidate,spatial_negative_sampling,,,ML,,,25.481063083503102,89.73076976135637,2014,,,,,,,Point
NEG2014_001040,0,negative_candidate,spatial_negative_sampling,,,ML,,,25.23768249228062,92.6870318094634,2014,,,,,,,Point
NEG2014_001041,0,negative_candidate,spatial_negative_sampling,,,ML,,,25.278329164477043,90.05891642813195,2014,,,,,,,Point
NEG2014_001042,0,negative_candidate,spatial_negative_sampling,,,ML,,,25.65089451263871,92.12399571627238,2014,,,,,,,Point
NEG2014_001043,0,negative_candidate,spatial_negative_sampling,,,ML,,,25.41104887564205,89.8233877796624,2014,,,,,,,Point
NEG2014_001044,0,negative_candidate,spatial_negative_sampling,,,ML,,,25.364331182857732,90.24978743597806,2014,,,,,,,Point
NEG2014_001045,0,negative_candidate,spatial_negative_sampling,,,ML,,,25.834102417733426,90.47313513717285,2014,,,,,,,Point
NEG2014_001046,0,negative_candidate,spatial_negative_sampling,,,ML,,,25.811672328447898,90.03181525361698,2014,,,,,,,Point
NEG2014_001047,0,negative_candidate,spatial_negative_sampling,,,ML,,,25.341682066348568,89.79572159263155,2014,,,,,,,Point
NEG2014_001048,0,negative_candidate,spatial_negative_sampling,,,ML,,,25.847368002141366,90.8014368996782,2014,,,,,,,Point
NEG2014_001049,0,negative_candidate,spatial_negative_sampling,,,ML,,,25.200449532399816,92.35278407517481,2014,,,,,,,Point
NEG2014_001050,0,negative_candidate,spatial_negative_sampling,,,ML,,,25.896921385609648,91.37649107285095,2014,,,,,,,Point
NEG2014_001051,0,negative_candidate,spatial_negative_sampling,,,ML,,,26.03985220234021,92.24908396049734,2014,,,,,,,Point
NEG2014_001052,0,negative_candidate,spatial_negative_sampling,,,ML,,,25.1674667710792,90.12821494638472,2014,,,,,,,Point
NEG2014_001053,0,negative_candidate,spatial_negative_sampling,,,ML,,,25.737845129157062,92.21288673922155,2014,,,,,,,Point
NEG2014_001054,0,negative_candidate,spatial_negative_sampling,,,ML,,,26.1811445453253,90.40764750091614,2014,,,,,,,Point
NEG2014_001055,0,negative_candidate,spatial_negative_sampling,,,ML,,,25.66711095580843,90.42096712017891,2014,,,,,,,Point
NEG2014_001056,0,negative_candidate,spatial_negative_sampling,,,ML,,,25.537204678488052,90.20256940057725,2014,,,,,,,Point
NEG2014_001057,0,negative_candidate,spatial_negative_sampling,,,ML,,,25.261262635357205,92.02399685364917,2014,,,,,,,Point
NEG2014_001058,0,negative_candidate,spatial_negative_sampling,,,ML,,,25.858950387081716,92.02693508426545,2014,,,,,,,Point
NEG2014_001059,0,negative_candidate,spatial_negative_sampling,,,ML,,,25.45034739972717,92.35085760067014,2014,,,,,,,Point
NEG2014_001060,0,negative_candidate,spatial_negative_sampling,,,ML,,,26.066763170299506,90.1008008700647,2014,,,,,,,Point
NEG2014_001061,0,negative_candidate,spatial_negative_sampling,,,ML,,,25.173066582078555,90.00889136569857,2014,,,,,,,Point
NEG2014_001062,0,negative_candidate,spatial_negative_sampling,,,ML,,,25.77919635878064,91.65942014084786,2014,,,,,,,Point
NEG2014_001063,0,negative_candidate,spatial_negative_sampling,,,ML,,,25.733537847821307,90.7727063478127,2014,,,,,,,Point
NEG2014_001064,0,negative_candidate,spatial_negative_sampling,,,ML,,,25.510471229236938,90.6997687436009,2014,,,,,,,Point
NEG2014_001065,0,negative_candidate,spatial_negative_sampling,,,ML,,,26.077626126293495,92.27572885076866,2014,,,,,,,Point
NEG2014_001066,0,negative_candidate,spatial_negative_sampling,,,ML,,,25.391208951866137,92.83070490844271,2014,,,,,,,Point
NEG2014_001067,0,negative_candidate,spatial_negative_sampling,,,ML,,,25.560382626033398,91.73255301358563,2014,,,,,,,Point
NEG2014_001068,0,negative_candidate,spatial_negative_sampling,,,ML,,,26.1580975982032,89.72847232960821,2014,,,,,,,Point
NEG2014_001069,0,negative_candidate,spatial_negative_sampling,,,ML,,,25.820783624138407,91.86252871548957,2014,,,,,,,Point
NEG2014_001070,0,negative_candidate,spatial_negative_sampling,,,ML,,,25.28552703099982,91.72664669993925,2014,,,,,,,Point
NEG2014_001071,0,negative_candidate,spatial_negative_sampling,,,ML,,,25.461621628972157,91.63633704257931,2014,,,,,,,Point
NEG2014_001072,0,negative_candidate,spatial_negative_sampling,,,ML,,,25.216340882909265,91.69216627504437,2014,,,,,,,Point
NEG2014_001073,0,negative_candidate,spatial_negative_sampling,,,ML,,,25.44480409613032,91.05294228948989,2014,,,,,,,Point
NEG2014_001074,0,negative_candidate,spatial_negative_sampling,,,ML,,,25.069040144939645,89.59838394934633,2014,,,,,,,Point
NEG2014_001075,0,negative_candidate,spatial_negative_sampling,,,ML,,,25.735421429983017,92.70417743071587,2014,,,,,,,Point
NEG2014_001076,0,negative_candidate,spatial_negative_sampling,,,ML,,,25.689334456020045,89.85511474570662,2014,,,,,,,Point
NEG2014_001077,0,negative_candidate,spatial_negative_sampling,,,ML,,,25.624937021174443,91.37725288318336,2014,,,,,,,Point
NEG2014_001078,0,negative_candidate,spatial_negative_sampling,,,ML,,,25.487330993502027,90.0562655487098,2014,,,,,,,Point
NEG2014_001079,0,negative_candidate,spatial_negative_sampling,,,ML,,,25.189560432905292,91.3165522163011,2014,,,,,,,Point
NEG2014_001080,0,negative_candidate,spatial_negative_sampling,,,ML,,,25.68823292982813,92.48931130534633,2014,,,,,,,Point
NEG2014_001081,0,negative_candidate,spatial_negative_sampling,,,ML,,,25.28961326470887,92.36727180711813,2014,,,,,,,Point
NEG2014_001082,0,negative_candidate,spatial_negative_sampling,,,ML,,,25.709154969864663,90.75147465483666,2014,,,,,,,Point
NEG2014_001083,0,negative_candidate,spatial_negative_sampling,,,ML,,,25.202593755748893,92.81338534425745,2014,,,,,,,Point
NEG2014_001084,0,negative_candidate,spatial_negative_sampling,,,ML,,,25.741206193307562,89.63785328580501,2014,,,,,,,Point
NEG2014_001085,0,negative_candidate,spatial_negative_sampling,,,ML,,,25.81429708323734,92.58066124023036,2014,,,,,,,Point
NEG2014_001086,0,negative_candidate,spatial_negative_sampling,,,ML,,,26.100809340744267,91.15570833261793,2014,,,,,,,Point
NEG2014_001087,0,negative_candidate,spatial_negative_sampling,,,ML,,,25.551067968462185,91.06856905335088,2014,,,,,,,Point
NEG2014_001088,0,negative_candidate,spatial_negative_sampling,,,ML,,,25.689735974858458,91.42529091347369,2014,,,,,,,Point
NEG2014_001089,0,negative_candidate,spatial_negative_sampling,,,ML,,,25.91412260796963,92.31516619502229,2014,,,,,,,Point
NEG2014_001090,0,negative_candidate,spatial_negative_sampling,,,ML,,,25.259389361499952,90.8118172455938,2014,,,,,,,Point
NEG2014_001091,0,negative_candidate,spatial_negative_sampling,,,ML,,,25.97543610798603,91.66007206281083,2014,,,,,,,Point
NEG2014_001092,0,negative_candidate,spatial_negative_sampling,,,ML,,,25.912444624686284,91.05802311396613,2014,,,,,,,Point
NEG2014_001093,0,negative_candidate,spatial_negative_sampling,,,ML,,,25.260076943501073,92.84308228066295,2014,,,,,,,Point
NEG2014_001094,0,negative_candidate,spatial_negative_sampling,,,ML,,,25.00809731090286,92.1825125711554,2014,,,,,,,Point
NEG2014_001095,0,negative_candidate,spatial_negative_sampling,,,ML,,,25.73809249549295,91.61629448113995,2014,,,,,,,Point
NEG2014_001096,0,negative_candidate,spatial_negative_sampling,,,ML,,,25.12149389192067,92.77736919785303,2014,,,,,,,Point
NEG2014_001097,0,negative_candidate,spatial_negative_sampling,,,ML,,,26.00504838036988,90.49719465188545,2014,,,,,,,Point
NEG2014_001098,0,negative_candidate,spatial_negative_sampling,,,ML,,,25.611311407561534,89.7868929185175,2014,,,,,,,Point
NEG2014_001099,0,negative_candidate,spatial_negative_sampling,,,ML,,,25.461168867886396,89.91083769817678,2014,,,,,,,Point
NEG2014_001100,0,negative_candidate,spatial_negative_sampling,,,ML,,,25.985357149394112,89.80685475080261,2014,,,,,,,Point
NEG2014_001101,0,negative_candidate,spatial_negative_sampling,,,ML,,,25.66860613695027,90.40110347260597,2014,,,,,,,Point
NEG2014_001102,0,negative_candidate,spatial_negative_sampling,,,ML,,,25.843687198383858,89.63078267769777,2014,,,,,,,Point
NEG2014_001103,0,negative_candidate,spatial_negative_sampling,,,ML,,,26.035176012752835,90.07973525208739,2014,,,,,,,Point
NEG2014_001104,0,negative_candidate,spatial_negative_sampling,,,ML,,,26.044507132483808,90.8344933824335,2014,,,,,,,Point
NEG2014_001105,0,negative_candidate,spatial_negative_sampling,,,ML,,,25.709410381687505,90.82974148300033,2014,,,,,,,Point
NEG2014_001106,0,negative_candidate,spatial_negative_sampling,,,ML,,,26.15055820516373,92.02383055219852,2014,,,,,,,Point
NEG2014_001107,0,negative_candidate,spatial_negative_sampling,,,ML,,,25.54570082401981,92.41432715040503,2014,,,,,,,Point
NEG2014_001108,0,negative_candidate,spatial_negative_sampling,,,ML,,,25.55978443739281,91.67126278673567,2014,,,,,,,Point
NEG2014_001109,0,negative_candidate,spatial_negative_sampling,,,ML,,,25.736783784368047,92.68919328154364,2014,,,,,,,Point
NEG2014_001110,0,negative_candidate,spatial_negative_sampling,,,ML,,,25.391153420491666,91.13928427156635,2014,,,,,,,Point
NEG2014_001111,0,negative_candidate,spatial_negative_sampling,,,ML,,,25.451228365363097,92.6559029939278,2014,,,,,,,Point
NEG2014_001112,0,negative_candidate,spatial_negative_sampling,,,ML,,,25.26137925572324,91.41572790313255,2014,,,,,,,Point
NEG2014_001113,0,negative_candidate,spatial_negative_sampling,,,ML,,,25.2286658791354,91.82951438495436,2014,,,,,,,Point
NEG2014_001114,0,negative_candidate,spatial_negative_sampling,,,ML,,,25.087493555899098,92.6868793952564,2014,,,,,,,Point
NEG2014_001115,0,negative_candidate,spatial_negative_sampling,,,ML,,,25.03667016652448,90.04369739118465,2014,,,,,,,Point
NEG2014_001116,0,negative_candidate,spatial_negative_sampling,,,ML,,,25.61182175761513,92.30623264728852,2014,,,,,,,Point
NEG2014_001117,0,negative_candidate,spatial_negative_sampling,,,ML,,,25.81748926319436,91.76533442295201,2014,,,,,,,Point
NEG2014_001118,0,negative_candidate,spatial_negative_sampling,,,ML,,,25.9348145231666,90.58194025748104,2014,,,,,,,Point
NEG2014_001119,0,negative_candidate,spatial_negative_sampling,,,ML,,,25.05343276384482,91.41499090559591,2014,,,,,,,Point
NEG2014_001120,0,negative_candidate,spatial_negative_sampling,,,ML,,,25.653941979381408,91.87410119078072,2014,,,,,,,Point
NEG2014_001121,0,negative_candidate,spatial_negative_sampling,,,ML,,,25.262689391041885,92.23942970115615,2014,,,,,,,Point
NEG2014_001122,0,negative_candidate,spatial_negative_sampling,,,ML,,,25.473250484746682,92.40713320878717,2014,,,,,,,Point
NEG2014_001123,0,negative_candidate,spatial_negative_sampling,,,ML,,,25.66277301854339,92.04587199306329,2014,,,,,,,Point
NEG2014_001124,0,negative_candidate,spatial_negative_sampling,,,ML,,,26.025359348315263,91.5124349117246,2014,,,,,,,Point
NEG2014_001125,0,negative_candidate,spatial_negative_sampling,,,ML,,,25.776590497339914,91.70907085416407,2014,,,,,,,Point
NEG2014_001126,0,negative_candidate,spatial_negative_sampling,,,ML,,,25.93064806455577,92.14365558567292,2014,,,,,,,Point
NEG2014_001127,0,negative_candidate,spatial_negative_sampling,,,ML,,,25.91141795821769,89.53719535117513,2014,,,,,,,Point
NEG2014_001128,0,negative_candidate,spatial_negative_sampling,,,ML,,,25.332827690771513,90.64874616603308,2014,,,,,,,Point
NEG2014_001129,0,negative_candidate,spatial_negative_sampling,,,ML,,,25.218180288615777,90.57153201819601,2014,,,,,,,Point
NEG2014_001130,0,negative_candidate,spatial_negative_sampling,,,ML,,,25.08906156827933,91.61936202734923,2014,,,,,,,Point
NEG2014_001131,0,negative_candidate,spatial_negative_sampling,,,ML,,,25.441884886333337,92.80084021279286,2014,,,,,,,Point
NEG2014_001132,0,negative_candidate,spatial_negative_sampling,,,ML,,,25.74998970953574,90.83259598844727,2014,,,,,,,Point
NEG2014_001133,0,negative_candidate,spatial_negative_sampling,,,ML,,,26.10530629822942,91.13326064764962,2014,,,,,,,Point
NEG2014_001134,0,negative_candidate,spatial_negative_sampling,,,ML,,,25.544622665453748,91.27871547098907,2014,,,,,,,Point
NEG2014_001135,0,negative_candidate,spatial_negative_sampling,,,ML,,,26.12580859230005,91.38337074176647,2014,,,,,,,Point
NEG2014_001136,0,negative_candidate,spatial_negative_sampling,,,ML,,,25.186296703812026,89.68139088340041,2014,,,,,,,Point
NEG2014_001137,0,negative_candidate,spatial_negative_sampling,,,ML,,,25.457287644808392,90.70447446506118,2014,,,,,,,Point
NEG2014_001138,0,negative_candidate,spatial_negative_sampling,,,ML,,,25.07273551782643,91.88069098191963,2014,,,,,,,Point
NEG2014_001139,0,negative_candidate,spatial_negative_sampling,,,ML,,,26.17289465506783,90.61357882700175,2014,,,,,,,Point
NEG2014_001140,0,negative_candidate,spatial_negative_sampling,,,ML,,,25.547622222865673,90.77790039538209,2014,,,,,,,Point
NEG2014_001141,0,negative_candidate,spatial_negative_sampling,,,ML,,,25.29074335250793,90.03803665410388,2014,,,,,,,Point
NEG2014_001142,0,negative_candidate,spatial_negative_sampling,,,ML,,,25.878902327457407,92.18369824728384,2014,,,,,,,Point
NEG2014_001143,0,negative_candidate,spatial_negative_sampling,,,ML,,,25.954708692619775,89.98489083799716,2014,,,,,,,Point
NEG2014_001144,0,negative_candidate,spatial_negative_sampling,,,ML,,,25.165928492330444,89.64515880877875,2014,,,,,,,Point
NEG2014_001145,0,negative_candidate,spatial_negative_sampling,,,ML,,,26.01413765243796,90.38679826648546,2014,,,,,,,Point
NEG2014_001146,0,negative_candidate,spatial_negative_sampling,,,ML,,,26.14910283387451,90.68840621072349,2014,,,,,,,Point
NEG2014_001147,0,negative_candidate,spatial_negative_sampling,,,ML,,,25.500850973297183,90.74817347536325,2014,,,,,,,Point
NEG2014_001148,0,negative_candidate,spatial_negative_sampling,,,ML,,,25.056952605020303,92.38712973158212,2014,,,,,,,Point
NEG2014_001149,0,negative_candidate,spatial_negative_sampling,,,ML,,,25.498571323861604,91.04882695483444,2014,,,,,,,Point
NEG2014_001150,0,negative_candidate,spatial_negative_sampling,,,ML,,,25.32449038964399,91.18094410672155,2014,,,,,,,Point
NEG2014_001151,0,negative_candidate,spatial_negative_sampling,,,ML,,,25.79498779848108,89.63768711810687,2014,,,,,,,Point
NEG2014_001152,0,negative_candidate,spatial_negative_sampling,,,ML,,,25.978642659945166,91.53655976085567,2014,,,,,,,Point
NEG2014_001153,0,negative_candidate,spatial_negative_sampling,,,ML,,,25.357014325892266,92.07345239753735,2014,,,,,,,Point
NEG2014_001154,0,negative_candidate,spatial_negative_sampling,,,ML,,,25.05818982802497,91.3162277525206,2014,,,,,,,Point
NEG2014_001155,0,negative_candidate,spatial_negative_sampling,,,ML,,,26.073032696008767,91.46335570105333,2014,,,,,,,Point
NEG2014_001156,0,negative_candidate,spatial_negative_sampling,,,ML,,,26.124094647710123,92.5697677144624,2014,,,,,,,Point
NEG2014_001157,0,negative_candidate,spatial_negative_sampling,,,ML,,,25.608553512350678,90.31350850654849,2014,,,,,,,Point
NEG2014_001158,0,negative_candidate,spatial_negative_sampling,,,ML,,,25.360140786438702,91.4189456660907,2014,,,,,,,Point
NEG2014_001159,0,negative_candidate,spatial_negative_sampling,,,ML,,,25.605575878161478,91.8506968664724,2014,,,,,,,Point
NEG2014_001160,0,negative_candidate,spatial_negative_sampling,,,ML,,,26.12998474088829,89.69500862133815,2014,,,,,,,Point
NEG2014_001161,0,negative_candidate,spatial_negative_sampling,,,ML,,,25.955993905222527,91.82340493247669,2014,,,,,,,Point
NEG2014_001162,0,negative_candidate,spatial_negative_sampling,,,ML,,,25.43960547797786,91.38402581167152,2014,,,,,,,Point
NEG2014_001163,0,negative_candidate,spatial_negative_sampling,,,ML,,,26.059009577136553,89.52314742886381,2014,,,,,,,Point
NEG2014_001164,0,negative_candidate,spatial_negative_sampling,,,ML,,,26.14069139296335,92.0767820796845,2014,,,,,,,Point
NEG2014_001165,0,negative_candidate,spatial_negative_sampling,,,ML,,,26.062737184174487,90.89397075729747,2014,,,,,,,Point
NEG2014_001166,0,negative_candidate,spatial_negative_sampling,,,ML,,,25.889909909491188,90.78390459684232,2014,,,,,,,Point
NEG2014_001167,0,negative_candidate,spatial_negative_sampling,,,ML,,,25.029004408404653,92.59998902530863,2014,,,,,,,Point
NEG2014_001168,0,negative_candidate,spatial_negative_sampling,,,ML,,,25.314982403528212,90.26381512089206,2014,,,,,,,Point
NEG2014_001169,0,negative_candidate,spatial_negative_sampling,,,ML,,,25.992607186885056,89.61213249738256,2014,,,,,,,Point
NEG2014_001170,0,negative_candidate,spatial_negative_sampling,,,ML,,,25.15179941254009,91.59409254566789,2014,,,,,,,Point
NEG2014_001171,0,negative_candidate,spatial_negative_sampling,,,ML,,,25.637801968155237,92.66332811130853,2014,,,,,,,Point
NEG2014_001172,0,negative_candidate,spatial_negative_sampling,,,ML,,,25.1477018955147,90.53105927753457,2014,,,,,,,Point
NEG2014_001173,0,negative_candidate,spatial_negative_sampling,,,ML,,,25.372452886589297,90.97783417701612,2014,,,,,,,Point
NEG2014_001174,0,negative_candidate,spatial_negative_sampling,,,ML,,,25.344418495002923,89.65382038165889,2014,,,,,,,Point
NEG2014_001175,0,negative_candidate,spatial_negative_sampling,,,ML,,,25.997728032125853,92.39485111534532,2014,,,,,,,Point
NEG2014_001176,0,negative_candidate,spatial_negative_sampling,,,ML,,,26.078725377214653,90.15786072220796,2014,,,,,,,Point
NEG2014_001177,0,negative_candidate,spatial_negative_sampling,,,ML,,,25.330046202026633,92.51377835364612,2014,,,,,,,Point
NEG2014_001178,0,negative_candidate,spatial_negative_sampling,,,ML,,,26.06879014693259,90.79133030045759,2014,,,,,,,Point
NEG2014_001179,0,negative_candidate,spatial_negative_sampling,,,ML,,,25.76541301657993,91.70192518636951,2014,,,,,,,Point
NEG2014_001180,0,negative_candidate,spatial_negative_sampling,,,ML,,,25.326423309664815,92.85554196027142,2014,,,,,,,Point
NEG2014_001181,0,negative_candidate,spatial_negative_sampling,,,ML,,,25.851285006916605,90.67273484629416,2014,,,,,,,Point
NEG2014_001182,0,negative_candidate,spatial_negative_sampling,,,ML,,,25.595059471714276,90.0324097083197,2014,,,,,,,Point
NEG2014_001183,0,negative_candidate,spatial_negative_sampling,,,ML,,,25.71675382764446,91.76336095456416,2014,,,,,,,Point
NEG2014_001184,0,negative_candidate,spatial_negative_sampling,,,ML,,,25.63123776451491,90.98932718529714,2014,,,,,,,Point
NEG2014_001185,0,negative_candidate,spatial_negative_sampling,,,ML,,,25.954618412259126,91.24240487519259,2014,,,,,,,Point
NEG2014_001186,0,negative_candidate,spatial_negative_sampling,,,ML,,,25.47961590878169,91.66073448858626,2014,,,,,,,Point
NEG2014_001187,0,negative_candidate,spatial_negative_sampling,,,ML,,,25.934283336137224,91.09237619975166,2014,,,,,,,Point
NEG2014_001188,0,negative_candidate,spatial_negative_sampling,,,ML,,,25.0240505121371,91.86815707468074,2014,,,,,,,Point
NEG2014_001189,0,negative_candidate,spatial_negative_sampling,,,ML,,,25.31043649436714,90.4706295078392,2014,,,,,,,Point
NEG2014_001190,0,negative_candidate,spatial_negative_sampling,,,ML,,,25.07734043905151,92.61921104123239,2014,,,,,,,Point
NEG2014_001191,0,negative_candidate,spatial_negative_sampling,,,ML,,,25.642514399724554,91.98930371696778,2014,,,,,,,Point
NEG2014_001192,0,negative_candidate,spatial_negative_sampling,,,ML,,,25.58802664038143,89.88009506519698,2014,,,,,,,Point
NEG2014_001193,0,negative_candidate,spatial_negative_sampling,,,ML,,,25.938017290027688,90.26806449903246,2014,,,,,,,Point
NEG2014_001194,0,negative_candidate,spatial_negative_sampling,,,ML,,,26.136076992387782,91.64517522642835,2014,,,,,,,Point
NEG2014_001195,0,negative_candidate,spatial_negative_sampling,,,ML,,,25.843997858557955,89.98260907301758,2014,,,,,,,Point
NEG2014_001196,0,negative_candidate,spatial_negative_sampling,,,ML,,,26.193628500489208,90.77841397510443,2014,,,,,,,Point
NEG2014_001197,0,negative_candidate,spatial_negative_sampling,,,ML,,,25.838365163169343,89.87791801194712,2014,,,,,,,Point
NEG2014_001198,0,negative_candidate,spatial_negative_sampling,,,ML,,,25.920839062560376,90.19908882561762,2014,,,,,,,Point
NEG2014_001199,0,negative_candidate,spatial_negative_sampling,,,ML,,,26.099844696539027,91.25644594496218,2014,,,,,,,Point
NEG2014_001200,0,negative_candidate,spatial_negative_sampling,,,ML,,,25.06139723501072,91.14811120910285,2014,,,,,,,Point
NEG2014_001201,0,negative_candidate,spatial_negative_sampling,,,ML,,,25.361281564426594,89.93689270950388,2014,,,,,,,Point
NEG2014_001202,0,negative_candidate,spatial_negative_sampling,,,ML,,,25.364776894200887,92.51031519382255,2014,,,,,,,Point
NEG2014_001203,0,negative_candidate,spatial_negative_sampling,,,ML,,,25.71317278801499,91.9233442045895,2014,,,,,,,Point
NEG2014_001204,0,negative_candidate,spatial_negative_sampling,,,ML,,,25.239921468237757,90.91739425188062,2014,,,,,,,Point
NEG2014_001205,0,negative_candidate,spatial_negative_sampling,,,ML,,,25.772893485551094,92.34145739512506,2014,,,,,,,Point
NEG2014_001206,0,negative_candidate,spatial_negative_sampling,,,ML,,,25.89357573923692,91.10521813693381,2014,,,,,,,Point
NEG2014_001207,0,negative_candidate,spatial_negative_sampling,,,ML,,,25.72916235537988,89.90368187963774,2014,,,,,,,Point
NEG2014_001208,0,negative_candidate,spatial_negative_sampling,,,ML,,,25.717082116525827,91.60535416108262,2014,,,,,,,Point
NEG2014_001209,0,negative_candidate,spatial_negative_sampling,,,ML,,,25.98376765253367,91.05008398366556,2014,,,,,,,Point
NEG2014_001210,0,negative_candidate,spatial_negative_sampling,,,ML,,,25.227674736789876,91.63651615790047,2014,,,,,,,Point
NEG2014_001211,0,negative_candidate,spatial_negative_sampling,,,ML,,,25.716336451545807,90.04610005899076,2014,,,,,,,Point
NEG2014_001212,0,negative_candidate,spatial_negative_sampling,,,ML,,,25.459589336666504,89.66059686049297,2014,,,,,,,Point
NEG2014_001213,0,negative_candidate,spatial_negative_sampling,,,ML,,,25.246511608159793,89.99442410923297,2014,,,,,,,Point
NEG2014_001214,0,negative_candidate,spatial_negative_sampling,,,ML,,,25.76458855216412,89.95771862455062,2014,,,,,,,Point
NEG2014_001215,0,negative_candidate,spatial_negative_sampling,,,ML,,,26.035095163360815,89.87986342533188,2014,,,,,,,Point
NEG2014_001216,0,negative_candidate,spatial_negative_sampling,,,ML,,,25.223514792332406,90.45215677730569,2014,,,,,,,Point
NEG2014_001217,0,negative_candidate,spatial_negative_sampling,,,ML,,,25.889359642320425,90.70082163164368,2014,,,,,,,Point
NEG2014_001218,0,negative_candidate,spatial_negative_sampling,,,ML,,,25.50010789773008,92.27939438807041,2014,,,,,,,Point
NEG2014_001219,0,negative_candidate,spatial_negative_sampling,,,ML,,,25.653627225077358,90.9645995201671,2014,,,,,,,Point
NEG2014_001220,0,negative_candidate,spatial_negative_sampling,,,ML,,,25.396221099168454,90.65316155911171,2014,,,,,,,Point
NEG2014_001221,0,negative_candidate,spatial_negative_sampling,,,ML,,,25.000134803151596,90.15923053992397,2014,,,,,,,Point
NEG2014_001222,0,negative_candidate,spatial_negative_sampling,,,ML,,,25.97546410905398,91.53603600920985,2014,,,,,,,Point
NEG2014_001223,0,negative_candidate,spatial_negative_sampling,,,ML,,,26.059258810866904,92.06386733057555,2014,,,,,,,Point
NEG2014_001224,0,negative_candidate,spatial_negative_sampling,,,ML,,,25.07933253744417,91.06209900334952,2014,,,,,,,Point
NEG2014_001225,0,negative_candidate,spatial_negative_sampling,,,ML,,,25.00616994277593,91.52002508890492,2014,,,,,,,Point
NEG2014_001226,0,negative_candidate,spatial_negative_sampling,,,ML,,,25.472228985660344,91.18403646621306,2014,,,,,,,Point
NEG2014_001227,0,negative_candidate,spatial_negative_sampling,,,ML,,,25.351636916642903,92.78737685393048,2014,,,,,,,Point
NEG2014_001228,0,negative_candidate,spatial_negative_sampling,,,ML,,,25.707633293166406,92.40621615437026,2014,,,,,,,Point
NEG2014_001229,0,negative_candidate,spatial_negative_sampling,,,ML,,,25.768762931847984,90.33863927479045,2014,,,,,,,Point
NEG2014_001230,0,negative_candidate,spatial_negative_sampling,,,ML,,,25.284387447359798,89.81169850812203,2014,,,,,,,Point
NEG2014_001231,0,negative_candidate,spatial_negative_sampling,,,ML,,,25.57980814830247,90.04029542854559,2014,,,,,,,Point
NEG2014_001232,0,negative_candidate,spatial_negative_sampling,,,ML,,,25.82115670104801,90.08036618801788,2014,,,,,,,Point
NEG2014_001233,0,negative_candidate,spatial_negative_sampling,,,ML,,,26.034946892124562,91.504604182,2014,,,,,,,Point
NEG2014_001234,0,negative_candidate,spatial_negative_sampling,,,ML,,,25.755503351245714,90.2332655302671,2014,,,,,,,Point
NEG2014_001235,0,negative_candidate,spatial_negative_sampling,,,ML,,,25.188349339587266,91.43297337785118,2014,,,,,,,Point
NEG2014_001236,0,negative_candidate,spatial_negative_sampling,,,ML,,,25.91750734785639,90.24839850874635,2014,,,,,,,Point
NEG2014_001237,0,negative_candidate,spatial_negative_sampling,,,ML,,,25.963483518398913,92.25284421354681,2014,,,,,,,Point
NEG2014_001238,0,negative_candidate,spatial_negative_sampling,,,ML,,,25.536308329764523,89.53539022399609,2014,,,,,,,Point
NEG2014_001239,0,negative_candidate,spatial_negative_sampling,,,ML,,,25.11267302321849,90.22398926510473,2014,,,,,,,Point
NEG2014_001240,0,negative_candidate,spatial_negative_sampling,,,ML,,,25.087006457265662,90.48321449653166,2014,,,,,,,Point
NEG2014_001241,0,negative_candidate,spatial_negative_sampling,,,ML,,,26.192593545701236,92.55983011720535,2014,,,,,,,Point
NEG2014_001242,0,negative_candidate,spatial_negative_sampling,,,ML,,,25.822199396062103,90.18367660659332,2014,,,,,,,Point
NEG2014_001243,0,negative_candidate,spatial_negative_sampling,,,ML,,,25.89108106051629,92.0368228379364,2014,,,,,,,Point
NEG2014_001244,0,negative_candidate,spatial_negative_sampling,,,ML,,,25.335238333048956,89.75283380997655,2014,,,,,,,Point
NEG2014_001245,0,negative_candidate,spatial_negative_sampling,,,ML,,,26.15246488169777,92.3606159684729,2014,,,,,,,Point
NEG2014_001246,0,negative_candidate,spatial_negative_sampling,,,ML,,,25.262581783157916,89.8549430524343,2014,,,,,,,Point
NEG2014_001247,0,negative_candidate,spatial_negative_sampling,,,ML,,,25.163922356740617,92.52658593619611,2014,,,,,,,Point
NEG2014_001248,0,negative_candidate,spatial_negative_sampling,,,ML,,,25.17819414773792,91.9290611611237,2014,,,,,,,Point
NEG2014_001249,0,negative_candidate,spatial_negative_sampling,,,ML,,,26.175759443022034,91.66059820253317,2014,,,,,,,Point
NEG2014_001250,0,negative_candidate,spatial_negative_sampling,,,ML,,,25.85054575482568,91.87721552310992,2014,,,,,,,Point
NEG2014_001251,0,negative_candidate,spatial_negative_sampling,,,ML,,,25.086667426986896,92.49511885222394,2014,,,,,,,Point
NEG2014_001252,0,negative_candidate,spatial_negative_sampling,,,ML,,,26.041447706279033,90.48152505406087,2014,,,,,,,Point
NEG2014_001253,0,negative_candidate,spatial_negative_sampling,,,ML,,,25.901483702509726,89.69770698029419,2014,,,,,,,Point
NEG2014_001254,0,negative_candidate,spatial_negative_sampling,,,ML,,,26.0595872236729,90.54577993866168,2014,,,,,,,Point
NEG2014_001255,0,negative_candidate,spatial_negative_sampling,,,ML,,,25.69934377443814,90.85505606751883,2014,,,,,,,Point
NEG2014_001256,0,negative_candidate,spatial_negative_sampling,,,ML,,,25.161119765908925,92.28585531229675,2014,,,,,,,Point
NEG2014_001257,0,negative_candidate,spatial_negative_sampling,,,ML,,,25.570604614978645,91.62541727528571,2014,,,,,,,Point
NEG2014_001258,0,negative_candidate,spatial_negative_sampling,,,ML,,,26.009599777223695,92.15980024875455,2014,,,,,,,Point
NEG2014_001259,0,negative_candidate,spatial_negative_sampling,,,ML,,,25.947936571682046,91.34974592187545,2014,,,,,,,Point
NEG2014_001260,0,negative_candidate,spatial_negative_sampling,,,ML,,,25.840510456271815,91.86952435523963,2014,,,,,,,Point
NEG2014_001261,0,negative_candidate,spatial_negative_sampling,,,ML,,,25.87216173131314,90.63315628032515,2014,,,,,,,Point
NEG2014_001262,0,negative_candidate,spatial_negative_sampling,,,ML,,,26.064822981677075,90.24195539708987,2014,,,,,,,Point
NEG2014_001263,0,negative_candidate,spatial_negative_sampling,,,ML,,,25.93684164841351,90.82861236825403,2014,,,,,,,Point
NEG2014_001264,0,negative_candidate,spatial_negative_sampling,,,ML,,,25.306396330031003,89.69488695073636,2014,,,,,,,Point
NEG2014_001265,0,negative_candidate,spatial_negative_sampling,,,ML,,,25.885332907247324,92.8397859606683,2014,,,,,,,Point
NEG2014_001266,0,negative_candidate,spatial_negative_sampling,,,ML,,,26.163410904364582,91.77890489123021,2014,,,,,,,Point
NEG2014_001267,0,negative_candidate,spatial_negative_sampling,,,ML,,,25.41173647820112,89.7775424793297,2014,,,,,,,Point
NEG2014_001268,0,negative_candidate,spatial_negative_sampling,,,ML,,,25.876893846191667,91.16060838330012,2014,,,,,,,Point
NEG2014_001269,0,negative_candidate,spatial_negative_sampling,,,ML,,,25.94986994753577,92.15480379743417,2014,,,,,,,Point
NEG2014_001270,0,negative_candidate,spatial_negative_sampling,,,ML,,,25.44140438688517,90.7042208450296,2014,,,,,,,Point
NEG2014_001271,0,negative_candidate,spatial_negative_sampling,,,ML,,,25.486023195288357,91.0382443389144,2014,,,,,,,Point
NEG2014_001272,0,negative_candidate,spatial_negative_sampling,,,ML,,,25.94184118704374,92.31636794999324,2014,,,,,,,Point
NEG2014_001273,0,negative_candidate,spatial_negative_sampling,,,ML,,,25.380367485867396,90.01278984292394,2014,,,,,,,Point
NEG2014_001274,0,negative_candidate,spatial_negative_sampling,,,ML,,,25.798373968887145,91.47583184999534,2014,,,,,,,Point
NEG2014_001275,0,negative_candidate,spatial_negative_sampling,,,ML,,,25.637683835808115,91.23063578247353,2014,,,,,,,Point
NEG2014_001276,0,negative_candidate,spatial_negative_sampling,,,ML,,,25.29942612038097,90.8070229552962,2014,,,,,,,Point
NEG2014_001277,0,negative_candidate,spatial_negative_sampling,,,ML,,,25.455970417888825,90.80093987208956,2014,,,,,,,Point
NEG2014_001278,0,negative_candidate,spatial_negative_sampling,,,ML,,,26.110065498481397,92.57564825185256,2014,,,,,,,Point
NEG2014_001279,0,negative_candidate,spatial_negative_sampling,,,ML,,,25.963272601357094,92.43109483791658,2014,,,,,,,Point
NEG2014_001280,0,negative_candidate,spatial_negative_sampling,,,ML,,,25.564219597713407,89.98699027678752,2014,,,,,,,Point
NEG2014_001281,0,negative_candidate,spatial_negative_sampling,,,ML,,,26.116841702951483,92.86178706013544,2014,,,,,,,Point
NEG2014_001282,0,negative_candidate,spatial_negative_sampling,,,ML,,,25.33964165628998,91.34023351267582,2014,,,,,,,Point
NEG2014_001283,0,negative_candidate,spatial_negative_sampling,,,ML,,,25.992734218745397,89.61999412411718,2014,,,,,,,Point
NEG2014_001284,0,negative_candidate,spatial_negative_sampling,,,ML,,,26.10313700837766,89.73957074449568,2014,,,,,,,Point
NEG2014_001285,0,negative_candidate,spatial_negative_sampling,,,ML,,,26.01264802137095,89.89858120656858,2014,,,,,,,Point
NEG2014_001286,0,negative_candidate,spatial_negative_sampling,,,ML,,,25.806113155435806,92.58594204463546,2014,,,,,,,Point
NEG2014_001287,0,negative_candidate,spatial_negative_sampling,,,ML,,,26.159132040889688,90.80887674183407,2014,,,,,,,Point
NEG2014_001288,0,negative_candidate,spatial_negative_sampling,,,ML,,,25.371185722610203,90.77629532919873,2014,,,,,,,Point
NEG2014_001289,0,negative_candidate,spatial_negative_sampling,,,ML,,,26.09443769288763,91.63837381609498,2014,,,,,,,Point
NEG2014_001290,0,negative_candidate,spatial_negative_sampling,,,ML,,,25.462258828600223,91.69191496192765,2014,,,,,,,Point
NEG2014_001291,0,negative_candidate,spatial_negative_sampling,,,ML,,,25.36541566981195,89.7549941768722,2014,,,,,,,Point
NEG2014_001292,0,negative_candidate,spatial_negative_sampling,,,ML,,,26.030110464101437,91.56105867969963,2014,,,,,,,Point
NEG2014_001293,0,negative_candidate,spatial_negative_sampling,,,ML,,,25.657971447424075,92.49189304181206,2014,,,,,,,Point
NEG2014_001294,0,negative_candidate,spatial_negative_sampling,,,ML,,,25.64841124897684,91.68485280955609,2014,,,,,,,Point
NEG2014_001295,0,negative_candidate,spatial_negative_sampling,,,ML,,,26.048905530555075,91.61040780406891,2014,,,,,,,Point
NEG2014_001296,0,negative_candidate,spatial_negative_sampling,,,ML,,,25.872193954173884,89.82884159424756,2014,,,,,,,Point
NEG2014_001297,0,negative_candidate,spatial_negative_sampling,,,ML,,,25.599125657252383,91.69172422117863,2014,,,,,,,Point
NEG2014_001298,0,negative_candidate,spatial_negative_sampling,,,ML,,,25.731985853579385,89.69312989680583,2014,,,,,,,Point
NEG2014_001299,0,negative_candidate,spatial_negative_sampling,,,ML,,,25.068542104175037,92.702881727213,2014,,,,,,,Point
NEG2014_001300,0,negative_candidate,spatial_negative_sampling,,,ML,,,25.582904994076543,89.6216125965088,2014,,,,,,,Point
NEG2014_001301,0,negative_candidate,spatial_negative_sampling,,,ML,,,25.96491100659547,91.86878448685145,2014,,,,,,,Point
NEG2014_001302,0,negative_candidate,spatial_negative_sampling,,,ML,,,25.25778041394046,89.56438698968905,2014,,,,,,,Point
NEG2014_001303,0,negative_candidate,spatial_negative_sampling,,,ML,,,25.190651338278467,90.7909559424872,2014,,,,,,,Point
NEG2014_001304,0,negative_candidate,spatial_negative_sampling,,,ML,,,25.249042709485064,92.85928793670487,2014,,,,,,,Point
NEG2014_001305,0,negative_candidate,spatial_negative_sampling,,,ML,,,25.70209677330802,90.82153399422127,2014,,,,,,,Point
NEG2014_001306,0,negative_candidate,spatial_negative_sampling,,,ML,,,25.272813342625447,91.77941111276971,2014,,,,,,,Point
NEG2014_001307,0,negative_candidate,spatial_negative_sampling,,,ML,,,25.784340814033087,91.0803213058802,2014,,,,,,,Point
NEG2014_001308,0,negative_candidate,spatial_negative_sampling,,,ML,,,25.646333238865225,92.28913920729269,2014,,,,,,,Point
NEG2014_001309,0,negative_candidate,spatial_negative_sampling,,,ML,,,25.27315861180671,91.78781959819655,2014,,,,,,,Point
NEG2014_001310,0,negative_candidate,spatial_negative_sampling,,,ML,,,25.456780925671026,92.2398705975331,2014,,,,,,,Point
NEG2014_001311,0,negative_candidate,spatial_negative_sampling,,,ML,,,25.437126143971035,91.06512176746858,2014,,,,,,,Point
NEG2014_001312,0,negative_candidate,spatial_negative_sampling,,,ML,,,25.83236272368913,90.17080764620941,2014,,,,,,,Point
NEG2014_001313,0,negative_candidate,spatial_negative_sampling,,,ML,,,25.196909560329615,91.89063953867331,2014,,,,,,,Point
NEG2014_001314,0,negative_candidate,spatial_negative_sampling,,,ML,,,25.95022801156191,92.45469758532583,2014,,,,,,,Point
NEG2014_001315,0,negative_candidate,spatial_negative_sampling,,,ML,,,26.027419105740275,89.62641429249987,2014,,,,,,,Point
NEG2014_001316,0,negative_candidate,spatial_negative_sampling,,,ML,,,25.293158083898565,92.18382384648208,2014,,,,,,,Point
NEG2014_001317,0,negative_candidate,spatial_negative_sampling,,,ML,,,25.15224092968227,91.16070201601724,2014,,,,,,,Point
NEG2014_001318,0,negative_candidate,spatial_negative_sampling,,,ML,,,25.596438997077506,90.18352274107646,2014,,,,,,,Point
NEG2014_001319,0,negative_candidate,spatial_negative_sampling,,,ML,,,25.477657453636446,92.17160223324142,2014,,,,,,,Point
NEG2014_001320,0,negative_candidate,spatial_negative_sampling,,,ML,,,25.416256655502163,92.01953271965054,2014,,,,,,,Point
NEG2014_001321,0,negative_candidate,spatial_negative_sampling,,,ML,,,25.507468716009633,91.4439475336364,2014,,,,,,,Point
NEG2014_001322,0,negative_candidate,spatial_negative_sampling,,,ML,,,25.544625372054846,91.95329670206621,2014,,,,,,,Point
NEG2014_001323,0,negative_candidate,spatial_negative_sampling,,,ML,,,26.19540374841493,91.76704093731311,2014,,,,,,,Point
NEG2014_001324,0,negative_candidate,spatial_negative_sampling,,,ML,,,26.140366299153634,92.37911063635686,2014,,,,,,,Point
NEG2014_001325,0,negative_candidate,spatial_negative_sampling,,,ML,,,25.822510194331933,90.63030370910845,2014,,,,,,,Point
NEG2014_001326,0,negative_candidate,spatial_negative_sampling,,,ML,,,26.02077677813654,92.52296749720864,2014,,,,,,,Point
NEG2014_001327,0,negative_candidate,spatial_negative_sampling,,,ML,,,25.669325912775946,91.16026218234794,2014,,,,,,,Point
NEG2014_001328,0,negative_candidate,spatial_negative_sampling,,,ML,,,25.959672957625262,92.07725715411406,2014,,,,,,,Point
NEG2014_001329,0,negative_candidate,spatial_negative_sampling,,,ML,,,25.1290150262129,90.90671496138243,2014,,,,,,,Point
NEG2014_001330,0,negative_candidate,spatial_negative_sampling,,,ML,,,25.015035492530856,92.2475222564054,2014,,,,,,,Point
NEG2014_001331,0,negative_candidate,spatial_negative_sampling,,,ML,,,26.065302456188867,92.10231251973639,2014,,,,,,,Point
NEG2014_001332,0,negative_candidate,spatial_negative_sampling,,,ML,,,25.035875348928226,91.09221265693768,2014,,,,,,,Point
NEG2014_001333,0,negative_candidate,spatial_negative_sampling,,,ML,,,26.062596466721835,92.85892993199239,2014,,,,,,,Point
NEG2014_001334,0,negative_candidate,spatial_negative_sampling,,,ML,,,25.308373678911945,90.87038545320476,2014,,,,,,,Point
NEG2014_001335,0,negative_candidate,spatial_negative_sampling,,,ML,,,25.49897089932232,91.03379280800178,2014,,,,,,,Point
NEG2014_001336,0,negative_candidate,spatial_negative_sampling,,,ML,,,25.566545421470085,92.71424593227003,2014,,,,,,,Point
NEG2014_001337,0,negative_candidate,spatial_negative_sampling,,,ML,,,25.283794840542765,90.80253665273212,2014,,,,,,,Point
NEG2014_001338,0,negative_candidate,spatial_negative_sampling,,,ML,,,25.425201680768232,90.86303805396939,2014,,,,,,,Point
NEG2014_001339,0,negative_candidate,spatial_negative_sampling,,,ML,,,26.19425921100532,92.61575729119957,2014,,,,,,,Point
NEG2014_001340,0,negative_candidate,spatial_negative_sampling,,,ML,,,25.81892927618068,91.94194237331497,2014,,,,,,,Point
NEG2014_001341,0,negative_candidate,spatial_negative_sampling,,,ML,,,25.49808235980404,92.21906965371222,2014,,,,,,,Point
NEG2014_001342,0,negative_candidate,spatial_negative_sampling,,,ML,,,25.863568040231975,89.7401433161973,2014,,,,,,,Point
NEG2014_001343,0,negative_candidate,spatial_negative_sampling,,,ML,,,26.149256994547184,91.19825140071512,2014,,,,,,,Point
NEG2014_001344,0,negative_candidate,spatial_negative_sampling,,,ML,,,26.170371522730843,92.44510229021063,2014,,,,,,,Point
NEG2014_001345,0,negative_candidate,spatial_negative_sampling,,,ML,,,25.911384202581115,92.03158385338462,2014,,,,,,,Point
NEG2014_001346,0,negative_candidate,spatial_negative_sampling,,,ML,,,25.990618352401185,91.60128328924574,2014,,,,,,,Point
NEG2014_001347,0,negative_candidate,spatial_negative_sampling,,,ML,,,25.59010313343568,92.17189296011061,2014,,,,,,,Point
NEG2014_001348,0,negative_candidate,spatial_negative_sampling,,,ML,,,25.519939301061914,90.35702144823946,2014,,,,,,,Point
NEG2014_001349,0,negative_candidate,spatial_negative_sampling,,,ML,,,25.561623374311974,90.46113048610171,2014,,,,,,,Point
NEG2014_001350,0,negative_candidate,spatial_negative_sampling,,,ML,,,25.31720755905255,89.87064726383335,2014,,,,,,,Point
NEG2014_001351,0,negative_candidate,spatial_negative_sampling,,,ML,,,26.027067249126993,92.75895846536407,2014,,,,,,,Point
NEG2014_001352,0,negative_candidate,spatial_negative_sampling,,,ML,,,25.14668694690829,90.4862985660326,2014,,,,,,,Point
NEG2014_001353,0,negative_candidate,spatial_negative_sampling,,,ML,,,25.332251505878688,89.67065538687109,2014,,,,,,,Point
NEG2014_001354,0,negative_candidate,spatial_negative_sampling,,,ML,,,25.07083754232824,89.72911840302147,2014,,,,,,,Point
NEG2014_001355,0,negative_candidate,spatial_negative_sampling,,,ML,,,25.89339061467701,90.4994737960056,2014,,,,,,,Point
NEG2014_001356,0,negative_candidate,spatial_negative_sampling,,,ML,,,26.055721015736943,89.62566153917932,2014,,,,,,,Point
NEG2014_001357,0,negative_candidate,spatial_negative_sampling,,,ML,,,25.048928720466954,91.31569634167607,2014,,,,,,,Point
NEG2014_001358,0,negative_candidate,spatial_negative_sampling,,,ML,,,25.053756826357397,90.4249464907696,2014,,,,,,,Point
NEG2014_001359,0,negative_candidate,spatial_negative_sampling,,,ML,,,25.706012858812176,90.96497912858973,2014,,,,,,,Point
NEG2014_001360,0,negative_candidate,spatial_negative_sampling,,,ML,,,25.08611120386773,92.23734436164301,2014,,,,,,,Point
NEG2014_001361,0,negative_candidate,spatial_negative_sampling,,,ML,,,25.276344010005225,89.51188903997232,2014,,,,,,,Point
NEG2014_001362,0,negative_candidate,spatial_negative_sampling,,,ML,,,25.00894050984715,90.94017631701077,2014,,,,,,,Point
NEG2014_001363,0,negative_candidate,spatial_negative_sampling,,,ML,,,25.036517943217905,90.48586555208263,2014,,,,,,,Point
NEG2014_001364,0,negative_candidate,spatial_negative_sampling,,,ML,,,25.196914908839624,92.14255167038812,2014,,,,,,,Point
NEG2014_001365,0,negative_candidate,spatial_negative_sampling,,,ML,,,25.944692835478392,91.0232196112346,2014,,,,,,,Point
NEG2014_001366,0,negative_candidate,spatial_negative_sampling,,,ML,,,25.611309702202067,92.85120450062246,2014,,,,,,,Point
NEG2014_001367,0,negative_candidate,spatial_negative_sampling,,,ML,,,25.980330141283616,90.67654990834656,2014,,,,,,,Point
NEG2014_001368,0,negative_candidate,spatial_negative_sampling,,,ML,,,25.541655715530066,90.26632998279275,2014,,,,,,,Point
NEG2014_001369,0,negative_candidate,spatial_negative_sampling,,,ML,,,26.102423651024246,92.03114079469566,2014,,,,,,,Point
NEG2014_001370,0,negative_candidate,spatial_negative_sampling,,,ML,,,25.869184492370024,91.96662061372511,2014,,,,,,,Point
NEG2014_001371,0,negative_candidate,spatial_negative_sampling,,,ML,,,25.04874662547909,91.27546930402357,2014,,,,,,,Point
NEG2014_001372,0,negative_candidate,spatial_negative_sampling,,,ML,,,26.05816482634363,90.363506707726,2014,,,,,,,Point
NEG2014_001373,0,negative_candidate,spatial_negative_sampling,,,ML,,,26.00809360183927,91.06690094726893,2014,,,,,,,Point
NEG2014_001374,0,negative_candidate,spatial_negative_sampling,,,ML,,,25.562471272859124,90.51481992151123,2014,,,,,,,Point
NEG2014_001375,0,negative_candidate,spatial_negative_sampling,,,ML,,,25.7402295959416,90.5788430966044,2014,,,,,,,Point
NEG2014_001376,0,negative_candidate,spatial_negative_sampling,,,ML,,,25.14522531866558,89.84609279115375,2014,,,,,,,Point
NEG2014_001377,0,negative_candidate,spatial_negative_sampling,,,ML,,,25.897526951257614,89.51047915004962,2014,,,,,,,Point
NEG2014_001378,0,negative_candidate,spatial_negative_sampling,,,ML,,,25.2516553136746,92.3169320768183,2014,,,,,,,Point
NEG2014_001379,0,negative_candidate,spatial_negative_sampling,,,ML,,,25.420934499154647,92.87546147350979,2014,,,,,,,Point
NEG2014_001380,0,negative_candidate,spatial_negative_sampling,,,ML,,,25.271674829043942,89.63452428957393,2014,,,,,,,Point
NEG2014_001381,0,negative_candidate,spatial_negative_sampling,,,ML,,,25.199770434470942,91.83140426878832,2014,,,,,,,Point
NEG2014_001382,0,negative_candidate,spatial_negative_sampling,,,ML,,,25.56493239920829,90.33580094105714,2014,,,,,,,Point
NEG2014_001383,0,negative_candidate,spatial_negative_sampling,,,ML,,,25.947700730231723,92.0536550484983,2014,,,,,,,Point
NEG2014_001384,0,negative_candidate,spatial_negative_sampling,,,ML,,,26.174306293851476,90.77615728584941,2014,,,,,,,Point
NEG2014_001385,0,negative_candidate,spatial_negative_sampling,,,ML,,,26.171353624338,91.49701808793296,2014,,,,,,,Point
NEG2014_001386,0,negative_candidate,spatial_negative_sampling,,,ML,,,25.392342932096444,92.06065059052422,2014,,,,,,,Point
NEG2014_001387,0,negative_candidate,spatial_negative_sampling,,,ML,,,25.263172314489232,92.29577865213271,2014,,,,,,,Point
NEG2014_001388,0,negative_candidate,spatial_negative_sampling,,,ML,,,25.0278131815365,89.65894914659447,2014,,,,,,,Point
NEG2014_001389,0,negative_candidate,spatial_negative_sampling,,,ML,,,25.80992669186852,90.40205435677477,2014,,,,,,,Point
NEG2014_001390,0,negative_candidate,spatial_negative_sampling,,,ML,,,25.008368361145706,91.36034781862249,2014,,,,,,,Point
NEG2014_001391,0,negative_candidate,spatial_negative_sampling,,,ML,,,26.176446306580694,92.56940672456658,2014,,,,,,,Point
NEG2014_001392,0,negative_candidate,spatial_negative_sampling,,,ML,,,25.94617999486615,90.40013653538898,2014,,,,,,,Point
NEG2014_001393,0,negative_candidate,spatial_negative_sampling,,,ML,,,25.9010219762382,90.93635554620228,2014,,,,,,,Point
NEG2014_001394,0,negative_candidate,spatial_negative_sampling,,,ML,,,25.23868984203774,89.67016751615682,2014,,,,,,,Point
NEG2014_001395,0,negative_candidate,spatial_negative_sampling,,,ML,,,25.752516815908777,90.2473985457106,2014,,,,,,,Point
NEG2014_001396,0,negative_candidate,spatial_negative_sampling,,,ML,,,25.952015198487302,91.47253129628842,2014,,,,,,,Point
NEG2014_001397,0,negative_candidate,spatial_negative_sampling,,,ML,,,25.005507887631847,89.78341472130944,2014,,,,,,,Point
NEG2014_001398,0,negative_candidate,spatial_negative_sampling,,,ML,,,25.492197702990502,89.5520331417712,2014,,,,,,,Point
NEG2014_001399,0,negative_candidate,spatial_negative_sampling,,,ML,,,25.28407750613895,90.27788246601816,2014,,,,,,,Point
NEG2014_001400,0,negative_candidate,spatial_negative_sampling,,,ML,,,25.00360943273613,89.77857999002188,2014,,,,,,,Point
NEG2014_001401,0,negative_candidate,spatial_negative_sampling,,,ML,,,25.50122772229171,90.49257975354524,2014,,,,,,,Point
NEG2014_001402,0,negative_candidate,spatial_negative_sampling,,,ML,,,25.108399175506996,90.06309570132305,2014,,,,,,,Point
NEG2014_001403,0,negative_candidate,spatial_negative_sampling,,,ML,,,26.03874707140465,91.09145868802685,2014,,,,,,,Point
NEG2014_001404,0,negative_candidate,spatial_negative_sampling,,,ML,,,25.473297436837353,90.23243099518798,2014,,,,,,,Point
NEG2014_001405,0,negative_candidate,spatial_negative_sampling,,,ML,,,25.81638583067157,91.94594350509988,2014,,,,,,,Point
NEG2014_001406,0,negative_candidate,spatial_negative_sampling,,,ML,,,25.991785669059148,90.29060375358168,2014,,,,,,,Point
NEG2014_001407,0,negative_candidate,spatial_negative_sampling,,,ML,,,25.602738099108073,92.69682583606112,2014,,,,,,,Point
NEG2014_001408,0,negative_candidate,spatial_negative_sampling,,,ML,,,25.06102949215412,91.10119009810055,2014,,,,,,,Point
NEG2014_001409,0,negative_candidate,spatial_negative_sampling,,,ML,,,25.889672533167634,90.25076196833996,2014,,,,,,,Point
NEG2014_001410,0,negative_candidate,spatial_negative_sampling,,,ML,,,25.359008436718227,90.06673987188296,2014,,,,,,,Point
NEG2014_001411,0,negative_candidate,spatial_negative_sampling,,,ML,,,26.02430563044306,92.06968088606713,2014,,,,,,,Point
NEG2014_001412,0,negative_candidate,spatial_negative_sampling,,,ML,,,25.40294003591454,92.60456920072231,2014,,,,,,,Point
NEG2014_001413,0,negative_candidate,spatial_negative_sampling,,,ML,,,26.09966997487498,90.32216302614854,2014,,,,,,,Point
NEG2014_001414,0,negative_candidate,spatial_negative_sampling,,,ML,,,25.473399021992574,92.0274786742383,2014,,,,,,,Point
NEG2014_001415,0,negative_candidate,spatial_negative_sampling,,,ML,,,25.95616877635704,91.23323027324788,2014,,,,,,,Point
NEG2014_001416,0,negative_candidate,spatial_negative_sampling,,,ML,,,25.96218641326157,91.80640124473223,2014,,,,,,,Point
NEG2014_001417,0,negative_candidate,spatial_negative_sampling,,,ML,,,25.497942176717125,90.9160930029682,2014,,,,,,,Point
NEG2014_001418,0,negative_candidate,spatial_negative_sampling,,,ML,,,25.50126347558799,91.51928320769505,2014,,,,,,,Point
NEG2014_001419,0,negative_candidate,spatial_negative_sampling,,,ML,,,25.173029345411397,91.2156513466183,2014,,,,,,,Point
NEG2014_001420,0,negative_candidate,spatial_negative_sampling,,,ML,,,25.859960117654808,91.24320469105498,2014,,,,,,,Point
NEG2014_001421,0,negative_candidate,spatial_negative_sampling,,,ML,,,25.662071044902714,89.56523229025818,2014,,,,,,,Point
NEG2014_001422,0,negative_candidate,spatial_negative_sampling,,,ML,,,25.460307845341624,89.61708671456093,2014,,,,,,,Point
NEG2014_001423,0,negative_candidate,spatial_negative_sampling,,,ML,,,25.415989420857738,89.55444470114165,2014,,,,,,,Point
NEG2014_001424,0,negative_candidate,spatial_negative_sampling,,,ML,,,25.930694949956617,90.85780092436275,2014,,,,,,,Point
NEG2014_001425,0,negative_candidate,spatial_negative_sampling,,,ML,,,26.100836441977084,89.53072712008196,2014,,,,,,,Point
NEG2014_001426,0,negative_candidate,spatial_negative_sampling,,,ML,,,26.11326470769724,92.12136693848039,2014,,,,,,,Point
NEG2014_001427,0,negative_candidate,spatial_negative_sampling,,,ML,,,25.646330470338086,89.98999450929934,2014,,,,,,,Point
NEG2014_001428,0,negative_candidate,spatial_negative_sampling,,,ML,,,25.0288019549116,91.42375887990389,2014,,,,,,,Point
NEG2014_001429,0,negative_candidate,spatial_negative_sampling,,,ML,,,25.3096343932935,91.99586636203333,2014,,,,,,,Point
NEG2014_001430,0,negative_candidate,spatial_negative_sampling,,,ML,,,25.945715495487875,90.31445299402323,2014,,,,,,,Point
NEG2014_001431,0,negative_candidate,spatial_negative_sampling,,,ML,,,25.16132099763126,91.46495179712272,2014,,,,,,,Point
NEG2014_001432,0,negative_candidate,spatial_negative_sampling,,,ML,,,25.32965475912719,90.8329724741656,2014,,,,,,,Point
NEG2014_001433,0,negative_candidate,spatial_negative_sampling,,,ML,,,25.801822490692416,89.9465108655273,2014,,,,,,,Point
NEG2014_001434,0,negative_candidate,spatial_negative_sampling,,,ML,,,25.02451222316685,91.2578471522034,2014,,,,,,,Point
NEG2014_001435,0,negative_candidate,spatial_negative_sampling,,,ML,,,26.01641170644988,89.93060137584062,2014,,,,,,,Point
NEG2014_001436,0,negative_candidate,spatial_negative_sampling,,,ML,,,25.87901893827839,90.48237570202059,2014,,,,,,,Point
NEG2014_001437,0,negative_candidate,spatial_negative_sampling,,,ML,,,25.410359643092082,90.72806372074443,2014,,,,,,,Point
NEG2014_001438,0,negative_candidate,spatial_negative_sampling,,,ML,,,25.080575528349712,91.92039186536351,2014,,,,,,,Point
NEG2014_001439,0,negative_candidate,spatial_negative_sampling,,,ML,,,25.76422992859283,91.79288644844486,2014,,,,,,,Point
NEG2014_001440,0,negative_candidate,spatial_negative_sampling,,,ML,,,25.257692230717772,92.06092078813701,2014,,,,,,,Point
NEG2014_001441,0,negative_candidate,spatial_negative_sampling,,,ML,,,25.207939234508125,89.87031121488275,2014,,,,,,,Point
NEG2014_001442,0,negative_candidate,spatial_negative_sampling,,,ML,,,25.853366353327534,90.25824518386355,2014,,,,,,,Point
NEG2014_001443,0,negative_candidate,spatial_negative_sampling,,,ML,,,25.608150702305423,90.51593425890185,2014,,,,,,,Point
NEG2014_001444,0,negative_candidate,spatial_negative_sampling,,,ML,,,25.548577606547692,91.28222855555039,2014,,,,,,,Point
NEG2014_001445,0,negative_candidate,spatial_negative_sampling,,,ML,,,25.186316707462257,92.35559609229334,2014,,,,,,,Point
NEG2014_001446,0,negative_candidate,spatial_negative_sampling,,,ML,,,25.86035271234115,90.621295361236,2014,,,,,,,Point
NEG2014_001447,0,negative_candidate,spatial_negative_sampling,,,ML,,,25.9539599758174,90.90591487493224,2014,,,,,,,Point
NEG2014_001448,0,negative_candidate,spatial_negative_sampling,,,ML,,,25.488142881725988,90.74510756055398,2014,,,,,,,Point
NEG2014_001449,0,negative_candidate,spatial_negative_sampling,,,ML,,,26.10727195775136,89.90648039998972,2014,,,,,,,Point
NEG2014_001450,0,negative_candidate,spatial_negative_sampling,,,ML,,,25.523366773905654,91.01782383946092,2014,,,,,,,Point
NEG2014_001451,0,negative_candidate,spatial_negative_sampling,,,ML,,,25.85176850483452,90.26711543667501,2014,,,,,,,Point
NEG2014_001452,0,negative_candidate,spatial_negative_sampling,,,ML,,,25.846436592075925,92.24010647264177,2014,,,,,,,Point
NEG2014_001453,0,negative_candidate,spatial_negative_sampling,,,ML,,,26.19133156528279,90.35203972822113,2014,,,,,,,Point
NEG2014_001454,0,negative_candidate,spatial_negative_sampling,,,ML,,,25.753948126766836,90.27886398924582,2014,,,,,,,Point
NEG2014_001455,0,negative_candidate,spatial_negative_sampling,,,ML,,,25.61200298908634,90.90354584909085,2014,,,,,,,Point
NEG2014_001456,0,negative_candidate,spatial_negative_sampling,,,ML,,,26.074438483574188,92.04113075030696,2014,,,,,,,Point
NEG2014_001457,0,negative_candidate,spatial_negative_sampling,,,ML,,,25.906609542869905,92.49470318588719,2014,,,,,,,Point
NEG2014_001458,0,negative_candidate,spatial_negative_sampling,,,ML,,,25.871066255756737,92.20282866919075,2014,,,,,,,Point
NEG2014_001459,0,negative_candidate,spatial_negative_sampling,,,ML,,,25.578767186477286,92.57785067677698,2014,,,,,,,Point
NEG2014_001460,0,negative_candidate,spatial_negative_sampling,,,ML,,,25.474678575518563,90.63755907784112,2014,,,,,,,Point
NEG2014_001461,0,negative_candidate,spatial_negative_sampling,,,ML,,,25.689629715216842,89.70014112264663,2014,,,,,,,Point
NEG2014_001462,0,negative_candidate,spatial_negative_sampling,,,ML,,,26.02762214462611,92.70770711013125,2014,,,,,,,Point
NEG2014_001463,0,negative_candidate,spatial_negative_sampling,,,ML,,,25.912442749115908,91.81165766693397,2014,,,,,,,Point
NEG2014_001464,0,negative_candidate,spatial_negative_sampling,,,ML,,,25.210529377478547,92.83200239929916,2014,,,,,,,Point
NEG2014_001465,0,negative_candidate,spatial_negative_sampling,,,ML,,,25.05853027374704,89.58501417347378,2014,,,,,,,Point
NEG2014_001466,0,negative_candidate,spatial_negative_sampling,,,ML,,,25.709136982947737,92.38821645158829,2014,,,,,,,Point
NEG2014_001467,0,negative_candidate,spatial_negative_sampling,,,ML,,,25.239234746522254,89.67412395576383,2014,,,,,,,Point
NEG2014_001468,0,negative_candidate,spatial_negative_sampling,,,ML,,,25.00030241203768,92.78779559657728,2014,,,,,,,Point
NEG2014_001469,0,negative_candidate,spatial_negative_sampling,,,ML,,,25.10878608208458,89.60413649657443,2014,,,,,,,Point
NEG2014_001470,0,negative_candidate,spatial_negative_sampling,,,ML,,,25.265586746594696,91.40855276393341,2014,,,,,,,Point
NEG2014_001471,0,negative_candidate,spatial_negative_sampling,,,ML,,,25.519150855045353,90.23011066667745,2014,,,,,,,Point
NEG2014_001472,0,negative_candidate,spatial_negative_sampling,,,ML,,,25.759482866748517,92.41808140124962,2014,,,,,,,Point
NEG2014_001473,0,negative_candidate,spatial_negative_sampling,,,ML,,,25.512606515535154,90.2243496306154,2014,,,,,,,Point
NEG2014_001474,0,negative_candidate,spatial_negative_sampling,,,ML,,,25.00166911378364,92.44638773428204,2014,,,,,,,Point
NEG2014_001475,0,negative_candidate,spatial_negative_sampling,,,ML,,,25.832548102679134,91.94507494134085,2014,,,,,,,Point
NEG2014_001476,0,negative_candidate,spatial_negative_sampling,,,ML,,,25.115234220111947,91.51635245776467,2014,,,,,,,Point
NEG2014_001477,0,negative_candidate,spatial_negative_sampling,,,ML,,,25.999473339279696,92.30442492606754,2014,,,,,,,Point
NEG2014_001478,0,negative_candidate,spatial_negative_sampling,,,ML,,,25.864170461218205,91.28273655232876,2014,,,,,,,Point
NEG2014_001479,0,negative_candidate,spatial_negative_sampling,,,ML,,,25.67940494688057,89.88404264130446,2014,,,,,,,Point
NEG2014_001480,0,negative_candidate,spatial_negative_sampling,,,ML,,,25.14667939412314,92.35907915382948,2014,,,,,,,Point
NEG2014_001481,0,negative_candidate,spatial_negative_sampling,,,ML,,,25.484683577522855,92.01855965334879,2014,,,,,,,Point
NEG2014_001482,0,negative_candidate,spatial_negative_sampling,,,ML,,,25.662320200402974,89.73965317995014,2014,,,,,,,Point
NEG2014_001483,0,negative_candidate,spatial_negative_sampling,,,MN,,,24.288011032444086,93.98472989225509,2014,,,,,,,Point
NEG2014_001484,0,negative_candidate,spatial_negative_sampling,,,MN,,,25.34377737175197,94.1685277145584,2014,,,,,,,Point
NEG2014_001485,0,negative_candidate,spatial_negative_sampling,,,MN,,,23.896598077733547,94.38546019587591,2014,,,,,,,Point
NEG2014_001486,0,negative_candidate,spatial_negative_sampling,,,MN,,,24.438585745767856,93.33162421504402,2014,,,,,,,Point
NEG2014_001487,0,negative_candidate,spatial_negative_sampling,,,MN,,,25.33027511748124,94.66193505371692,2014,,,,,,,Point
NEG2014_001488,0,negative_candidate,spatial_negative_sampling,,,MN,,,25.64888738153872,93.90153892013119,2014,,,,,,,Point
NEG2014_001489,0,negative_candidate,spatial_negative_sampling,,,MN,,,23.635622121436587,93.08145174318501,2014,,,,,,,Point
NEG2014_001490,0,negative_candidate,spatial_negative_sampling,,,MN,,,25.454322550330723,94.57014428011628,2014,,,,,,,Point
NEG2014_001491,0,negative_candidate,spatial_negative_sampling,,,MN,,,23.522528371932516,94.52941848465515,2014,,,,,,,Point
NEG2014_001492,0,negative_candidate,spatial_negative_sampling,,,MN,,,23.791907259837338,93.72052216246482,2014,,,,,,,Point
NEG2014_001493,0,negative_candidate,spatial_negative_sampling,,,MN,,,25.639893531312524,94.29902734262092,2014,,,,,,,Point
NEG2014_001494,0,negative_candidate,spatial_negative_sampling,,,MN,,,25.289498473653083,94.42428049280596,2014,,,,,,,Point
NEG2014_001495,0,negative_candidate,spatial_negative_sampling,,,MN,,,25.387887062964396,94.7056237077741,2014,,,,,,,Point
NEG2014_001496,0,negative_candidate,spatial_negative_sampling,,,MN,,,23.90151929432633,93.38096307543438,2014,,,,,,,Point
NEG2014_001497,0,negative_candidate,spatial_negative_sampling,,,MN,,,25.012838118802875,93.33965685312444,2014,,,,,,,Point
NEG2014_001498,0,negative_candidate,spatial_negative_sampling,,,MN,,,23.58916412319256,93.24016655310122,2014,,,,,,,Point
NEG2014_001499,0,negative_candidate,spatial_negative_sampling,,,MN,,,24.909472119627196,94.22477002442712,2014,,,,,,,Point
NEG2014_001500,0,negative_candidate,spatial_negative_sampling,,,MN,,,24.51873332730778,94.53695703046886,2014,,,,,,,Point
NEG2014_001501,0,negative_candidate,spatial_negative_sampling,,,MN,,,25.553774657953173,94.1439299428503,2014,,,,,,,Point
NEG2014_001502,0,negative_candidate,spatial_negative_sampling,,,MN,,,25.26848047850068,94.68270768468776,2014,,,,,,,Point
NEG2014_001503,0,negative_candidate,spatial_negative_sampling,,,MN,,,25.766710740375846,94.56155215306909,2014,,,,,,,Point
NEG2014_001504,0,negative_candidate,spatial_negative_sampling,,,MN,,,24.347455741298457,93.9446368769452,2014,,,,,,,Point
NEG2014_001505,0,negative_candidate,spatial_negative_sampling,,,MN,,,24.418307265016097,93.00534725517673,2014,,,,,,,Point
NEG2014_001506,0,negative_candidate,spatial_negative_sampling,,,MN,,,24.63693342629073,94.76856963224266,2014,,,,,,,Point
NEG2014_001507,0,negative_candidate,spatial_negative_sampling,,,MN,,,24.826816878814572,93.77243165256485,2014,,,,,,,Point
NEG2014_001508,0,negative_candidate,spatial_negative_sampling,,,MN,,,24.225270616728732,93.7981084995462,2014,,,,,,,Point
NEG2014_001509,0,negative_candidate,spatial_negative_sampling,,,MN,,,23.726387906312517,93.40540338761204,2014,,,,,,,Point
NEG2014_001510,0,negative_candidate,spatial_negative_sampling,,,MN,,,23.609946131639134,94.34445198269187,2014,,,,,,,Point
NEG2014_001511,0,negative_candidate,spatial_negative_sampling,,,MN,,,24.835380260078043,94.08517062122132,2014,,,,,,,Point
NEG2014_001512,0,negative_candidate,spatial_negative_sampling,,,MN,,,23.83589127115451,94.39826920968221,2014,,,,,,,Point
NEG2014_001513,0,negative_candidate,spatial_negative_sampling,,,MN,,,23.626975678664113,93.0005077765077,2014,,,,,,,Point
NEG2014_001514,0,negative_candidate,spatial_negative_sampling,,,MN,,,25.343172286539065,93.90667715475435,2014,,,,,,,Point
NEG2014_001515,0,negative_candidate,spatial_negative_sampling,,,MN,,,24.504304695855257,94.37490906174102,2014,,,,,,,Point
NEG2014_001516,0,negative_candidate,spatial_negative_sampling,,,MN,,,24.47224884722216,94.82367206771838,2014,,,,,,,Point
NEG2014_001517,0,negative_candidate,spatial_negative_sampling,,,MN,,,24.19924406564986,93.91654065778252,2014,,,,,,,Point
NEG2014_001518,0,negative_candidate,spatial_negative_sampling,,,MN,,,25.567899935411454,94.50796253352485,2014,,,,,,,Point
NEG2014_001519,0,negative_candidate,spatial_negative_sampling,,,MN,,,24.8141496556305,93.88685049259666,2014,,,,,,,Point
NEG2014_001520,0,negative_candidate,spatial_negative_sampling,,,MN,,,24.518951525011822,94.0509629114177,2014,,,,,,,Point
NEG2014_001521,0,negative_candidate,spatial_negative_sampling,,,MN,,,25.303924762502206,93.56131956355989,2014,,,,,,,Point
NEG2014_001522,0,negative_candidate,spatial_negative_sampling,,,MN,,,25.393138453436936,94.19396956296836,2014,,,,,,,Point
NEG2014_001523,0,negative_candidate,spatial_negative_sampling,,,MN,,,24.025611877421326,94.00800126865315,2014,,,,,,,Point
NEG2014_001524,0,negative_candidate,spatial_negative_sampling,,,MN,,,25.052418718317885,94.00441258978614,2014,,,,,,,Point
NEG2014_001525,0,negative_candidate,spatial_negative_sampling,,,MN,,,24.413177830401832,93.00770692618056,2014,,,,,,,Point
NEG2014_001526,0,negative_candidate,spatial_negative_sampling,,,MN,,,25.416645004022513,93.908095964143,2014,,,,,,,Point
NEG2014_001527,0,negative_candidate,spatial_negative_sampling,,,MN,,,24.208592918006868,94.45716239305666,2014,,,,,,,Point
NEG2014_001528,0,negative_candidate,spatial_negative_sampling,,,MN,,,24.086887025889748,94.57834269998574,2014,,,,,,,Point
NEG2014_001529,0,negative_candidate,spatial_negative_sampling,,,MN,,,25.368737235649938,94.43949542763765,2014,,,,,,,Point
NEG2014_001530,0,negative_candidate,spatial_negative_sampling,,,MN,,,25.037972201594368,93.26421093345961,2014,,,,,,,Point
NEG2014_001531,0,negative_candidate,spatial_negative_sampling,,,MN,,,24.83742336771919,93.81322045633017,2014,,,,,,,Point
NEG2014_001532,0,negative_candidate,spatial_negative_sampling,,,MN,,,23.760280195340602,93.01918204023207,2014,,,,,,,Point
NEG2014_001533,0,negative_candidate,spatial_negative_sampling,,,MN,,,25.043261255456486,93.09793711687936,2014,,,,,,,Point
NEG2014_001534,0,negative_candidate,spatial_negative_sampling,,,MN,,,25.41261615870465,94.19921382086336,2014,,,,,,,Point
NEG2014_001535,0,negative_candidate,spatial_negative_sampling,,,MN,,,24.592073690939703,93.61725640074715,2014,,,,,,,Point
NEG2014_001536,0,negative_candidate,spatial_negative_sampling,,,MN,,,25.01605444602853,93.45765087959263,2014,,,,,,,Point
NEG2014_001537,0,negative_candidate,spatial_negative_sampling,,,MN,,,23.526032488508992,93.38404209277466,2014,,,,,,,Point
NEG2014_001538,0,negative_candidate,spatial_negative_sampling,,,MN,,,24.560478191600115,93.58724544275708,2014,,,,,,,Point
NEG2014_001539,0,negative_candidate,spatial_negative_sampling,,,MN,,,24.006255310601386,93.93903157921685,2014,,,,,,,Point
NEG2014_001540,0,negative_candidate,spatial_negative_sampling,,,MN,,,23.83757567775705,93.16979621530386,2014,,,,,,,Point
NEG2014_001541,0,negative_candidate,spatial_negative_sampling,,,MN,,,23.687640987544118,93.6205344167925,2014,,,,,,,Point
NEG2014_001542,0,negative_candidate,spatial_negative_sampling,,,MN,,,24.40157257032859,94.54969683183546,2014,,,,,,,Point
NEG2014_001543,0,negative_candidate,spatial_negative_sampling,,,MN,,,25.18978050245893,93.06671284709,2014,,,,,,,Point
NEG2014_001544,0,negative_candidate,spatial_negative_sampling,,,MN,,,25.01088090828964,93.55466377233638,2014,,,,,,,Point
NEG2014_001545,0,negative_candidate,spatial_negative_sampling,,,MN,,,25.310822564319423,94.54318469292394,2014,,,,,,,Point
NEG2014_001546,0,negative_candidate,spatial_negative_sampling,,,MN,,,24.597222017479886,94.79027078671693,2014,,,,,,,Point
NEG2014_001547,0,negative_candidate,spatial_negative_sampling,,,MN,,,24.49850741045078,94.71454369792586,2014,,,,,,,Point
NEG2014_001548,0,negative_candidate,spatial_negative_sampling,,,MN,,,23.51138479991634,94.2107670849777,2014,,,,,,,Point
NEG2014_001549,0,negative_candidate,spatial_negative_sampling,,,MN,,,24.140657870628374,94.54363347059916,2014,,,,,,,Point
NEG2014_001550,0,negative_candidate,spatial_negative_sampling,,,MN,,,23.97671703616402,94.68391980223406,2014,,,,,,,Point
NEG2014_001551,0,negative_candidate,spatial_negative_sampling,,,MN,,,24.33664367299204,94.51220862971189,2014,,,,,,,Point
NEG2014_001552,0,negative_candidate,spatial_negative_sampling,,,MN,,,25.11061902589936,93.84259514667546,2014,,,,,,,Point
NEG2014_001553,0,negative_candidate,spatial_negative_sampling,,,MN,,,23.503845211618973,93.25454681917168,2014,,,,,,,Point
NEG2014_001554,0,negative_candidate,spatial_negative_sampling,,,MN,,,24.894126095502088,94.06560730309896,2014,,,,,,,Point
NEG2014_001555,0,negative_candidate,spatial_negative_sampling,,,MN,,,23.626395636553227,93.45175980300488,2014,,,,,,,Point
NEG2014_001556,0,negative_candidate,spatial_negative_sampling,,,MN,,,24.364251828612502,93.43200083573814,2014,,,,,,,Point
NEG2014_001557,0,negative_candidate,spatial_negative_sampling,,,MN,,,24.51048939654312,94.32837970219002,2014,,,,,,,Point
NEG2014_001558,0,negative_candidate,spatial_negative_sampling,,,MN,,,24.9340270516893,93.40605442292656,2014,,,,,,,Point
NEG2014_001559,0,negative_candidate,spatial_negative_sampling,,,MN,,,23.815672447620013,94.2284800003398,2014,,,,,,,Point
NEG2014_001560,0,negative_candidate,spatial_negative_sampling,,,MN,,,25.58541458353134,93.95048622497313,2014,,,,,,,Point
NEG2014_001561,0,negative_candidate,spatial_negative_sampling,,,MN,,,24.924025933022243,94.6425290113639,2014,,,,,,,Point
NEG2014_001562,0,negative_candidate,spatial_negative_sampling,,,MN,,,24.83492042380862,93.76583264578802,2014,,,,,,,Point
NEG2014_001563,0,negative_candidate,spatial_negative_sampling,,,MN,,,24.53757442418441,94.83105756136014,2014,,,,,,,Point
NEG2014_001564,0,negative_candidate,spatial_negative_sampling,,,MN,,,24.871483302793273,94.13129318077777,2014,,,,,,,Point
NEG2014_001565,0,negative_candidate,spatial_negative_sampling,,,MN,,,24.264853256466274,94.71492029393622,2014,,,,,,,Point
NEG2014_001566,0,negative_candidate,spatial_negative_sampling,,,MN,,,23.50300263767191,94.46760620489714,2014,,,,,,,Point
NEG2014_001567,0,negative_candidate,spatial_negative_sampling,,,MN,,,25.014130879492498,93.75238394979812,2014,,,,,,,Point
NEG2014_001568,0,negative_candidate,spatial_negative_sampling,,,MN,,,24.198343352874392,93.47636559725291,2014,,,,,,,Point
NEG2014_001569,0,negative_candidate,spatial_negative_sampling,,,MN,,,23.55216768322487,93.67039918139446,2014,,,,,,,Point
NEG2014_001570,0,negative_candidate,spatial_negative_sampling,,,MN,,,25.666504150310388,93.73877604082686,2014,,,,,,,Point
NEG2014_001571,0,negative_candidate,spatial_negative_sampling,,,MN,,,24.61994262999571,93.60387575000648,2014,,,,,,,Point
NEG2014_001572,0,negative_candidate,spatial_negative_sampling,,,MN,,,25.730566380932924,93.74496907144633,2014,,,,,,,Point
NEG2014_001573,0,negative_candidate,spatial_negative_sampling,,,MN,,,25.018817106922583,94.34542185186038,2014,,,,,,,Point
NEG2014_001574,0,negative_candidate,spatial_negative_sampling,,,MN,,,25.56980531721197,93.60864099980975,2014,,,,,,,Point
NEG2014_001575,0,negative_candidate,spatial_negative_sampling,,,MN,,,23.993900669770145,93.30746706125895,2014,,,,,,,Point
NEG2014_001576,0,negative_candidate,spatial_negative_sampling,,,MN,,,24.047045617547376,94.03744553889713,2014,,,,,,,Point
NEG2014_001577,0,negative_candidate,spatial_negative_sampling,,,MN,,,25.443547210193834,93.66535089287768,2014,,,,,,,Point
NEG2014_001578,0,negative_candidate,spatial_negative_sampling,,,MN,,,23.871994369080372,93.42178443637795,2014,,,,,,,Point
NEG2014_001579,0,negative_candidate,spatial_negative_sampling,,,MN,,,23.62116764880329,94.12386688527569,2014,,,,,,,Point
NEG2014_001580,0,negative_candidate,spatial_negative_sampling,,,MN,,,24.592083022567696,94.88946584890927,2014,,,,,,,Point
NEG2014_001581,0,negative_candidate,spatial_negative_sampling,,,MN,,,23.5416308888565,93.16949069640648,2014,,,,,,,Point
NEG2014_001582,0,negative_candidate,spatial_negative_sampling,,,MN,,,23.999900918364204,94.0269324259279,2014,,,,,,,Point
NEG2014_001583,0,negative_candidate,spatial_negative_sampling,,,MN,,,23.87043057542342,94.21835551364056,2014,,,,,,,Point
NEG2014_001584,0,negative_candidate,spatial_negative_sampling,,,MN,,,24.52942845686231,94.65059519345562,2014,,,,,,,Point
NEG2014_001585,0,negative_candidate,spatial_negative_sampling,,,MN,,,24.754705141120976,93.38801702426169,2014,,,,,,,Point
NEG2014_001586,0,negative_candidate,spatial_negative_sampling,,,MN,,,23.569108823629904,94.48565706108593,2014,,,,,,,Point
NEG2014_001587,0,negative_candidate,spatial_negative_sampling,,,MN,,,25.384475541726847,93.5071291177269,2014,,,,,,,Point
NEG2014_001588,0,negative_candidate,spatial_negative_sampling,,,MN,,,24.430765358108268,93.47290634699101,2014,,,,,,,Point
NEG2014_001589,0,negative_candidate,spatial_negative_sampling,,,MN,,,25.141302347600874,94.2503771134877,2014,,,,,,,Point
NEG2014_001590,0,negative_candidate,spatial_negative_sampling,,,MN,,,24.09760270245836,93.23434349534688,2014,,,,,,,Point
NEG2014_001591,0,negative_candidate,spatial_negative_sampling,,,MN,,,23.75757306518719,93.93877447783909,2014,,,,,,,Point
NEG2014_001592,0,negative_candidate,spatial_negative_sampling,,,MN,,,23.632713390599797,93.4873212617466,2014,,,,,,,Point
NEG2014_001593,0,negative_candidate,spatial_negative_sampling,,,MN,,,23.69434559056443,93.60980007125426,2014,,,,,,,Point
NEG2014_001594,0,negative_candidate,spatial_negative_sampling,,,MN,,,24.45701416508824,93.66874336404643,2014,,,,,,,Point
NEG2014_001595,0,negative_candidate,spatial_negative_sampling,,,MN,,,24.896013287524212,94.25442365169451,2014,,,,,,,Point
NEG2014_001596,0,negative_candidate,spatial_negative_sampling,,,MN,,,25.340059551966945,93.66708258814226,2014,,,,,,,Point
NEG2014_001597,0,negative_candidate,spatial_negative_sampling,,,MN,,,25.536801180915766,93.57035240428893,2014,,,,,,,Point
NEG2014_001598,0,negative_candidate,spatial_negative_sampling,,,MN,,,25.136679810418485,93.50645681452505,2014,,,,,,,Point
NEG2014_001599,0,negative_candidate,spatial_negative_sampling,,,MN,,,24.03033865407452,93.90340958609447,2014,,,,,,,Point
NEG2014_001600,0,negative_candidate,spatial_negative_sampling,,,MN,,,24.19788518830385,94.11073521333576,2014,,,,,,,Point
NEG2014_001601,0,negative_candidate,spatial_negative_sampling,,,MN,,,24.83754594771606,94.39831805590578,2014,,,,,,,Point
NEG2014_001602,0,negative_candidate,spatial_negative_sampling,,,MN,,,25.035346765722082,93.89431178601053,2014,,,,,,,Point
NEG2014_001603,0,negative_candidate,spatial_negative_sampling,,,MN,,,24.99815393084634,93.30314811018008,2014,,,,,,,Point
NEG2014_001604,0,negative_candidate,spatial_negative_sampling,,,MN,,,25.48508155527356,94.39865886247213,2014,,,,,,,Point
NEG2014_001605,0,negative_candidate,spatial_negative_sampling,,,MN,,,24.92068529179368,94.55499501137153,2014,,,,,,,Point
NEG2014_001606,0,negative_candidate,spatial_negative_sampling,,,MN,,,24.79624005606706,93.16548036286719,2014,,,,,,,Point
NEG2014_001607,0,negative_candidate,spatial_negative_sampling,,,MN,,,23.833614902285824,93.1577289547343,2014,,,,,,,Point
NEG2014_001608,0,negative_candidate,spatial_negative_sampling,,,MN,,,24.382214593714114,94.3231430183886,2014,,,,,,,Point
NEG2014_001609,0,negative_candidate,spatial_negative_sampling,,,MN,,,24.86824041870602,94.58604300481555,2014,,,,,,,Point
NEG2014_001610,0,negative_candidate,spatial_negative_sampling,,,MN,,,24.500701390571955,94.85182269896644,2014,,,,,,,Point
NEG2014_001611,0,negative_candidate,spatial_negative_sampling,,,MN,,,23.528784157515442,93.22879776471808,2014,,,,,,,Point
NEG2014_001612,0,negative_candidate,spatial_negative_sampling,,,MN,,,25.36068514934612,94.75829910314008,2014,,,,,,,Point
NEG2014_001613,0,negative_candidate,spatial_negative_sampling,,,MN,,,23.970835448105955,93.1367565219211,2014,,,,,,,Point
NEG2014_001614,0,negative_candidate,spatial_negative_sampling,,,MZ,,,23.793999079719246,92.41145419069177,2014,,,,,,,Point
NEG2014_001615,0,negative_candidate,spatial_negative_sampling,,,MZ,,,22.81989560503292,92.49342070338511,2014,,,,,,,Point
NEG2014_001616,0,negative_candidate,spatial_negative_sampling,,,MZ,,,22.819512100202047,92.32433989864516,2014,,,,,,,Point
NEG2014_001617,0,negative_candidate,spatial_negative_sampling,,,MZ,,,22.0657239758023,92.57491485708385,2014,,,,,,,Point
NEG2014_001618,0,negative_candidate,spatial_negative_sampling,,,MZ,,,23.46493473614892,92.83938167955438,2014,,,,,,,Point
NEG2014_001619,0,negative_candidate,spatial_negative_sampling,,,MZ,,,22.48202339019327,92.38546375073211,2014,,,,,,,Point
NEG2014_001620,0,negative_candidate,spatial_negative_sampling,,,MZ,,,22.245329381173175,93.14892466172148,2014,,,,,,,Point
NEG2014_001621,0,negative_candidate,spatial_negative_sampling,,,MZ,,,22.404628587620337,92.61198900932825,2014,,,,,,,Point
NEG2014_001622,0,negative_candidate,spatial_negative_sampling,,,MZ,,,24.16674675309506,93.33473920564629,2014,,,,,,,Point
NEG2014_001623,0,negative_candidate,spatial_negative_sampling,,,MZ,,,22.139914777562783,93.37020643892971,2014,,,,,,,Point
NEG2014_001624,0,negative_candidate,spatial_negative_sampling,,,MZ,,,21.9837431688356,93.38658384875718,2014,,,,,,,Point
NEG2014_001625,0,negative_candidate,spatial_negative_sampling,,,MZ,,,23.304883987103658,92.90443081454936,2014,,,,,,,Point
NEG2014_001626,0,negative_candidate,spatial_negative_sampling,,,MZ,,,23.83720898959257,93.09687714266386,2014,,,,,,,Point
NEG2014_001627,0,negative_candidate,spatial_negative_sampling,,,MZ,,,23.635578113255278,92.87960767475487,2014,,,,,,,Point
NEG2014_001628,0,negative_candidate,spatial_negative_sampling,,,MZ,,,23.332106293989316,92.80975203400689,2014,,,,,,,Point
NEG2014_001629,0,negative_candidate,spatial_negative_sampling,,,MZ,,,22.665119467637645,93.17077772374515,2014,,,,,,,Point
NEG2014_001630,0,negative_candidate,spatial_negative_sampling,,,MZ,,,21.949064500718617,92.14111855238177,2014,,,,,,,Point
NEG2014_001631,0,negative_candidate,spatial_negative_sampling,,,MZ,,,23.715939959715303,93.24013195851052,2014,,,,,,,Point
NEG2014_001632,0,negative_candidate,spatial_negative_sampling,,,MZ,,,23.927360967540928,92.69356012159253,2014,,,,,,,Point
NEG2014_001633,0,negative_candidate,spatial_negative_sampling,,,MZ,,,22.498675583713368,92.61571345846069,2014,,,,,,,Point
NEG2014_001634,0,negative_candidate,spatial_negative_sampling,,,MZ,,,23.834457893324153,93.14104525660602,2014,,,,,,,Point
NEG2014_001635,0,negative_candidate,spatial_negative_sampling,,,MZ,,,23.535246865299797,93.30149520327157,2014,,,,,,,Point
NEG2014_001636,0,negative_candidate,spatial_negative_sampling,,,MZ,,,23.544960382755047,93.42494764201841,2014,,,,,,,Point
NEG2014_001637,0,negative_candidate,spatial_negative_sampling,,,MZ,,,23.13691960523452,93.42981264884416,2014,,,,,,,Point
NEG2014_001638,0,negative_candidate,spatial_negative_sampling,,,MZ,,,23.759027917247906,93.04166307932567,2014,,,,,,,Point
NEG2014_001639,0,negative_candidate,spatial_negative_sampling,,,MZ,,,22.882453128875056,92.15371406439641,2014,,,,,,,Point
NEG2014_001640,0,negative_candidate,spatial_negative_sampling,,,MZ,,,23.736137101018247,93.08033099389763,2014,,,,,,,Point
NEG2014_001641,0,negative_candidate,spatial_negative_sampling,,,MZ,,,23.46542878183588,93.12745503516196,2014,,,,,,,Point
NEG2014_001642,0,negative_candidate,spatial_negative_sampling,,,MZ,,,23.025895898003544,92.70376478469818,2014,,,,,,,Point
NEG2014_001643,0,negative_candidate,spatial_negative_sampling,,,MZ,,,23.98985176705122,93.12742528788098,2014,,,,,,,Point
NEG2014_001644,0,negative_candidate,spatial_negative_sampling,,,MZ,,,23.52176656667385,93.22176993077464,2014,,,,,,,Point
NEG2014_001645,0,negative_candidate,spatial_negative_sampling,,,MZ,,,22.04736548257001,93.21398563476818,2014,,,,,,,Point
NEG2014_001646,0,negative_candidate,spatial_negative_sampling,,,MZ,,,23.187149441639455,92.17332948511593,2014,,,,,,,Point
NEG2014_001647,0,negative_candidate,spatial_negative_sampling,,,MZ,,,23.36644976168044,92.73462184604111,2014,,,,,,,Point
NEG2014_001648,0,negative_candidate,spatial_negative_sampling,,,MZ,,,24.331869081530247,92.87033641714855,2014,,,,,,,Point
NEG2014_001649,0,negative_candidate,spatial_negative_sampling,,,MZ,,,22.51380440278314,92.67473512307893,2014,,,,,,,Point
NEG2014_001650,0,negative_candidate,spatial_negative_sampling,,,MZ,,,24.16942175529507,92.58111153025662,2014,,,,,,,Point
NEG2014_001651,0,negative_candidate,spatial_negative_sampling,,,MZ,,,22.90687688841721,92.45614032474616,2014,,,,,,,Point
NEG2014_001652,0,negative_candidate,spatial_negative_sampling,,,MZ,,,23.946633345753916,92.6310081391571,2014,,,,,,,Point
NEG2014_001653,0,negative_candidate,spatial_negative_sampling,,,MZ,,,22.722461785579444,93.112280786695,2014,,,,,,,Point
NEG2014_001654,0,negative_candidate,spatial_negative_sampling,,,MZ,,,23.107141287536713,92.38255148562345,2014,,,,,,,Point
NEG2014_001655,0,negative_candidate,spatial_negative_sampling,,,MZ,,,21.958331866012838,92.82982620115348,2014,,,,,,,Point
NEG2014_001656,0,negative_candidate,spatial_negative_sampling,,,MZ,,,22.587242478671126,93.05801717509594,2014,,,,,,,Point
NEG2014_001657,0,negative_candidate,spatial_negative_sampling,,,MZ,,,22.425276702964943,93.24491468954314,2014,,,,,,,Point
NEG2014_001658,0,negative_candidate,spatial_negative_sampling,,,MZ,,,22.8033263810154,92.58295699453782,2014,,,,,,,Point
NEG2014_001659,0,negative_candidate,spatial_negative_sampling,,,MZ,,,22.235515103220326,92.62263556281745,2014,,,,,,,Point
NEG2014_001660,0,negative_candidate,spatial_negative_sampling,,,MZ,,,22.056300754780924,92.44953732082539,2014,,,,,,,Point
NEG2014_001661,0,negative_candidate,spatial_negative_sampling,,,MZ,,,22.10874430119567,92.31182457253051,2014,,,,,,,Point
NEG2014_001662,0,negative_candidate,spatial_negative_sampling,,,MZ,,,24.044976663699266,93.04625366587919,2014,,,,,,,Point
NEG2014_001663,0,negative_candidate,spatial_negative_sampling,,,MZ,,,22.973557793020824,92.38619660638672,2014,,,,,,,Point
NEG2014_001664,0,negative_candidate,spatial_negative_sampling,,,MZ,,,22.04328226901741,92.95357482661456,2014,,,,,,,Point
NEG2014_001665,0,negative_candidate,spatial_negative_sampling,,,MZ,,,24.41511491486385,93.24888942815655,2014,,,,,,,Point
NEG2014_001666,0,negative_candidate,spatial_negative_sampling,,,MZ,,,23.703572952155785,92.85748648160259,2014,,,,,,,Point
NEG2014_001667,0,negative_candidate,spatial_negative_sampling,,,MZ,,,22.231560123161657,92.59272028747331,2014,,,,,,,Point
NEG2014_001668,0,negative_candidate,spatial_negative_sampling,,,MZ,,,23.717196047738245,92.17769555130828,2014,,,,,,,Point
NEG2014_001669,0,negative_candidate,spatial_negative_sampling,,,MZ,,,23.198547801440473,93.20693474269142,2014,,,,,,,Point
NEG2014_001670,0,negative_candidate,spatial_negative_sampling,,,MZ,,,22.409057441726894,93.47727148787601,2014,,,,,,,Point
NEG2014_001671,0,negative_candidate,spatial_negative_sampling,,,MZ,,,23.063494120973367,93.2542092096435,2014,,,,,,,Point
NEG2014_001672,0,negative_candidate,spatial_negative_sampling,,,MZ,,,24.088766047932886,92.83169151570131,2014,,,,,,,Point
NEG2014_001673,0,negative_candidate,spatial_negative_sampling,,,MZ,,,22.332084464389403,92.45943302460219,2014,,,,,,,Point
NEG2014_001674,0,negative_candidate,spatial_negative_sampling,,,MZ,,,23.131431735471825,92.57737556255604,2014,,,,,,,Point
NEG2014_001675,0,negative_candidate,spatial_negative_sampling,,,MZ,,,22.09516786680447,92.87903695846784,2014,,,,,,,Point
NEG2014_001676,0,negative_candidate,spatial_negative_sampling,,,MZ,,,22.115210556965767,92.74052385904758,2014,,,,,,,Point
NEG2014_001677,0,negative_candidate,spatial_negative_sampling,,,MZ,,,24.375365087595256,92.93231313847544,2014,,,,,,,Point
NEG2014_001678,0,negative_candidate,spatial_negative_sampling,,,MZ,,,23.174449336320368,93.2319517004421,2014,,,,,,,Point
NEG2014_001679,0,negative_candidate,spatial_negative_sampling,,,MZ,,,22.592760381638673,93.49413164142969,2014,,,,,,,Point
NEG2014_001680,0,negative_candidate,spatial_negative_sampling,,,MZ,,,22.988192867539045,92.92722396857927,2014,,,,,,,Point
NEG2014_001681,0,negative_candidate,spatial_negative_sampling,,,MZ,,,22.286885319164863,92.38917693480953,2014,,,,,,,Point
NEG2014_001682,0,negative_candidate,spatial_negative_sampling,,,MZ,,,24.436387972870566,92.13791352152421,2014,,,,,,,Point
NEG2014_001683,0,negative_candidate,spatial_negative_sampling,,,MZ,,,22.275307935133906,92.84922350725462,2014,,,,,,,Point
NEG2014_001684,0,negative_candidate,spatial_negative_sampling,,,MZ,,,23.491261671779522,93.47593773396835,2014,,,,,,,Point
NEG2014_001685,0,negative_candidate,spatial_negative_sampling,,,MZ,,,22.269398006725094,93.47270930128055,2014,,,,,,,Point
NEG2014_001686,0,negative_candidate,spatial_negative_sampling,,,MZ,,,22.018153230236145,92.60596181955385,2014,,,,,,,Point
NEG2014_001687,0,negative_candidate,spatial_negative_sampling,,,MZ,,,24.265882436629873,93.42912144469685,2014,,,,,,,Point
NEG2014_001688,0,negative_candidate,spatial_negative_sampling,,,MZ,,,23.539338947447593,93.39681494053166,2014,,,,,,,Point
NEG2014_001689,0,negative_candidate,spatial_negative_sampling,,,MZ,,,22.931046007914002,92.76251635753786,2014,,,,,,,Point
NEG2014_001690,0,negative_candidate,spatial_negative_sampling,,,MZ,,,23.378662300908957,92.61818322340358,2014,,,,,,,Point
NEG2014_001691,0,negative_candidate,spatial_negative_sampling,,,MZ,,,22.2664965939409,92.23958461136174,2014,,,,,,,Point
NEG2014_001692,0,negative_candidate,spatial_negative_sampling,,,MZ,,,24.22376743446264,93.04112138522207,2014,,,,,,,Point
NEG2014_001693,0,negative_candidate,spatial_negative_sampling,,,MZ,,,22.65777874913293,93.19796525100286,2014,,,,,,,Point
NEG2014_001694,0,negative_candidate,spatial_negative_sampling,,,MZ,,,23.783720095972555,93.11471300890815,2014,,,,,,,Point
NEG2014_001695,0,negative_candidate,spatial_negative_sampling,,,MZ,,,22.524028507520022,93.28733518028258,2014,,,,,,,Point
NEG2014_001696,0,negative_candidate,spatial_negative_sampling,,,MZ,,,23.133980963395445,93.2167210549086,2014,,,,,,,Point
NEG2014_001697,0,negative_candidate,spatial_negative_sampling,,,MZ,,,23.555300790793705,93.20446284473508,2014,,,,,,,Point
NEG2014_001698,0,negative_candidate,spatial_negative_sampling,,,MZ,,,22.44468506717661,93.14463762409922,2014,,,,,,,Point
NEG2014_001699,0,negative_candidate,spatial_negative_sampling,,,MZ,,,22.74971984350148,92.3733540778811,2014,,,,,,,Point
NEG2014_001700,0,negative_candidate,spatial_negative_sampling,,,MZ,,,22.034571803607186,92.83168976991136,2014,,,,,,,Point
NEG2014_001701,0,negative_candidate,spatial_negative_sampling,,,MZ,,,22.639627679395222,92.17759308461252,2014,,,,,,,Point
NEG2014_001702,0,negative_candidate,spatial_negative_sampling,,,MZ,,,22.76172228053711,92.56186348177815,2014,,,,,,,Point
NEG2014_001703,0,negative_candidate,spatial_negative_sampling,,,MZ,,,22.65880900138402,92.7261009440661,2014,,,,,,,Point
NEG2014_001704,0,negative_candidate,spatial_negative_sampling,,,MZ,,,22.040861225642185,92.79737372274926,2014,,,,,,,Point
NEG2014_001705,0,negative_candidate,spatial_negative_sampling,,,MZ,,,22.920559129466195,92.60294127113927,2014,,,,,,,Point
NEG2014_001706,0,negative_candidate,spatial_negative_sampling,,,MZ,,,22.835976979270423,93.05571538101889,2014,,,,,,,Point
NEG2014_001707,0,negative_candidate,spatial_negative_sampling,,,MZ,,,23.658787872331658,92.50293071022837,2014,,,,,,,Point
NEG2014_001708,0,negative_candidate,spatial_negative_sampling,,,MZ,,,23.65262678411111,92.74395764907703,2014,,,,,,,Point
NEG2014_001709,0,negative_candidate,spatial_negative_sampling,,,MZ,,,22.765326137406174,92.62066998713435,2014,,,,,,,Point
NEG2014_001710,0,negative_candidate,spatial_negative_sampling,,,MZ,,,21.95548471874196,92.41837396476718,2014,,,,,,,Point
NEG2014_001711,0,negative_candidate,spatial_negative_sampling,,,MZ,,,22.393040442091824,92.36084216708161,2014,,,,,,,Point
NEG2014_001712,0,negative_candidate,spatial_negative_sampling,,,MZ,,,24.11107280975955,92.59049051673698,2014,,,,,,,Point
NEG2014_001713,0,negative_candidate,spatial_negative_sampling,,,MZ,,,23.441595196908377,92.41876166298995,2014,,,,,,,Point
NEG2014_001714,0,negative_candidate,spatial_negative_sampling,,,MZ,,,23.954083920654433,93.23444369688409,2014,,,,,,,Point
NEG2014_001715,0,negative_candidate,spatial_negative_sampling,,,MZ,,,23.262034075862427,92.14488668992921,2014,,,,,,,Point
NEG2014_001716,0,negative_candidate,spatial_negative_sampling,,,MZ,,,23.708500168812897,92.17490255007824,2014,,,,,,,Point
NEG2014_001717,0,negative_candidate,spatial_negative_sampling,,,MZ,,,23.60881189952159,92.68020700638831,2014,,,,,,,Point
NEG2014_001718,0,negative_candidate,spatial_negative_sampling,,,MZ,,,23.961097412846097,93.42755391622893,2014,,,,,,,Point
NEG2014_001719,0,negative_candidate,spatial_negative_sampling,,,MZ,,,24.22254713996452,92.30098525339262,2014,,,,,,,Point
NEG2014_001720,0,negative_candidate,spatial_negative_sampling,,,MZ,,,23.12357664937852,93.25167365622592,2014,,,,,,,Point
NEG2014_001721,0,negative_candidate,spatial_negative_sampling,,,MZ,,,23.54931133346258,92.42537461484412,2014,,,,,,,Point
NEG2014_001722,0,negative_candidate,spatial_negative_sampling,,,MZ,,,22.33707297779206,92.40731318625566,2014,,,,,,,Point
NEG2014_001723,0,negative_candidate,spatial_negative_sampling,,,MZ,,,23.511890227889477,92.63727775428606,2014,,,,,,,Point
NEG2014_001724,0,negative_candidate,spatial_negative_sampling,,,MZ,,,22.08691935740421,92.28605760055177,2014,,,,,,,Point
NEG2014_001725,0,negative_candidate,spatial_negative_sampling,,,MZ,,,22.904512402418984,92.75653570430967,2014,,,,,,,Point
NEG2014_001726,0,negative_candidate,spatial_negative_sampling,,,MZ,,,22.70624354131944,93.43489036956092,2014,,,,,,,Point
NEG2014_001727,0,negative_candidate,spatial_negative_sampling,,,MZ,,,24.441157092403913,92.57175774460275,2014,,,,,,,Point
NEG2014_001728,0,negative_candidate,spatial_negative_sampling,,,MZ,,,23.291737062420196,92.58498521295725,2014,,,,,,,Point
NEG2014_001729,0,negative_candidate,spatial_negative_sampling,,,MZ,,,23.642296308261958,92.23589553134697,2014,,,,,,,Point
NEG2014_001730,0,negative_candidate,spatial_negative_sampling,,,MZ,,,22.522757179986804,93.15798009540569,2014,,,,,,,Point
NEG2014_001731,0,negative_candidate,spatial_negative_sampling,,,MZ,,,22.574434796841867,93.20675425676284,2014,,,,,,,Point
NEG2014_001732,0,negative_candidate,spatial_negative_sampling,,,MZ,,,22.66617135057174,92.28024093256796,2014,,,,,,,Point
NEG2014_001733,0,negative_candidate,spatial_negative_sampling,,,MZ,,,21.963757736295403,92.67476428988917,2014,,,,,,,Point
NEG2014_001734,0,negative_candidate,spatial_negative_sampling,,,MZ,,,23.372005907989585,93.13455914749693,2014,,,,,,,Point
NEG2014_001735,0,negative_candidate,spatial_negative_sampling,,,MZ,,,23.491001321125466,93.17713193609899,2014,,,,,,,Point
NEG2014_001736,0,negative_candidate,spatial_negative_sampling,,,MZ,,,22.55945647433925,92.7636395128688,2014,,,,,,,Point
NEG2014_001737,0,negative_candidate,spatial_negative_sampling,,,MZ,,,22.501716083334856,92.41543960402652,2014,,,,,,,Point
NEG2014_001738,0,negative_candidate,spatial_negative_sampling,,,MZ,,,22.40271022403245,93.47283726630296,2014,,,,,,,Point
NEG2014_001739,0,negative_candidate,spatial_negative_sampling,,,MZ,,,22.35631924447858,93.13319563206562,2014,,,,,,,Point
NEG2014_001740,0,negative_candidate,spatial_negative_sampling,,,MZ,,,23.900642940257637,92.54903218981815,2014,,,,,,,Point
NEG2014_001741,0,negative_candidate,spatial_negative_sampling,,,MZ,,,22.146944370627534,92.75998169773827,2014,,,,,,,Point
NEG2014_001742,0,negative_candidate,spatial_negative_sampling,,,MZ,,,22.246431596420756,92.6677459835397,2014,,,,,,,Point
NEG2014_001743,0,negative_candidate,spatial_negative_sampling,,,MZ,,,23.702030759268897,92.4355730054849,2014,,,,,,,Point
NEG2014_001744,0,negative_candidate,spatial_negative_sampling,,,MZ,,,22.48980548557765,92.27363759677019,2014,,,,,,,Point
NEG2014_001745,0,negative_candidate,spatial_negative_sampling,,,MZ,,,24.446512846896066,93.25028507932937,2014,,,,,,,Point
NEG2014_001746,0,negative_candidate,spatial_negative_sampling,,,MZ,,,22.478467949632225,92.62148155264752,2014,,,,,,,Point
NEG2014_001747,0,negative_candidate,spatial_negative_sampling,,,MZ,,,23.511067694736088,92.9029835459998,2014,,,,,,,Point
NEG2014_001748,0,negative_candidate,spatial_negative_sampling,,,MZ,,,24.110270239970717,92.41044961282867,2014,,,,,,,Point
NEG2014_001749,0,negative_candidate,spatial_negative_sampling,,,MZ,,,24.052308200719732,92.33627260476038,2014,,,,,,,Point
NEG2014_001750,0,negative_candidate,spatial_negative_sampling,,,MZ,,,24.149258555825742,92.50858304015213,2014,,,,,,,Point
NEG2014_001751,0,negative_candidate,spatial_negative_sampling,,,MZ,,,23.36220539488748,92.74476170119867,2014,,,,,,,Point
NEG2014_001752,0,negative_candidate,spatial_negative_sampling,,,MZ,,,22.297834242243862,92.55315225401516,2014,,,,,,,Point
NEG2014_001753,0,negative_candidate,spatial_negative_sampling,,,MZ,,,22.17108523531011,92.57974772263196,2014,,,,,,,Point
NEG2014_001754,0,negative_candidate,spatial_negative_sampling,,,MZ,,,23.720887034072515,93.2185843529537,2014,,,,,,,Point
NEG2014_001755,0,negative_candidate,spatial_negative_sampling,,,MZ,,,22.740164065049786,92.29928458684772,2014,,,,,,,Point
NEG2014_001756,0,negative_candidate,spatial_negative_sampling,,,MZ,,,23.12602526779595,93.44572045240346,2014,,,,,,,Point
NEG2014_001757,0,negative_candidate,spatial_negative_sampling,,,MZ,,,22.602929020224067,92.5234007248221,2014,,,,,,,Point
NEG2014_001758,0,negative_candidate,spatial_negative_sampling,,,MZ,,,23.084669218099116,92.44672809266463,2014,,,,,,,Point
NEG2014_001759,0,negative_candidate,spatial_negative_sampling,,,MZ,,,22.60478504211247,93.12928106815501,2014,,,,,,,Point
NEG2014_001760,0,negative_candidate,spatial_negative_sampling,,,MZ,,,24.07285605055052,93.41742952463262,2014,,,,,,,Point
NEG2014_001761,0,negative_candidate,spatial_negative_sampling,,,MZ,,,22.23017878518903,93.27968235211418,2014,,,,,,,Point
NEG2014_001762,0,negative_candidate,spatial_negative_sampling,,,MZ,,,24.493136128796834,92.16328899798386,2014,,,,,,,Point
NEG2014_001763,0,negative_candidate,spatial_negative_sampling,,,MZ,,,22.58351528762043,93.00013133433531,2014,,,,,,,Point
NEG2014_001764,0,negative_candidate,spatial_negative_sampling,,,MZ,,,23.74422190119192,92.47124443960384,2014,,,,,,,Point
NEG2014_001765,0,negative_candidate,spatial_negative_sampling,,,MZ,,,23.198306176907316,92.53209626236689,2014,,,,,,,Point
NEG2014_001766,0,negative_candidate,spatial_negative_sampling,,,MZ,,,22.831398522411995,92.66828552243575,2014,,,,,,,Point
NEG2014_001767,0,negative_candidate,spatial_negative_sampling,,,MZ,,,24.013938403668607,93.16406693035064,2014,,,,,,,Point
NEG2014_001768,0,negative_candidate,spatial_negative_sampling,,,MZ,,,23.991902776462357,93.14473621334142,2014,,,,,,,Point
NEG2014_001769,0,negative_candidate,spatial_negative_sampling,,,MZ,,,23.171660582907535,92.7404952207429,2014,,,,,,,Point
NEG2014_001770,0,negative_candidate,spatial_negative_sampling,,,MZ,,,22.35663640881784,93.3525186425858,2014,,,,,,,Point
NEG2014_001771,0,negative_candidate,spatial_negative_sampling,,,MZ,,,23.578376152538258,92.78264465690638,2014,,,,,,,Point
NEG2014_001772,0,negative_candidate,spatial_negative_sampling,,,MZ,,,24.151376497768656,93.20243275332906,2014,,,,,,,Point
NEG2014_001773,0,negative_candidate,spatial_negative_sampling,,,MZ,,,22.784557886795163,92.40090877422027,2014,,,,,,,Point
NEG2014_001774,0,negative_candidate,spatial_negative_sampling,,,MZ,,,22.54891906715663,92.97590870497393,2014,,,,,,,Point
NEG2014_001775,0,negative_candidate,spatial_negative_sampling,,,MZ,,,22.70950759904288,93.34807057883343,2014,,,,,,,Point
NEG2014_001776,0,negative_candidate,spatial_negative_sampling,,,MZ,,,23.279369035795927,92.24612816386252,2014,,,,,,,Point
NEG2014_001777,0,negative_candidate,spatial_negative_sampling,,,MZ,,,22.259016444056023,92.60546293502763,2014,,,,,,,Point
NEG2014_001778,0,negative_candidate,spatial_negative_sampling,,,MZ,,,23.315184160753446,92.6837866367211,2014,,,,,,,Point
NEG2014_001779,0,negative_candidate,spatial_negative_sampling,,,MZ,,,23.477273238742995,93.34641166383665,2014,,,,,,,Point
NEG2014_001780,0,negative_candidate,spatial_negative_sampling,,,MZ,,,22.97896399992362,92.1400454006531,2014,,,,,,,Point
NEG2014_001781,0,negative_candidate,spatial_negative_sampling,,,MZ,,,22.49012914582497,92.97024767403587,2014,,,,,,,Point
NEG2014_001782,0,negative_candidate,spatial_negative_sampling,,,MZ,,,22.227266155320038,92.932272006251,2014,,,,,,,Point
NEG2014_001783,0,negative_candidate,spatial_negative_sampling,,,MZ,,,24.417842102081163,92.45558599984686,2014,,,,,,,Point
NEG2014_001784,0,negative_candidate,spatial_negative_sampling,,,MZ,,,21.91568546685937,92.68950951702601,2014,,,,,,,Point
NEG2014_001785,0,negative_candidate,spatial_negative_sampling,,,MZ,,,22.61052654357338,93.06882030021654,2014,,,,,,,Point
NEG2014_001786,0,negative_candidate,spatial_negative_sampling,,,MZ,,,23.21679489995421,92.63595435865872,2014,,,,,,,Point
NEG2014_001787,0,negative_candidate,spatial_negative_sampling,,,MZ,,,24.320881368609925,92.33863147628593,2014,,,,,,,Point
NEG2014_001788,0,negative_candidate,spatial_negative_sampling,,,MZ,,,23.07441092813385,92.59984717769531,2014,,,,,,,Point
NEG2014_001789,0,negative_candidate,spatial_negative_sampling,,,MZ,,,22.93791823599498,92.35380563479941,2014,,,,,,,Point
NEG2014_001790,0,negative_candidate,spatial_negative_sampling,,,MZ,,,21.987573287140354,92.8929850936681,2014,,,,,,,Point
NEG2014_001791,0,negative_candidate,spatial_negative_sampling,,,MZ,,,23.250051765148992,93.15424952273695,2014,,,,,,,Point
NEG2014_001792,0,negative_candidate,spatial_negative_sampling,,,MZ,,,23.319788631368134,92.31905446354622,2014,,,,,,,Point
NEG2014_001793,0,negative_candidate,spatial_negative_sampling,,,MZ,,,24.272281290051982,93.29282019799582,2014,,,,,,,Point
NEG2014_001794,0,negative_candidate,spatial_negative_sampling,,,MZ,,,23.622115467897004,92.96500226558973,2014,,,,,,,Point
NEG2014_001795,0,negative_candidate,spatial_negative_sampling,,,MZ,,,24.271775718810364,93.34475677560981,2014,,,,,,,Point
NEG2014_001796,0,negative_candidate,spatial_negative_sampling,,,MZ,,,24.224653412523647,92.90056951070827,2014,,,,,,,Point
NEG2014_001797,0,negative_candidate,spatial_negative_sampling,,,MZ,,,22.27208568096346,92.19276887929853,2014,,,,,,,Point
NEG2014_001798,0,negative_candidate,spatial_negative_sampling,,,MZ,,,22.778482213700478,92.34755395975006,2014,,,,,,,Point
NEG2014_001799,0,negative_candidate,spatial_negative_sampling,,,MZ,,,24.226381145438207,93.48089803571055,2014,,,,,,,Point
NEG2014_001800,0,negative_candidate,spatial_negative_sampling,,,MZ,,,22.188167686377042,92.32216578588027,2014,,,,,,,Point
NEG2014_001801,0,negative_candidate,spatial_negative_sampling,,,MZ,,,22.70167955093944,93.15908197857894,2014,,,,,,,Point
NEG2014_001802,0,negative_candidate,spatial_negative_sampling,,,MZ,,,22.20620972944644,93.45729749253859,2014,,,,,,,Point
NEG2014_001803,0,negative_candidate,spatial_negative_sampling,,,MZ,,,22.54581540738383,93.35936845103501,2014,,,,,,,Point
NEG2014_001804,0,negative_candidate,spatial_negative_sampling,,,MZ,,,24.14737985322131,92.80613563055658,2014,,,,,,,Point
NEG2014_001805,0,negative_candidate,spatial_negative_sampling,,,MZ,,,24.307998554128787,92.35270972428609,2014,,,,,,,Point
NEG2014_001806,0,negative_candidate,spatial_negative_sampling,,,MZ,,,23.54633586944331,93.0993879208881,2014,,,,,,,Point
NEG2014_001807,0,negative_candidate,spatial_negative_sampling,,,MZ,,,21.951286429779937,92.1055066567022,2014,,,,,,,Point
NEG2014_001808,0,negative_candidate,spatial_negative_sampling,,,MZ,,,22.018530985024107,92.54560163834785,2014,,,,,,,Point
NEG2014_001809,0,negative_candidate,spatial_negative_sampling,,,MZ,,,23.161765753235056,93.25940581627559,2014,,,,,,,Point
NEG2014_001810,0,negative_candidate,spatial_negative_sampling,,,MZ,,,21.918295409933393,92.72595326452272,2014,,,,,,,Point
NEG2014_001811,0,negative_candidate,spatial_negative_sampling,,,MZ,,,24.41039889680801,93.387833860114,2014,,,,,,,Point
NEG2014_001812,0,negative_candidate,spatial_negative_sampling,,,MZ,,,22.78101508894295,92.95741276643211,2014,,,,,,,Point
NEG2014_001813,0,negative_candidate,spatial_negative_sampling,,,MZ,,,22.14796169557242,92.48205215471711,2014,,,,,,,Point
NEG2014_001814,0,negative_candidate,spatial_negative_sampling,,,MZ,,,23.590185909093083,93.03024787036207,2014,,,,,,,Point
NEG2014_001815,0,negative_candidate,spatial_negative_sampling,,,MZ,,,23.89207697610918,93.47327342697018,2014,,,,,,,Point
NEG2014_001816,0,negative_candidate,spatial_negative_sampling,,,MZ,,,22.345511436006028,93.18303843683773,2014,,,,,,,Point
NEG2014_001817,0,negative_candidate,spatial_negative_sampling,,,MZ,,,23.4975888575528,92.28256906245633,2014,,,,,,,Point
NEG2014_001818,0,negative_candidate,spatial_negative_sampling,,,MZ,,,24.492760603984745,93.03004460775554,2014,,,,,,,Point
NEG2014_001819,0,negative_candidate,spatial_negative_sampling,,,MZ,,,23.963426671755766,92.47987977049004,2014,,,,,,,Point
NEG2014_001820,0,negative_candidate,spatial_negative_sampling,,,MZ,,,24.016210507671232,92.39758284113798,2014,,,,,,,Point
NEG2014_001821,0,negative_candidate,spatial_negative_sampling,,,MZ,,,23.457509737213933,92.59950226780236,2014,,,,,,,Point
NEG2014_001822,0,negative_candidate,spatial_negative_sampling,,,MZ,,,23.19222057743886,92.50631023758041,2014,,,,,,,Point
NEG2014_001823,0,negative_candidate,spatial_negative_sampling,,,MZ,,,23.48173831298884,93.07914194306036,2014,,,,,,,Point
NEG2014_001824,0,negative_candidate,spatial_negative_sampling,,,MZ,,,24.114177154050118,92.45686397195432,2014,,,,,,,Point
NEG2014_001825,0,negative_candidate,spatial_negative_sampling,,,MZ,,,24.47217267956478,93.2258513968989,2014,,,,,,,Point
NEG2014_001826,0,negative_candidate,spatial_negative_sampling,,,MZ,,,22.742802965211308,92.79277966074723,2014,,,,,,,Point
NEG2014_001827,0,negative_candidate,spatial_negative_sampling,,,MZ,,,22.748764791694597,93.07639877939032,2014,,,,,,,Point
NEG2014_001828,0,negative_candidate,spatial_negative_sampling,,,MZ,,,24.441905324274266,92.64841542800825,2014,,,,,,,Point
NEG2014_001829,0,negative_candidate,spatial_negative_sampling,,,MZ,,,23.97313687145184,92.46224157154678,2014,,,,,,,Point
NEG2014_001830,0,negative_candidate,spatial_negative_sampling,,,MZ,,,22.357783876327407,92.5748617159353,2014,,,,,,,Point
NEG2014_001831,0,negative_candidate,spatial_negative_sampling,,,MZ,,,24.448582408918476,92.41850725582479,2014,,,,,,,Point
NEG2014_001832,0,negative_candidate,spatial_negative_sampling,,,MZ,,,23.640589332522527,93.17666461509863,2014,,,,,,,Point
NEG2014_001833,0,negative_candidate,spatial_negative_sampling,,,MZ,,,24.19003433792747,92.33108217023293,2014,,,,,,,Point
NEG2014_001834,0,negative_candidate,spatial_negative_sampling,,,MZ,,,24.296058431484116,92.17845778180431,2014,,,,,,,Point
NEG2014_001835,0,negative_candidate,spatial_negative_sampling,,,MZ,,,23.26193815165329,92.18106145515809,2014,,,,,,,Point
NEG2014_001836,0,negative_candidate,spatial_negative_sampling,,,MZ,,,21.970069136263238,92.46365900487382,2014,,,,,,,Point
NEG2014_001837,0,negative_candidate,spatial_negative_sampling,,,MZ,,,23.64599369260912,93.32983908311034,2014,,,,,,,Point
NEG2014_001838,0,negative_candidate,spatial_negative_sampling,,,MZ,,,22.297023682364355,92.88707740539094,2014,,,,,,,Point
NEG2014_001839,0,negative_candidate,spatial_negative_sampling,,,MZ,,,24.49977612856747,92.19530543142997,2014,,,,,,,Point
NEG2014_001840,0,negative_candidate,spatial_negative_sampling,,,MZ,,,23.859945964724883,93.15104665951745,2014,,,,,,,Point
NEG2014_001841,0,negative_candidate,spatial_negative_sampling,,,MZ,,,22.59691716781631,92.44157709896452,2014,,,,,,,Point
NEG2014_001842,0,negative_candidate,spatial_negative_sampling,,,MZ,,,23.527601940658645,93.02706082178656,2014,,,,,,,Point
NEG2014_001843,0,negative_candidate,spatial_negative_sampling,,,MZ,,,24.00626508812866,92.54243298871894,2014,,,,,,,Point
NEG2014_001844,0,negative_candidate,spatial_negative_sampling,,,MZ,,,24.103541619230434,93.09997995659707,2014,,,,,,,Point
NEG2014_001845,0,negative_candidate,spatial_negative_sampling,,,MZ,,,24.172079850364,92.83927743238404,2014,,,,,,,Point
NEG2014_001846,0,negative_candidate,spatial_negative_sampling,,,MZ,,,22.604213125913233,92.87721731796081,2014,,,,,,,Point
NEG2014_001847,0,negative_candidate,spatial_negative_sampling,,,MZ,,,22.52331663351337,92.38813781276639,2014,,,,,,,Point
NEG2014_001848,0,negative_candidate,spatial_negative_sampling,,,MZ,,,23.93253696178191,92.95663373077183,2014,,,,,,,Point
NEG2014_001849,0,negative_candidate,spatial_negative_sampling,,,MZ,,,22.920986205203896,93.1290238058183,2014,,,,,,,Point
NEG2014_001850,0,negative_candidate,spatial_negative_sampling,,,MZ,,,23.588020601516536,92.16924276144687,2014,,,,,,,Point
NEG2014_001851,0,negative_candidate,spatial_negative_sampling,,,MZ,,,22.293751042132218,92.14051617753711,2014,,,,,,,Point
NEG2014_001852,0,negative_candidate,spatial_negative_sampling,,,MZ,,,24.387148669315796,92.71894137545839,2014,,,,,,,Point
NEG2014_001853,0,negative_candidate,spatial_negative_sampling,,,MZ,,,23.961234182276918,92.11613634694342,2014,,,,,,,Point
NEG2014_001854,0,negative_candidate,spatial_negative_sampling,,,MZ,,,22.693069229895432,93.48306529480996,2014,,,,,,,Point
NEG2014_001855,0,negative_candidate,spatial_negative_sampling,,,MZ,,,23.31308218844964,92.20336456433026,2014,,,,,,,Point
NEG2014_001856,0,negative_candidate,spatial_negative_sampling,,,MZ,,,22.303119268758483,92.45250990511344,2014,,,,,,,Point
NEG2014_001857,0,negative_candidate,spatial_negative_sampling,,,MZ,,,22.6173181202469,93.2974865484001,2014,,,,,,,Point
NEG2014_001858,0,negative_candidate,spatial_negative_sampling,,,MZ,,,23.414180635833358,92.91176726550631,2014,,,,,,,Point
NEG2014_001859,0,negative_candidate,spatial_negative_sampling,,,MZ,,,23.864638900239186,92.57867531094841,2014,,,,,,,Point
NEG2014_001860,0,negative_candidate,spatial_negative_sampling,,,MZ,,,23.987417852020776,93.0270468635836,2014,,,,,,,Point
NEG2014_001861,0,negative_candidate,spatial_negative_sampling,,,MZ,,,21.925660003518807,92.75836601965695,2014,,,,,,,Point
NEG2014_001862,0,negative_candidate,spatial_negative_sampling,,,MZ,,,22.386214819003314,93.41612308910872,2014,,,,,,,Point
NEG2014_001863,0,negative_candidate,spatial_negative_sampling,,,MZ,,,23.534205217216872,92.27060884626889,2014,,,,,,,Point
NEG2014_001864,0,negative_candidate,spatial_negative_sampling,,,MZ,,,23.440242770883128,93.46853127247346,2014,,,,,,,Point
NEG2014_001865,0,negative_candidate,spatial_negative_sampling,,,MZ,,,24.242265043367894,93.45928724807365,2014,,,,,,,Point
NEG2014_001866,0,negative_candidate,spatial_negative_sampling,,,MZ,,,24.024463656189386,92.47722008024162,2014,,,,,,,Point
NEG2014_001867,0,negative_candidate,spatial_negative_sampling,,,MZ,,,23.316494997686853,92.90765371284968,2014,,,,,,,Point
NEG2014_001868,0,negative_candidate,spatial_negative_sampling,,,MZ,,,21.97465952657672,93.40421054230919,2014,,,,,,,Point
NEG2014_001869,0,negative_candidate,spatial_negative_sampling,,,MZ,,,23.217466017433807,92.30652413945913,2014,,,,,,,Point
NEG2014_001870,0,negative_candidate,spatial_negative_sampling,,,MZ,,,24.08512976240457,93.32160779676335,2014,,,,,,,Point
NEG2014_001871,0,negative_candidate,spatial_negative_sampling,,,MZ,,,23.136066096963997,92.83786427962936,2014,,,,,,,Point
NEG2014_001872,0,negative_candidate,spatial_negative_sampling,,,MZ,,,22.334164466235208,92.12289428423769,2014,,,,,,,Point
NEG2014_001873,0,negative_candidate,spatial_negative_sampling,,,MZ,,,23.42422710017976,92.84271102704415,2014,,,,,,,Point
NEG2014_001874,0,negative_candidate,spatial_negative_sampling,,,MZ,,,22.835843972091283,92.21857661602306,2014,,,,,,,Point
NEG2014_001875,0,negative_candidate,spatial_negative_sampling,,,MZ,,,24.47923992699216,92.2823694508953,2014,,,,,,,Point
NEG2014_001876,0,negative_candidate,spatial_negative_sampling,,,MZ,,,22.010306512286338,92.81515873239529,2014,,,,,,,Point
NEG2014_001877,0,negative_candidate,spatial_negative_sampling,,,MZ,,,22.945430359645876,92.95316707188287,2014,,,,,,,Point
NEG2014_001878,0,negative_candidate,spatial_negative_sampling,,,MZ,,,23.111157546429652,92.93647305720805,2014,,,,,,,Point
NEG2014_001879,0,negative_candidate,spatial_negative_sampling,,,MZ,,,22.311856123670022,92.88975953632298,2014,,,,,,,Point
NEG2014_001880,0,negative_candidate,spatial_negative_sampling,,,MZ,,,24.01563151657332,92.4777185316205,2014,,,,,,,Point
NEG2014_001881,0,negative_candidate,spatial_negative_sampling,,,MZ,,,22.579991449309734,92.14154266854533,2014,,,,,,,Point
NEG2014_001882,0,negative_candidate,spatial_negative_sampling,,,MZ,,,23.591634817119253,93.06551533279297,2014,,,,,,,Point
NEG2014_001883,0,negative_candidate,spatial_negative_sampling,,,MZ,,,24.292505690832872,93.46820820470512,2014,,,,,,,Point
NEG2014_001884,0,negative_candidate,spatial_negative_sampling,,,MZ,,,22.380868988988667,93.13384292767914,2014,,,,,,,Point
NEG2014_001885,0,negative_candidate,spatial_negative_sampling,,,MZ,,,23.38240978163291,92.43007471315855,2014,,,,,,,Point
NEG2014_001886,0,negative_candidate,spatial_negative_sampling,,,MZ,,,24.38892302691832,92.15270244853401,2014,,,,,,,Point
NEG2014_001887,0,negative_candidate,spatial_negative_sampling,,,MZ,,,24.162843701345952,92.29743268571387,2014,,,,,,,Point
NEG2014_001888,0,negative_candidate,spatial_negative_sampling,,,MZ,,,24.017430857509346,92.44646763740276,2014,,,,,,,Point
NEG2014_001889,0,negative_candidate,spatial_negative_sampling,,,MZ,,,23.286502952790276,92.3353410967763,2014,,,,,,,Point
NEG2014_001890,0,negative_candidate,spatial_negative_sampling,,,MZ,,,22.477738418905172,92.23928249095859,2014,,,,,,,Point
NEG2014_001891,0,negative_candidate,spatial_negative_sampling,,,MZ,,,23.641026512094427,93.4661021324538,2014,,,,,,,Point
NEG2014_001892,0,negative_candidate,spatial_negative_sampling,,,MZ,,,21.946370390779183,93.18012074819882,2014,,,,,,,Point
NEG2014_001893,0,negative_candidate,spatial_negative_sampling,,,MZ,,,23.624080423271185,92.93574274570899,2014,,,,,,,Point
NEG2014_001894,0,negative_candidate,spatial_negative_sampling,,,MZ,,,23.89831293822368,92.624719481598,2014,,,,,,,Point
NEG2014_001895,0,negative_candidate,spatial_negative_sampling,,,MZ,,,22.25510713041196,92.49859141943969,2014,,,,,,,Point
NEG2014_001896,0,negative_candidate,spatial_negative_sampling,,,MZ,,,23.443644199291054,93.28688250832633,2014,,,,,,,Point
NEG2014_001897,0,negative_candidate,spatial_negative_sampling,,,MZ,,,22.931727789819345,92.62649193700538,2014,,,,,,,Point
NEG2014_001898,0,negative_candidate,spatial_negative_sampling,,,MZ,,,22.49882268170501,93.36081820295736,2014,,,,,,,Point
NEG2014_001899,0,negative_candidate,spatial_negative_sampling,,,MZ,,,22.947305667985866,93.4738646356214,2014,,,,,,,Point
NEG2014_001900,0,negative_candidate,spatial_negative_sampling,,,MZ,,,23.815280815812798,92.24147113331442,2014,,,,,,,Point
NEG2014_001901,0,negative_candidate,spatial_negative_sampling,,,MZ,,,23.337174559847192,92.30464271327376,2014,,,,,,,Point
NEG2014_001902,0,negative_candidate,spatial_negative_sampling,,,MZ,,,23.113073099762257,92.6436524907664,2014,,,,,,,Point
NEG2014_001903,0,negative_candidate,spatial_negative_sampling,,,MZ,,,23.353980076916752,92.85527773965259,2014,,,,,,,Point
NEG2014_001904,0,negative_candidate,spatial_negative_sampling,,,MZ,,,22.61981338823371,92.87163179087435,2014,,,,,,,Point
NEG2014_001905,0,negative_candidate,spatial_negative_sampling,,,MZ,,,23.512519042720317,92.47530742426989,2014,,,,,,,Point
NEG2014_001906,0,negative_candidate,spatial_negative_sampling,,,MZ,,,22.930820022979617,92.8980317259112,2014,,,,,,,Point
NEG2014_001907,0,negative_candidate,spatial_negative_sampling,,,MZ,,,24.3492604590635,92.91048555303563,2014,,,,,,,Point
NEG2014_001908,0,negative_candidate,spatial_negative_sampling,,,MZ,,,24.181087096871252,92.8126086034364,2014,,,,,,,Point
NEG2014_001909,0,negative_candidate,spatial_negative_sampling,,,MZ,,,23.00232544321768,93.49351566911626,2014,,,,,,,Point
NEG2014_001910,0,negative_candidate,spatial_negative_sampling,,,MZ,,,22.831882141530734,92.595274843149,2014,,,,,,,Point
NEG2014_001911,0,negative_candidate,spatial_negative_sampling,,,MZ,,,23.304591356049947,92.998582058788,2014,,,,,,,Point
NEG2014_001912,0,negative_candidate,spatial_negative_sampling,,,MZ,,,22.494596353687786,92.46269504755749,2014,,,,,,,Point
NEG2014_001913,0,negative_candidate,spatial_negative_sampling,,,MZ,,,22.45962091945574,92.92749815352641,2014,,,,,,,Point
NEG2014_001914,0,negative_candidate,spatial_negative_sampling,,,MZ,,,23.009470315974923,92.94698115784497,2014,,,,,,,Point
NEG2014_001915,0,negative_candidate,spatial_negative_sampling,,,MZ,,,23.96296145028767,92.64291891063999,2014,,,,,,,Point
NEG2014_001916,0,negative_candidate,spatial_negative_sampling,,,MZ,,,22.865231140378725,93.31033500161708,2014,,,,,,,Point
NEG2014_001917,0,negative_candidate,spatial_negative_sampling,,,MZ,,,23.33382189112138,92.4738754906535,2014,,,,,,,Point
NEG2014_001918,0,negative_candidate,spatial_negative_sampling,,,MZ,,,23.681173184986154,93.24208477183078,2014,,,,,,,Point
NEG2014_001919,0,negative_candidate,spatial_negative_sampling,,,MZ,,,24.331525167854338,92.58954182117851,2014,,,,,,,Point
NEG2014_001920,0,negative_candidate,spatial_negative_sampling,,,MZ,,,22.164161397586998,93.22390217605306,2014,,,,,,,Point
NEG2014_001921,0,negative_candidate,spatial_negative_sampling,,,MZ,,,22.66709181404453,92.39139998256533,2014,,,,,,,Point
NEG2014_001922,0,negative_candidate,spatial_negative_sampling,,,MZ,,,22.651853078976675,92.26296392622469,2014,,,,,,,Point
NEG2014_001923,0,negative_candidate,spatial_negative_sampling,,,MZ,,,23.97804547997554,92.68699187981498,2014,,,,,,,Point
NEG2014_001924,0,negative_candidate,spatial_negative_sampling,,,MZ,,,23.790667755685313,93.47881363186139,2014,,,,,,,Point
NEG2014_001925,0,negative_candidate,spatial_negative_sampling,,,MZ,,,21.98424557732076,92.51898189442832,2014,,,,,,,Point
NEG2014_001926,0,negative_candidate,spatial_negative_sampling,,,MZ,,,22.448790730871337,93.25286504007333,2014,,,,,,,Point
NEG2014_001927,0,negative_candidate,spatial_negative_sampling,,,MZ,,,22.717236187515145,92.7795219331159,2014,,,,,,,Point
NEG2014_001928,0,negative_candidate,spatial_negative_sampling,,,MZ,,,23.50706954086977,92.68551844718725,2014,,,,,,,Point
NEG2014_001929,0,negative_candidate,spatial_negative_sampling,,,MZ,,,23.160881033147938,93.1222782518707,2014,,,,,,,Point
NEG2014_001930,0,negative_candidate,spatial_negative_sampling,,,MZ,,,23.560017609361253,92.73249847520101,2014,,,,,,,Point
NEG2014_001931,0,negative_candidate,spatial_negative_sampling,,,MZ,,,22.73204823974964,92.86584197460488,2014,,,,,,,Point
NEG2014_001932,0,negative_candidate,spatial_negative_sampling,,,MZ,,,24.041119947387326,92.2741013667189,2014,,,,,,,Point
NEG2014_001933,0,negative_candidate,spatial_negative_sampling,,,MZ,,,21.948048557411266,93.4599003711025,2014,,,,,,,Point
NEG2014_001934,0,negative_candidate,spatial_negative_sampling,,,MZ,,,23.87549445116575,92.64220201097928,2014,,,,,,,Point
NEG2014_001935,0,negative_candidate,spatial_negative_sampling,,,MZ,,,24.458777975632636,93.32257624859633,2014,,,,,,,Point
NEG2014_001936,0,negative_candidate,spatial_negative_sampling,,,MZ,,,23.752660344034435,92.48531486077573,2014,,,,,,,Point
NEG2014_001937,0,negative_candidate,spatial_negative_sampling,,,MZ,,,24.157850601900915,92.9237622462175,2014,,,,,,,Point
NEG2014_001938,0,negative_candidate,spatial_negative_sampling,,,MZ,,,21.920545496032396,92.8983993480611,2014,,,,,,,Point
NEG2014_001939,0,negative_candidate,spatial_negative_sampling,,,MZ,,,22.51452993066787,93.44019495890957,2014,,,,,,,Point
NEG2014_001940,0,negative_candidate,spatial_negative_sampling,,,MZ,,,24.01111463479623,93.03115506343708,2014,,,,,,,Point
NEG2014_001941,0,negative_candidate,spatial_negative_sampling,,,MZ,,,22.92533115935407,93.1945382243378,2014,,,,,,,Point
NEG2014_001942,0,negative_candidate,spatial_negative_sampling,,,MZ,,,23.19161347595571,92.1277610151752,2014,,,,,,,Point
NEG2014_001943,0,negative_candidate,spatial_negative_sampling,,,MZ,,,24.352276893579553,92.9111720630027,2014,,,,,,,Point
NEG2014_001944,0,negative_candidate,spatial_negative_sampling,,,MZ,,,24.272031451135476,93.20743168541019,2014,,,,,,,Point
NEG2014_001945,0,negative_candidate,spatial_negative_sampling,,,MZ,,,22.547189513417013,93.40130855169112,2014,,,,,,,Point
NEG2014_001946,0,negative_candidate,spatial_negative_sampling,,,MZ,,,22.236886591791404,93.1317174058337,2014,,,,,,,Point
NEG2014_001947,0,negative_candidate,spatial_negative_sampling,,,MZ,,,22.41837990704509,92.42195773451182,2014,,,,,,,Point
NEG2014_001948,0,negative_candidate,spatial_negative_sampling,,,MZ,,,22.538773565102794,92.94506660045893,2014,,,,,,,Point
NEG2014_001949,0,negative_candidate,spatial_negative_sampling,,,MZ,,,23.269883244954112,92.39799667504785,2014,,,,,,,Point
NEG2014_001950,0,negative_candidate,spatial_negative_sampling,,,MZ,,,23.367607648847788,93.21969888724153,2014,,,,,,,Point
NEG2014_001951,0,negative_candidate,spatial_negative_sampling,,,MZ,,,22.396816044490134,92.8324688898371,2014,,,,,,,Point
NEG2014_001952,0,negative_candidate,spatial_negative_sampling,,,MZ,,,23.92338239727732,92.2704090402525,2014,,,,,,,Point
NEG2014_001953,0,negative_candidate,spatial_negative_sampling,,,MZ,,,24.44737335355091,93.40230527271055,2014,,,,,,,Point
NEG2014_001954,0,negative_candidate,spatial_negative_sampling,,,MZ,,,24.130281553249155,93.44678364633255,2014,,,,,,,Point
NEG2014_001955,0,negative_candidate,spatial_negative_sampling,,,MZ,,,22.406391669907883,92.64229257404489,2014,,,,,,,Point
NEG2014_001956,0,negative_candidate,spatial_negative_sampling,,,MZ,,,23.74042470042906,93.11314393923534,2014,,,,,,,Point
NEG2014_001957,0,negative_candidate,spatial_negative_sampling,,,MZ,,,23.902172087651955,92.57934761800311,2014,,,,,,,Point
NEG2014_001958,0,negative_candidate,spatial_negative_sampling,,,MZ,,,23.53299965076568,93.0771044373292,2014,,,,,,,Point
NEG2014_001959,0,negative_candidate,spatial_negative_sampling,,,MZ,,,23.40474481651885,92.30525188221797,2014,,,,,,,Point
NEG2014_001960,0,negative_candidate,spatial_negative_sampling,,,MZ,,,22.49699554816847,92.83385169540755,2014,,,,,,,Point
NEG2014_001961,0,negative_candidate,spatial_negative_sampling,,,MZ,,,24.45164275964506,92.21366334957885,2014,,,,,,,Point
NEG2014_001962,0,negative_candidate,spatial_negative_sampling,,,MZ,,,23.554883852036383,92.68858668230834,2014,,,,,,,Point
NEG2014_001963,0,negative_candidate,spatial_negative_sampling,,,MZ,,,23.17679416024339,92.34957108395048,2014,,,,,,,Point
NEG2014_001964,0,negative_candidate,spatial_negative_sampling,,,MZ,,,22.849201044556718,93.02450760729013,2014,,,,,,,Point
NEG2014_001965,0,negative_candidate,spatial_negative_sampling,,,MZ,,,24.198957193609747,92.88016220739448,2014,,,,,,,Point
NEG2014_001966,0,negative_candidate,spatial_negative_sampling,,,MZ,,,21.967533153321668,92.99700537583509,2014,,,,,,,Point
NEG2014_001967,0,negative_candidate,spatial_negative_sampling,,,MZ,,,22.847148925380765,93.2400924582426,2014,,,,,,,Point
NEG2014_001968,0,negative_candidate,spatial_negative_sampling,,,NL,,,26.90832493481836,94.42558945112651,2014,,,,,,,Point
NEG2014_001969,0,negative_candidate,spatial_negative_sampling,,,NL,,,26.004306704280445,94.62350205840279,2014,,,,,,,Point
NEG2014_001970,0,negative_candidate,spatial_negative_sampling,,,NL,,,27.056532083385616,95.03710986337293,2014,,,,,,,Point
NEG2014_001971,0,negative_candidate,spatial_negative_sampling,,,NL,,,26.473922443517363,94.1938170257119,2014,,,,,,,Point
NEG2014_001972,0,negative_candidate,spatial_negative_sampling,,,NL,,,26.094464842413082,95.23673476218751,2014,,,,,,,Point
NEG2014_001973,0,negative_candidate,spatial_negative_sampling,,,NL,,,26.39842178625909,93.88887820249221,2014,,,,,,,Point
NEG2014_001974,0,negative_candidate,spatial_negative_sampling,,,NL,,,26.240928674689695,94.41961276364067,2014,,,,,,,Point
NEG2014_001975,0,negative_candidate,spatial_negative_sampling,,,NL,,,25.32932106009957,93.83784594900293,2014,,,,,,,Point
NEG2014_001976,0,negative_candidate,spatial_negative_sampling,,,SK,,,28.13232423535289,88.29409431308454,2014,,,,,,,Point
NEG2014_001977,0,negative_candidate,spatial_negative_sampling,,,SK,,,27.833363474791515,88.57341251448865,2014,,,,,,,Point
NEG2014_001978,0,negative_candidate,spatial_negative_sampling,,,SK,,,27.931510042725346,88.89752981814038,2014,,,,,,,Point
NEG2014_001979,0,negative_candidate,spatial_negative_sampling,,,SK,,,27.601222785293153,88.63051110788236,2014,,,,,,,Point
NEG2014_001980,0,negative_candidate,spatial_negative_sampling,,,SK,,,27.58850350021646,88.50260525741024,2014,,,,,,,Point
NEG2014_001981,0,negative_candidate,spatial_negative_sampling,,,SK,,,27.798854535821036,88.2617562042269,2014,,,,,,,Point
NEG2014_001982,0,negative_candidate,spatial_negative_sampling,,,SK,,,27.865277001925527,88.7682848865682,2014,,,,,,,Point
NEG2014_001983,0,negative_candidate,spatial_negative_sampling,,,SK,,,27.280273669666478,88.01253992567196,2014,,,,,,,Point
NEG2014_001984,0,negative_candidate,spatial_negative_sampling,,,SK,,,27.24272943708392,88.3032668253951,2014,,,,,,,Point
NEG2014_001985,0,negative_candidate,spatial_negative_sampling,,,SK,,,27.34186274217582,88.48360567880805,2014,,,,,,,Point
NEG2014_001986,0,negative_candidate,spatial_negative_sampling,,,SK,,,27.36205193524844,88.63731275621653,2014,,,,,,,Point
NEG2014_001987,0,negative_candidate,spatial_negative_sampling,,,SK,,,28.143377099324837,88.18847376332238,2014,,,,,,,Point
NEG2014_001988,0,negative_candidate,spatial_negative_sampling,,,SK,,,27.52428501537299,88.81905337596332,2014,,,,,,,Point
NEG2014_001989,0,negative_candidate,spatial_negative_sampling,,,SK,,,27.989405038549332,88.22787507594073,2014,,,,,,,Point
NEG2014_001990,0,negative_candidate,spatial_negative_sampling,,,SK,,,27.92109030523737,88.30805649430955,2014,,,,,,,Point
NEG2014_001991,0,negative_candidate,spatial_negative_sampling,,,SK,,,27.403036219866653,88.3230949784657,2014,,,,,,,Point
NEG2014_001992,0,negative_candidate,spatial_negative_sampling,,,SK,,,28.022402145051167,88.16259548699381,2014,,,,,,,Point
NEG2014_001993,0,negative_candidate,spatial_negative_sampling,,,SK,,,27.25453668125242,88.63771323962811,2014,,,,,,,Point
NEG2014_001994,0,negative_candidate,spatial_negative_sampling,,,SK,,,27.29155249319717,88.89815097780222,2014,,,,,,,Point
NEG2014_001995,0,negative_candidate,spatial_negative_sampling,,,SK,,,27.437160934164417,88.39182918670765,2014,,,,,,,Point
NEG2014_001996,0,negative_candidate,spatial_negative_sampling,,,SK,,,28.140230874574748,88.11645187503727,2014,,,,,,,Point
NEG2014_001997,0,negative_candidate,spatial_negative_sampling,,,TR,,,23.652534930004308,91.22925241959655,2014,,,,,,,Point
NEG2014_001998,0,negative_candidate,spatial_negative_sampling,,,TR,,,23.543357325393703,91.19161260961098,2014,,,,,,,Point
NEG2014_001999,0,negative_candidate,spatial_negative_sampling,,,TR,,,23.54920355503887,91.13099848003445,2014,,,,,,,Point
NEG2014_002000,0,negative_candidate,spatial_negative_sampling,,,TR,,,23.123241759743944,91.97764378857117,2014,,,,,,,Point
NEG2014_002001,0,negative_candidate,spatial_negative_sampling,,,TR,,,23.25810312007633,92.22705345664622,2014,,,,,,,Point
NEG2014_002002,0,negative_candidate,spatial_negative_sampling,,,TR,,,24.00134477858508,91.12928481712744,2014,,,,,,,Point
NEG2014_002003,0,negative_candidate,spatial_negative_sampling,,,TR,,,23.73854880374943,91.80296481483506,2014,,,,,,,Point
NEG2014_002004,0,negative_candidate,spatial_negative_sampling,,,TR,,,22.92641407196385,92.07318007229831,2014,,,,,,,Point
NEG2014_002005,0,negative_candidate,spatial_negative_sampling,,,TR,,,22.936567955174194,91.47285264591547,2014,,,,,,,Point
NEG2014_002006,0,negative_candidate,spatial_negative_sampling,,,TR,,,23.33661006190647,91.73465751870398,2014,,,,,,,Point
NEG2014_002007,0,negative_candidate,spatial_negative_sampling,,,TR,,,23.361786350291222,92.00236257639024,2014,,,,,,,Point
NEG2014_002008,0,negative_candidate,spatial_negative_sampling,,,TR,,,22.9666016002621,92.02673847434477,2014,,,,,,,Point
