{"type": "FeatureCollection", "name": "Northeast_India_States", "crs": {"type": "name", "properties": {"name": "urn:ogc:def:crs:OGC:1.3:CRS84"}}, "features": [{"type": "Feature", "properties": {"state": "Arunachal Pradesh", "code": "IN.AR", "country": "India", "region": "Northeast India"}, "geometry": {"type": "MultiPolygon", "coordinates": [[[[95.3683, 27.1074], [95.3737, 27.108], [95.3727, 27.1017], [95.377, 27.1022], [95.3855, 27.1051], [95.3861, 27.1117], [95.4063, 27.1183], [95.4203, 27.1308], [95.4292, 27.1341], [95.441, 27.1328], [95.4456, 27.1343], [95.4471, 27.1383], [95.4508, 27.1388], [95.4534, 27.1359], [95.4578, 27.1356], [95.4611, 27.1402], [95.4659, 27.1548], [95.4651, 27.1576], [95.4599, 27.1604], [95.4587, 27.1633], [95.468, 27.1723], [95.4637, 27.1821], [95.4671, 27.1856], [95.4686, 27.1905], [95.4589, 27.2096], [95.4597, 27.2134], [95.4694, 27.2183], [95.4707, 27.2232], [95.4739, 27.2236], [95.4745, 27.2269], [95.4806, 27.2323], [95.4872, 27.246], [95.5063, 27.2546], [95.5106, 27.259], [95.5109, 27.2663], [95.5162, 27.2686], [95.5205, 27.2637], [95.5348, 27.2706], [95.5542, 27.2593], [95.5561, 27.2544], [95.5745, 27.2511], [95.5783, 27.2471], [95.5779, 27.2422], [95.5901, 27.2295], [95.6074, 27.2314], [95.6191, 27.2366], [95.6341, 27.2398], [95.637, 27.2369], [95.6792, 27.2539], [95.6794, 27.2562], [95.6844, 27.2574], [95.6954, 27.2581], [95.7019, 27.2556], [95.7155, 27.2591], [95.7211, 27.2576], [95.7255, 27.2592], [95.7319, 27.2665], [95.7364, 27.2668], [95.7399, 27.2699], [95.7847, 27.2791], [95.7908, 27.2855], [95.8063, 27.2917], [95.8065, 27.288], [95.8102, 27.2809], [95.8379, 27.2871], [95.8502, 27.2931], [95.8605, 27.2942], [95.8619, 27.29], [95.8608, 27.2798], [95.8654, 27.2767], [95.8724, 27.2669], [95.8824, 27.2669], [95.8877, 27.2633], [95.894, 27.263], [95.8981, 27.2643], [95.9012, 27.2764], [95.9043, 27.2799], [95.9045, 27.2862], [95.9024, 27.2878], [95.9064, 27.2919], [95.9123, 27.2931], [95.9187, 27.2992], [95.9406, 27.3096], [95.9632, 27.3171], [95.9656, 27.3217], [95.9626, 27.3243], [95.9679, 27.3246], [95.9687, 27.3318], [95.9842, 27.3343], [95.9723, 27.3346], [95.97, 27.337], [95.9937, 27.3514], [95.9949, 27.3602], [95.997, 27.3635], [96.0132, 27.364], [96.0209, 27.3713], [96.0149, 27.3755], [96.0084, 27.3872], [96.0021, 27.3935], [96.0001, 27.3976], [96.001, 27.4035], [95.9946, 27.4124], [95.9909, 27.4146], [95.9912, 27.4194], [95.9895, 27.4217], [95.9795, 27.4219], [95.9781, 27.4253], [95.9809, 27.4261], [95.9778, 27.4355], [95.9733, 27.4368], [95.9718, 27.4304], [95.968, 27.4241], [95.967, 27.4367], [95.9636, 27.4355], [95.9611, 27.4287], [95.9573, 27.4329], [95.953, 27.4333], [95.9505, 27.4372], [95.9535, 27.4408], [95.9531, 27.4435], [95.9499, 27.445], [95.9333, 27.4467], [95.9168, 27.4432], [95.9112, 27.44], [95.9061, 27.4233], [95.9001, 27.4113], [95.8931, 27.406], [95.8919, 27.4098], [95.8944, 27.4183], [95.89, 27.4264], [95.8904, 27.4397], [95.8887, 27.4441], [95.8826, 27.4441], [95.8758, 27.4354], [95.8649, 27.429], [95.8632, 27.4249], [95.8673, 27.4172], [95.858, 27.4207], [95.8557, 27.4277], [95.8493, 27.4303], [95.8529, 27.4448], [95.8638, 27.452], [95.8595, 27.4626], [95.8612, 27.4663], [95.8661, 27.469], [95.8763, 27.4711], [95.8813, 27.4874], [95.8792, 27.4927], [95.8791, 27.4992], [95.8896, 27.5062], [95.8871, 27.5113], [95.8818, 27.5151], [95.8785, 27.5198], [95.8808, 27.5225], [95.8799, 27.5298], [95.8813, 27.5532], [95.8736, 27.5512], [95.8624, 27.5526], [95.8521, 27.5657], [95.846, 27.568], [95.8399, 27.5666], [95.8319, 27.5789], [95.8277, 27.5818], [95.8212, 27.5817], [95.8203, 27.5956], [95.8242, 27.603], [95.8209, 27.6047], [95.798, 27.6078], [95.7943, 27.6224], [95.7871, 27.6234], [95.785, 27.6274], [95.7873, 27.6323], [95.7974, 27.6359], [95.7973, 27.6396], [95.8015, 27.649], [95.7862, 27.6557], [95.7792, 27.6605], [95.7778, 27.6663], [95.7785, 27.6723], [95.7804, 27.6792], [95.7855, 27.6833], [95.7945, 27.6842], [95.7965, 27.6881], [95.7931, 27.6923], [95.7788, 27.6944], [95.7746, 27.6967], [95.7727, 27.7], [95.7734, 27.7054], [95.7704, 27.72], [95.763, 27.7227], [95.7587, 27.7267], [95.7582, 27.7311], [95.7719, 27.7345], [95.7878, 27.7421], [95.7805, 27.7582], [95.8009, 27.7769], [95.8064, 27.7836], [95.8076, 27.7899], [95.8231, 27.8092], [95.8434, 27.8215], [95.846, 27.8301], [95.8521, 27.8341], [95.8737, 27.8398], [95.8766, 27.8418], [95.8921, 27.857], [95.895, 27.8672], [95.9006, 27.8667], [95.9072, 27.8686], [95.9062, 27.8772], [95.9114, 27.873], [95.9141, 27.8747], [95.9129, 27.8781], [95.914, 27.8808], [95.9226, 27.8862], [95.9213, 27.8905], [95.9238, 27.8903], [95.9274, 27.8873], [95.9286, 27.8905], [95.9239, 27.896], [95.925, 27.9009], [95.9286, 27.9029], [95.9383, 27.9033], [95.9393, 27.9098], [95.9525, 27.9228], [95.9553, 27.9268], [95.9538, 27.9302], [95.9575, 27.9329], [95.9576, 27.9371], [95.9523, 27.9372], [95.9523, 27.9418], [95.9652, 27.9526], [95.9775, 27.9685], [95.8259, 27.9774], [95.6067, 27.9578], [95.5969, 27.9511], [95.5887, 27.9416], [95.5805, 27.9436], [95.5712, 27.9424], [95.5663, 27.9316], [95.565, 27.9225], [95.5438, 27.9135], [95.5421, 27.9107], [95.5443, 27.9058], [95.5435, 27.9023], [95.5262, 27.8979], [95.516, 27.8818], [95.3843, 27.842], [95.3166, 27.8711], [95.2365, 27.8484], [95.0518, 27.7902], [95.0388, 27.7777], [95.0312, 27.7748], [95.0191, 27.7725], [94.9979, 27.7766], [94.987, 27.7709], [94.9232, 27.7546], [95.0855, 27.8503], [95.188, 27.9033], [95.2697, 27.9375], [95.3255, 28.0994], [95.5613, 28.195], [95.8758, 28.2917], [95.8944, 28.2883], [95.9117, 28.2389], [95.9748, 28.2057], [95.9717, 28.2016], [95.9769, 28.1986], [96.0028, 28.1867], [96.0169, 28.1836], [96.0317, 28.1844], [96.0511, 28.19], [96.0508, 28.1986], [96.0534, 28.2022], [96.0619, 28.2019], [96.0845, 28.1944], [96.088, 28.196], [96.0991, 28.1968], [96.1063, 28.1947], [96.1162, 28.1876], [96.1194, 28.183], [96.1438, 28.1751], [96.1457, 28.1804], [96.1557, 28.1858], [96.1667, 28.1893], [96.1703, 28.1923], [96.1764, 28.2018], [96.1855, 28.2091], [96.1923, 28.2118], [96.21, 28.2314], [96.232, 28.2439], [96.2396, 28.2449], [96.2463, 28.2433], [96.2655, 28.2305], [96.2758, 28.2155], [96.2978, 28.1525], [96.3181, 28.1408], [96.3678, 28.1269], [96.3814, 28.1272], [96.3925, 28.1319], [96.4014, 28.1403], [96.418, 28.1675], [96.4228, 28.1706], [96.4368, 28.1682], [96.5028, 28.1086], [96.5247, 28.0822], [96.5305, 28.0806], [96.5383, 28.0733], [96.5433, 28.0711], [96.5653, 28.0711], [96.5908, 28.0514], [96.6086, 28.0469], [96.615, 28.0383], [96.6225, 28.0233], [96.6303, 28.0164], [96.6414, 27.9975], [96.6617, 27.9808], [96.6708, 27.9753], [96.6808, 27.9703], [96.6978, 27.9653], [96.7242, 27.9622], [96.7353, 27.9589], [96.7461, 27.9544], [96.7672, 27.9386], [96.7905, 27.9325], [96.7989, 27.9261], [96.8091, 27.9067], [96.8161, 27.8986], [96.8219, 27.8969], [96.8375, 27.8981], [96.8433, 27.8964], [96.8475, 27.8931], [96.8658, 27.8894], [96.8814, 27.8906], [96.8939, 27.8942], [96.8944, 27.8911], [96.9039, 27.8853], [96.9614, 27.8636], [96.9661, 27.8592], [96.9722, 27.8372], [96.9761, 27.8281], [96.9808, 27.8231], [96.9961, 27.8156], [97.0097, 27.8117], [97.0164, 27.8028], [97.0211, 27.8008], [97.0258, 27.8047], [97.0289, 27.8175], [97.0378, 27.8133], [97.0417, 27.8044], [97.0422, 27.7675], [97.0466, 27.7497], [97.0374, 27.7522], [97.0286, 27.7491], [97.0157, 27.7406], [97.0032, 27.7105], [96.9972, 27.7027], [96.9888, 27.6969], [96.9848, 27.691], [96.9826, 27.6798], [96.9783, 27.6719], [96.9587, 27.6743], [96.9488, 27.6714], [96.9423, 27.6674], [96.9389, 27.6607], [96.929, 27.656], [96.927, 27.6419], [96.9194, 27.6315], [96.9131, 27.6275], [96.9006, 27.6243], [96.8976, 27.6208], [96.8992, 27.5936], [96.903, 27.5899], [96.914, 27.5884], [96.9132, 27.5763], [96.9158, 27.5583], [96.9245, 27.5513], [96.9286, 27.5423], [96.9377, 27.5301], [96.9335, 27.5157], [96.9257, 27.503], [96.9139, 27.4884], [96.9112, 27.4815], [96.9109, 27.468], [96.9118, 27.4627], [96.9176, 27.4589], [96.9259, 27.4564], [96.9333, 27.4505], [96.9414, 27.427], [96.9489, 27.4209], [96.9655, 27.4154], [96.9689, 27.4018], [96.9755, 27.396], [96.969, 27.3863], [96.9717, 27.379], [96.982, 27.3737], [96.985, 27.3626], [96.9895, 27.3585], [96.9975, 27.3551], [97.0033, 27.3299], [97.0169, 27.3201], [97.0403, 27.3079], [97.0436, 27.2898], [97.0567, 27.2856], [97.0589, 27.2768], [97.0633, 27.2722], [97.0818, 27.2539], [97.0941, 27.2479], [97.096, 27.2412], [97.0951, 27.2214], [97.1005, 27.215], [97.1167, 27.2092], [97.1239, 27.1999], [97.1273, 27.1852], [97.1403, 27.1775], [97.1499, 27.1783], [97.156, 27.1622], [97.1672, 27.1555], [97.1722, 27.1444], [97.1717, 27.1368], [97.1559, 27.1264], [97.1464, 27.1028], [97.1399, 27.1013], [97.131, 27.1037], [97.1147, 27.1199], [97.1086, 27.1213], [97.0791, 27.11], [97.0715, 27.1092], [97.0627, 27.1112], [97.0526, 27.1189], [97.042, 27.1313], [97.0302, 27.1417], [97.0132, 27.1469], [96.999, 27.1539], [96.9926, 27.1612], [96.9847, 27.1667], [96.9735, 27.1711], [96.9637, 27.1726], [96.9184, 27.1755], [96.9027, 27.1808], [96.8756, 27.1936], [96.8662, 27.1997], [96.864, 27.2069], [96.8634, 27.2192], [96.8663, 27.2236], [96.8852, 27.2326], [96.89, 27.2369], [96.8927, 27.2476], [96.887, 27.2547], [96.8888, 27.2636], [96.8851, 27.268], [96.8751, 27.2672], [96.8662, 27.2691], [96.8617, 27.2725], [96.8557, 27.2803], [96.8497, 27.3063], [96.8363, 27.3105], [96.8249, 27.3205], [96.8171, 27.3295], [96.8024, 27.3544], [96.7853, 27.3588], [96.773, 27.365], [96.7542, 27.3628], [96.7407, 27.3645], [96.7225, 27.377], [96.7125, 27.3807], [96.7064, 27.3712], [96.6991, 27.3656], [96.6937, 27.3655], [96.6702, 27.3723], [96.6461, 27.3678], [96.6205, 27.3728], [96.6125, 27.3694], [96.5983, 27.3565], [96.5979, 27.3515], [96.6008, 27.3446], [96.5917, 27.3409], [96.5799, 27.3337], [96.5754, 27.3292], [96.5618, 27.3253], [96.5307, 27.298], [96.5223, 27.294], [96.517, 27.3006], [96.5054, 27.3076], [96.5, 27.3094], [96.494, 27.3063], [96.486, 27.3052], [96.4707, 27.3125], [96.4616, 27.3091], [96.4335, 27.3099], [96.4161, 27.2999], [96.4017, 27.2986], [96.3916, 27.2946], [96.3828, 27.2975], [96.3641, 27.3002], [96.3615, 27.2941], [96.3552, 27.2899], [96.3477, 27.2884], [96.3357, 27.2959], [96.3204, 27.298], [96.3108, 27.302], [96.2904, 27.2941], [96.2822, 27.286], [96.2787, 27.2794], [96.2674, 27.2778], [96.2343, 27.2849], [96.2271, 27.2806], [96.2181, 27.2696], [96.1963, 27.2652], [96.1821, 27.2542], [96.1637, 27.2545], [96.1145, 27.2333], [96.099, 27.2314], [96.0921, 27.2267], [96.0864, 27.2171], [96.069, 27.2132], [96.0573, 27.2028], [96.0364, 27.1961], [96.0298, 27.1878], [96.023, 27.1664], [96.0169, 27.1548], [95.9896, 27.1252], [95.9792, 27.1107], [95.9631, 27.082], [95.9571, 27.0682], [95.9362, 27.053], [95.9158, 27.0453], [95.9007, 27.0318], [95.8892, 27.0279], [95.8771, 27.0205], [95.8578, 27.0224], [95.838, 27.0153], [95.8153, 27.0222], [95.8079, 27.0205], [95.8049, 27.012], [95.7796, 26.99], [95.7729, 26.9825], [95.7717, 26.9786], [95.7609, 26.964], [95.7637, 26.945], [95.7567, 26.9402], [95.7525, 26.9302], [95.7572, 26.9204], [95.7581, 26.9149], [95.755, 26.9079], [95.7451, 26.9009], [95.7308, 26.8875], [95.7211, 26.8836], [95.7116, 26.8844], [95.7035, 26.8872], [95.6986, 26.8952], [95.6923, 26.8999], [95.6734, 26.9102], [95.6682, 26.9083], [95.663, 26.9049], [95.6578, 26.8981], [95.651, 26.8838], [95.6422, 26.8831], [95.6368, 26.8793], [95.6341, 26.8733], [95.6349, 26.8666], [95.6322, 26.8495], [95.6115, 26.8212], [95.5847, 26.8228], [95.5748, 26.8257], [95.5685, 26.8299], [95.5627, 26.8372], [95.5548, 26.8396], [95.5457, 26.8379], [95.5328, 26.8312], [95.525, 26.8199], [95.5203, 26.8155], [95.5148, 26.8132], [95.5065, 26.7966], [95.5022, 26.7827], [95.4891, 26.7617], [95.4835, 26.755], [95.4657, 26.7504], [95.4614, 26.746], [95.4585, 26.7377], [95.4542, 26.7325], [95.442, 26.7228], [95.4355, 26.7082], [95.4289, 26.7], [95.4233, 26.6967], [95.4064, 26.6966], [95.3946, 26.691], [95.3836, 26.6881], [95.3715, 26.6793], [95.3659, 26.6776], [95.3466, 26.6779], [95.3179, 26.6668], [95.3084, 26.6577], [95.3026, 26.656], [95.2931, 26.6612], [95.272, 26.6628], [95.266, 26.6679], [95.262, 26.6737], [95.26, 26.6864], [95.2508, 26.6924], [95.244, 26.6939], [95.2404, 26.6916], [95.2376, 26.6863], [95.2337, 26.6971], [95.2361, 26.7122], [95.2297, 26.7169], [95.2282, 26.7238], [95.2161, 26.7353], [95.2169, 26.7413], [95.221, 26.7474], [95.2214, 26.7515], [95.2193, 26.7556], [95.2201, 26.7598], [95.2241, 26.7617], [95.2332, 26.7719], [95.2316, 26.7777], [95.2449, 26.7873], [95.2417, 26.7869], [95.2403, 26.7892], [95.235, 26.7893], [95.2216, 26.7935], [95.2151, 26.7984], [95.2068, 26.8117], [95.199, 26.8399], [95.2005, 26.8429], [95.2064, 26.8463], [95.2086, 26.8507], [95.2042, 26.8489], [95.1977, 26.8515], [95.1973, 26.8494], [95.1956, 26.8496], [95.1858, 26.8596], [95.1845, 26.8648], [95.2064, 26.8779], [95.2114, 26.8817], [95.2129, 26.8856], [95.2178, 26.8869], [95.2299, 26.8857], [95.2339, 26.8908], [95.2313, 26.8983], [95.2341, 26.9097], [95.232, 26.9179], [95.234, 26.9188], [95.234, 26.9206], [95.2293, 26.9306], [95.2256, 26.9344], [95.2171, 26.9342], [95.2144, 26.937], [95.2092, 26.9567], [95.2134, 26.9588], [95.2068, 26.9626], [95.215, 26.9704], [95.2088, 26.9751], [95.2052, 26.9822], [95.21, 26.9826], [95.2078, 26.9847], [95.2004, 26.9856], [95.1952, 26.99], [95.1963, 26.9978], [95.1998, 26.9994], [95.2001, 27.0062], [95.1976, 27.0157], [95.1955, 27.0429], [95.1985, 27.0444], [95.2009, 27.0423], [95.2038, 27.043], [95.2077, 27.0348], [95.2138, 27.0335], [95.2197, 27.0368], [95.2226, 27.0409], [95.226, 27.0423], [95.2295, 27.0402], [95.2321, 27.0429], [95.2309, 27.0457], [95.2379, 27.0432], [95.2437, 27.0342], [95.2482, 27.0303], [95.2607, 27.0373], [95.2599, 27.039], [95.2626, 27.041], [95.2667, 27.0404], [95.2776, 27.0498], [95.2794, 27.0539], [95.2778, 27.0568], [95.2879, 27.0663], [95.3097, 27.0811], [95.3132, 27.0867], [95.3233, 27.0896], [95.3486, 27.1048], [95.3665, 27.1129], [95.3713, 27.1114], [95.3678, 27.1097], [95.3683, 27.1074]]]]}}, {"type": "Feature", "properties": {"state": "Arunachal Pradesh", "code": "IN.AR", "country": "India", "region": "Northeast India"}, "geometry": {"type": "MultiPolygon", "coordinates": [[[[94.1912, 27.4963], [94.1869, 27.4908], [94.1747, 27.4841], [94.1679, 27.4842], [94.1572, 27.478], [94.1602, 27.4665], [94.1408, 27.4485], [94.1171, 27.431], [94.1065, 27.4181], [94.0933, 27.4109], [94.0863, 27.4046], [94.0609, 27.3636], [94.0548, 27.3628], [94.0416, 27.3533], [94.0301, 27.348], [94.0258, 27.3477], [94.0, 27.3347], [94.0007, 27.3301], [93.9902, 27.3246], [93.9809, 27.3138], [93.9565, 27.2948], [93.9339, 27.2683], [93.901, 27.2415], [93.893, 27.231], [93.8856, 27.2244], [93.8674, 27.1988], [93.8575, 27.1911], [93.8399, 27.1735], [93.8267, 27.1694], [93.817, 27.1582], [93.8086, 27.1518], [93.8056, 27.1378], [93.8014, 27.1379], [93.7978, 27.136], [93.8002, 27.1326], [93.8058, 27.1348], [93.8135, 27.132], [93.8139, 27.1286], [93.8114, 27.1263], [93.8132, 27.1238], [93.822, 27.122], [93.8255, 27.1193], [93.8272, 27.1119], [93.8266, 27.0994], [93.833, 27.0876], [93.8362, 27.0865], [93.8344, 27.0828], [93.8367, 27.0782], [93.835, 27.075], [93.829, 27.0721], [93.8282, 27.069], [93.8246, 27.0722], [93.8229, 27.0683], [93.8188, 27.0649], [93.8157, 27.0655], [93.8129, 27.0707], [93.8102, 27.0681], [93.8085, 27.0626], [93.8049, 27.0613], [93.8021, 27.0618], [93.7971, 27.0709], [93.794, 27.0577], [93.7912, 27.0546], [93.7861, 27.0554], [93.7832, 27.0672], [93.7779, 27.0528], [93.7737, 27.0624], [93.7724, 27.0623], [93.7718, 27.0555], [93.7682, 27.0555], [93.7685, 27.0433], [93.7189, 27.0192], [93.7056, 27.0083], [93.7045, 27.0066], [93.7057, 27.0037], [93.701, 26.9971], [93.6758, 26.9711], [93.6551, 26.9665], [93.6245, 26.9642], [93.5842, 26.9526], [93.5708, 26.9541], [93.5258, 26.9486], [93.4894, 26.9385], [93.4868, 26.9431], [93.4803, 26.9402], [93.4681, 26.9389], [93.4638, 26.9435], [93.4479, 26.9542], [93.3479, 26.9632], [93.2669, 26.956], [93.2224, 26.9491], [93.1843, 26.9387], [93.109, 26.9273], [93.0919, 26.9155], [93.0764, 26.9199], [93.0688, 26.9242], [93.0602, 26.9212], [93.0382, 26.9179], [93.0194, 26.9168], [92.9974, 26.9303], [92.9807, 26.9356], [92.973, 26.9408], [92.9178, 26.9642], [92.9149, 26.9698], [92.9167, 26.9847], [92.8998, 26.9963], [92.8875, 27.0002], [92.8724, 27.0077], [92.8366, 27.0135], [92.7853, 27.0307], [92.7691, 27.033], [92.7137, 27.0261], [92.6824, 27.0317], [92.6589, 27.0385], [92.657, 27.0376], [92.6505, 27.0248], [92.6391, 27.0185], [92.6446, 27.01], [92.6455, 26.9874], [92.5852, 26.9619], [92.5536, 26.9591], [92.505, 26.9668], [92.4596, 26.9633], [92.4462, 26.9606], [92.4422, 26.955], [92.4258, 26.9435], [92.4119, 26.9442], [92.3998, 26.9263], [92.3673, 26.9316], [92.3531, 26.9356], [92.3029, 26.9242], [92.3037, 26.9095], [92.2764, 26.9025], [92.2679, 26.9051], [92.2546, 26.9122], [92.1948, 26.891], [92.1624, 26.8927], [92.1242, 26.8898], [92.113, 26.8924], [92.1168, 26.8965], [92.1201, 26.9095], [92.1165, 26.9184], [92.1176, 26.929], [92.1159, 26.936], [92.1183, 26.9409], [92.1144, 26.9475], [92.1147, 26.9523], [92.1222, 26.9579], [92.1199, 26.9655], [92.1197, 26.9733], [92.1128, 26.9758], [92.105, 26.9817], [92.1046, 26.987], [92.1072, 26.9902], [92.1012, 27.0068], [92.0958, 27.0097], [92.0932, 27.0131], [92.0783, 27.0177], [92.0777, 27.0264], [92.0828, 27.0346], [92.0815, 27.0412], [92.0745, 27.0419], [92.055, 27.0514], [92.044, 27.0516], [92.0428, 27.0561], [92.0372, 27.0623], [92.0372, 27.0692], [92.0312, 27.0804], [92.031, 27.0931], [92.0239, 27.1095], [92.0262, 27.1126], [92.0261, 27.1152], [92.0322, 27.1228], [92.0359, 27.14], [92.0313, 27.1541], [92.0283, 27.1586], [92.0268, 27.1686], [92.0277, 27.1707], [92.0343, 27.1747], [92.0401, 27.1823], [92.0507, 27.1836], [92.0541, 27.187], [92.059, 27.1942], [92.0586, 27.2004], [92.0621, 27.2109], [92.069, 27.2159], [92.0709, 27.2262], [92.0706, 27.238], [92.0595, 27.252], [92.0563, 27.254], [92.0385, 27.2548], [92.0412, 27.2607], [92.0453, 27.2637], [92.0451, 27.2689], [92.0481, 27.269], [92.0508, 27.2712], [92.06, 27.2719], [92.0664, 27.2767], [92.07, 27.2758], [92.0737, 27.2782], [92.0755, 27.2782], [92.08, 27.2733], [92.0872, 27.2691], [92.0954, 27.2698], [92.1045, 27.268], [92.1082, 27.2704], [92.1136, 27.2695], [92.1218, 27.2726], [92.1237, 27.2751], [92.1248, 27.2824], [92.123, 27.284], [92.123, 27.2865], [92.1167, 27.2922], [92.1068, 27.2973], [92.1023, 27.3014], [92.0897, 27.304], [92.0789, 27.3115], [92.0735, 27.3189], [92.0655, 27.3263], [92.0618, 27.3433], [92.0534, 27.3515], [92.0549, 27.3526], [92.0499, 27.3596], [92.0472, 27.3609], [92.0491, 27.3769], [92.0548, 27.3828], [92.0551, 27.3954], [92.0558, 27.3981], [92.0583, 27.4], [92.0463, 27.41], [92.0436, 27.4141], [92.0412, 27.4196], [92.0441, 27.427], [92.0415, 27.4353], [92.0357, 27.4399], [92.0268, 27.4403], [92.0227, 27.4458], [92.0188, 27.4803], [92.009, 27.4785], [91.997, 27.4789], [91.9923, 27.4753], [91.9908, 27.4697], [91.9871, 27.4659], [91.9779, 27.4625], [91.9718, 27.4663], [91.9694, 27.4639], [91.9634, 27.4627], [91.9595, 27.4599], [91.9494, 27.46], [91.9464, 27.4619], [91.9425, 27.4599], [91.9345, 27.4665], [91.9328, 27.465], [91.9302, 27.4655], [91.9233, 27.4753], [91.9156, 27.4723], [91.897, 27.4709], [91.8867, 27.4752], [91.8815, 27.4751], [91.8745, 27.4708], [91.8714, 27.4708], [91.8654, 27.4814], [91.8612, 27.4834], [91.8552, 27.482], [91.8481, 27.4863], [91.8423, 27.4772], [91.8287, 27.4682], [91.8249, 27.4674], [91.8203, 27.4712], [91.8138, 27.4736], [91.8014, 27.4716], [91.7979, 27.4731], [91.7941, 27.4698], [91.788, 27.4695], [91.7777, 27.4649], [91.7673, 27.4649], [91.7662, 27.468], [91.7676, 27.4734], [91.7662, 27.4744], [91.7521, 27.4767], [91.7472, 27.4723], [91.7315, 27.4689], [91.7171, 27.4732], [91.7144, 27.4747], [91.7172, 27.4852], [91.7132, 27.4936], [91.701, 27.4999], [91.6947, 27.5059], [91.6875, 27.5029], [91.683, 27.4951], [91.6709, 27.493], [91.6587, 27.4844], [91.6517, 27.4843], [91.6467, 27.5005], [91.6363, 27.5094], [91.6236, 27.5143], [91.6225, 27.5194], [91.6142, 27.5326], [91.6125, 27.5434], [91.5974, 27.5419], [91.5939, 27.5435], [91.5883, 27.5524], [91.5831, 27.557], [91.5833, 27.5662], [91.5739, 27.5729], [91.5706, 27.5805], [91.5669, 27.5841], [91.5706, 27.5947], [91.5809, 27.6023], [91.5844, 27.6089], [91.5741, 27.6199], [91.5666, 27.6245], [91.5629, 27.6326], [91.5644, 27.642], [91.5706, 27.6516], [91.5738, 27.661], [91.5816, 27.6631], [91.5939, 27.6709], [91.5977, 27.6804], [91.6051, 27.6841], [91.6071, 27.6891], [91.6242, 27.6955], [91.6287, 27.6993], [91.6343, 27.7229], [91.6394, 27.7331], [91.6394, 27.7358], [91.6347, 27.7449], [91.6374, 27.7502], [91.6419, 27.7531], [91.6459, 27.7687], [91.6385, 27.7754], [91.6376, 27.7786], [91.6387, 27.7852], [91.6348, 27.8036], [91.6269, 27.8116], [91.6192, 27.8159], [91.6167, 27.82], [91.6092, 27.8237], [91.601, 27.8221], [91.5949, 27.8183], [91.5874, 27.818], [91.5823, 27.8133], [91.5771, 27.8134], [91.5714, 27.8174], [91.563, 27.8295], [91.561, 27.838], [91.557, 27.8428], [91.5548, 27.8499], [91.5609, 27.8532], [91.5702, 27.8486], [91.5727, 27.8519], [91.5749, 27.8604], [91.5767, 27.8628], [91.5797, 27.8633], [91.5869, 27.8603], [91.5905, 27.8566], [91.5946, 27.8566], [91.5982, 27.8599], [91.6074, 27.854], [91.6216, 27.8577], [91.6273, 27.8556], [91.6419, 27.8541], [91.662, 27.8582], [91.6693, 27.8567], [91.6796, 27.8441], [91.6941, 27.8221], [91.7096, 27.8133], [91.7581, 27.8013], [91.7711, 27.8012], [91.8041, 27.8089], [91.8105, 27.803], [91.8153, 27.8034], [91.8242, 27.8104], [91.8279, 27.8076], [91.8289, 27.7967], [91.8335, 27.7799], [91.8452, 27.7757], [91.8512, 27.7651], [91.8576, 27.7423], [91.8605, 27.7369], [91.8704, 27.7345], [91.8786, 27.7218], [91.9023, 27.7271], [91.9084, 27.7263], [91.9188, 27.7151], [91.934, 27.7216], [91.9451, 27.7287], [91.9556, 27.7507], [91.9658, 27.7514], [91.9839, 27.77], [92.0003, 27.7675], [92.0378, 27.7572], [92.0486, 27.757], [92.0554, 27.7591], [92.0846, 27.7798], [92.12, 27.8106], [92.1561, 27.837], [92.2003, 27.8571], [92.2104, 27.859], [92.2463, 27.8635], [92.2552, 27.8622], [92.264, 27.8579], [92.2674, 27.8539], [92.2847, 27.8076], [92.3074, 27.7792], [92.316, 27.7782], [92.3503, 27.7907], [92.3798, 27.795], [92.383, 27.8156], [92.4069, 27.8221], [92.4139, 27.823], [92.4438, 27.8008], [92.4549, 27.8033], [92.4925, 27.8368], [92.5013, 27.8415], [92.5151, 27.8402], [92.5439, 27.8175], [92.5543, 27.8183], [92.5607, 27.821], [92.5857, 27.8569], [92.6051, 27.8775], [92.6204, 27.8845], [92.6516, 27.893], [92.6692, 27.9001], [92.7013, 27.9338], [92.7139, 27.9493], [92.7298, 27.9719], [92.7395, 27.9894], [92.7278, 28.0015], [92.7213, 28.0163], [92.7095, 28.0333], [92.6954, 28.0484], [92.6813, 28.0586], [92.6629, 28.0628], [92.6612, 28.0677], [92.6673, 28.0783], [92.6802, 28.118], [92.687, 28.1258], [92.7046, 28.1366], [92.7366, 28.1516], [92.783, 28.1837], [92.7996, 28.2022], [92.8075, 28.2041], [92.8162, 28.2016], [92.8193, 28.1974], [92.8177, 28.1843], [92.8213, 28.1739], [92.8265, 28.172], [92.8953, 28.2046], [92.9053, 28.2152], [92.9129, 28.235], [92.9229, 28.2426], [92.9417, 28.2486], [92.9555, 28.2583], [92.9645, 28.2618], [92.9745, 28.2596], [92.986, 28.2513], [92.9869, 28.2425], [92.99, 28.2344], [92.9947, 28.2303], [93.0004, 28.2308], [93.0203, 28.2523], [93.0338, 28.2631], [93.0219, 28.2999], [93.0237, 28.3032], [93.0462, 28.3025], [93.072, 28.3093], [93.0871, 28.3062], [93.0954, 28.3071], [93.1121, 28.3155], [93.1248, 28.3268], [93.1365, 28.3249], [93.155, 28.3185], [93.1938, 28.318], [93.2069, 28.3233], [93.219, 28.3337], [93.2227, 28.3411], [93.2193, 28.3615], [93.2223, 28.3779], [93.2315, 28.4007], [93.2259, 28.4083], [93.1904, 28.426], [93.1811, 28.4327], [93.1827, 28.44], [93.2075, 28.4522], [93.2291, 28.478], [93.2353, 28.4827], [93.254, 28.4916], [93.2759, 28.5048], [93.2889, 28.5434], [93.2974, 28.5576], [93.3053, 28.5663], [93.3033, 28.5769], [93.2975, 28.592], [93.2999, 28.5996], [93.3196, 28.607], [93.3276, 28.6083], [93.3323, 28.6337], [93.3369, 28.6402], [93.3509, 28.6389], [93.3897, 28.6495], [93.4118, 28.6529], [93.4298, 28.6623], [93.4457, 28.676], [93.4567, 28.6684], [93.4626, 28.657], [93.4668, 28.6521], [93.4742, 28.6537], [93.4792, 28.675], [93.4836, 28.6801], [93.4911, 28.684], [93.4955, 28.684], [93.5092, 28.6798], [93.5184, 28.6738], [93.5202, 28.6656], [93.5245, 28.6613], [93.5338, 28.6588], [93.5613, 28.6596], [93.607, 28.6559], [93.6201, 28.6577], [93.6389, 28.6619], [93.6694, 28.672], [93.6855, 28.6793], [93.6996, 28.6799], [93.7316, 28.6893], [93.7473, 28.6832], [93.7613, 28.6746], [93.7752, 28.6685], [93.7853, 28.6714], [93.8188, 28.6949], [93.8356, 28.7045], [93.844, 28.7074], [93.8653, 28.7037], [93.9041, 28.6767], [93.9196, 28.6704], [93.9261, 28.6718], [93.9346, 28.6771], [93.957, 28.7047], [93.9656, 28.7232], [93.9651, 28.743], [93.9685, 28.7514], [93.9776, 28.7593], [93.9904, 28.7656], [94.0014, 28.7755], [94.0016, 28.7843], [93.9853, 28.7983], [93.9856, 28.8068], [94.0, 28.8198], [93.9949, 28.8414], [94.0029, 28.847], [94.0148, 28.8512], [94.0301, 28.8535], [94.044, 28.8738], [94.0665, 28.8961], [94.0788, 28.9058], [94.1365, 28.9404], [94.1551, 28.9548], [94.1569, 28.9594], [94.1583, 28.9741], [94.1668, 28.9812], [94.1729, 28.9918], [94.172, 29.0078], [94.1752, 29.0205], [94.185, 29.0391], [94.2147, 29.0841], [94.2331, 29.0963], [94.2577, 29.1168], [94.2776, 29.1354], [94.2877, 29.1481], [94.2976, 29.1506], [94.3075, 29.1509], [94.3502, 29.1502], [94.3569, 29.1526], [94.3637, 29.1572], [94.3676, 29.1663], [94.3723, 29.1902], [94.3768, 29.1945], [94.4139, 29.2127], [94.4312, 29.2268], [94.4945, 29.2167], [94.5331, 29.2187], [94.5579, 29.2289], [94.5674, 29.2408], [94.5721, 29.2506], [94.5739, 29.2752], [94.5778, 29.2808], [94.5838, 29.2827], [94.6054, 29.297], [94.6107, 29.3012], [94.619, 29.3128], [94.6237, 29.3368], [94.6235, 29.3456], [94.6282, 29.3486], [94.6415, 29.3469], [94.666, 29.3318], [94.6772, 29.3278], [94.6946, 29.3139], [94.7111, 29.3043], [94.7366, 29.282], [94.7482, 29.2663], [94.7665, 29.2528], [94.7774, 29.2411], [94.7828, 29.2332], [94.7908, 29.2262], [94.7954, 29.2187], [94.7979, 29.21], [94.7965, 29.1955], [94.7929, 29.1804], [94.7929, 29.1697], [94.798, 29.1646], [94.8095, 29.1667], [94.8466, 29.183], [94.8718, 29.1843], [94.8812, 29.1818], [94.907, 29.1665], [94.9188, 29.1623], [94.9677, 29.1598], [94.971, 29.1562], [94.9951, 29.141], [95.0112, 29.1334], [95.0228, 29.1306], [95.0257, 29.1336], [95.0182, 29.143], [95.0042, 29.1577], [94.992, 29.1658], [94.9867, 29.1735], [94.9975, 29.173], [95.0397, 29.1524], [95.0781, 29.1456], [95.0984, 29.1438], [95.1025, 29.1401], [95.1135, 29.1212], [95.1218, 29.1163], [95.1459, 29.1156], [95.1775, 29.1086], [95.1966, 29.1076], [95.2405, 29.1107], [95.2508, 29.1099], [95.2479, 29.0938], [95.2514, 29.0857], [95.2501, 29.0686], [95.2575, 29.062], [95.2666, 29.0576], [95.2862, 29.0622], [95.3027, 29.0629], [95.3183, 29.0551], [95.3455, 29.0461], [95.3739, 29.0413], [95.3846, 29.038], [95.4101, 29.0341], [95.4215, 29.0412], [95.4294, 29.0413], [95.4387, 29.0372], [95.4474, 29.036], [95.4543, 29.037], [95.4593, 29.0431], [95.4649, 29.0546], [95.474, 29.0659], [95.483, 29.0711], [95.4859, 29.0763], [95.4919, 29.1092], [95.4919, 29.1237], [95.4963, 29.1403], [95.5035, 29.143], [95.5468, 29.1287], [95.5453, 29.1806], [95.5416, 29.197], [95.5372, 29.2082], [95.5377, 29.214], [95.5858, 29.218], [95.5876, 29.2424], [95.593, 29.2542], [95.5987, 29.2619], [95.6051, 29.2625], [95.6312, 29.249], [95.638, 29.2498], [95.6429, 29.256], [95.6832, 29.2773], [95.6923, 29.2865], [95.7019, 29.3004], [95.7152, 29.2983], [95.7271, 29.3025], [95.7435, 29.3162], [95.7454, 29.3291], [95.7776, 29.3564], [95.7831, 29.3564], [95.791, 29.3379], [95.7965, 29.3363], [95.8268, 29.3557], [95.8403, 29.3537], [95.8483, 29.3587], [95.8589, 29.3675], [95.8809, 29.3915], [95.9571, 29.3827], [95.9659, 29.3874], [95.978, 29.4004], [95.9872, 29.4069], [95.9932, 29.4104], [96.0025, 29.4121], [96.0145, 29.4214], [96.0347, 29.443], [96.0556, 29.4584], [96.0695, 29.4623], [96.0805, 29.4633], [96.0872, 29.4616], [96.0928, 29.4564], [96.1132, 29.4275], [96.1239, 29.4176], [96.15, 29.3993], [96.1578, 29.3831], [96.1752, 29.3645], [96.1858, 29.3445], [96.1831, 29.3093], [96.2032, 29.2936], [96.2101, 29.2749], [96.2262, 29.2598], [96.2342, 29.2435], [96.2436, 29.2351], [96.2508, 29.2332], [96.2657, 29.2366], [96.293, 29.2358], [96.3126, 29.2591], [96.3453, 29.2674], [96.3632, 29.2856], [96.369, 29.2863], [96.375, 29.2837], [96.3821, 29.2764], [96.3875, 29.2638], [96.3928, 29.2565], [96.3918, 29.2462], [96.3877, 29.2337], [96.3714, 29.218], [96.363, 29.1984], [96.3585, 29.1816], [96.3464, 29.171], [96.3076, 29.1684], [96.2906, 29.1621], [96.2602, 29.1602], [96.2555, 29.1542], [96.2489, 29.1502], [96.2278, 29.1464], [96.2175, 29.1381], [96.2003, 29.1059], [96.1856, 29.0946], [96.1695, 29.0876], [96.1242, 29.0807], [96.1145, 29.0776], [96.1367, 29.0645], [96.1504, 29.0531], [96.1608, 29.0365], [96.1652, 29.0201], [96.1688, 29.0129], [96.1802, 28.9994], [96.1849, 28.9881], [96.1845, 28.9778], [96.1804, 28.9685], [96.1552, 28.9556], [96.1541, 28.9465], [96.1452, 28.9375], [96.163, 28.9221], [96.1665, 28.9059], [96.1747, 28.9043], [96.186, 28.912], [96.2281, 28.9293], [96.2483, 28.9428], [96.2557, 28.9593], [96.2819, 28.9837], [96.2866, 28.992], [96.2937, 28.9987], [96.3215, 29.0128], [96.3467, 29.0323], [96.3687, 29.035], [96.389, 29.0341], [96.4358, 29.0376], [96.4589, 29.0458], [96.4666, 29.054], [96.4772, 29.0601], [96.5186, 29.0785], [96.5252, 29.0793], [96.4886, 29.0105], [96.4774, 28.994], [96.4875, 28.9653], [96.4932, 28.9623], [96.5008, 28.9637], [96.5134, 28.9703], [96.5188, 28.971], [96.5212, 28.9652], [96.5237, 28.948], [96.5355, 28.93], [96.5387, 28.921], [96.5361, 28.8972], [96.5375, 28.8841], [96.5469, 28.8745], [96.5532, 28.8631], [96.5598, 28.8559], [96.5629, 28.848], [96.5759, 28.8305], [96.5843, 28.8215], [96.5951, 28.8152], [96.6038, 28.8044], [96.6084, 28.7981], [96.616, 28.7786], [96.6155, 28.7648], [96.6136, 28.7598], [96.5859, 28.7216], [96.5723, 28.7147], [96.56, 28.7119], [96.5322, 28.7115], [96.5224, 28.709], [96.508, 28.7011], [96.4984, 28.6926], [96.4906, 28.6885], [96.4727, 28.6882], [96.4705, 28.6846], [96.4839, 28.6653], [96.4952, 28.6438], [96.4941, 28.6382], [96.4729, 28.6225], [96.4444, 28.606], [96.435, 28.597], [96.4281, 28.5871], [96.4225, 28.585], [96.4151, 28.5884], [96.4074, 28.5944], [96.4009, 28.5943], [96.3999, 28.5904], [96.4062, 28.5779], [96.4066, 28.564], [96.4008, 28.5624], [96.3708, 28.5642], [96.3546, 28.5606], [96.3432, 28.5511], [96.3348, 28.5385], [96.3257, 28.534], [96.3243, 28.5303], [96.353, 28.5149], [96.3666, 28.5047], [96.3717, 28.4968], [96.373, 28.487], [96.367, 28.4795], [96.3414, 28.47], [96.3351, 28.4628], [96.3239, 28.455], [96.2745, 28.424], [96.266, 28.417], [96.2638, 28.4134], [96.2674, 28.4102], [96.2878, 28.4087], [96.3046, 28.4047], [96.3153, 28.3884], [96.3199, 28.3862], [96.3709, 28.3943], [96.3748, 28.3873], [96.38, 28.3641], [96.3922, 28.3626], [96.3994, 28.3445], [96.4127, 28.3467], [96.4229, 28.351], [96.427, 28.3634], [96.432, 28.3917], [96.4391, 28.401], [96.4583, 28.4192], [96.48, 28.4246], [96.4967, 28.4236], [96.5103, 28.4183], [96.5201, 28.4233], [96.5339, 28.4346], [96.5511, 28.4422], [96.5595, 28.453], [96.5796, 28.4631], [96.5987, 28.4662], [96.6392, 28.4641], [96.6646, 28.4658], [96.6814, 28.4512], [96.7062, 28.4375], [96.7169, 28.4329], [96.734, 28.4308], [96.7511, 28.4217], [96.7575, 28.4154], [96.7632, 28.4042], [96.7673, 28.3897], [96.7744, 28.3741], [96.7826, 28.3704], [96.7971, 28.3705], [96.8116, 28.3681], [96.8522, 28.3684], [96.8625, 28.3783], [96.894, 28.3861], [96.8987, 28.3859], [96.9103, 28.3714], [96.92, 28.3633], [96.9209, 28.3522], [96.9259, 28.345], [96.9528, 28.34], [96.9741, 28.3237], [96.987, 28.3222], [96.9965, 28.3162], [97.0227, 28.3263], [97.0364, 28.3387], [97.0453, 28.3541], [97.0518, 28.3581], [97.0661, 28.3595], [97.0926, 28.3697], [97.1128, 28.3589], [97.1259, 28.3562], [97.1298, 28.3514], [97.152, 28.334], [97.1588, 28.3269], [97.1694, 28.3023], [97.1739, 28.2991], [97.1926, 28.2944], [97.2242, 28.2999], [97.2342, 28.2808], [97.2412, 28.2751], [97.2681, 28.2783], [97.2821, 28.2763], [97.3063, 28.264], [97.3077, 28.2581], [97.313, 28.2518], [97.3274, 28.2508], [97.3338, 28.2478], [97.3514, 28.2343], [97.365, 28.2316], [97.3747, 28.2256], [97.4006, 28.2005], [97.4004, 28.1935], [97.3922, 28.1912], [97.372, 28.2004], [97.3636, 28.1965], [97.3592, 28.1884], [97.3308, 28.163], [97.3247, 28.1482], [97.3267, 28.1416], [97.34, 28.1245], [97.339, 28.1195], [97.3102, 28.0933], [97.3077, 28.0771], [97.3118, 28.07], [97.3189, 28.0671], [97.3317, 28.0654], [97.366, 28.0681], [97.3735, 28.0702], [97.374, 28.0626], [97.368, 28.0524], [97.3771, 28.0391], [97.3822, 28.0402], [97.3986, 28.0341], [97.4152, 28.0241], [97.4116, 28.0151], [97.3912, 28.0119], [97.3828, 27.9925], [97.3781, 27.9862], [97.3785, 27.9632], [97.3756, 27.9444], [97.3877, 27.9307], [97.3877, 27.9266], [97.3786, 27.918], [97.3798, 27.9126], [97.3876, 27.9037], [97.389, 27.8964], [97.3785, 27.8931], [97.3714, 27.8869], [97.3648, 27.8851], [97.3435, 27.8941], [97.3212, 27.8895], [97.3239, 27.9119], [97.3222, 27.9162], [97.3147, 27.9252], [97.3087, 27.93], [97.2565, 27.9095], [97.2472, 27.9039], [97.2368, 27.8899], [97.2026, 27.8644], [97.1895, 27.8505], [97.187, 27.8459], [97.1818, 27.8418], [97.1678, 27.8363], [97.1687, 27.8309], [97.1603, 27.8226], [97.1374, 27.8151], [97.1339, 27.8065], [97.1243, 27.7985], [97.1025, 27.7934], [97.0984, 27.7886], [97.1048, 27.7752], [97.0964, 27.7499], [97.0914, 27.7485], [97.0675, 27.7597], [97.062, 27.7575], [97.0566, 27.752], [97.0481, 27.7493], [97.0466, 27.7497], [97.0422, 27.7675], [97.0425, 27.7964], [97.0417, 27.8044], [97.0378, 27.8133], [97.0289, 27.8175], [97.0258, 27.8047], [97.0211, 27.8008], [97.0164, 27.8028], [97.0097, 27.8117], [96.9853, 27.82], [96.9761, 27.8281], [96.9661, 27.8592], [96.9614, 27.8636], [96.9039, 27.8853], [96.8944, 27.8911], [96.8939, 27.8942], [96.8814, 27.8906], [96.8658, 27.8894], [96.8475, 27.8931], [96.8433, 27.8964], [96.8375, 27.8981], [96.8219, 27.8969], [96.8161, 27.8986], [96.8091, 27.9067], [96.7989, 27.9261], [96.7905, 27.9325], [96.7672, 27.9386], [96.7461, 27.9544], [96.7353, 27.9589], [96.7242, 27.9622], [96.6978, 27.9653], [96.6808, 27.9703], [96.6708, 27.9753], [96.6617, 27.9808], [96.6414, 27.9975], [96.6303, 28.0164], [96.6225, 28.0233], [96.615, 28.0383], [96.6086, 28.0469], [96.5908, 28.0514], [96.5653, 28.0711], [96.5433, 28.0711], [96.5383, 28.0733], [96.5305, 28.0806], [96.5247, 28.0822], [96.5028, 28.1086], [96.4368, 28.1682], [96.4228, 28.1706], [96.418, 28.1675], [96.4014, 28.1403], [96.3925, 28.1319], [96.3814, 28.1272], [96.3678, 28.1269], [96.3181, 28.1408], [96.2978, 28.1525], [96.2758, 28.2155], [96.2655, 28.2305], [96.2463, 28.2433], [96.2396, 28.2449], [96.232, 28.2439], [96.21, 28.2314], [96.1923, 28.2118], [96.1855, 28.2091], [96.1764, 28.2018], [96.1703, 28.1923], [96.1667, 28.1893], [96.1557, 28.1858], [96.1457, 28.1804], [96.1438, 28.1751], [96.1194, 28.183], [96.1162, 28.1876], [96.1063, 28.1947], [96.0991, 28.1968], [96.088, 28.196], [96.0845, 28.1944], [96.0619, 28.2019], [96.0534, 28.2022], [96.0508, 28.1986], [96.0511, 28.19], [96.0441, 28.1872], [96.0317, 28.1844], [96.0169, 28.1836], [96.0028, 28.1867], [95.9717, 28.2016], [95.9748, 28.2057], [95.9117, 28.2389], [95.8944, 28.2883], [95.8758, 28.2917], [95.5613, 28.195], [95.3255, 28.0994], [95.2697, 27.9375], [95.188, 27.9033], [95.0855, 27.8503], [94.9232, 27.7546], [94.8839, 27.7421], [94.8609, 27.7395], [94.866, 27.7362], [94.8536, 27.7316], [94.8488, 27.7107], [94.8394, 27.7035], [94.8213, 27.6962], [94.8002, 27.6971], [94.7976, 27.6989], [94.7953, 27.6981], [94.791, 27.6889], [94.7765, 27.6834], [94.7722, 27.684], [94.7669, 27.6801], [94.7596, 27.6684], [94.7559, 27.6665], [94.7427, 27.6634], [94.7277, 27.6679], [94.7255, 27.6703], [94.7207, 27.67], [94.7166, 27.6616], [94.7131, 27.6603], [94.6981, 27.6671], [94.6894, 27.6672], [94.6839, 27.6633], [94.687, 27.6533], [94.6825, 27.6496], [94.6691, 27.6503], [94.6484, 27.6421], [94.6398, 27.631], [94.6345, 27.6288], [94.6307, 27.6283], [94.625, 27.6301], [94.6094, 27.6226], [94.5958, 27.6215], [94.5915, 27.6228], [94.5819, 27.6167], [94.5735, 27.607], [94.5639, 27.607], [94.5561, 27.6032], [94.5464, 27.6035], [94.5366, 27.597], [94.5263, 27.5958], [94.5157, 27.5847], [94.5094, 27.5841], [94.5002, 27.5773], [94.491, 27.5755], [94.4792, 27.577], [94.4693, 27.564], [94.4597, 27.5577], [94.4535, 27.5709], [94.4361, 27.5844], [94.4306, 27.5965], [94.431, 27.6031], [94.4209, 27.6013], [94.4032, 27.5872], [94.3876, 27.5893], [94.3844, 27.5865], [94.3758, 27.5846], [94.3723, 27.5793], [94.3675, 27.5767], [94.3622, 27.5802], [94.3557, 27.5774], [94.3488, 27.5795], [94.3451, 27.5846], [94.3406, 27.5834], [94.3381, 27.581], [94.3291, 27.5884], [94.3237, 27.5872], [94.3197, 27.5901], [94.3124, 27.5897], [94.3084, 27.5956], [94.3016, 27.5999], [94.298, 27.6043], [94.2929, 27.6004], [94.2877, 27.5918], [94.276, 27.5933], [94.2725, 27.6035], [94.2541, 27.6137], [94.2571, 27.6191], [94.2672, 27.6279], [94.2667, 27.6326], [94.2628, 27.636], [94.256, 27.6366], [94.2522, 27.6409], [94.2473, 27.6358], [94.2351, 27.6325], [94.226, 27.618], [94.2174, 27.609], [94.2111, 27.6108], [94.2135, 27.6044], [94.2229, 27.6007], [94.2251, 27.5985], [94.2253, 27.5952], [94.2214, 27.5879], [94.2255, 27.5811], [94.2265, 27.5756], [94.2341, 27.5715], [94.2406, 27.5704], [94.2565, 27.5574], [94.2569, 27.5405], [94.2625, 27.5274], [94.2591, 27.5226], [94.2217, 27.507], [94.2154, 27.5031], [94.2123, 27.4979], [94.1912, 27.4963]]]]}}, {"type": "Feature", "properties": {"state": "Assam", "code": "IN.AS", "country": "India", "region": "Northeast India"}, "geometry": {"type": "MultiPolygon", "coordinates": [[[[92.7545, 24.5011], [92.7436, 24.4746], [92.7305, 24.4528], [92.7238, 24.4359], [92.7181, 24.4162], [92.7141, 24.413], [92.7142, 24.4053], [92.7074, 24.3924], [92.7075, 24.387], [92.7034, 24.3838], [92.7041, 24.3762], [92.6969, 24.374], [92.6933, 24.3678], [92.6942, 24.365], [92.6918, 24.3622], [92.6907, 24.3548], [92.684, 24.3499], [92.6838, 24.3475], [92.6748, 24.3498], [92.667, 24.3456], [92.6653, 24.3452], [92.6641, 24.3467], [92.6622, 24.3434], [92.6607, 24.3451], [92.6575, 24.3435], [92.6565, 24.3391], [92.6524, 24.3353], [92.6518, 24.3303], [92.6494, 24.3308], [92.649, 24.3288], [92.6452, 24.3318], [92.645, 24.3277], [92.641, 24.3287], [92.6393, 24.3318], [92.6367, 24.3327], [92.6377, 24.3355], [92.6306, 24.3334], [92.6262, 24.3345], [92.6243, 24.3327], [92.6231, 24.3203], [92.618, 24.3044], [92.6168, 24.2912], [92.6194, 24.2868], [92.619, 24.2813], [92.6158, 24.2705], [92.6155, 24.2636], [92.6116, 24.2533], [92.606, 24.2492], [92.596, 24.2493], [92.588, 24.2449], [92.5646, 24.2501], [92.5506, 24.2459], [92.5471, 24.2377], [92.5474, 24.2244], [92.5422, 24.2142], [92.5415, 24.2062], [92.5364, 24.1999], [92.5378, 24.1965], [92.5315, 24.1835], [92.5335, 24.1808], [92.5315, 24.1774], [92.5297, 24.1748], [92.5254, 24.1729], [92.5218, 24.1729], [92.5176, 24.1762], [92.5151, 24.1755], [92.5136, 24.1736], [92.5148, 24.1702], [92.5086, 24.1692], [92.5128, 24.1626], [92.5095, 24.1629], [92.5049, 24.1673], [92.5001, 24.1605], [92.4948, 24.1599], [92.4859, 24.1622], [92.484, 24.1581], [92.4812, 24.1571], [92.4836, 24.1539], [92.4829, 24.1527], [92.4807, 24.1523], [92.4806, 24.1501], [92.4788, 24.1487], [92.4815, 24.1429], [92.4809, 24.1413], [92.4748, 24.1429], [92.4734, 24.14], [92.4686, 24.138], [92.466, 24.1348], [92.4572, 24.1435], [92.4506, 24.1437], [92.4439, 24.1531], [92.4388, 24.1513], [92.4366, 24.1524], [92.4352, 24.1626], [92.4381, 24.1691], [92.4345, 24.1741], [92.4342, 24.1814], [92.4332, 24.1833], [92.4221, 24.1885], [92.419, 24.1944], [92.4197, 24.2025], [92.4182, 24.2109], [92.4202, 24.2179], [92.4185, 24.2216], [92.4224, 24.2531], [92.3765, 24.2513], [92.3141, 24.2526], [92.3105, 24.2513], [92.3035, 24.2527], [92.2129, 24.2493], [92.2641, 24.3621], [92.2681, 24.3673], [92.2677, 24.3733], [92.2723, 24.3777], [92.2699, 24.3822], [92.2731, 24.3885], [92.2705, 24.3909], [92.2699, 24.3949], [92.2643, 24.3977], [92.2627, 24.4098], [92.256, 24.419], [92.2575, 24.4325], [92.2565, 24.4363], [92.2361, 24.4503], [92.2351, 24.4564], [92.2311, 24.4605], [92.2289, 24.4721], [92.2303, 24.48], [92.2395, 24.4899], [92.231, 24.5041], [92.2309, 24.4997], [92.2215, 24.5015], [92.2203, 24.5063], [92.2157, 24.5077], [92.2199, 24.5164], [92.2236, 24.5174], [92.231, 24.531], [92.2323, 24.5711], [92.2346, 24.5754], [92.2331, 24.5793], [92.2361, 24.5959], [92.2353, 24.5976], [92.2436, 24.6161], [92.2434, 24.6256], [92.2489, 24.641], [92.2498, 24.6492], [92.247, 24.6549], [92.2486, 24.6586], [92.2515, 24.6601], [92.257, 24.6736], [92.2544, 24.6753], [92.2543, 24.6782], [92.2583, 24.6796], [92.2596, 24.6874], [92.2677, 24.6945], [92.2761, 24.7076], [92.2749, 24.7082], [92.277, 24.7117], [92.2871, 24.7227], [92.2959, 24.7366], [92.2812, 24.7425], [92.2818, 24.7436], [92.279, 24.7457], [92.2889, 24.7612], [92.2802, 24.7663], [92.283, 24.7709], [92.2817, 24.7755], [92.2846, 24.7747], [92.2878, 24.7793], [92.2888, 24.7846], [92.2873, 24.7875], [92.2884, 24.7883], [92.281, 24.7907], [92.2788, 24.7975], [92.273, 24.8003], [92.2752, 24.8038], [92.2742, 24.8067], [92.2761, 24.81], [92.2762, 24.8121], [92.2738, 24.8142], [92.2762, 24.8156], [92.2727, 24.8215], [92.273, 24.8276], [92.2692, 24.83], [92.2529, 24.8323], [92.2522, 24.8306], [92.249, 24.8299], [92.2483, 24.8324], [92.2516, 24.8343], [92.2503, 24.8358], [92.2549, 24.8386], [92.2424, 24.8406], [92.2414, 24.8421], [92.2397, 24.8578], [92.2358, 24.8591], [92.2348, 24.8615], [92.2379, 24.8681], [92.2403, 24.8682], [92.2421, 24.8725], [92.2468, 24.8729], [92.248, 24.8856], [92.2471, 24.8877], [92.2393, 24.8902], [92.2394, 24.892], [92.2365, 24.8921], [92.236, 24.8993], [92.2321, 24.9004], [92.2326, 24.9021], [92.2428, 24.9067], [92.2452, 24.9102], [92.2551, 24.9139], [92.2576, 24.9073], [92.2679, 24.9062], [92.2709, 24.9113], [92.2799, 24.9099], [92.2823, 24.9061], [92.2879, 24.9127], [92.296, 24.9162], [92.3007, 24.9157], [92.3053, 24.913], [92.3086, 24.9083], [92.3145, 24.9076], [92.3152, 24.9038], [92.3201, 24.9004], [92.3197, 24.8958], [92.3237, 24.8971], [92.3264, 24.896], [92.3282, 24.8898], [92.3397, 24.8783], [92.3423, 24.8784], [92.3447, 24.8808], [92.3447, 24.8919], [92.3458, 24.8937], [92.3487, 24.8923], [92.3555, 24.8805], [92.3621, 24.8826], [92.3655, 24.8817], [92.3694, 24.8742], [92.3754, 24.8745], [92.3782, 24.868], [92.3846, 24.8671], [92.3893, 24.861], [92.3854, 24.8572], [92.387, 24.8527], [92.3923, 24.8512], [92.3951, 24.8554], [92.4028, 24.8549], [92.4057, 24.8596], [92.4143, 24.8594], [92.4165, 24.8628], [92.4259, 24.8601], [92.4252, 24.8541], [92.4338, 24.8565], [92.4332, 24.8595], [92.4411, 24.8637], [92.441, 24.8692], [92.4452, 24.8731], [92.4596, 24.8746], [92.4595, 24.8757], [92.4762, 24.8683], [92.4799, 24.8728], [92.4878, 24.8714], [92.4919, 24.878], [92.4911, 24.8916], [92.4968, 24.9022], [92.4928, 24.9062], [92.4945, 24.916], [92.4875, 24.9208], [92.4839, 24.9286], [92.4876, 24.9467], [92.4834, 24.9473], [92.4792, 24.9426], [92.4489, 24.9391], [92.4482, 24.9473], [92.4513, 24.9521], [92.455, 24.9547], [92.4633, 24.9559], [92.4647, 24.9548], [92.4737, 24.9571], [92.471, 24.9641], [92.4605, 24.9762], [92.4494, 24.9721], [92.4459, 24.967], [92.4352, 24.9664], [92.4285, 24.9726], [92.4295, 24.9799], [92.4245, 24.9826], [92.4236, 24.9961], [92.4295, 25.0097], [92.4333, 25.0281], [92.4328, 25.031], [92.4306, 25.0323], [92.4259, 25.0318], [92.4379, 25.0338], [92.4418, 25.0399], [92.4465, 25.042], [92.451, 25.041], [92.4568, 25.035], [92.4633, 25.0371], [92.4647, 25.0472], [92.4629, 25.0501], [92.4602, 25.0496], [92.4598, 25.0547], [92.466, 25.0572], [92.4709, 25.0669], [92.4746, 25.0708], [92.4802, 25.0858], [92.4803, 25.1004], [92.4843, 25.1081], [92.4991, 25.1081], [92.5098, 25.1055], [92.5265, 25.1059], [92.532, 25.104], [92.538, 25.0993], [92.5429, 25.0996], [92.5408, 25.1041], [92.5331, 25.1121], [92.5302, 25.1219], [92.5252, 25.1256], [92.5247, 25.14], [92.5275, 25.1399], [92.5302, 25.1368], [92.5356, 25.1344], [92.5399, 25.1373], [92.5532, 25.1307], [92.5578, 25.13], [92.5817, 25.1319], [92.5944, 25.1283], [92.5984, 25.1247], [92.61, 25.1241], [92.6216, 25.1177], [92.6247, 25.1187], [92.63, 25.125], [92.6324, 25.1376], [92.6441, 25.1512], [92.6557, 25.1541], [92.6608, 25.1623], [92.663, 25.173], [92.6669, 25.1771], [92.6722, 25.1782], [92.6794, 25.1831], [92.6939, 25.1814], [92.7046, 25.1905], [92.7162, 25.1942], [92.7333, 25.2032], [92.742, 25.2031], [92.7471, 25.2078], [92.7589, 25.204], [92.7676, 25.2048], [92.7796, 25.2031], [92.7929, 25.2124], [92.7984, 25.2134], [92.8044, 25.2193], [92.8031, 25.2215], [92.7863, 25.2314], [92.7722, 25.2333], [92.7703, 25.2402], [92.7646, 25.2493], [92.7767, 25.2605], [92.7762, 25.2629], [92.7698, 25.2689], [92.7891, 25.2785], [92.7922, 25.2852], [92.7838, 25.308], [92.788, 25.3176], [92.7844, 25.3325], [92.7725, 25.3396], [92.7606, 25.3353], [92.7588, 25.3399], [92.7512, 25.3485], [92.7482, 25.3581], [92.7401, 25.3646], [92.7406, 25.3668], [92.7361, 25.3738], [92.7371, 25.3813], [92.7348, 25.3825], [92.7254, 25.3804], [92.7214, 25.3755], [92.7181, 25.375], [92.7129, 25.3845], [92.7004, 25.3878], [92.6935, 25.4], [92.68, 25.4086], [92.6738, 25.4171], [92.667, 25.4141], [92.6637, 25.4094], [92.6601, 25.4104], [92.6537, 25.4239], [92.6543, 25.4353], [92.6416, 25.4195], [92.6396, 25.4196], [92.6379, 25.4227], [92.6379, 25.4288], [92.6293, 25.4346], [92.6286, 25.425], [92.6206, 25.4237], [92.6148, 25.4174], [92.6091, 25.4166], [92.607, 25.4185], [92.6078, 25.4304], [92.6053, 25.4419], [92.6056, 25.4484], [92.6002, 25.4539], [92.6014, 25.4641], [92.5982, 25.4717], [92.5854, 25.4676], [92.5823, 25.4729], [92.5715, 25.4641], [92.5674, 25.4675], [92.5666, 25.4751], [92.5678, 25.4808], [92.5756, 25.4904], [92.5936, 25.5031], [92.6056, 25.5081], [92.6096, 25.5126], [92.6216, 25.5158], [92.6276, 25.5222], [92.6376, 25.5285], [92.6447, 25.5374], [92.645, 25.5466], [92.6499, 25.56], [92.6574, 25.5634], [92.6607, 25.5703], [92.6605, 25.5851], [92.6535, 25.5922], [92.6483, 25.5924], [92.6406, 25.5874], [92.6289, 25.5695], [92.6087, 25.5657], [92.6035, 25.5611], [92.6026, 25.5574], [92.5875, 25.553], [92.5814, 25.5598], [92.5725, 25.5604], [92.561, 25.5743], [92.5609, 25.5827], [92.5563, 25.5928], [92.5562, 25.6059], [92.5586, 25.609], [92.5576, 25.612], [92.5532, 25.6138], [92.5445, 25.6143], [92.5404, 25.6178], [92.5332, 25.6159], [92.5173, 25.6201], [92.5106, 25.6172], [92.5017, 25.6229], [92.4979, 25.627], [92.4933, 25.6361], [92.4813, 25.6639], [92.4747, 25.6733], [92.4715, 25.6749], [92.4654, 25.6825], [92.44, 25.6892], [92.4405, 25.6881], [92.4343, 25.6875], [92.4321, 25.691], [92.4333, 25.6952], [92.4315, 25.7043], [92.4272, 25.7104], [92.4296, 25.7133], [92.4364, 25.7156], [92.442, 25.7209], [92.4332, 25.7315], [92.417, 25.7297], [92.4128, 25.733], [92.4125, 25.7374], [92.4164, 25.7405], [92.4107, 25.7431], [92.4048, 25.7437], [92.3948, 25.7415], [92.387, 25.7431], [92.3835, 25.7474], [92.3869, 25.7525], [92.3851, 25.7536], [92.3715, 25.7465], [92.3675, 25.7424], [92.3683, 25.7404], [92.363, 25.7365], [92.3518, 25.7349], [92.339, 25.7269], [92.3335, 25.7252], [92.3177, 25.7238], [92.3083, 25.7262], [92.3061, 25.7231], [92.2936, 25.7173], [92.2846, 25.7159], [92.2705, 25.7109], [92.248, 25.711], [92.2368, 25.7084], [92.2338, 25.7101], [92.2326, 25.7151], [92.229, 25.7162], [92.2249, 25.714], [92.2106, 25.6959], [92.2001, 25.6873], [92.192, 25.6863], [92.1848, 25.6811], [92.171, 25.6669], [92.1607, 25.6719], [92.1655, 25.6784], [92.1644, 25.6849], [92.1604, 25.6909], [92.1615, 25.696], [92.1576, 25.701], [92.1559, 25.7091], [92.1511, 25.7118], [92.1496, 25.7145], [92.1537, 25.7227], [92.1642, 25.7287], [92.1655, 25.7344], [92.1648, 25.7448], [92.156, 25.7645], [92.1541, 25.7729], [92.1552, 25.7786], [92.151, 25.7836], [92.1537, 25.7955], [92.1531, 25.8127], [92.1557, 25.8166], [92.1631, 25.8218], [92.1655, 25.833], [92.1714, 25.8377], [92.1752, 25.8465], [92.181, 25.8514], [92.1799, 25.8702], [92.195, 25.8813], [92.2033, 25.8901], [92.2156, 25.8938], [92.2182, 25.9002], [92.225, 25.9016], [92.2255, 25.907], [92.2226, 25.9113], [92.2175, 25.9099], [92.2075, 25.9105], [92.2006, 25.9082], [92.1977, 25.9113], [92.1972, 25.918], [92.192, 25.9158], [92.1867, 25.9158], [92.1809, 25.9086], [92.1637, 25.9118], [92.1599, 25.9152], [92.1614, 25.9325], [92.1575, 25.9393], [92.1563, 25.9448], [92.1608, 25.9515], [92.1653, 25.954], [92.1673, 25.9588], [92.1656, 25.9644], [92.1674, 25.9677], [92.1731, 25.9722], [92.181, 25.9752], [92.1916, 25.9852], [92.2009, 25.9856], [92.2074, 25.9882], [92.2091, 25.9897], [92.2077, 25.9917], [92.2152, 25.9963], [92.2192, 26.0008], [92.2217, 25.9986], [92.2214, 26.0023], [92.2557, 26.0289], [92.3016, 26.0765], [92.296, 26.0789], [92.29, 26.0738], [92.2881, 26.07], [92.2807, 26.0692], [92.2737, 26.065], [92.2686, 26.0679], [92.2657, 26.0654], [92.2412, 26.0625], [92.2283, 26.0676], [92.212, 26.071], [92.2088, 26.0707], [92.2083, 26.0686], [92.2018, 26.07], [92.1894, 26.0669], [92.1883, 26.0689], [92.1823, 26.0703], [92.1804, 26.0685], [92.1789, 26.0692], [92.1809, 26.0762], [92.1783, 26.0795], [92.1691, 26.0776], [92.1547, 26.0681], [92.1505, 26.0649], [92.1462, 26.0586], [92.1382, 26.0528], [92.1331, 26.0459], [92.1234, 26.0449], [92.1089, 26.0497], [92.0934, 26.0485], [92.0632, 26.0347], [92.0529, 26.0328], [92.0396, 26.0362], [92.0348, 26.0397], [92.0239, 26.0384], [92.0082, 26.0394], [92.0034, 26.038], [91.9911, 26.041], [91.9874, 26.0387], [91.9842, 26.0305], [91.9782, 26.0259], [91.9524, 26.0178], [91.9463, 26.0145], [91.934, 26.0147], [91.9258, 25.9997], [91.9221, 25.9995], [91.9196, 26.0001], [91.9187, 26.0072], [91.9157, 26.0103], [91.917, 26.0215], [91.9075, 26.0271], [91.9009, 26.0263], [91.892, 26.0296], [91.8832, 26.03], [91.8702, 26.0522], [91.8693, 26.0569], [91.8752, 26.0846], [91.8758, 26.0977], [91.8538, 26.1048], [91.8266, 26.1181], [91.8193, 26.1187], [91.8108, 26.1052], [91.8081, 26.1038], [91.8018, 26.1049], [91.7904, 26.087], [91.7846, 26.0866], [91.7804, 26.0883], [91.7785, 26.0912], [91.7595, 26.0713], [91.7313, 26.0592], [91.7346, 26.0566], [91.733, 26.051], [91.7264, 26.0469], [91.7232, 26.0303], [91.7247, 26.0273], [91.7212, 26.0018], [91.7198, 25.9783], [91.7216, 25.9651], [91.7202, 25.9541], [91.7139, 25.9472], [91.7009, 25.9419], [91.702, 25.9379], [91.6923, 25.9291], [91.6864, 25.9212], [91.6786, 25.9173], [91.676, 25.9118], [91.6693, 25.9054], [91.6672, 25.9082], [91.6619, 25.9099], [91.6515, 25.9077], [91.6479, 25.9137], [91.6328, 25.9258], [91.6228, 25.931], [91.6112, 25.9399], [91.6109, 25.9446], [91.6246, 25.946], [91.6301, 25.9446], [91.6341, 25.9605], [91.6379, 25.9648], [91.628, 25.977], [91.6247, 25.9859], [91.6287, 25.9951], [91.6267, 25.9977], [91.6304, 25.9998], [91.633, 26.0049], [91.6321, 26.014], [91.6334, 26.0179], [91.6322, 26.0224], [91.6203, 26.027], [91.6165, 26.0247], [91.5968, 26.0208], [91.5971, 26.0171], [91.5881, 26.0301], [91.5758, 26.0331], [91.57, 26.0275], [91.5686, 26.0119], [91.5651, 26.0075], [91.5661, 26.0038], [91.5548, 25.9866], [91.5513, 25.9749], [91.5489, 25.9751], [91.5373, 25.9684], [91.5372, 25.9621], [91.5258, 25.9613], [91.5185, 25.9582], [91.5198, 25.9409], [91.5016, 25.9208], [91.5033, 25.9143], [91.5056, 25.9131], [91.5108, 25.9154], [91.5217, 25.9249], [91.5359, 25.934], [91.5313, 25.9237], [91.5085, 25.9098], [91.5012, 25.8985], [91.5033, 25.8922], [91.4986, 25.8925], [91.4929, 25.8956], [91.4885, 25.8948], [91.4834, 25.8911], [91.4787, 25.8847], [91.4748, 25.8712], [91.4774, 25.8687], [91.4937, 25.8655], [91.4983, 25.8672], [91.5078, 25.8674], [91.5173, 25.8747], [91.5222, 25.8859], [91.5258, 25.8901], [91.5297, 25.8897], [91.5321, 25.8882], [91.5326, 25.8841], [91.5289, 25.8809], [91.5254, 25.8729], [91.5218, 25.8743], [91.5128, 25.8666], [91.5079, 25.8648], [91.496, 25.8623], [91.483, 25.8629], [91.4784, 25.8577], [91.4687, 25.859], [91.455, 25.8513], [91.4474, 25.8457], [91.4444, 25.841], [91.4308, 25.8478], [91.4243, 25.8536], [91.4189, 25.8547], [91.4127, 25.8539], [91.4051, 25.8499], [91.4012, 25.8511], [91.3705, 25.8443], [91.3637, 25.8405], [91.3569, 25.8415], [91.3533, 25.8377], [91.3486, 25.8404], [91.3444, 25.8394], [91.3425, 25.8361], [91.3336, 25.8388], [91.3324, 25.8321], [91.325, 25.8238], [91.3063, 25.7964], [91.2969, 25.7782], [91.2873, 25.7641], [91.2796, 25.7567], [91.2765, 25.7517], [91.2756, 25.7469], [91.2623, 25.7493], [91.2554, 25.7478], [91.2239, 25.7234], [91.2214, 25.726], [91.2159, 25.7239], [91.198, 25.731], [91.192, 25.7296], [91.1923, 25.7361], [91.1887, 25.7389], [91.1892, 25.7635], [91.1857, 25.7669], [91.1859, 25.7699], [91.1812, 25.7733], [91.1799, 25.7763], [91.184, 25.7826], [91.1847, 25.795], [91.191, 25.8107], [91.1882, 25.8156], [91.1899, 25.8208], [91.1943, 25.8264], [91.1945, 25.8306], [91.2026, 25.8405], [91.1987, 25.8476], [91.1965, 25.859], [91.179, 25.8428], [91.1682, 25.8456], [91.1617, 25.8493], [91.1529, 25.8501], [91.1454, 25.8473], [91.1379, 25.8421], [91.1317, 25.8419], [91.1263, 25.8382], [91.1208, 25.8313], [91.0814, 25.8293], [91.0665, 25.8258], [91.0633, 25.8204], [91.0499, 25.8289], [91.0572, 25.832], [91.0618, 25.8361], [91.0729, 25.8383], [91.073, 25.8425], [91.0785, 25.8526], [91.0659, 25.8464], [91.0491, 25.8488], [91.042, 25.8394], [91.0249, 25.8276], [91.0208, 25.8226], [91.0061, 25.8208], [91.0008, 25.8223], [91.0127, 25.8488], [91.0131, 25.8572], [91.0218, 25.8613], [91.0265, 25.8666], [91.0292, 25.888], [91.0206, 25.8873], [91.0137, 25.8843], [91.0013, 25.8865], [90.9969, 25.8887], [90.9848, 25.8899], [90.9675, 25.8872], [90.9669, 25.9053], [90.9606, 25.9277], [90.9579, 25.9339], [90.9456, 25.9391], [90.9427, 25.9476], [90.9321, 25.9397], [90.9159, 25.9432], [90.9163, 25.9281], [90.9191, 25.9133], [90.9012, 25.9296], [90.8954, 25.9315], [90.8965, 25.9375], [90.8924, 25.9391], [90.883, 25.9517], [90.8802, 25.9463], [90.8752, 25.9491], [90.8724, 25.9467], [90.8729, 25.9429], [90.8432, 25.9448], [90.841, 25.9432], [90.8398, 25.9384], [90.8368, 25.9382], [90.8362, 25.9473], [90.8323, 25.9453], [90.828, 25.9474], [90.8239, 25.9451], [90.8204, 25.9484], [90.8099, 25.9522], [90.8087, 25.9472], [90.7971, 25.9415], [90.7917, 25.9357], [90.7817, 25.9212], [90.7785, 25.9143], [90.7781, 25.9083], [90.7691, 25.9085], [90.7577, 25.9111], [90.7589, 25.9216], [90.7501, 25.9192], [90.7454, 25.9123], [90.7423, 25.913], [90.7405, 25.9152], [90.7462, 25.9219], [90.7526, 25.934], [90.7441, 25.9328], [90.7403, 25.9409], [90.7447, 25.9465], [90.7438, 25.9494], [90.7474, 25.9573], [90.7323, 25.9526], [90.7254, 25.9488], [90.7207, 25.9492], [90.7177, 25.9547], [90.7131, 25.9522], [90.686, 25.9508], [90.6757, 25.9365], [90.6378, 25.9233], [90.6273, 25.917], [90.6269, 25.9113], [90.6289, 25.9065], [90.6248, 25.8989], [90.6142, 25.8995], [90.6107, 25.9074], [90.6081, 25.908], [90.6065, 25.9123], [90.6076, 25.9196], [90.629, 25.9374], [90.6054, 25.947], [90.6019, 25.9518], [90.5919, 25.9521], [90.5873, 25.9539], [90.5825, 25.9598], [90.5788, 25.958], [90.5728, 25.9482], [90.5714, 25.939], [90.5534, 25.9291], [90.5468, 25.9199], [90.5392, 25.9155], [90.5255, 25.901], [90.518, 25.8965], [90.5125, 25.8962], [90.5111, 25.9001], [90.5185, 25.9094], [90.5262, 25.9283], [90.5322, 25.9326], [90.5338, 25.9363], [90.5345, 25.958], [90.5298, 25.9619], [90.5136, 25.9824], [90.5057, 25.996], [90.4896, 26.0096], [90.4773, 26.0153], [90.4709, 26.0126], [90.4591, 26.0032], [90.4575, 25.9996], [90.4286, 25.989], [90.4174, 25.9923], [90.4165, 25.9969], [90.411, 26.0059], [90.4002, 26.0093], [90.3965, 26.0142], [90.3874, 26.0113], [90.365, 26.0103], [90.3467, 26.003], [90.3393, 25.9969], [90.3369, 25.9902], [90.3299, 25.9885], [90.3291, 25.9827], [90.3243, 25.9744], [90.2866, 25.9639], [90.2274, 25.9551], [90.2128, 25.9539], [90.2084, 25.9616], [90.194, 25.957], [90.1895, 25.9532], [90.1857, 25.9456], [90.1825, 25.9445], [90.1761, 25.9571], [90.1727, 25.9587], [90.1685, 25.9574], [90.1584, 25.9583], [90.1545, 25.9602], [90.1534, 25.9647], [90.1474, 25.9645], [90.14, 25.9581], [90.1284, 25.9588], [90.1232, 25.9572], [90.12, 25.9577], [90.1187, 25.9613], [90.1079, 25.9506], [90.1054, 25.9419], [90.1005, 25.9421], [90.0991, 25.9393], [90.0961, 25.9395], [90.088, 25.9362], [90.0919, 25.9288], [90.0807, 25.9245], [90.078, 25.9177], [90.0724, 25.9193], [90.0676, 25.9162], [90.0633, 25.9155], [90.0551, 25.9081], [90.0522, 25.8987], [90.0421, 25.8908], [90.0279, 25.8943], [90.0213, 25.8932], [90.0047, 25.8787], [90.0144, 25.8718], [90.0187, 25.8714], [90.0219, 25.8655], [90.0208, 25.8616], [90.0083, 25.8468], [90.0003, 25.8486], [89.9976, 25.8467], [89.9974, 25.8442], [90.0016, 25.8422], [89.9908, 25.8355], [89.9759, 25.834], [89.9735, 25.8281], [89.968, 25.8262], [89.9589, 25.8266], [89.9446, 25.8245], [89.9456, 25.8161], [89.9494, 25.8144], [89.952, 25.8109], [89.9508, 25.792], [89.9526, 25.7834], [89.955, 25.7816], [89.9552, 25.7745], [89.9435, 25.7605], [89.9337, 25.7525], [89.9346, 25.7475], [89.9335, 25.7446], [89.9219, 25.7392], [89.9161, 25.7392], [89.9114, 25.7416], [89.8954, 25.7441], [89.8926, 25.735], [89.8942, 25.7272], [89.9143, 25.704], [89.9185, 25.7027], [89.9211, 25.6944], [89.937, 25.6866], [89.9417, 25.6781], [89.9418, 25.6737], [89.947, 25.6588], [89.9804, 25.6376], [89.9833, 25.6267], [89.9993, 25.6219], [90.0014, 25.6244], [90.0045, 25.6238], [90.0184, 25.6084], [90.0173, 25.6022], [90.0111, 25.5984], [90.0021, 25.5842], [89.9792, 25.5907], [89.9751, 25.5835], [89.9728, 25.5746], [89.9665, 25.5717], [89.9416, 25.5676], [89.9358, 25.5627], [89.9261, 25.5635], [89.8864, 25.5579], [89.8776, 25.5489], [89.8738, 25.5493], [89.8701, 25.5442], [89.8627, 25.5432], [89.8659, 25.5463], [89.8672, 25.5623], [89.8703, 25.5682], [89.8729, 25.5696], [89.8755, 25.5811], [89.8733, 25.588], [89.8787, 25.6017], [89.8824, 25.6173], [89.881, 25.6318], [89.8723, 25.6581], [89.8675, 25.6607], [89.8629, 25.6665], [89.8584, 25.6799], [89.8517, 25.687], [89.8466, 25.6957], [89.8519, 25.7067], [89.8505, 25.7131], [89.8492, 25.7152], [89.835, 25.7159], [89.8273, 25.73], [89.829, 25.7425], [89.8413, 25.7591], [89.8399, 25.7684], [89.8383, 25.7757], [89.8339, 25.783], [89.8338, 25.7885], [89.8312, 25.7912], [89.8294, 25.7967], [89.8299, 25.8008], [89.8264, 25.8103], [89.8193, 25.8141], [89.8169, 25.813], [89.8145, 25.817], [89.8172, 25.8169], [89.8309, 25.8376], [89.8305, 25.8533], [89.8341, 25.8534], [89.8356, 25.8605], [89.8325, 25.8707], [89.8487, 25.8879], [89.8482, 25.8921], [89.8568, 25.8998], [89.8607, 25.9074], [89.8617, 25.9069], [89.8785, 25.9243], [89.8779, 25.9267], [89.8799, 25.9318], [89.8859, 25.9436], [89.8539, 25.9398], [89.8461, 25.9359], [89.8441, 25.9373], [89.844, 25.9401], [89.8391, 25.9412], [89.8399, 25.9421], [89.8319, 25.9415], [89.8282, 25.9436], [89.8284, 25.9458], [89.8253, 25.9456], [89.8256, 25.9516], [89.831, 25.9552], [89.8493, 25.9492], [89.8444, 25.9549], [89.8471, 25.9568], [89.843, 25.964], [89.8381, 25.9681], [89.8455, 25.9714], [89.8581, 25.9691], [89.8718, 25.9742], [89.8732, 25.9759], [89.8707, 25.9815], [89.8671, 25.9795], [89.8653, 25.9824], [89.8531, 25.9875], [89.8491, 25.9921], [89.8472, 25.9969], [89.8476, 26.0008], [89.8442, 26.0061], [89.8388, 26.0097], [89.8343, 25.9975], [89.8398, 25.981], [89.8376, 25.9794], [89.8289, 25.9811], [89.823, 25.9849], [89.8174, 25.9915], [89.8148, 25.9979], [89.8186, 25.996], [89.8204, 25.998], [89.8191, 26.0042], [89.8219, 26.01], [89.8189, 26.0157], [89.8161, 26.0171], [89.8153, 26.0203], [89.8192, 26.0259], [89.814, 26.0315], [89.8117, 26.0403], [89.8086, 26.0434], [89.8053, 26.0441], [89.8024, 26.0328], [89.7976, 26.0245], [89.7943, 26.023], [89.7953, 26.0219], [89.7915, 26.0181], [89.788, 26.0193], [89.7878, 26.0215], [89.7915, 26.021], [89.7938, 26.0226], [89.7937, 26.0282], [89.7978, 26.031], [89.8022, 26.0383], [89.8018, 26.0404], [89.7997, 26.0411], [89.7977, 26.0398], [89.7974, 26.0356], [89.7957, 26.0339], [89.7924, 26.0356], [89.7883, 26.0351], [89.7875, 26.0371], [89.7894, 26.0396], [89.7856, 26.0386], [89.7803, 26.0337], [89.778, 26.0366], [89.7765, 26.035], [89.7736, 26.0377], [89.7792, 26.0445], [89.7827, 26.0453], [89.7844, 26.0477], [89.7878, 26.0478], [89.7881, 26.0498], [89.7847, 26.0514], [89.7852, 26.057], [89.7987, 26.0597], [89.7972, 26.0632], [89.7984, 26.0651], [89.7955, 26.0647], [89.7981, 26.0658], [89.7949, 26.073], [89.7957, 26.0765], [89.7903, 26.0755], [89.795, 26.0835], [89.7949, 26.0873], [89.7881, 26.0812], [89.7859, 26.0846], [89.7812, 26.0836], [89.783, 26.0937], [89.786, 26.0964], [89.7843, 26.0988], [89.7817, 26.0983], [89.7833, 26.1013], [89.7858, 26.1015], [89.7833, 26.106], [89.7771, 26.1035], [89.7724, 26.1055], [89.7699, 26.1046], [89.7683, 26.1081], [89.761, 26.1069], [89.7561, 26.1095], [89.7553, 26.1138], [89.7652, 26.1249], [89.7664, 26.1308], [89.7632, 26.137], [89.7541, 26.1403], [89.7537, 26.1468], [89.7476, 26.1574], [89.7436, 26.1594], [89.7374, 26.1592], [89.7204, 26.1564], [89.7193, 26.1664], [89.7251, 26.1696], [89.7271, 26.1739], [89.7329, 26.173], [89.7342, 26.175], [89.7302, 26.177], [89.7198, 26.1779], [89.7116, 26.1735], [89.7065, 26.1731], [89.7025, 26.1771], [89.7025, 26.1823], [89.6948, 26.1891], [89.6976, 26.1909], [89.7018, 26.1882], [89.7082, 26.1868], [89.7141, 26.1894], [89.7181, 26.1968], [89.7156, 26.2027], [89.7116, 26.2032], [89.7142, 26.206], [89.7257, 26.2061], [89.732, 26.2123], [89.7313, 26.2149], [89.7244, 26.2173], [89.7031, 26.2133], [89.7002, 26.2138], [89.6972, 26.2172], [89.6996, 26.2189], [89.7056, 26.2171], [89.7102, 26.2191], [89.7128, 26.229], [89.7233, 26.2329], [89.7288, 26.2382], [89.7236, 26.2435], [89.7157, 26.2464], [89.7164, 26.2553], [89.7154, 26.2565], [89.7114, 26.258], [89.7036, 26.257], [89.701, 26.2592], [89.7048, 26.2699], [89.7089, 26.2708], [89.7115, 26.2696], [89.7114, 26.2633], [89.7173, 26.2592], [89.7252, 26.2584], [89.7323, 26.2603], [89.7337, 26.2665], [89.7375, 26.2711], [89.7292, 26.2829], [89.7211, 26.2882], [89.7171, 26.2931], [89.7157, 26.302], [89.7178, 26.3057], [89.7203, 26.3081], [89.7228, 26.3076], [89.7198, 26.2986], [89.7234, 26.2948], [89.7318, 26.2929], [89.7423, 26.2952], [89.7489, 26.2894], [89.7587, 26.2893], [89.7591, 26.2926], [89.7509, 26.3062], [89.7505, 26.3215], [89.7536, 26.3218], [89.762, 26.3171], [89.7685, 26.3238], [89.7777, 26.3278], [89.7809, 26.3309], [89.7791, 26.3474], [89.782, 26.3533], [89.8204, 26.3706], [89.8127, 26.3624], [89.8115, 26.358], [89.8136, 26.3532], [89.8201, 26.3504], [89.8234, 26.3552], [89.8211, 26.3591], [89.8271, 26.3666], [89.8274, 26.3698], [89.8244, 26.3769], [89.8256, 26.3793], [89.831, 26.382], [89.8409, 26.3778], [89.8455, 26.384], [89.8513, 26.3841], [89.8551, 26.382], [89.8573, 26.3845], [89.8532, 26.396], [89.8468, 26.4027], [89.8445, 26.3944], [89.8404, 26.3908], [89.8306, 26.3902], [89.8273, 26.3965], [89.8333, 26.4123], [89.8448, 26.4102], [89.8498, 26.4142], [89.8478, 26.4218], [89.853, 26.4246], [89.8552, 26.434], [89.8577, 26.4381], [89.8695, 26.4484], [89.8706, 26.4599], [89.8702, 26.464], [89.8624, 26.4661], [89.861, 26.4748], [89.8527, 26.4878], [89.855, 26.4943], [89.8556, 26.5051], [89.8535, 26.5172], [89.8544, 26.5211], [89.8618, 26.5305], [89.8614, 26.5432], [89.8646, 26.5483], [89.8655, 26.5658], [89.865, 26.5703], [89.8615, 26.5746], [89.862, 26.5779], [89.8699, 26.5795], [89.8775, 26.5842], [89.8721, 26.5947], [89.8752, 26.6012], [89.8772, 26.6131], [89.8716, 26.615], [89.8618, 26.6152], [89.859, 26.6172], [89.857, 26.6234], [89.8573, 26.6321], [89.8737, 26.6435], [89.8764, 26.6495], [89.8681, 26.6566], [89.8705, 26.6662], [89.8695, 26.6738], [89.8714, 26.6835], [89.8601, 26.7014], [89.8632, 26.7007], [89.8625, 26.7017], [89.8656, 26.706], [89.862, 26.7165], [89.8643, 26.7306], [89.8589, 26.7352], [89.8629, 26.7374], [89.8975, 26.7244], [89.967, 26.7238], [90.0082, 26.7324], [90.0492, 26.7307], [90.1384, 26.7533], [90.1946, 26.7734], [90.1875, 26.807], [90.2008, 26.8354], [90.2302, 26.8591], [90.2486, 26.8592], [90.3002, 26.8484], [90.3478, 26.8754], [90.3502, 26.8893], [90.3564, 26.901], [90.4165, 26.9047], [90.5459, 26.8169], [90.585, 26.8038], [90.6339, 26.794], [90.6459, 26.7763], [90.6758, 26.7842], [90.6935, 26.7703], [90.7168, 26.7685], [90.7429, 26.7755], [90.8166, 26.7763], [90.9565, 26.788], [90.959, 26.7848], [90.9567, 26.7815], [90.9916, 26.7908], [91.0554, 26.7824], [91.0975, 26.8222], [91.1458, 26.8112], [91.1922, 26.8136], [91.2368, 26.8123], [91.2768, 26.8006], [91.2964, 26.7872], [91.3374, 26.7812], [91.3756, 26.7954], [91.4075, 26.8397], [91.4483, 26.8111], [91.4636, 26.8027], [91.4949, 26.7914], [91.5913, 26.805], [91.6256, 26.8212], [91.6897, 26.8069], [91.705, 26.8132], [91.7206, 26.8119], [91.8239, 26.8644], [91.8591, 26.9137], [91.8851, 26.9167], [91.8921, 26.9192], [91.9422, 26.8957], [91.9639, 26.8829], [91.9703, 26.8706], [91.9831, 26.8583], [92.017, 26.8501], [92.0566, 26.8476], [92.1029, 26.8676], [92.1027, 26.8815], [92.113, 26.8924], [92.1242, 26.8898], [92.1624, 26.8927], [92.1948, 26.891], [92.2546, 26.9122], [92.2679, 26.9051], [92.2764, 26.9025], [92.3037, 26.9095], [92.3029, 26.9242], [92.3531, 26.9356], [92.3673, 26.9316], [92.3998, 26.9263], [92.4119, 26.9442], [92.4258, 26.9435], [92.4422, 26.955], [92.4462, 26.9606], [92.4596, 26.9633], [92.505, 26.9668], [92.5536, 26.9591], [92.5852, 26.9619], [92.6455, 26.9874], [92.6446, 27.01], [92.6391, 27.0185], [92.6505, 27.0248], [92.657, 27.0376], [92.6589, 27.0385], [92.6824, 27.0317], [92.7137, 27.0261], [92.7691, 27.033], [92.7853, 27.0307], [92.8366, 27.0135], [92.8724, 27.0077], [92.8875, 27.0002], [92.8998, 26.9963], [92.9167, 26.9847], [92.9149, 26.9698], [92.9178, 26.9642], [92.973, 26.9408], [92.9807, 26.9356], [92.9974, 26.9303], [93.0194, 26.9168], [93.0382, 26.9179], [93.0602, 26.9212], [93.0688, 26.9242], [93.0764, 26.9199], [93.0919, 26.9155], [93.109, 26.9273], [93.1843, 26.9387], [93.2224, 26.9491], [93.2669, 26.956], [93.3479, 26.9632], [93.4479, 26.9542], [93.4638, 26.9435], [93.4681, 26.9389], [93.4803, 26.9402], [93.4868, 26.9431], [93.4894, 26.9385], [93.5258, 26.9486], [93.5708, 26.9541], [93.5842, 26.9526], [93.6245, 26.9642], [93.6551, 26.9665], [93.6758, 26.9711], [93.701, 26.9971], [93.7057, 27.0037], [93.7045, 27.0066], [93.7056, 27.0083], [93.7189, 27.0192], [93.7685, 27.0433], [93.7682, 27.0555], [93.7718, 27.0555], [93.7724, 27.0623], [93.7737, 27.0624], [93.7779, 27.0528], [93.7832, 27.0672], [93.7861, 27.0554], [93.7912, 27.0546], [93.794, 27.0577], [93.7971, 27.0709], [93.8021, 27.0618], [93.8049, 27.0613], [93.8085, 27.0626], [93.8102, 27.0681], [93.8129, 27.0707], [93.8157, 27.0655], [93.8188, 27.0649], [93.8229, 27.0683], [93.8246, 27.0722], [93.8282, 27.069], [93.829, 27.0721], [93.835, 27.075], [93.8367, 27.0782], [93.8344, 27.0828], [93.8362, 27.0865], [93.833, 27.0876], [93.8266, 27.0994], [93.8272, 27.1119], [93.8255, 27.1193], [93.822, 27.122], [93.8132, 27.1238], [93.8114, 27.1263], [93.8139, 27.1286], [93.8135, 27.132], [93.8058, 27.1348], [93.8002, 27.1326], [93.7978, 27.136], [93.8014, 27.1379], [93.8056, 27.1378], [93.8086, 27.1518], [93.817, 27.1582], [93.8267, 27.1694], [93.8399, 27.1735], [93.8575, 27.1911], [93.8674, 27.1988], [93.8856, 27.2244], [93.893, 27.231], [93.901, 27.2415], [93.9339, 27.2683], [93.9565, 27.2948], [93.9809, 27.3138], [93.9902, 27.3246], [94.0007, 27.3301], [94.0, 27.3347], [94.0258, 27.3477], [94.0301, 27.348], [94.0416, 27.3533], [94.0548, 27.3628], [94.0609, 27.3636], [94.0863, 27.4046], [94.0933, 27.4109], [94.1065, 27.4181], [94.1171, 27.431], [94.1408, 27.4485], [94.1602, 27.4665], [94.1572, 27.478], [94.1679, 27.4842], [94.1747, 27.4841], [94.1869, 27.4908], [94.1912, 27.4963], [94.2123, 27.4979], [94.2154, 27.5031], [94.2217, 27.507], [94.2591, 27.5226], [94.2625, 27.5274], [94.2569, 27.5405], [94.2565, 27.5574], [94.2406, 27.5704], [94.2341, 27.5715], [94.2265, 27.5756], [94.2255, 27.5811], [94.2214, 27.5879], [94.2253, 27.5952], [94.2251, 27.5985], [94.2229, 27.6007], [94.2135, 27.6044], [94.2111, 27.6108], [94.2174, 27.609], [94.226, 27.618], [94.2351, 27.6325], [94.2473, 27.6358], [94.2522, 27.6409], [94.256, 27.6366], [94.2628, 27.636], [94.2667, 27.6326], [94.2672, 27.6279], [94.2571, 27.6191], [94.2541, 27.6137], [94.2725, 27.6035], [94.276, 27.5933], [94.2877, 27.5918], [94.2929, 27.6004], [94.298, 27.6043], [94.3016, 27.5999], [94.3084, 27.5956], [94.3124, 27.5897], [94.3197, 27.5901], [94.3237, 27.5872], [94.3291, 27.5884], [94.3381, 27.581], [94.3406, 27.5834], [94.3451, 27.5846], [94.3488, 27.5795], [94.3557, 27.5774], [94.3622, 27.5802], [94.3675, 27.5767], [94.3723, 27.5793], [94.3758, 27.5846], [94.3844, 27.5865], [94.3876, 27.5893], [94.4032, 27.5872], [94.4209, 27.6013], [94.431, 27.6031], [94.4306, 27.5965], [94.4361, 27.5844], [94.4535, 27.5709], [94.4597, 27.5577], [94.4693, 27.564], [94.4792, 27.577], [94.491, 27.5755], [94.5002, 27.5773], [94.5094, 27.5841], [94.5157, 27.5847], [94.5263, 27.5958], [94.5366, 27.597], [94.5464, 27.6035], [94.5561, 27.6032], [94.5639, 27.607], [94.5735, 27.607], [94.5819, 27.6167], [94.5915, 27.6228], [94.5958, 27.6215], [94.6094, 27.6226], [94.625, 27.6301], [94.6307, 27.6283], [94.6345, 27.6288], [94.6398, 27.631], [94.6484, 27.6421], [94.6691, 27.6503], [94.6825, 27.6496], [94.687, 27.6533], [94.6839, 27.6633], [94.6894, 27.6672], [94.6981, 27.6671], [94.7131, 27.6603], [94.7166, 27.6616], [94.7207, 27.67], [94.7255, 27.6703], [94.7277, 27.6679], [94.7427, 27.6634], [94.7559, 27.6665], [94.7596, 27.6684], [94.7669, 27.6801], [94.7722, 27.684], [94.7765, 27.6834], [94.791, 27.6889], [94.7953, 27.6981], [94.7976, 27.6989], [94.8002, 27.6971], [94.8213, 27.6962], [94.8394, 27.7035], [94.8488, 27.7107], [94.8536, 27.7316], [94.866, 27.7362], [94.8609, 27.7395], [94.8839, 27.7421], [94.93, 27.7567], [94.987, 27.7709], [94.9979, 27.7766], [95.0191, 27.7725], [95.0312, 27.7748], [95.0388, 27.7777], [95.0518, 27.7902], [95.2365, 27.8484], [95.3166, 27.8711], [95.3843, 27.842], [95.516, 27.8818], [95.5262, 27.8979], [95.5435, 27.9023], [95.5443, 27.9058], [95.5421, 27.9107], [95.5438, 27.9135], [95.565, 27.9225], [95.5663, 27.9316], [95.5712, 27.9424], [95.5805, 27.9436], [95.5887, 27.9416], [95.5969, 27.9511], [95.6067, 27.9578], [95.8259, 27.9774], [95.9775, 27.9685], [95.9652, 27.9526], [95.9523, 27.9418], [95.9523, 27.9372], [95.9576, 27.9371], [95.9575, 27.9329], [95.9538, 27.9302], [95.9553, 27.9268], [95.9525, 27.9228], [95.9393, 27.9098], [95.9383, 27.9033], [95.9286, 27.9029], [95.925, 27.9009], [95.9239, 27.896], [95.9286, 27.8905], [95.9274, 27.8873], [95.9238, 27.8903], [95.9213, 27.8905], [95.9226, 27.8862], [95.914, 27.8808], [95.9129, 27.8781], [95.9141, 27.8747], [95.9114, 27.873], [95.9062, 27.8772], [95.9072, 27.8686], [95.9006, 27.8667], [95.895, 27.8672], [95.8921, 27.857], [95.8766, 27.8418], [95.8737, 27.8398], [95.8521, 27.8341], [95.846, 27.8301], [95.8434, 27.8215], [95.8231, 27.8092], [95.8076, 27.7899], [95.8064, 27.7836], [95.8009, 27.7769], [95.7805, 27.7582], [95.7878, 27.7421], [95.7719, 27.7345], [95.7582, 27.7311], [95.7587, 27.7267], [95.763, 27.7227], [95.7704, 27.72], [95.7734, 27.7054], [95.7727, 27.7], [95.7746, 27.6967], [95.7788, 27.6944], [95.7931, 27.6923], [95.7965, 27.6881], [95.7945, 27.6842], [95.7855, 27.6833], [95.7804, 27.6792], [95.7785, 27.6723], [95.7778, 27.6663], [95.7792, 27.6605], [95.7862, 27.6557], [95.8015, 27.649], [95.7973, 27.6396], [95.7974, 27.6359], [95.7873, 27.6323], [95.785, 27.6274], [95.7871, 27.6234], [95.7943, 27.6224], [95.798, 27.6078], [95.8209, 27.6047], [95.8242, 27.603], [95.8203, 27.5956], [95.8212, 27.5817], [95.8277, 27.5818], [95.8319, 27.5789], [95.8399, 27.5666], [95.846, 27.568], [95.8521, 27.5657], [95.8624, 27.5526], [95.8736, 27.5512], [95.8813, 27.5532], [95.8799, 27.5298], [95.8808, 27.5225], [95.8785, 27.5198], [95.8818, 27.5151], [95.8871, 27.5113], [95.8896, 27.5062], [95.8791, 27.4992], [95.8792, 27.4927], [95.8813, 27.4874], [95.8763, 27.4711], [95.8661, 27.469], [95.8612, 27.4663], [95.8595, 27.4626], [95.8638, 27.452], [95.8529, 27.4448], [95.8493, 27.4303], [95.8557, 27.4277], [95.858, 27.4207], [95.8673, 27.4172], [95.8632, 27.4249], [95.8649, 27.429], [95.8758, 27.4354], [95.8826, 27.4441], [95.8887, 27.4441], [95.8904, 27.4397], [95.89, 27.4264], [95.8944, 27.4183], [95.8919, 27.4098], [95.8931, 27.406], [95.9001, 27.4113], [95.9061, 27.4233], [95.9112, 27.44], [95.9168, 27.4432], [95.9333, 27.4467], [95.9499, 27.445], [95.9531, 27.4435], [95.9535, 27.4408], [95.9505, 27.4372], [95.953, 27.4333], [95.9573, 27.4329], [95.9611, 27.4287], [95.9636, 27.4355], [95.967, 27.4367], [95.968, 27.4241], [95.9718, 27.4304], [95.9733, 27.4368], [95.9778, 27.4355], [95.9809, 27.4261], [95.9781, 27.4253], [95.9795, 27.4219], [95.9895, 27.4217], [95.9912, 27.4194], [95.9909, 27.4146], [95.9946, 27.4124], [96.001, 27.4035], [96.0001, 27.3976], [96.0021, 27.3935], [96.0084, 27.3872], [96.0149, 27.3755], [96.0209, 27.3713], [96.0184, 27.3679], [96.0132, 27.364], [95.997, 27.3635], [95.9949, 27.3602], [95.9937, 27.3514], [95.97, 27.337], [95.9723, 27.3346], [95.9842, 27.3343], [95.9687, 27.3318], [95.9679, 27.3246], [95.9626, 27.3243], [95.9656, 27.3217], [95.9632, 27.3171], [95.9406, 27.3096], [95.9187, 27.2992], [95.9123, 27.2931], [95.9064, 27.2919], [95.9024, 27.2878], [95.9045, 27.2862], [95.9043, 27.2799], [95.9012, 27.2764], [95.8981, 27.2643], [95.894, 27.263], [95.8877, 27.2633], [95.8824, 27.2669], [95.8724, 27.2669], [95.8654, 27.2767], [95.8608, 27.2798], [95.8619, 27.29], [95.8605, 27.2942], [95.8502, 27.2931], [95.8379, 27.2871], [95.8102, 27.2809], [95.8065, 27.288], [95.8063, 27.2917], [95.7908, 27.2855], [95.7847, 27.2791], [95.7399, 27.2699], [95.7364, 27.2668], [95.7319, 27.2665], [95.7255, 27.2592], [95.7211, 27.2576], [95.7155, 27.2591], [95.7019, 27.2556], [95.6954, 27.2581], [95.6844, 27.2574], [95.6794, 27.2562], [95.6792, 27.2539], [95.637, 27.2369], [95.6341, 27.2398], [95.6191, 27.2366], [95.6074, 27.2314], [95.5901, 27.2295], [95.5779, 27.2422], [95.5783, 27.2471], [95.5745, 27.2511], [95.5561, 27.2544], [95.5542, 27.2593], [95.5348, 27.2706], [95.5205, 27.2637], [95.5162, 27.2686], [95.5109, 27.2663], [95.5106, 27.259], [95.5063, 27.2546], [95.4872, 27.246], [95.4806, 27.2323], [95.4745, 27.2269], [95.4739, 27.2236], [95.4707, 27.2232], [95.4694, 27.2183], [95.4597, 27.2134], [95.4589, 27.2096], [95.4686, 27.1905], [95.4671, 27.1856], [95.4637, 27.1821], [95.468, 27.1723], [95.4587, 27.1633], [95.4599, 27.1604], [95.4651, 27.1576], [95.4659, 27.1548], [95.4611, 27.1402], [95.4578, 27.1356], [95.4534, 27.1359], [95.4508, 27.1388], [95.4471, 27.1383], [95.4456, 27.1343], [95.441, 27.1328], [95.4292, 27.1341], [95.4203, 27.1308], [95.4063, 27.1183], [95.3861, 27.1117], [95.3855, 27.1051], [95.377, 27.1022], [95.3727, 27.1017], [95.3737, 27.108], [95.3683, 27.1074], [95.3678, 27.1097], [95.3713, 27.1114], [95.3665, 27.1129], [95.3486, 27.1048], [95.3233, 27.0896], [95.3132, 27.0867], [95.3097, 27.0811], [95.2879, 27.0663], [95.2778, 27.0568], [95.2794, 27.0539], [95.2776, 27.0498], [95.2667, 27.0404], [95.2626, 27.041], [95.2599, 27.039], [95.2607, 27.0373], [95.2482, 27.0303], [95.2437, 27.0342], [95.2379, 27.0432], [95.2309, 27.0457], [95.2321, 27.0429], [95.2295, 27.0402], [95.226, 27.0423], [95.2226, 27.0409], [95.2197, 27.0368], [95.2138, 27.0335], [95.2077, 27.0348], [95.2038, 27.043], [95.2009, 27.0423], [95.1985, 27.0444], [95.1545, 27.006], [95.1495, 26.9998], [95.1428, 26.9983], [95.1264, 26.9869], [95.1169, 26.9837], [95.11, 26.9669], [95.0869, 26.9527], [95.0653, 26.9482], [95.0546, 26.9409], [95.038, 26.9385], [95.0286, 26.9325], [95.0213, 26.9254], [94.9995, 26.9243], [94.9931, 26.9262], [94.9912, 26.9229], [94.9921, 26.9184], [94.9857, 26.9182], [94.9797, 26.9246], [94.9707, 26.9284], [94.9642, 26.9406], [94.9573, 26.9436], [94.9386, 26.938], [94.9336, 26.9385], [94.9282, 26.9521], [94.9139, 26.9426], [94.9013, 26.9403], [94.8945, 26.9373], [94.8862, 26.9325], [94.8696, 26.915], [94.8686, 26.9099], [94.8653, 26.9069], [94.8515, 26.8813], [94.8458, 26.8768], [94.8388, 26.874], [94.8323, 26.8627], [94.8211, 26.8545], [94.8211, 26.8449], [94.8167, 26.8415], [94.8131, 26.8248], [94.8067, 26.8212], [94.7966, 26.8185], [94.8054, 26.8122], [94.8022, 26.8061], [94.7856, 26.7986], [94.7731, 26.795], [94.7691, 26.7911], [94.7683, 26.7834], [94.7624, 26.7799], [94.7593, 26.7741], [94.7564, 26.7723], [94.7507, 26.7797], [94.7458, 26.7821], [94.7424, 26.7786], [94.7417, 26.7736], [94.7365, 26.7674], [94.7114, 26.7528], [94.6866, 26.7326], [94.6534, 26.7236], [94.6403, 26.724], [94.6283, 26.7186], [94.6227, 26.7195], [94.6174, 26.7306], [94.6119, 26.7327], [94.6101, 26.7401], [94.6041, 26.7393], [94.5999, 26.7377], [94.5933, 26.7261], [94.6032, 26.7238], [94.6047, 26.7172], [94.6037, 26.7162], [94.5983, 26.7199], [94.5962, 26.7182], [94.5949, 26.7066], [94.5924, 26.7027], [94.5854, 26.7033], [94.5828, 26.7056], [94.5715, 26.6962], [94.5747, 26.691], [94.563, 26.6906], [94.5647, 26.706], [94.5634, 26.7074], [94.5451, 26.7109], [94.5278, 26.7013], [94.5227, 26.7044], [94.5201, 26.7015], [94.5197, 26.6946], [94.5155, 26.6873], [94.5071, 26.683], [94.4983, 26.6737], [94.4928, 26.6723], [94.4857, 26.6737], [94.4679, 26.6698], [94.4645, 26.6675], [94.4586, 26.6553], [94.4617, 26.6438], [94.4648, 26.6387], [94.4625, 26.6355], [94.4568, 26.6366], [94.4545, 26.639], [94.4345, 26.6254], [94.4099, 26.6164], [94.4079, 26.6143], [94.4086, 26.6098], [94.406, 26.6019], [94.4148, 26.5833], [94.4078, 26.5614], [94.412, 26.5585], [94.4061, 26.5574], [94.4048, 26.5552], [94.4076, 26.5524], [94.408, 26.5497], [94.4027, 26.5469], [94.4013, 26.5441], [94.4025, 26.5388], [94.3989, 26.5345], [94.3995, 26.5323], [94.3966, 26.5297], [94.3941, 26.5326], [94.3914, 26.5328], [94.3783, 26.5253], [94.3769, 26.5232], [94.3776, 26.5131], [94.3692, 26.51], [94.3587, 26.5091], [94.3546, 26.5103], [94.3511, 26.5086], [94.3555, 26.5035], [94.3518, 26.4992], [94.3521, 26.4958], [94.3369, 26.4848], [94.3293, 26.4838], [94.3239, 26.4794], [94.3243, 26.4707], [94.3165, 26.4629], [94.311, 26.4661], [94.3033, 26.4673], [94.2939, 26.4807], [94.2872, 26.5085], [94.2891, 26.5252], [94.2849, 26.5403], [94.2853, 26.5582], [94.2889, 26.5599], [94.2898, 26.5641], [94.2823, 26.5635], [94.2767, 26.5588], [94.2533, 26.5325], [94.2521, 26.5277], [94.2399, 26.5114], [94.2236, 26.5006], [94.2115, 26.4898], [94.2011, 26.4699], [94.1865, 26.4605], [94.1758, 26.4318], [94.1765, 26.4281], [94.174, 26.4209], [94.1768, 26.4134], [94.1769, 26.3996], [94.1791, 26.3887], [94.174, 26.3778], [94.1756, 26.3718], [94.1736, 26.3676], [94.1645, 26.3601], [94.1677, 26.3533], [94.1753, 26.3551], [94.18, 26.3541], [94.1755, 26.3442], [94.1721, 26.3444], [94.1645, 26.3393], [94.1493, 26.3391], [94.1467, 26.3354], [94.1422, 26.336], [94.1438, 26.3402], [94.1426, 26.3421], [94.1388, 26.3416], [94.1357, 26.3382], [94.1194, 26.3337], [94.1194, 26.3305], [94.1287, 26.3232], [94.1184, 26.3227], [94.108, 26.3264], [94.1045, 26.322], [94.1027, 26.3087], [94.0981, 26.3029], [94.0903, 26.2971], [94.0872, 26.2904], [94.0844, 26.2886], [94.0801, 26.2888], [94.0768, 26.2852], [94.0778, 26.2754], [94.076, 26.2692], [94.0705, 26.26], [94.0646, 26.2618], [94.0529, 26.2558], [94.0491, 26.2502], [94.0418, 26.2339], [94.0382, 26.2295], [94.0405, 26.2235], [94.0366, 26.2177], [94.0357, 26.2032], [94.0266, 26.1971], [94.022, 26.1915], [94.013, 26.1863], [94.0048, 26.1733], [94.0043, 26.1641], [93.9997, 26.1582], [94.0064, 26.1472], [94.0052, 26.1419], [93.9997, 26.1365], [93.9932, 26.1374], [93.9908, 26.1339], [93.9983, 26.131], [93.9966, 26.1281], [93.9965, 26.1224], [93.9912, 26.1181], [93.995, 26.1157], [94.0021, 26.1149], [94.0022, 26.1114], [93.9996, 26.1085], [93.9941, 26.1061], [93.9925, 26.0928], [93.991, 26.0895], [93.9864, 26.0883], [93.986, 26.0836], [93.9911, 26.0726], [93.9745, 26.0522], [93.9726, 26.045], [93.9659, 26.0424], [93.9631, 26.0334], [93.9627, 26.0222], [93.9549, 26.0073], [93.959, 26.0025], [93.9606, 25.997], [93.956, 25.9742], [93.9692, 25.9608], [93.9711, 25.9449], [93.9827, 25.9263], [93.9794, 25.9197], [93.972, 25.9175], [93.9692, 25.9114], [93.9598, 25.9053], [93.9484, 25.9012], [93.9402, 25.901], [93.9346, 25.8914], [93.9159, 25.8877], [93.9138, 25.8818], [93.9018, 25.871], [93.8986, 25.8638], [93.8934, 25.8648], [93.8885, 25.8525], [93.8827, 25.8459], [93.8687, 25.8554], [93.8517, 25.863], [93.8423, 25.8626], [93.8327, 25.8563], [93.8243, 25.8471], [93.8188, 25.8262], [93.8116, 25.8213], [93.8076, 25.8163], [93.7958, 25.8144], [93.7913, 25.816], [93.7888, 25.826], [93.7798, 25.8463], [93.7838, 25.85], [93.7815, 25.8593], [93.7853, 25.8633], [93.7858, 25.8669], [93.7918, 25.8697], [93.7875, 25.8789], [93.7918, 25.8949], [93.7951, 25.898], [93.7983, 25.9097], [93.7963, 25.9182], [93.7923, 25.9225], [93.7932, 25.931], [93.7886, 25.933], [93.7933, 25.9367], [93.7907, 25.9442], [93.7866, 25.9474], [93.7892, 25.949], [93.7894, 25.9526], [93.7866, 25.9542], [93.7852, 25.9583], [93.773, 25.966], [93.7695, 25.958], [93.7703, 25.9535], [93.7684, 25.955], [93.7628, 25.9549], [93.7589, 25.9487], [93.7494, 25.9421], [93.752, 25.9396], [93.7518, 25.9364], [93.7501, 25.9373], [93.7165, 25.9217], [93.7125, 25.9227], [93.7051, 25.9213], [93.6877, 25.9094], [93.6858, 25.9049], [93.6909, 25.8893], [93.7064, 25.8533], [93.7055, 25.8486], [93.7024, 25.847], [93.7036, 25.8535], [93.6979, 25.8513], [93.6938, 25.8472], [93.6905, 25.8476], [93.692, 25.8441], [93.6825, 25.8407], [93.6829, 25.8358], [93.6781, 25.8289], [93.6695, 25.8288], [93.6686, 25.8246], [93.6608, 25.8244], [93.6567, 25.8264], [93.6524, 25.8228], [93.6485, 25.824], [93.641, 25.8179], [93.6403, 25.8134], [93.6361, 25.8137], [93.6333, 25.8052], [93.629, 25.8044], [93.6298, 25.8], [93.6275, 25.7986], [93.627, 25.7916], [93.6238, 25.7904], [93.6211, 25.7852], [93.6236, 25.7839], [93.6223, 25.7798], [93.6114, 25.7765], [93.6081, 25.7769], [93.6057, 25.7726], [93.6056, 25.7675], [93.6028, 25.7708], [93.5937, 25.7643], [93.5882, 25.7682], [93.5872, 25.7595], [93.5838, 25.7577], [93.5732, 25.7608], [93.5734, 25.7566], [93.5693, 25.755], [93.5701, 25.7517], [93.5655, 25.7413], [93.5563, 25.7419], [93.5569, 25.7377], [93.5499, 25.7324], [93.5467, 25.7345], [93.5448, 25.727], [93.5462, 25.7215], [93.5498, 25.719], [93.5436, 25.7017], [93.538, 25.7032], [93.5306, 25.6927], [93.5286, 25.6938], [93.5259, 25.6997], [93.5227, 25.6932], [93.5168, 25.6881], [93.5203, 25.6837], [93.5083, 25.6668], [93.5021, 25.662], [93.4999, 25.6565], [93.4902, 25.656], [93.4907, 25.6534], [93.4872, 25.6505], [93.4836, 25.6518], [93.4834, 25.6458], [93.4759, 25.648], [93.4748, 25.6443], [93.4656, 25.6442], [93.4571, 25.6406], [93.4612, 25.6366], [93.462, 25.6334], [93.4594, 25.6331], [93.452, 25.6375], [93.4499, 25.6349], [93.4468, 25.6388], [93.4342, 25.6299], [93.431, 25.6292], [93.4275, 25.6315], [93.4225, 25.6223], [93.4183, 25.6211], [93.4149, 25.6166], [93.4168, 25.6149], [93.4123, 25.6137], [93.4076, 25.6094], [93.4072, 25.6065], [93.4096, 25.6041], [93.4068, 25.5965], [93.3901, 25.5947], [93.3906, 25.5891], [93.3824, 25.5848], [93.385, 25.5812], [93.3847, 25.5779], [93.3827, 25.5762], [93.3765, 25.5773], [93.376, 25.571], [93.3734, 25.5692], [93.3652, 25.5698], [93.366, 25.5633], [93.3642, 25.5606], [93.3607, 25.5604], [93.3544, 25.5652], [93.3483, 25.5632], [93.3317, 25.5468], [93.3357, 25.5454], [93.3404, 25.5373], [93.3446, 25.5361], [93.3492, 25.5383], [93.3523, 25.5376], [93.3502, 25.5337], [93.3576, 25.5277], [93.36, 25.5203], [93.3668, 25.5129], [93.365, 25.5101], [93.3711, 25.5051], [93.3718, 25.5011], [93.383, 25.4976], [93.3864, 25.4934], [93.3913, 25.4814], [93.3919, 25.4742], [93.3904, 25.4692], [93.3959, 25.4641], [93.4029, 25.4592], [93.4171, 25.4528], [93.422, 25.4548], [93.435, 25.4548], [93.4569, 25.4419], [93.4619, 25.4347], [93.4651, 25.4234], [93.4654, 25.4159], [93.4633, 25.411], [93.4739, 25.3931], [93.4773, 25.386], [93.4782, 25.3799], [93.4663, 25.3617], [93.4623, 25.3589], [93.4519, 25.3442], [93.4579, 25.3409], [93.4619, 25.3366], [93.4567, 25.3253], [93.474, 25.3093], [93.4656, 25.2991], [93.46, 25.2947], [93.452, 25.2947], [93.4448, 25.2923], [93.4386, 25.2866], [93.4264, 25.2811], [93.4233, 25.2779], [93.4233, 25.2722], [93.4207, 25.2663], [93.4121, 25.2635], [93.4036, 25.2631], [93.3946, 25.2503], [93.3887, 25.2459], [93.3871, 25.2424], [93.3876, 25.232], [93.3848, 25.2257], [93.3795, 25.2208], [93.3781, 25.2161], [93.3696, 25.2081], [93.3706, 25.2036], [93.3685, 25.2001], [93.3622, 25.1956], [93.3531, 25.1818], [93.3474, 25.1639], [93.351, 25.1445], [93.3469, 25.1377], [93.3489, 25.1348], [93.3461, 25.1299], [93.3492, 25.1254], [93.3464, 25.1251], [93.3444, 25.1213], [93.3444, 25.1161], [93.3405, 25.1144], [93.3358, 25.0958], [93.3236, 25.0917], [93.3223, 25.0884], [93.3127, 25.078], [93.3061, 25.0644], [93.3089, 25.0585], [93.3043, 25.056], [93.3046, 25.048], [93.3025, 25.0482], [93.3024, 25.0519], [93.3001, 25.0526], [93.297, 25.0477], [93.2919, 25.0471], [93.2869, 25.0468], [93.2845, 25.0515], [93.2682, 25.0497], [93.2695, 25.0466], [93.2684, 25.0441], [93.2629, 25.0418], [93.2638, 25.0359], [93.2556, 25.0287], [93.2584, 25.0252], [93.2578, 25.0217], [93.2488, 25.0188], [93.2517, 25.016], [93.2492, 25.0132], [93.2469, 25.0036], [93.2506, 25.0032], [93.2535, 25.0064], [93.2565, 25.0031], [93.2599, 25.0065], [93.2625, 25.006], [93.2633, 25.0042], [93.2614, 25.0009], [93.2557, 25.0022], [93.257, 24.996], [93.252, 24.9888], [93.253, 24.9827], [93.2515, 24.9814], [93.2543, 24.9789], [93.2529, 24.9726], [93.2587, 24.9727], [93.2632, 24.9664], [93.2606, 24.9589], [93.2624, 24.9514], [93.2595, 24.9514], [93.2535, 24.9551], [93.2492, 24.9551], [93.2511, 24.9463], [93.2541, 24.9426], [93.2441, 24.9438], [93.24, 24.9388], [93.2414, 24.9376], [93.2485, 24.9401], [93.243, 24.9313], [93.2502, 24.9301], [93.2533, 24.9188], [93.2505, 24.9151], [93.2419, 24.915], [93.2404, 24.9163], [93.239, 24.915], [93.2434, 24.9075], [93.2434, 24.9037], [93.242, 24.9012], [93.2362, 24.9025], [93.2334, 24.8987], [93.2334, 24.8949], [93.2305, 24.8949], [93.2348, 24.8899], [93.2334, 24.8848], [93.2291, 24.8848], [93.2262, 24.8811], [93.2291, 24.8773], [93.2191, 24.8697], [93.2143, 24.8619], [93.2087, 24.8565], [93.2058, 24.8553], [93.2001, 24.8578], [93.1972, 24.8565], [93.2015, 24.8502], [93.2016, 24.8439], [93.1958, 24.8464], [93.1944, 24.8439], [93.1973, 24.8402], [93.2001, 24.8414], [93.2016, 24.8402], [93.1987, 24.8364], [93.1944, 24.8376], [93.193, 24.8364], [93.193, 24.8339], [93.1973, 24.8339], [93.1916, 24.8226], [93.1959, 24.8163], [93.1988, 24.815], [93.1974, 24.8113], [93.1931, 24.8062], [93.1816, 24.8049], [93.1788, 24.7961], [93.1759, 24.7974], [93.1744, 24.8037], [93.1615, 24.7973], [93.1529, 24.7898], [93.1515, 24.7961], [93.1429, 24.8011], [93.1371, 24.8111], [93.1313, 24.806], [93.127, 24.8085], [93.1213, 24.8085], [93.1198, 24.811], [93.1227, 24.8148], [93.1227, 24.8198], [93.1112, 24.8123], [93.1098, 24.8097], [93.1127, 24.8022], [93.1085, 24.7909], [93.1056, 24.7884], [93.1056, 24.7846], [93.1071, 24.7833], [93.1013, 24.7783], [93.1057, 24.7695], [93.1, 24.7544], [93.1, 24.7507], [93.1015, 24.7494], [93.0986, 24.7444], [93.1015, 24.7419], [93.1029, 24.7432], [93.1029, 24.7469], [93.1058, 24.7457], [93.1072, 24.7419], [93.1044, 24.7369], [93.0973, 24.7318], [93.0973, 24.7281], [93.093, 24.7243], [93.0944, 24.7205], [93.0888, 24.7092], [93.0787, 24.7142], [93.0759, 24.7104], [93.0932, 24.6879], [93.0918, 24.6778], [93.0932, 24.6765], [93.1018, 24.6804], [93.1047, 24.6791], [93.1047, 24.6753], [93.0976, 24.6628], [93.0963, 24.6527], [93.0891, 24.6527], [93.0863, 24.6514], [93.0848, 24.6477], [93.0893, 24.6339], [93.0894, 24.6276], [93.0794, 24.6263], [93.0794, 24.6213], [93.0867, 24.6138], [93.0868, 24.6113], [93.0768, 24.6038], [93.0754, 24.5962], [93.0798, 24.5925], [93.0885, 24.59], [93.0987, 24.5913], [93.1044, 24.5876], [93.107, 24.5836], [93.0973, 24.5825], [93.0871, 24.5712], [93.0712, 24.5761], [93.0611, 24.5748], [93.0727, 24.5611], [93.0655, 24.5473], [93.0612, 24.5548], [93.0527, 24.5447], [93.0485, 24.5309], [93.0528, 24.5247], [93.0528, 24.5196], [93.0414, 24.5146], [93.04, 24.5108], [93.0443, 24.5058], [93.0358, 24.4969], [93.0485, 24.4755], [93.0483, 24.464], [93.0379, 24.4612], [93.0367, 24.4439], [93.0322, 24.4289], [93.0393, 24.4176], [93.0392, 24.4111], [93.0292, 24.4063], [93.016, 24.4025], [93.0089, 24.4054], [93.0064, 24.4119], [92.998, 24.4016], [92.9953, 24.402], [92.9883, 24.4076], [92.9803, 24.4097], [92.9756, 24.4078], [92.9708, 24.4012], [92.9603, 24.3959], [92.9547, 24.4039], [92.9512, 24.4048], [92.9406, 24.4011], [92.9357, 24.3955], [92.9277, 24.3986], [92.9226, 24.4042], [92.9234, 24.4057], [92.9115, 24.4129], [92.9093, 24.4032], [92.9057, 24.3991], [92.9052, 24.3945], [92.901, 24.3934], [92.8944, 24.3953], [92.8908, 24.4023], [92.8842, 24.403], [92.8739, 24.3973], [92.8629, 24.3995], [92.8591, 24.3984], [92.8516, 24.3924], [92.8469, 24.3823], [92.8443, 24.3799], [92.8396, 24.3808], [92.8327, 24.3764], [92.829, 24.3778], [92.8283, 24.3856], [92.825, 24.3905], [92.8314, 24.4005], [92.8211, 24.4068], [92.8183, 24.4127], [92.8111, 24.4136], [92.8114, 24.4154], [92.8094, 24.4152], [92.8089, 24.4169], [92.8095, 24.4193], [92.8008, 24.4191], [92.8, 24.4215], [92.8038, 24.4217], [92.8043, 24.423], [92.8028, 24.4273], [92.7939, 24.444], [92.7791, 24.4865], [92.7652, 24.5208], [92.7592, 24.5118], [92.7536, 24.507], [92.7545, 24.5011]], [[89.8405, 25.9422], [89.8404, 25.9422], [89.8406, 25.942], [89.8407, 25.9422], [89.8405, 25.9422]]]]}}, {"type": "Feature", "properties": {"state": "Manipur", "code": "IN.MN", "country": "India", "region": "Northeast India"}, "geometry": {"type": "MultiPolygon", "coordinates": [[[[93.7444, 24.0012], [93.74, 23.9992], [93.7202, 24.0056], [93.7127, 24.0052], [93.6775, 24.0111], [93.6744, 24.0081], [93.6628, 24.0047], [93.655, 24.01], [93.6524, 24.0135], [93.6353, 24.0134], [93.6277, 24.0152], [93.6207, 24.0142], [93.6163, 24.0107], [93.6167, 24.003], [93.6201, 23.9995], [93.6209, 23.9912], [93.6159, 23.9815], [93.6093, 23.9734], [93.6035, 23.9696], [93.5972, 23.9673], [93.5839, 23.9685], [93.5801, 23.9703], [93.5771, 23.9779], [93.5688, 23.9887], [93.5635, 23.9896], [93.5573, 23.9797], [93.5575, 23.9701], [93.5549, 23.9652], [93.5305, 23.9608], [93.5151, 23.9472], [93.5087, 23.9489], [93.5025, 23.9558], [93.4959, 23.9572], [93.4894, 23.9615], [93.4858, 23.9676], [93.4722, 23.9707], [93.4689, 23.9739], [93.4662, 23.9792], [93.467, 23.9993], [93.4588, 24.0097], [93.4533, 24.0229], [93.444, 24.0278], [93.4411, 24.0347], [93.44, 24.0436], [93.4329, 24.0617], [93.4247, 24.0717], [93.4154, 24.0792], [93.4042, 24.0843], [93.3664, 24.093], [93.3567, 24.1091], [93.3514, 24.1124], [93.3469, 24.113], [93.349, 24.1051], [93.3538, 24.0977], [93.3468, 24.0923], [93.3436, 24.0944], [93.334, 24.0901], [93.3389, 24.0723], [93.342, 24.0674], [93.3373, 24.0609], [93.3363, 24.0567], [93.3374, 24.0534], [93.3125, 24.0541], [93.2982, 24.0516], [93.2882, 24.0515], [93.2854, 24.0465], [93.2768, 24.0402], [93.2739, 24.0339], [93.2553, 24.0238], [93.2567, 24.0288], [93.2524, 24.0338], [93.2623, 24.0577], [93.2666, 24.0603], [93.2637, 24.0678], [93.2637, 24.0728], [93.248, 24.0853], [93.2423, 24.0866], [93.2366, 24.084], [93.2267, 24.0865], [93.2238, 24.084], [93.2224, 24.0815], [93.2253, 24.074], [93.2167, 24.0501], [93.1983, 24.0525], [93.194, 24.0563], [93.1755, 24.0537], [93.1698, 24.055], [93.167, 24.0612], [93.1699, 24.0751], [93.1613, 24.0776], [93.1585, 24.0838], [93.1479, 24.0881], [93.1422, 24.0868], [93.1351, 24.0792], [93.1351, 24.0729], [93.1294, 24.0641], [93.1208, 24.0603], [93.1194, 24.0565], [93.1123, 24.0552], [93.1109, 24.0501], [93.1009, 24.0451], [93.0995, 24.0488], [93.1038, 24.0526], [93.1009, 24.0564], [93.1023, 24.074], [93.0895, 24.0841], [93.0795, 24.103], [93.0652, 24.0943], [93.0537, 24.0907], [93.0377, 24.0952], [93.0347, 24.0992], [93.0273, 24.1036], [93.0215, 24.1015], [93.0141, 24.1045], [93.0097, 24.11], [92.9964, 24.1167], [92.9764, 24.1148], [92.9736, 24.1239], [92.9861, 24.1289], [92.9894, 24.1318], [92.9929, 24.1404], [92.9911, 24.1503], [92.9931, 24.1532], [93.0054, 24.1606], [93.0033, 24.174], [93.0109, 24.1822], [93.0031, 24.1943], [93.003, 24.1975], [93.0124, 24.1975], [93.0166, 24.2], [93.018, 24.2075], [93.0223, 24.2101], [93.0237, 24.2176], [93.0194, 24.2251], [93.0194, 24.2288], [93.0266, 24.2326], [93.018, 24.2364], [93.0067, 24.254], [93.0067, 24.2628], [93.0139, 24.2717], [93.0082, 24.2805], [93.0111, 24.2881], [93.0182, 24.2932], [93.0352, 24.3184], [93.0434, 24.3434], [93.0216, 24.3468], [93.0193, 24.3588], [93.0221, 24.3742], [93.0171, 24.38], [93.0244, 24.3905], [93.0005, 24.4033], [93.0064, 24.4119], [93.0089, 24.4054], [93.016, 24.4025], [93.0292, 24.4063], [93.0392, 24.4111], [93.0393, 24.4176], [93.0322, 24.4289], [93.0367, 24.4439], [93.0379, 24.4612], [93.0483, 24.464], [93.0485, 24.4755], [93.0358, 24.4969], [93.0443, 24.5058], [93.04, 24.5108], [93.0414, 24.5146], [93.0528, 24.5196], [93.0528, 24.5247], [93.0485, 24.5309], [93.0527, 24.5447], [93.0612, 24.5548], [93.0655, 24.5473], [93.0727, 24.5611], [93.0611, 24.5748], [93.0712, 24.5761], [93.0871, 24.5712], [93.0973, 24.5825], [93.107, 24.5836], [93.1044, 24.5876], [93.0987, 24.5913], [93.0885, 24.59], [93.0798, 24.5925], [93.0754, 24.5962], [93.0768, 24.6038], [93.0868, 24.6113], [93.0867, 24.6138], [93.0794, 24.6213], [93.0794, 24.6263], [93.0894, 24.6276], [93.0893, 24.6339], [93.0848, 24.6477], [93.0863, 24.6514], [93.0891, 24.6527], [93.0963, 24.6527], [93.0976, 24.6628], [93.1047, 24.6753], [93.1047, 24.6791], [93.1018, 24.6804], [93.0932, 24.6765], [93.0918, 24.6778], [93.0932, 24.6879], [93.0759, 24.7104], [93.0787, 24.7142], [93.0888, 24.7092], [93.0944, 24.7205], [93.093, 24.7243], [93.0973, 24.7281], [93.0973, 24.7318], [93.1044, 24.7369], [93.1072, 24.7419], [93.1058, 24.7457], [93.1029, 24.7469], [93.1029, 24.7432], [93.1015, 24.7419], [93.0986, 24.7444], [93.1015, 24.7494], [93.1, 24.7507], [93.1, 24.7544], [93.1057, 24.7695], [93.1013, 24.7783], [93.1071, 24.7833], [93.1056, 24.7846], [93.1056, 24.7884], [93.1085, 24.7909], [93.1127, 24.8022], [93.1098, 24.8097], [93.1112, 24.8123], [93.1227, 24.8198], [93.1227, 24.8148], [93.1198, 24.811], [93.1213, 24.8085], [93.127, 24.8085], [93.1313, 24.806], [93.1371, 24.8111], [93.1429, 24.8011], [93.1515, 24.7961], [93.1529, 24.7898], [93.1615, 24.7973], [93.1744, 24.8037], [93.1759, 24.7974], [93.1788, 24.7961], [93.1816, 24.8049], [93.1931, 24.8062], [93.1974, 24.8113], [93.1988, 24.815], [93.1959, 24.8163], [93.1916, 24.8226], [93.1973, 24.8339], [93.193, 24.8339], [93.193, 24.8364], [93.1944, 24.8376], [93.1987, 24.8364], [93.2016, 24.8402], [93.2001, 24.8414], [93.1973, 24.8402], [93.1944, 24.8439], [93.1958, 24.8464], [93.2016, 24.8439], [93.2015, 24.8502], [93.1972, 24.8565], [93.2001, 24.8578], [93.2058, 24.8553], [93.2087, 24.8565], [93.2143, 24.8619], [93.2191, 24.8697], [93.2291, 24.8773], [93.2262, 24.8811], [93.2291, 24.8848], [93.2334, 24.8848], [93.2348, 24.8899], [93.2305, 24.8949], [93.2334, 24.8949], [93.2334, 24.8987], [93.2362, 24.9025], [93.242, 24.9012], [93.2434, 24.9037], [93.2434, 24.9075], [93.239, 24.915], [93.2404, 24.9163], [93.2419, 24.915], [93.2505, 24.9151], [93.2533, 24.9188], [93.2502, 24.9301], [93.243, 24.9313], [93.2485, 24.9401], [93.2414, 24.9376], [93.24, 24.9388], [93.2441, 24.9438], [93.2541, 24.9426], [93.2511, 24.9463], [93.2492, 24.9551], [93.2535, 24.9551], [93.2595, 24.9514], [93.2624, 24.9514], [93.2606, 24.9589], [93.2632, 24.9664], [93.2587, 24.9727], [93.2529, 24.9726], [93.2543, 24.9789], [93.2515, 24.9814], [93.253, 24.9827], [93.252, 24.9888], [93.257, 24.996], [93.2557, 25.0022], [93.2614, 25.0009], [93.2633, 25.0042], [93.2625, 25.006], [93.2599, 25.0065], [93.2565, 25.0031], [93.2535, 25.0064], [93.2506, 25.0032], [93.2469, 25.0036], [93.2492, 25.0132], [93.2517, 25.016], [93.2488, 25.0188], [93.2578, 25.0217], [93.2584, 25.0252], [93.2556, 25.0287], [93.2638, 25.0359], [93.2629, 25.0418], [93.2684, 25.0441], [93.2695, 25.0466], [93.2682, 25.0497], [93.2845, 25.0515], [93.2869, 25.0468], [93.2919, 25.0471], [93.297, 25.0477], [93.3001, 25.0526], [93.3024, 25.0519], [93.3025, 25.0482], [93.3046, 25.048], [93.3043, 25.056], [93.3089, 25.0585], [93.3061, 25.0644], [93.3127, 25.078], [93.3223, 25.0884], [93.3236, 25.0917], [93.3358, 25.0958], [93.3405, 25.1144], [93.3444, 25.1161], [93.3444, 25.1213], [93.3464, 25.1251], [93.3492, 25.1254], [93.3461, 25.1299], [93.3489, 25.1348], [93.3469, 25.1377], [93.351, 25.1445], [93.3474, 25.1639], [93.3531, 25.1818], [93.3622, 25.1956], [93.3685, 25.2001], [93.3706, 25.2036], [93.3696, 25.2081], [93.3781, 25.2161], [93.3795, 25.2208], [93.3848, 25.2257], [93.3876, 25.232], [93.3871, 25.2424], [93.3887, 25.2459], [93.3946, 25.2503], [93.4036, 25.2631], [93.4121, 25.2635], [93.4207, 25.2663], [93.4233, 25.2722], [93.4233, 25.2779], [93.4264, 25.2811], [93.4386, 25.2866], [93.4448, 25.2923], [93.452, 25.2947], [93.46, 25.2947], [93.4656, 25.2991], [93.474, 25.3093], [93.4751, 25.2997], [93.4726, 25.2854], [93.4768, 25.279], [93.4875, 25.2759], [93.4949, 25.2787], [93.5044, 25.2758], [93.5108, 25.2756], [93.5042, 25.2534], [93.5051, 25.2441], [93.5164, 25.2448], [93.5206, 25.2488], [93.5294, 25.2484], [93.5412, 25.2454], [93.5547, 25.2505], [93.5631, 25.2466], [93.5749, 25.2276], [93.5782, 25.2257], [93.5816, 25.226], [93.5903, 25.2199], [93.592, 25.2139], [93.5948, 25.2111], [93.593, 25.2039], [93.5971, 25.2043], [93.601, 25.2024], [93.6043, 25.2043], [93.608, 25.2021], [93.6126, 25.2062], [93.6211, 25.2249], [93.6431, 25.26], [93.6435, 25.2659], [93.6499, 25.2691], [93.6516, 25.279], [93.6656, 25.2984], [93.6647, 25.3042], [93.6661, 25.3083], [93.6729, 25.3115], [93.674, 25.3173], [93.6721, 25.3287], [93.6839, 25.3296], [93.6871, 25.3312], [93.6915, 25.3474], [93.6928, 25.3616], [93.7116, 25.3581], [93.718, 25.3616], [93.719, 25.3704], [93.7231, 25.3756], [93.7398, 25.3844], [93.7413, 25.3894], [93.7401, 25.3952], [93.7467, 25.4057], [93.7644, 25.4181], [93.7811, 25.4247], [93.7805, 25.4295], [93.7881, 25.4359], [93.7902, 25.4434], [93.7937, 25.4487], [93.8024, 25.4604], [93.809, 25.4656], [93.8139, 25.4847], [93.804, 25.499], [93.7972, 25.5044], [93.7885, 25.5065], [93.7734, 25.4978], [93.7693, 25.4968], [93.7658, 25.4999], [93.7643, 25.5155], [93.7693, 25.5177], [93.7682, 25.5253], [93.771, 25.536], [93.7706, 25.5403], [93.7795, 25.538], [93.8078, 25.5445], [93.8159, 25.5454], [93.8197, 25.5444], [93.8233, 25.5482], [93.825, 25.556], [93.8333, 25.5564], [93.8335, 25.5614], [93.8365, 25.5631], [93.8622, 25.5575], [93.8784, 25.562], [93.892, 25.5684], [93.9171, 25.5667], [93.9193, 25.564], [93.9301, 25.5654], [93.9435, 25.5634], [93.9574, 25.5568], [93.9652, 25.5566], [93.9779, 25.5662], [93.9805, 25.5713], [94.0006, 25.5739], [94.0074, 25.5699], [94.0104, 25.5713], [94.0123, 25.5753], [94.0118, 25.5791], [94.0077, 25.5909], [94.0104, 25.5954], [94.0147, 25.5961], [94.0255, 25.5934], [94.0273, 25.588], [94.0334, 25.5847], [94.0349, 25.5815], [94.0392, 25.583], [94.039, 25.5799], [94.0436, 25.5775], [94.046, 25.5809], [94.0541, 25.5768], [94.0647, 25.5664], [94.0694, 25.559], [94.08, 25.5616], [94.086, 25.5597], [94.095, 25.5464], [94.0962, 25.5417], [94.0925, 25.538], [94.0921, 25.5327], [94.1061, 25.5289], [94.1387, 25.5237], [94.1452, 25.5276], [94.1482, 25.5317], [94.1529, 25.5478], [94.1601, 25.5553], [94.1635, 25.5499], [94.1679, 25.547], [94.1795, 25.5502], [94.1828, 25.5533], [94.1918, 25.551], [94.1949, 25.5524], [94.1939, 25.5422], [94.1901, 25.5346], [94.1907, 25.5308], [94.2069, 25.514], [94.2069, 25.5116], [94.2129, 25.5082], [94.2128, 25.5028], [94.2149, 25.5002], [94.2199, 25.4996], [94.223, 25.4968], [94.2291, 25.496], [94.2317, 25.4983], [94.2521, 25.4991], [94.2573, 25.5034], [94.2741, 25.503], [94.2799, 25.5055], [94.2867, 25.5117], [94.2907, 25.5095], [94.299, 25.5007], [94.3026, 25.4946], [94.3135, 25.4945], [94.3207, 25.4993], [94.329, 25.5084], [94.3647, 25.5215], [94.3885, 25.5366], [94.4109, 25.5435], [94.4168, 25.5419], [94.4203, 25.5427], [94.4256, 25.5529], [94.4264, 25.5615], [94.4251, 25.573], [94.4224, 25.576], [94.43, 25.5927], [94.4478, 25.598], [94.4493, 25.6011], [94.474, 25.6216], [94.4912, 25.6198], [94.4934, 25.6143], [94.4993, 25.6165], [94.5018, 25.62], [94.5054, 25.617], [94.5078, 25.6189], [94.5087, 25.6269], [94.5109, 25.6299], [94.5145, 25.6305], [94.5242, 25.6434], [94.5282, 25.6443], [94.5307, 25.6426], [94.5315, 25.6501], [94.5395, 25.6511], [94.5447, 25.6575], [94.5518, 25.6625], [94.5522, 25.6674], [94.5651, 25.6808], [94.568, 25.6922], [94.573, 25.6977], [94.5871, 25.6919], [94.5956, 25.6913], [94.5969, 25.6869], [94.59, 25.6812], [94.5853, 25.6749], [94.5874, 25.6718], [94.5834, 25.6652], [94.5852, 25.6618], [94.582, 25.6606], [94.5814, 25.6574], [94.5768, 25.6528], [94.5761, 25.6447], [94.5869, 25.6466], [94.5952, 25.6439], [94.5838, 25.6345], [94.5785, 25.6263], [94.5728, 25.6113], [94.5651, 25.6026], [94.5557, 25.5858], [94.5615, 25.5783], [94.5604, 25.568], [94.5647, 25.5679], [94.5614, 25.5605], [94.5629, 25.5495], [94.5599, 25.5457], [94.5635, 25.5397], [94.5583, 25.5349], [94.5613, 25.5307], [94.5574, 25.5128], [94.5682, 25.5066], [94.5746, 25.5052], [94.585, 25.4969], [94.5872, 25.4925], [94.5908, 25.4897], [94.6075, 25.4824], [94.6253, 25.4691], [94.633, 25.4657], [94.666, 25.4554], [94.6698, 25.4554], [94.6824, 25.4597], [94.6781, 25.4265], [94.6738, 25.4162], [94.671, 25.4125], [94.6492, 25.4064], [94.6312, 25.3873], [94.6274, 25.3747], [94.6277, 25.3554], [94.6221, 25.3368], [94.6132, 25.322], [94.5987, 25.2891], [94.5993, 25.2669], [94.5919, 25.2374], [94.5866, 25.225], [94.5854, 25.2157], [94.5921, 25.2055], [94.6017, 25.1952], [94.6089, 25.191], [94.6131, 25.1895], [94.6227, 25.1913], [94.6309, 25.1904], [94.6381, 25.1816], [94.6478, 25.1744], [94.6577, 25.1724], [94.6774, 25.165], [94.6872, 25.1579], [94.6986, 25.1606], [94.7035, 25.1598], [94.7136, 25.1499], [94.7289, 25.1437], [94.7358, 25.1428], [94.7457, 25.1366], [94.7455, 25.1017], [94.751, 25.0754], [94.7507, 25.0635], [94.7422, 25.0252], [94.7352, 25.0127], [94.7261, 25.0013], [94.7132, 24.9937], [94.7031, 24.9783], [94.7019, 24.9684], [94.7038, 24.9636], [94.7091, 24.9558], [94.7136, 24.953], [94.7191, 24.9425], [94.7059, 24.9343], [94.7015, 24.9276], [94.693, 24.9079], [94.6921, 24.8999], [94.6889, 24.895], [94.6797, 24.8869], [94.6568, 24.8736], [94.6579, 24.8672], [94.6561, 24.8629], [94.6412, 24.8487], [94.6378, 24.8424], [94.6348, 24.8293], [94.6348, 24.8148], [94.6273, 24.8043], [94.6248, 24.7958], [94.6254, 24.7848], [94.633, 24.7728], [94.6333, 24.765], [94.6177, 24.7441], [94.6124, 24.7336], [94.6108, 24.7221], [94.5994, 24.7153], [94.591, 24.7109], [94.5845, 24.7149], [94.5865, 24.7223], [94.5858, 24.73], [94.5817, 24.7313], [94.5776, 24.7302], [94.5734, 24.722], [94.5766, 24.7121], [94.5706, 24.7116], [94.5625, 24.7183], [94.5567, 24.7192], [94.551, 24.7165], [94.5466, 24.7075], [94.5529, 24.6928], [94.5507, 24.6749], [94.5406, 24.649], [94.5315, 24.6324], [94.5208, 24.6168], [94.5024, 24.5964], [94.4982, 24.5928], [94.4899, 24.5892], [94.4853, 24.5822], [94.4655, 24.5756], [94.4595, 24.5668], [94.4405, 24.5204], [94.4366, 24.5159], [94.4296, 24.4933], [94.4215, 24.4905], [94.409, 24.4896], [94.4034, 24.4878], [94.4115, 24.4697], [94.4005, 24.4621], [94.408, 24.4538], [94.4089, 24.4441], [94.4075, 24.4312], [94.4039, 24.4211], [94.3992, 24.4131], [94.3744, 24.4048], [94.3668, 24.4046], [94.3653, 24.3997], [94.3861, 24.3846], [94.3834, 24.3794], [94.3518, 24.342], [94.3471, 24.3394], [94.3263, 24.3389], [94.3252, 24.3342], [94.3269, 24.3306], [94.3279, 24.319], [94.328, 24.2924], [94.3132, 24.2541], [94.2951, 24.2399], [94.2851, 24.2026], [94.2837, 24.1799], [94.2797, 24.1759], [94.2665, 24.1722], [94.2627, 24.1677], [94.258, 24.1429], [94.2592, 24.1198], [94.2567, 24.1066], [94.26, 24.0962], [94.2597, 24.0896], [94.2472, 24.0626], [94.2399, 24.066], [94.2331, 24.0669], [94.2352, 24.0587], [94.2453, 24.0442], [94.2154, 23.9975], [94.2103, 23.9924], [94.1945, 23.965], [94.1935, 23.9512], [94.1968, 23.944], [94.196, 23.9377], [94.1904, 23.9341], [94.1769, 23.9388], [94.1708, 23.9351], [94.1682, 23.8891], [94.165, 23.8649], [94.1615, 23.8528], [94.1554, 23.8515], [94.1471, 23.8561], [94.1393, 23.8559], [94.1351, 23.8461], [94.1288, 23.8428], [94.1226, 23.8427], [94.1148, 23.8525], [94.1141, 23.8666], [94.1116, 23.8709], [94.1042, 23.8772], [94.101, 23.889], [94.0961, 23.8936], [94.0906, 23.8945], [94.0757, 23.8931], [94.0566, 23.8976], [94.0511, 23.9004], [94.0469, 23.9134], [94.0432, 23.918], [94.0277, 23.926], [94.0177, 23.934], [94.0134, 23.9345], [94.0015, 23.9312], [93.9816, 23.9333], [93.9764, 23.9353], [93.9694, 23.9339], [93.9622, 23.9371], [93.96, 23.9469], [93.9538, 23.9502], [93.921, 23.9568], [93.907, 23.9571], [93.8961, 23.9548], [93.8871, 23.9475], [93.877, 23.9469], [93.8662, 23.9379], [93.8486, 23.9381], [93.8375, 23.9321], [93.816, 23.9298], [93.8081, 23.9331], [93.8057, 23.9374], [93.8053, 23.9472], [93.8011, 23.9556], [93.7972, 23.9566], [93.7935, 23.9675], [93.7856, 23.9694], [93.7793, 23.9779], [93.7735, 23.9824], [93.7622, 24.0041], [93.7569, 24.0095], [93.7466, 24.0085], [93.7444, 24.0012]]]]}}, {"type": "Feature", "properties": {"state": "Meghalaya", "code": "IN.ML", "country": "India", "region": "Northeast India"}, "geometry": {"type": "MultiPolygon", "coordinates": [[[[91.3684, 25.1708], [91.3637, 25.1782], [91.3606, 25.1777], [91.3537, 25.1713], [91.3515, 25.1759], [91.3371, 25.1737], [91.3323, 25.1774], [91.3269, 25.1763], [91.3238, 25.1812], [91.3177, 25.1838], [91.3046, 25.1827], [91.3001, 25.1844], [91.2924, 25.1839], [91.2884, 25.1866], [91.2865, 25.1855], [91.2886, 25.1902], [91.2921, 25.1934], [91.2761, 25.1992], [91.271, 25.204], [91.2588, 25.1987], [91.258, 25.1962], [91.2515, 25.1946], [91.2473, 25.1979], [91.2354, 25.1953], [91.2244, 25.2003], [91.2232, 25.1991], [91.1946, 25.2019], [91.1929, 25.2016], [91.1941, 25.1984], [91.1722, 25.1943], [91.1606, 25.1944], [91.1561, 25.1961], [91.1275, 25.1934], [91.0696, 25.1985], [91.0718, 25.1935], [91.0678, 25.1916], [91.0551, 25.1926], [91.0499, 25.1899], [91.0415, 25.1878], [91.0395, 25.1886], [91.0383, 25.1864], [91.0303, 25.1852], [91.019, 25.1871], [91.0187, 25.1839], [91.0094, 25.1833], [91.0065, 25.1805], [91.0019, 25.1814], [90.9847, 25.1751], [90.9773, 25.1741], [90.973, 25.1752], [90.9653, 25.171], [90.9488, 25.1709], [90.9464, 25.1677], [90.9279, 25.1623], [90.9187, 25.1635], [90.9045, 25.162], [90.8997, 25.1646], [90.8948, 25.1628], [90.8857, 25.1643], [90.8758, 25.1583], [90.8709, 25.1587], [90.867, 25.1561], [90.8636, 25.1579], [90.8535, 25.1558], [90.8434, 25.1592], [90.8245, 25.1611], [90.8236, 25.1629], [90.8195, 25.1627], [90.8187, 25.1652], [90.8144, 25.1625], [90.8049, 25.1665], [90.8045, 25.172], [90.7976, 25.1754], [90.7949, 25.1813], [90.7872, 25.1788], [90.7817, 25.1815], [90.7697, 25.1769], [90.7639, 25.17], [90.7659, 25.1678], [90.7645, 25.1662], [90.758, 25.1671], [90.751, 25.1641], [90.7488, 25.1661], [90.7476, 25.1641], [90.742, 25.166], [90.7418, 25.1703], [90.7399, 25.1694], [90.7392, 25.1666], [90.7342, 25.1669], [90.7331, 25.1621], [90.7378, 25.1644], [90.7458, 25.1604], [90.7453, 25.1566], [90.7422, 25.1568], [90.7393, 25.1544], [90.7343, 25.1574], [90.7319, 25.1551], [90.7314, 25.1575], [90.7266, 25.1582], [90.7259, 25.1623], [90.7231, 25.1645], [90.7177, 25.1638], [90.7147, 25.1677], [90.7099, 25.1682], [90.708, 25.1667], [90.7065, 25.1612], [90.7023, 25.1622], [90.7006, 25.1649], [90.6992, 25.1613], [90.7005, 25.1595], [90.698, 25.157], [90.695, 25.1601], [90.6917, 25.161], [90.6898, 25.1643], [90.6868, 25.1649], [90.6837, 25.1633], [90.6821, 25.1644], [90.6804, 25.1694], [90.6854, 25.1723], [90.686, 25.1744], [90.6812, 25.1723], [90.6751, 25.1726], [90.6756, 25.1765], [90.6743, 25.1765], [90.6699, 25.1664], [90.6659, 25.166], [90.6665, 25.1697], [90.6638, 25.173], [90.6651, 25.1764], [90.6634, 25.179], [90.6655, 25.1811], [90.6647, 25.1855], [90.6606, 25.1858], [90.658, 25.1835], [90.6549, 25.1903], [90.6496, 25.1952], [90.6474, 25.1939], [90.6525, 25.1888], [90.6513, 25.1882], [90.6523, 25.187], [90.6511, 25.1821], [90.6479, 25.1808], [90.647, 25.1785], [90.6488, 25.1733], [90.6423, 25.1746], [90.6369, 25.1722], [90.6269, 25.1723], [90.6246, 25.1741], [90.6205, 25.1744], [90.6182, 25.1727], [90.6156, 25.1776], [90.6138, 25.1738], [90.6133, 25.1753], [90.6048, 25.1761], [90.6035, 25.1749], [90.5981, 25.1768], [90.5897, 25.1753], [90.5878, 25.1766], [90.5862, 25.1736], [90.5789, 25.1749], [90.577, 25.1719], [90.5735, 25.1729], [90.5715, 25.171], [90.5608, 25.1718], [90.5596, 25.1736], [90.5549, 25.1718], [90.5513, 25.1753], [90.5407, 25.1729], [90.5318, 25.1735], [90.5248, 25.172], [90.5167, 25.173], [90.5157, 25.1698], [90.5096, 25.171], [90.5098, 25.1695], [90.5066, 25.17], [90.494, 25.1614], [90.4596, 25.1523], [90.455, 25.1444], [90.441, 25.1446], [90.4186, 25.1509], [90.4044, 25.16], [90.4002, 25.1591], [90.3705, 25.1629], [90.3467, 25.1785], [90.3367, 25.1896], [90.3301, 25.1939], [90.3181, 25.1897], [90.3139, 25.1912], [90.3104, 25.1889], [90.2865, 25.1958], [90.2819, 25.1954], [90.2681, 25.1985], [90.264, 25.1963], [90.2339, 25.205], [90.2255, 25.2006], [90.2194, 25.2068], [90.2152, 25.2055], [90.2078, 25.2103], [90.1959, 25.2111], [90.1919, 25.2152], [90.1879, 25.2152], [90.1714, 25.2232], [90.1281, 25.2257], [90.1181, 25.2236], [90.1123, 25.2255], [90.0942, 25.2374], [90.0812, 25.2405], [90.0741, 25.2441], [90.0598, 25.2539], [90.0545, 25.2615], [90.0467, 25.2607], [90.0337, 25.2624], [90.0042, 25.2806], [89.996, 25.2768], [89.9807, 25.281], [89.9803, 25.2908], [89.9769, 25.2971], [89.9674, 25.3033], [89.9566, 25.2999], [89.9534, 25.2956], [89.9506, 25.2963], [89.9492, 25.2928], [89.9469, 25.2948], [89.9456, 25.3029], [89.9438, 25.3045], [89.9389, 25.2991], [89.927, 25.3014], [89.9235, 25.3044], [89.9091, 25.3081], [89.9016, 25.3032], [89.8897, 25.2899], [89.8765, 25.2854], [89.8631, 25.288], [89.8592, 25.2862], [89.8539, 25.2895], [89.8485, 25.2895], [89.8448, 25.2925], [89.8316, 25.2957], [89.8376, 25.3025], [89.8372, 25.3054], [89.8416, 25.3083], [89.8412, 25.3156], [89.8383, 25.3235], [89.8327, 25.3315], [89.8267, 25.3469], [89.8239, 25.3475], [89.8226, 25.3501], [89.8196, 25.3808], [89.827, 25.4016], [89.8273, 25.4063], [89.8253, 25.4078], [89.8257, 25.4166], [89.8305, 25.4285], [89.8327, 25.4389], [89.841, 25.4536], [89.8488, 25.4631], [89.8473, 25.4633], [89.8523, 25.4664], [89.8521, 25.4726], [89.8492, 25.474], [89.8505, 25.4859], [89.8492, 25.4925], [89.855, 25.4973], [89.8537, 25.504], [89.857, 25.5045], [89.8602, 25.5177], [89.8512, 25.5387], [89.8604, 25.5427], [89.8701, 25.5442], [89.8738, 25.5493], [89.8776, 25.5489], [89.8864, 25.5579], [89.9261, 25.5635], [89.9358, 25.5627], [89.9416, 25.5676], [89.9665, 25.5717], [89.9728, 25.5746], [89.9751, 25.5835], [89.9792, 25.5907], [90.0021, 25.5842], [90.0111, 25.5984], [90.0173, 25.6022], [90.0184, 25.6084], [90.0045, 25.6238], [90.0014, 25.6244], [89.9993, 25.6219], [89.9833, 25.6267], [89.9804, 25.6376], [89.947, 25.6588], [89.9418, 25.6737], [89.9417, 25.6781], [89.937, 25.6866], [89.9211, 25.6944], [89.9185, 25.7027], [89.9143, 25.704], [89.8942, 25.7272], [89.8926, 25.735], [89.8954, 25.7441], [89.9114, 25.7416], [89.9161, 25.7392], [89.9219, 25.7392], [89.9335, 25.7446], [89.9346, 25.7475], [89.9337, 25.7525], [89.9435, 25.7605], [89.9552, 25.7745], [89.955, 25.7816], [89.9526, 25.7834], [89.9508, 25.792], [89.952, 25.8109], [89.9494, 25.8144], [89.9456, 25.8161], [89.9446, 25.8245], [89.9589, 25.8266], [89.968, 25.8262], [89.9735, 25.8281], [89.9759, 25.834], [89.9908, 25.8355], [90.0016, 25.8422], [89.9974, 25.8442], [89.9976, 25.8467], [90.0003, 25.8486], [90.0083, 25.8468], [90.0208, 25.8616], [90.0219, 25.8655], [90.0187, 25.8714], [90.0144, 25.8718], [90.0047, 25.8787], [90.0213, 25.8932], [90.0279, 25.8943], [90.0421, 25.8908], [90.0522, 25.8987], [90.0551, 25.9081], [90.0633, 25.9155], [90.0676, 25.9162], [90.0724, 25.9193], [90.078, 25.9177], [90.0807, 25.9245], [90.0919, 25.9288], [90.088, 25.9362], [90.0961, 25.9395], [90.0991, 25.9393], [90.1005, 25.9421], [90.1054, 25.9419], [90.1079, 25.9506], [90.1187, 25.9613], [90.12, 25.9577], [90.1232, 25.9572], [90.1284, 25.9588], [90.14, 25.9581], [90.1474, 25.9645], [90.1534, 25.9647], [90.1545, 25.9602], [90.1584, 25.9583], [90.1685, 25.9574], [90.1727, 25.9587], [90.1761, 25.9571], [90.1825, 25.9445], [90.1857, 25.9456], [90.1895, 25.9532], [90.194, 25.957], [90.2084, 25.9616], [90.2128, 25.9539], [90.2274, 25.9551], [90.2866, 25.9639], [90.3243, 25.9744], [90.3291, 25.9827], [90.3299, 25.9885], [90.3369, 25.9902], [90.3393, 25.9969], [90.3467, 26.003], [90.365, 26.0103], [90.3874, 26.0113], [90.3965, 26.0142], [90.4002, 26.0093], [90.411, 26.0059], [90.4165, 25.9969], [90.4174, 25.9923], [90.4286, 25.989], [90.4575, 25.9996], [90.4591, 26.0032], [90.4709, 26.0126], [90.4773, 26.0153], [90.4896, 26.0096], [90.5057, 25.996], [90.5136, 25.9824], [90.5298, 25.9619], [90.5345, 25.958], [90.5338, 25.9363], [90.5322, 25.9326], [90.5262, 25.9283], [90.5185, 25.9094], [90.5111, 25.9001], [90.5125, 25.8962], [90.518, 25.8965], [90.5255, 25.901], [90.5392, 25.9155], [90.5468, 25.9199], [90.5534, 25.9291], [90.5714, 25.939], [90.5728, 25.9482], [90.5788, 25.958], [90.5825, 25.9598], [90.5873, 25.9539], [90.5919, 25.9521], [90.6019, 25.9518], [90.6054, 25.947], [90.629, 25.9374], [90.6076, 25.9196], [90.6065, 25.9123], [90.6081, 25.908], [90.6107, 25.9074], [90.6142, 25.8995], [90.6248, 25.8989], [90.6289, 25.9065], [90.6269, 25.9113], [90.6273, 25.917], [90.6378, 25.9233], [90.6757, 25.9365], [90.686, 25.9508], [90.7131, 25.9522], [90.7177, 25.9547], [90.7207, 25.9492], [90.7254, 25.9488], [90.7323, 25.9526], [90.7474, 25.9573], [90.7438, 25.9494], [90.7447, 25.9465], [90.7403, 25.9409], [90.7441, 25.9328], [90.7526, 25.934], [90.7462, 25.9219], [90.7405, 25.9152], [90.7423, 25.913], [90.7454, 25.9123], [90.7501, 25.9192], [90.7589, 25.9216], [90.7577, 25.9111], [90.7691, 25.9085], [90.7781, 25.9083], [90.7785, 25.9143], [90.7817, 25.9212], [90.7917, 25.9357], [90.7971, 25.9415], [90.8087, 25.9472], [90.8099, 25.9522], [90.8204, 25.9484], [90.8239, 25.9451], [90.828, 25.9474], [90.8323, 25.9453], [90.8362, 25.9473], [90.8368, 25.9382], [90.8398, 25.9384], [90.841, 25.9432], [90.8432, 25.9448], [90.8729, 25.9429], [90.8724, 25.9467], [90.8752, 25.9491], [90.8802, 25.9463], [90.883, 25.9517], [90.8924, 25.9391], [90.8965, 25.9375], [90.8954, 25.9315], [90.9012, 25.9296], [90.9191, 25.9133], [90.9163, 25.9281], [90.9159, 25.9432], [90.9321, 25.9397], [90.9427, 25.9476], [90.9456, 25.9391], [90.9579, 25.9339], [90.9606, 25.9277], [90.9669, 25.9053], [90.9675, 25.8872], [90.9848, 25.8899], [90.9969, 25.8887], [91.0013, 25.8865], [91.0137, 25.8843], [91.0206, 25.8873], [91.0292, 25.888], [91.0265, 25.8666], [91.0218, 25.8613], [91.0131, 25.8572], [91.0127, 25.8488], [91.0008, 25.8223], [91.0061, 25.8208], [91.0208, 25.8226], [91.0249, 25.8276], [91.042, 25.8394], [91.0491, 25.8488], [91.0659, 25.8464], [91.0785, 25.8526], [91.073, 25.8425], [91.0729, 25.8383], [91.0618, 25.8361], [91.0572, 25.832], [91.0499, 25.8289], [91.0633, 25.8204], [91.0665, 25.8258], [91.0814, 25.8293], [91.1208, 25.8313], [91.1263, 25.8382], [91.1317, 25.8419], [91.1379, 25.8421], [91.1454, 25.8473], [91.1529, 25.8501], [91.1617, 25.8493], [91.1682, 25.8456], [91.179, 25.8428], [91.1965, 25.859], [91.1987, 25.8476], [91.2026, 25.8405], [91.1945, 25.8306], [91.1943, 25.8264], [91.1899, 25.8208], [91.1882, 25.8156], [91.191, 25.8107], [91.1847, 25.795], [91.184, 25.7826], [91.1799, 25.7763], [91.1812, 25.7733], [91.1859, 25.7699], [91.1857, 25.7669], [91.1892, 25.7635], [91.1887, 25.7389], [91.1923, 25.7361], [91.192, 25.7296], [91.198, 25.731], [91.2159, 25.7239], [91.2214, 25.726], [91.2239, 25.7234], [91.2554, 25.7478], [91.2623, 25.7493], [91.2756, 25.7469], [91.2765, 25.7517], [91.2796, 25.7567], [91.2873, 25.7641], [91.2969, 25.7782], [91.3063, 25.7964], [91.325, 25.8238], [91.3324, 25.8321], [91.3336, 25.8388], [91.3425, 25.8361], [91.3444, 25.8394], [91.3486, 25.8404], [91.3533, 25.8377], [91.3569, 25.8415], [91.3637, 25.8405], [91.3705, 25.8443], [91.4012, 25.8511], [91.4051, 25.8499], [91.4127, 25.8539], [91.4189, 25.8547], [91.4243, 25.8536], [91.4308, 25.8478], [91.4444, 25.841], [91.4474, 25.8457], [91.455, 25.8513], [91.4687, 25.859], [91.4784, 25.8577], [91.483, 25.8629], [91.496, 25.8623], [91.5079, 25.8648], [91.5128, 25.8666], [91.5218, 25.8743], [91.5254, 25.8729], [91.5289, 25.8809], [91.5326, 25.8841], [91.5321, 25.8882], [91.5297, 25.8897], [91.5258, 25.8901], [91.5222, 25.8859], [91.5173, 25.8747], [91.5078, 25.8674], [91.4983, 25.8672], [91.4937, 25.8655], [91.4774, 25.8687], [91.4748, 25.8712], [91.4787, 25.8847], [91.4834, 25.8911], [91.4885, 25.8948], [91.4929, 25.8956], [91.4986, 25.8925], [91.5033, 25.8922], [91.5012, 25.8985], [91.5085, 25.9098], [91.5313, 25.9237], [91.5359, 25.934], [91.5217, 25.9249], [91.5108, 25.9154], [91.5056, 25.9131], [91.5033, 25.9143], [91.5016, 25.9208], [91.5198, 25.9409], [91.5185, 25.9582], [91.5258, 25.9613], [91.5372, 25.9621], [91.5373, 25.9684], [91.5489, 25.9751], [91.5513, 25.9749], [91.5548, 25.9866], [91.5661, 26.0038], [91.5651, 26.0075], [91.5686, 26.0119], [91.57, 26.0275], [91.5758, 26.0331], [91.5881, 26.0301], [91.5971, 26.0171], [91.5968, 26.0208], [91.6165, 26.0247], [91.6203, 26.027], [91.6322, 26.0224], [91.6334, 26.0179], [91.6321, 26.014], [91.633, 26.0049], [91.6304, 25.9998], [91.6267, 25.9977], [91.6287, 25.9951], [91.6247, 25.9859], [91.628, 25.977], [91.6379, 25.9648], [91.6341, 25.9605], [91.6301, 25.9446], [91.6246, 25.946], [91.6109, 25.9446], [91.6112, 25.9399], [91.6228, 25.931], [91.6328, 25.9258], [91.6479, 25.9137], [91.6515, 25.9077], [91.6619, 25.9099], [91.6672, 25.9082], [91.6693, 25.9054], [91.676, 25.9118], [91.6786, 25.9173], [91.6864, 25.9212], [91.6923, 25.9291], [91.702, 25.9379], [91.7009, 25.9419], [91.7139, 25.9472], [91.7202, 25.9541], [91.7216, 25.9651], [91.7198, 25.9783], [91.7212, 26.0018], [91.7247, 26.0273], [91.7232, 26.0303], [91.7264, 26.0469], [91.733, 26.051], [91.7346, 26.0566], [91.7313, 26.0592], [91.7595, 26.0713], [91.7785, 26.0912], [91.7804, 26.0883], [91.7846, 26.0866], [91.7904, 26.087], [91.8018, 26.1049], [91.8081, 26.1038], [91.8108, 26.1052], [91.8193, 26.1187], [91.8266, 26.1181], [91.8538, 26.1048], [91.8758, 26.0977], [91.8752, 26.0846], [91.8693, 26.0569], [91.8702, 26.0522], [91.8832, 26.03], [91.892, 26.0296], [91.9009, 26.0263], [91.9075, 26.0271], [91.917, 26.0215], [91.9157, 26.0103], [91.9187, 26.0072], [91.9196, 26.0001], [91.9221, 25.9995], [91.9258, 25.9997], [91.934, 26.0147], [91.9463, 26.0145], [91.9524, 26.0178], [91.9782, 26.0259], [91.9842, 26.0305], [91.9874, 26.0387], [91.9911, 26.041], [92.0034, 26.038], [92.0082, 26.0394], [92.0239, 26.0384], [92.0348, 26.0397], [92.0396, 26.0362], [92.0529, 26.0328], [92.0632, 26.0347], [92.0934, 26.0485], [92.1089, 26.0497], [92.1234, 26.0449], [92.1331, 26.0459], [92.1382, 26.0528], [92.1462, 26.0586], [92.1505, 26.0649], [92.1547, 26.0681], [92.1691, 26.0776], [92.1783, 26.0795], [92.1809, 26.0762], [92.1789, 26.0692], [92.1804, 26.0685], [92.1823, 26.0703], [92.1883, 26.0689], [92.1894, 26.0669], [92.2018, 26.07], [92.2083, 26.0686], [92.2088, 26.0707], [92.212, 26.071], [92.2283, 26.0676], [92.2412, 26.0625], [92.2657, 26.0654], [92.2686, 26.0679], [92.2737, 26.065], [92.2807, 26.0692], [92.2881, 26.07], [92.2939, 26.0778], [92.2973, 26.0791], [92.3016, 26.0765], [92.2557, 26.0289], [92.2214, 26.0023], [92.2217, 25.9986], [92.2192, 26.0008], [92.2152, 25.9963], [92.2077, 25.9917], [92.2091, 25.9897], [92.2074, 25.9882], [92.2009, 25.9856], [92.1916, 25.9852], [92.181, 25.9752], [92.1731, 25.9722], [92.1674, 25.9677], [92.1656, 25.9644], [92.1673, 25.9588], [92.1653, 25.954], [92.1608, 25.9515], [92.1563, 25.9448], [92.1575, 25.9393], [92.1614, 25.9325], [92.1599, 25.9152], [92.1637, 25.9118], [92.1809, 25.9086], [92.1867, 25.9158], [92.192, 25.9158], [92.1972, 25.918], [92.1977, 25.9113], [92.2006, 25.9082], [92.2075, 25.9105], [92.2175, 25.9099], [92.2226, 25.9113], [92.2255, 25.907], [92.225, 25.9016], [92.2182, 25.9002], [92.2156, 25.8938], [92.2033, 25.8901], [92.195, 25.8813], [92.1799, 25.8702], [92.181, 25.8514], [92.1752, 25.8465], [92.1714, 25.8377], [92.1655, 25.833], [92.1631, 25.8218], [92.1557, 25.8166], [92.1531, 25.8127], [92.1537, 25.7955], [92.151, 25.7836], [92.1552, 25.7786], [92.1541, 25.7729], [92.156, 25.7645], [92.1648, 25.7448], [92.1655, 25.7344], [92.1642, 25.7287], [92.1537, 25.7227], [92.1496, 25.7145], [92.1511, 25.7118], [92.1559, 25.7091], [92.1576, 25.701], [92.1615, 25.696], [92.1604, 25.6909], [92.1644, 25.6849], [92.1655, 25.6784], [92.1607, 25.6719], [92.171, 25.6669], [92.1848, 25.6811], [92.192, 25.6863], [92.2001, 25.6873], [92.2106, 25.6959], [92.2249, 25.714], [92.229, 25.7162], [92.2326, 25.7151], [92.2338, 25.7101], [92.2368, 25.7084], [92.248, 25.711], [92.2705, 25.7109], [92.2846, 25.7159], [92.2936, 25.7173], [92.3061, 25.7231], [92.3083, 25.7262], [92.3177, 25.7238], [92.3335, 25.7252], [92.339, 25.7269], [92.3518, 25.7349], [92.363, 25.7365], [92.3683, 25.7404], [92.3675, 25.7424], [92.3715, 25.7465], [92.3851, 25.7536], [92.3869, 25.7525], [92.3835, 25.7474], [92.387, 25.7431], [92.3948, 25.7415], [92.4048, 25.7437], [92.4107, 25.7431], [92.4164, 25.7405], [92.4125, 25.7374], [92.4128, 25.733], [92.417, 25.7297], [92.4332, 25.7315], [92.442, 25.7209], [92.4364, 25.7156], [92.4296, 25.7133], [92.4272, 25.7104], [92.4315, 25.7043], [92.4333, 25.6952], [92.4321, 25.691], [92.4343, 25.6875], [92.4405, 25.6881], [92.44, 25.6892], [92.4654, 25.6825], [92.4715, 25.6749], [92.4747, 25.6733], [92.4813, 25.6639], [92.4933, 25.6361], [92.4979, 25.627], [92.5017, 25.6229], [92.5106, 25.6172], [92.5173, 25.6201], [92.5332, 25.6159], [92.5404, 25.6178], [92.5445, 25.6143], [92.5532, 25.6138], [92.5576, 25.612], [92.5586, 25.609], [92.5562, 25.6059], [92.5563, 25.5928], [92.5609, 25.5827], [92.561, 25.5743], [92.5725, 25.5604], [92.5814, 25.5598], [92.5875, 25.553], [92.6026, 25.5574], [92.6035, 25.5611], [92.6087, 25.5657], [92.6289, 25.5695], [92.6406, 25.5874], [92.6483, 25.5924], [92.6535, 25.5922], [92.6605, 25.5851], [92.6607, 25.5703], [92.6574, 25.5634], [92.6499, 25.56], [92.645, 25.5466], [92.6447, 25.5374], [92.6376, 25.5285], [92.6276, 25.5222], [92.6216, 25.5158], [92.6096, 25.5126], [92.6056, 25.5081], [92.5936, 25.5031], [92.5756, 25.4904], [92.5678, 25.4808], [92.5666, 25.4751], [92.5674, 25.4675], [92.5715, 25.4641], [92.5823, 25.4729], [92.5854, 25.4676], [92.5982, 25.4717], [92.6014, 25.4641], [92.6002, 25.4539], [92.6056, 25.4484], [92.6053, 25.4419], [92.6078, 25.4304], [92.607, 25.4185], [92.6091, 25.4166], [92.6148, 25.4174], [92.6206, 25.4237], [92.6286, 25.425], [92.6293, 25.4346], [92.6379, 25.4288], [92.6379, 25.4227], [92.6396, 25.4196], [92.6416, 25.4195], [92.6543, 25.4353], [92.6537, 25.4239], [92.6601, 25.4104], [92.6637, 25.4094], [92.667, 25.4141], [92.6738, 25.4171], [92.68, 25.4086], [92.6935, 25.4], [92.7004, 25.3878], [92.7129, 25.3845], [92.7181, 25.375], [92.7214, 25.3755], [92.7254, 25.3804], [92.7348, 25.3825], [92.7371, 25.3813], [92.7361, 25.3738], [92.7406, 25.3668], [92.7401, 25.3646], [92.7482, 25.3581], [92.7512, 25.3485], [92.7588, 25.3399], [92.7606, 25.3353], [92.7725, 25.3396], [92.7844, 25.3325], [92.788, 25.3176], [92.7838, 25.308], [92.7922, 25.2852], [92.7891, 25.2785], [92.7698, 25.2689], [92.7762, 25.2629], [92.7767, 25.2605], [92.7646, 25.2493], [92.7703, 25.2402], [92.7722, 25.2333], [92.7863, 25.2314], [92.8031, 25.2215], [92.8044, 25.2193], [92.7984, 25.2134], [92.7929, 25.2124], [92.7796, 25.2031], [92.7676, 25.2048], [92.7589, 25.204], [92.7471, 25.2078], [92.742, 25.2031], [92.7333, 25.2032], [92.7162, 25.1942], [92.7046, 25.1905], [92.6939, 25.1814], [92.6794, 25.1831], [92.6722, 25.1782], [92.6669, 25.1771], [92.663, 25.173], [92.6595, 25.1591], [92.6557, 25.1541], [92.6441, 25.1512], [92.638, 25.1452], [92.6324, 25.1376], [92.63, 25.125], [92.6247, 25.1187], [92.6216, 25.1177], [92.61, 25.1241], [92.5984, 25.1247], [92.5944, 25.1283], [92.5817, 25.1319], [92.5578, 25.13], [92.5532, 25.1307], [92.5399, 25.1373], [92.5356, 25.1344], [92.5302, 25.1368], [92.5275, 25.1399], [92.5247, 25.14], [92.5252, 25.1256], [92.5302, 25.1219], [92.5331, 25.1121], [92.5408, 25.1041], [92.5429, 25.0996], [92.538, 25.0993], [92.532, 25.104], [92.5265, 25.1059], [92.5098, 25.1055], [92.4991, 25.1081], [92.4843, 25.1081], [92.4803, 25.1004], [92.4802, 25.0858], [92.4746, 25.0708], [92.4709, 25.0669], [92.466, 25.0572], [92.4598, 25.0547], [92.4602, 25.0496], [92.4629, 25.0501], [92.4647, 25.0472], [92.4633, 25.0371], [92.4568, 25.035], [92.451, 25.041], [92.4465, 25.042], [92.4418, 25.0399], [92.4379, 25.0338], [92.4259, 25.0318], [92.4306, 25.0323], [92.4328, 25.031], [92.4333, 25.0281], [92.4295, 25.0097], [92.4236, 24.9961], [92.4245, 24.9826], [92.4295, 24.9799], [92.4285, 24.9726], [92.4352, 24.9664], [92.4459, 24.967], [92.4494, 24.9721], [92.4605, 24.9762], [92.471, 24.9641], [92.4737, 24.9571], [92.4647, 24.9548], [92.4633, 24.9559], [92.4677, 24.9589], [92.4683, 24.9627], [92.4588, 24.9705], [92.4478, 24.9658], [92.4236, 24.9649], [92.4194, 24.9676], [92.4221, 24.9885], [92.4204, 24.9905], [92.4143, 24.9903], [92.4165, 24.9919], [92.4241, 25.0102], [92.4242, 25.0195], [92.4259, 25.0202], [92.4252, 25.0297], [92.4237, 25.0301], [92.4214, 25.0279], [92.4169, 25.0304], [92.4129, 25.0288], [92.405, 25.0327], [92.4022, 25.0319], [92.4006, 25.0342], [92.3985, 25.0331], [92.3927, 25.0399], [92.3855, 25.0406], [92.3837, 25.0425], [92.3832, 25.0386], [92.3825, 25.0406], [92.3812, 25.0393], [92.3805, 25.0415], [92.381, 25.0399], [92.3794, 25.0396], [92.3768, 25.0429], [92.3737, 25.0428], [92.3751, 25.0434], [92.3747, 25.0437], [92.3708, 25.0428], [92.3696, 25.041], [92.3677, 25.0425], [92.369, 25.0439], [92.3683, 25.0463], [92.3629, 25.05], [92.3608, 25.0469], [92.3584, 25.0474], [92.358, 25.0503], [92.3565, 25.0501], [92.3566, 25.0476], [92.3543, 25.048], [92.3542, 25.0496], [92.3512, 25.0485], [92.3502, 25.0497], [92.3473, 25.0478], [92.346, 25.0492], [92.3414, 25.0487], [92.3392, 25.0505], [92.3402, 25.0514], [92.3423, 25.0543], [92.3391, 25.0506], [92.3381, 25.0516], [92.3489, 25.061], [92.3485, 25.0736], [92.3381, 25.0759], [92.3345, 25.0786], [92.3254, 25.0784], [92.3225, 25.0744], [92.3189, 25.0744], [92.319, 25.07], [92.314, 25.0721], [92.3105, 25.0692], [92.3058, 25.0707], [92.3069, 25.0717], [92.3064, 25.0721], [92.305, 25.0706], [92.2995, 25.0718], [92.287, 25.077], [92.2782, 25.0777], [92.277, 25.0796], [92.267, 25.0832], [92.2552, 25.0854], [92.2543, 25.0869], [92.2332, 25.095], [92.2312, 25.0971], [92.2277, 25.0937], [92.223, 25.0983], [92.2235, 25.1025], [92.2218, 25.1042], [92.2069, 25.1088], [92.2027, 25.1065], [92.1961, 25.1082], [92.2003, 25.1201], [92.2196, 25.1154], [92.2184, 25.118], [92.1989, 25.1258], [92.1952, 25.1248], [92.192, 25.1209], [92.1858, 25.1234], [92.1838, 25.1182], [92.1767, 25.123], [92.1793, 25.1242], [92.1789, 25.1264], [92.1767, 25.124], [92.1762, 25.1264], [92.1725, 25.1269], [92.1709, 25.1287], [92.1641, 25.1256], [92.1595, 25.1267], [92.1648, 25.1306], [92.1594, 25.1301], [92.1587, 25.1331], [92.1629, 25.1336], [92.1657, 25.136], [92.1626, 25.1363], [92.1555, 25.1333], [92.1526, 25.1338], [92.1531, 25.1363], [92.1508, 25.1384], [92.1473, 25.1354], [92.1358, 25.1389], [92.1395, 25.1411], [92.1395, 25.14], [92.1445, 25.1398], [92.1343, 25.143], [92.1351, 25.1457], [92.1338, 25.1485], [92.1358, 25.1515], [92.1341, 25.1533], [92.1379, 25.1519], [92.1396, 25.1547], [92.1327, 25.1565], [92.1328, 25.1603], [92.1211, 25.1637], [92.1181, 25.1666], [92.1089, 25.1705], [92.1076, 25.1727], [92.1051, 25.1727], [92.1044, 25.1747], [92.0922, 25.1777], [92.0832, 25.1824], [92.0788, 25.1811], [92.0738, 25.1851], [92.0618, 25.1871], [92.0585, 25.1856], [92.057, 25.1867], [92.0551, 25.1844], [92.0541, 25.1866], [92.0493, 25.1871], [92.0402, 25.1857], [92.0389, 25.1824], [92.0373, 25.1821], [92.0339, 25.1844], [92.028, 25.1836], [92.0261, 25.1793], [92.0184, 25.1828], [92.0169, 25.1862], [92.0034, 25.1862], [91.9922, 25.177], [91.9805, 25.1718], [91.9665, 25.1765], [91.9343, 25.1782], [91.9309, 25.1812], [91.9259, 25.1801], [91.9145, 25.1814], [91.9073, 25.1794], [91.8984, 25.1802], [91.8973, 25.1782], [91.8938, 25.1785], [91.8946, 25.1764], [91.8844, 25.1772], [91.8806, 25.173], [91.8761, 25.1757], [91.8759, 25.1775], [91.8708, 25.1744], [91.8643, 25.1754], [91.8614, 25.1726], [91.8555, 25.1726], [91.8407, 25.1771], [91.8272, 25.1779], [91.8265, 25.1763], [91.8223, 25.1762], [91.8176, 25.1713], [91.8039, 25.1719], [91.8038, 25.1703], [91.807, 25.1699], [91.8064, 25.1684], [91.7883, 25.1675], [91.7745, 25.1633], [91.7662, 25.1676], [91.7634, 25.1664], [91.7585, 25.1685], [91.7538, 25.1727], [91.7563, 25.1766], [91.7552, 25.1775], [91.7516, 25.176], [91.7463, 25.166], [91.7497, 25.1594], [91.7436, 25.1512], [91.744, 25.1466], [91.7424, 25.145], [91.7476, 25.1403], [91.7363, 25.1435], [91.7354, 25.1498], [91.7325, 25.1479], [91.7329, 25.1503], [91.7165, 25.1524], [91.7144, 25.1576], [91.7082, 25.1592], [91.7054, 25.157], [91.7036, 25.1601], [91.7005, 25.1561], [91.7049, 25.1501], [91.7026, 25.1472], [91.7002, 25.1468], [91.6988, 25.1415], [91.6958, 25.1391], [91.6916, 25.1372], [91.6862, 25.1378], [91.6806, 25.1351], [91.6767, 25.1374], [91.6726, 25.1353], [91.6684, 25.1303], [91.6647, 25.1309], [91.6649, 25.1286], [91.6597, 25.1272], [91.6583, 25.1296], [91.6593, 25.1313], [91.6512, 25.1272], [91.6454, 25.1273], [91.642, 25.1232], [91.6379, 25.1227], [91.6269, 25.1255], [91.6231, 25.128], [91.6214, 25.1435], [91.6154, 25.1452], [91.6122, 25.1411], [91.6119, 25.1453], [91.6071, 25.1431], [91.6064, 25.1443], [91.6037, 25.1403], [91.6006, 25.1459], [91.5994, 25.1513], [91.6026, 25.155], [91.6036, 25.1591], [91.5999, 25.1597], [91.604, 25.1676], [91.6082, 25.1699], [91.6154, 25.1697], [91.6141, 25.1753], [91.6054, 25.1738], [91.592, 25.1744], [91.5891, 25.1718], [91.5802, 25.1725], [91.5764, 25.1643], [91.5792, 25.1606], [91.5669, 25.1588], [91.5589, 25.1493], [91.5378, 25.1444], [91.5103, 25.1447], [91.5026, 25.1355], [91.4851, 25.1363], [91.4824, 25.1356], [91.4826, 25.1341], [91.4743, 25.1335], [91.4642, 25.1349], [91.4649, 25.1371], [91.4704, 25.1398], [91.4669, 25.1439], [91.4687, 25.15], [91.4565, 25.148], [91.4429, 25.1507], [91.4405, 25.1498], [91.4371, 25.1542], [91.4329, 25.1568], [91.4249, 25.1572], [91.4226, 25.1621], [91.4146, 25.1712], [91.4121, 25.1695], [91.4128, 25.1673], [91.4108, 25.1638], [91.4067, 25.1662], [91.3986, 25.1646], [91.3888, 25.1666], [91.3844, 25.1699], [91.3761, 25.1681], [91.3684, 25.1708]]]]}}, {"type": "Feature", "properties": {"state": "Mizoram", "code": "IN.MZ", "country": "India", "region": "Northeast India"}, "geometry": {"type": "MultiPolygon", "coordinates": [[[[93.194, 24.0563], [93.1983, 24.0525], [93.2167, 24.0501], [93.2253, 24.074], [93.2224, 24.0815], [93.2238, 24.084], [93.2267, 24.0865], [93.2366, 24.084], [93.2423, 24.0866], [93.248, 24.0853], [93.2637, 24.0728], [93.2637, 24.0678], [93.2666, 24.0603], [93.2623, 24.0577], [93.2524, 24.0338], [93.2567, 24.0288], [93.2553, 24.0238], [93.2739, 24.0339], [93.2768, 24.0402], [93.2854, 24.0465], [93.2882, 24.0515], [93.2982, 24.0516], [93.3125, 24.0541], [93.3374, 24.0534], [93.3422, 24.0446], [93.336, 24.0426], [93.3332, 24.0398], [93.3422, 24.0307], [93.3369, 24.0238], [93.3403, 24.0124], [93.339, 23.9959], [93.3344, 23.9869], [93.3374, 23.9828], [93.3474, 23.9807], [93.3516, 23.978], [93.3559, 23.9613], [93.3649, 23.946], [93.371, 23.9405], [93.3987, 23.9303], [93.3996, 23.9244], [93.3956, 23.8873], [93.3971, 23.8409], [93.4001, 23.8353], [93.3992, 23.8242], [93.4014, 23.8194], [93.4069, 23.8171], [93.4098, 23.8136], [93.411, 23.8077], [93.4044, 23.7751], [93.4053, 23.7616], [93.4105, 23.7486], [93.4144, 23.7435], [93.4177, 23.7325], [93.4149, 23.7226], [93.4169, 23.7121], [93.4233, 23.704], [93.4365, 23.6962], [93.4447, 23.6824], [93.4334, 23.6672], [93.4283, 23.6535], [93.4347, 23.5888], [93.4331, 23.5824], [93.4271, 23.5717], [93.424, 23.5694], [93.424, 23.5616], [93.4272, 23.553], [93.4281, 23.5452], [93.4276, 23.5344], [93.4076, 23.5085], [93.4081, 23.4965], [93.4044, 23.485], [93.4071, 23.4753], [93.406, 23.4673], [93.4014, 23.457], [93.3972, 23.4333], [93.3983, 23.4113], [93.4058, 23.3976], [93.4142, 23.388], [93.4046, 23.3835], [93.3964, 23.374], [93.3965, 23.3681], [93.3988, 23.3643], [93.3763, 23.3626], [93.3675, 23.3581], [93.3658, 23.3545], [93.3778, 23.3375], [93.3793, 23.3327], [93.3775, 23.3268], [93.377, 23.3128], [93.3812, 23.2899], [93.3754, 23.2826], [93.3751, 23.2746], [93.3784, 23.2561], [93.3947, 23.2243], [93.3948, 23.2196], [93.3874, 23.2112], [93.3853, 23.188], [93.3806, 23.1669], [93.376, 23.1589], [93.3739, 23.1503], [93.3791, 23.1436], [93.3907, 23.1479], [93.3945, 23.1444], [93.3936, 23.1386], [93.382, 23.1275], [93.3723, 23.1226], [93.365, 23.1167], [93.362, 23.0954], [93.3525, 23.0846], [93.3511, 23.0803], [93.3582, 23.0779], [93.3574, 23.0728], [93.353, 23.0648], [93.3452, 23.0648], [93.3326, 23.0357], [93.3212, 23.0219], [93.315, 23.0221], [93.302, 23.0083], [93.2977, 23.0058], [93.2882, 23.0046], [93.2786, 23.0056], [93.2739, 23.0103], [93.2681, 23.0123], [93.2532, 23.0065], [93.2412, 23.0141], [93.2341, 23.0219], [93.2202, 23.0452], [93.2062, 23.0569], [93.1945, 23.0603], [93.1871, 23.0572], [93.183, 23.058], [93.1767, 23.053], [93.1678, 23.049], [93.162, 23.0519], [93.1556, 23.0581], [93.1473, 23.0617], [93.1419, 23.0606], [93.1403, 23.0565], [93.1329, 23.0475], [93.1358, 23.0352], [93.1316, 23.0259], [93.1358, 23.0129], [93.1302, 23.0065], [93.1292, 23.0008], [93.1334, 22.9961], [93.1426, 22.9937], [93.1476, 22.9806], [93.1481, 22.9756], [93.1465, 22.9708], [93.1427, 22.9686], [93.1425, 22.9644], [93.1462, 22.9612], [93.1516, 22.95], [93.1534, 22.9306], [93.1572, 22.9267], [93.1661, 22.9225], [93.1684, 22.9191], [93.1628, 22.9135], [93.1388, 22.9132], [93.1352, 22.9072], [93.1388, 22.9002], [93.1383, 22.8934], [93.1332, 22.8752], [93.1302, 22.8694], [93.1239, 22.8659], [93.1217, 22.8628], [93.1208, 22.8373], [93.1112, 22.8282], [93.1127, 22.8222], [93.1166, 22.8209], [93.1162, 22.8163], [93.0993, 22.8104], [93.1127, 22.7442], [93.1019, 22.7274], [93.0991, 22.7143], [93.0918, 22.7093], [93.0979, 22.7013], [93.1042, 22.6961], [93.1069, 22.6863], [93.1067, 22.6818], [93.1032, 22.6787], [93.1035, 22.6741], [93.1106, 22.6591], [93.1185, 22.6515], [93.1148, 22.6392], [93.1169, 22.6351], [93.1243, 22.6301], [93.1295, 22.6292], [93.1364, 22.6229], [93.1429, 22.6076], [93.1444, 22.5989], [93.1456, 22.5861], [93.136, 22.5815], [93.1337, 22.5773], [93.1292, 22.5745], [93.1216, 22.56], [93.1178, 22.5589], [93.1155, 22.5547], [93.116, 22.5405], [93.1117, 22.5318], [93.1309, 22.5261], [93.1337, 22.5199], [93.1289, 22.5098], [93.1378, 22.4951], [93.1383, 22.4866], [93.1345, 22.4748], [93.1421, 22.4633], [93.1458, 22.4585], [93.1567, 22.4521], [93.1628, 22.4538], [93.1754, 22.4513], [93.1822, 22.4388], [93.1879, 22.4337], [93.1908, 22.4273], [93.1883, 22.4189], [93.1889, 22.4135], [93.1943, 22.4089], [93.1955, 22.4033], [93.1915, 22.3959], [93.1923, 22.3908], [93.1974, 22.38], [93.1926, 22.3708], [93.1971, 22.3586], [93.2, 22.3436], [93.1995, 22.3372], [93.2066, 22.3295], [93.1963, 22.3246], [93.2006, 22.3132], [93.2019, 22.2809], [93.2093, 22.2662], [93.2086, 22.2611], [93.1964, 22.2556], [93.1904, 22.2497], [93.1709, 22.2497], [93.1603, 22.2471], [93.1515, 22.2481], [93.1471, 22.2465], [93.1464, 22.2411], [93.1565, 22.2287], [93.1576, 22.2231], [93.1563, 22.2174], [93.1591, 22.2098], [93.1659, 22.2052], [93.1698, 22.2001], [93.163, 22.1823], [93.1544, 22.1782], [93.1387, 22.1767], [93.1307, 22.1791], [93.1228, 22.189], [93.1199, 22.1985], [93.1172, 22.2013], [93.1022, 22.1988], [93.0973, 22.1993], [93.0888, 22.2026], [93.077, 22.2101], [93.0539, 22.2032], [93.0467, 22.1976], [93.0445, 22.1937], [93.0537, 22.1758], [93.0549, 22.1654], [93.0508, 22.1501], [93.048, 22.1458], [93.0469, 22.1387], [93.0592, 22.1275], [93.0665, 22.1133], [93.0656, 22.1021], [93.0598, 22.0998], [93.0521, 22.0992], [93.0392, 22.1049], [93.023, 22.1056], [93.016, 22.1055], [93.0133, 22.1022], [93.0133, 22.0981], [93.0156, 22.0931], [93.0145, 22.0852], [93.0008, 22.0556], [93.0, 22.0504], [93.0016, 22.0321], [93.0085, 22.0199], [93.0104, 22.0112], [93.0092, 21.9839], [93.0066, 21.9799], [92.999, 21.9779], [92.988, 21.9829], [92.9795, 22.0064], [92.9731, 22.01], [92.9695, 22.0141], [92.9669, 22.0203], [92.9666, 22.0271], [92.9609, 22.0302], [92.9558, 22.0299], [92.9421, 22.0183], [92.9346, 22.02], [92.9316, 22.0175], [92.9391, 22.0086], [92.9277, 21.9959], [92.9158, 21.965], [92.9145, 21.9566], [92.9161, 21.9494], [92.9109, 21.9462], [92.9058, 21.9536], [92.9047, 21.9808], [92.8943, 22.012], [92.8894, 22.0182], [92.8747, 22.0301], [92.8725, 22.0365], [92.8702, 22.0608], [92.8677, 22.0654], [92.8633, 22.0676], [92.849, 22.0624], [92.8446, 22.0634], [92.8446, 22.0681], [92.8365, 22.0764], [92.8325, 22.0764], [92.8256, 22.0797], [92.8171, 22.0956], [92.7888, 22.1089], [92.7831, 22.1086], [92.7737, 22.111], [92.7693, 22.1158], [92.7701, 22.1231], [92.7378, 22.139], [92.7328, 22.1496], [92.7034, 22.1538], [92.6994, 22.1483], [92.7006, 22.1384], [92.6971, 22.0993], [92.6975, 22.0862], [92.697, 22.0809], [92.6936, 22.0772], [92.6913, 22.0811], [92.6896, 22.1071], [92.6864, 22.1094], [92.6838, 22.1053], [92.6873, 22.0631], [92.6867, 22.05], [92.69, 22.041], [92.6884, 22.0286], [92.6844, 22.0179], [92.6808, 22.0142], [92.6592, 22.0147], [92.6379, 21.9887], [92.6181, 21.9814], [92.6123, 21.9803], [92.6119, 21.9818], [92.6097, 21.9768], [92.6088, 21.9841], [92.6113, 21.9862], [92.6127, 21.9914], [92.61, 21.995], [92.61, 21.9982], [92.6058, 21.9996], [92.5974, 22.012], [92.6005, 22.0225], [92.5995, 22.0287], [92.5934, 22.034], [92.5926, 22.0411], [92.5991, 22.0424], [92.5979, 22.0479], [92.6003, 22.0532], [92.6002, 22.0591], [92.6026, 22.0619], [92.5953, 22.0622], [92.5923, 22.0656], [92.5898, 22.0708], [92.5906, 22.081], [92.585, 22.0825], [92.5853, 22.0853], [92.5832, 22.0873], [92.5841, 22.0905], [92.5817, 22.0918], [92.5825, 22.0977], [92.5766, 22.1051], [92.5752, 22.1162], [92.5625, 22.1283], [92.5639, 22.1337], [92.5658, 22.135], [92.5764, 22.136], [92.5782, 22.1436], [92.5919, 22.1395], [92.5932, 22.1376], [92.5889, 22.1319], [92.594, 22.1256], [92.5996, 22.1232], [92.6055, 22.1233], [92.6078, 22.1281], [92.6082, 22.1345], [92.6101, 22.1352], [92.6109, 22.1385], [92.6074, 22.1605], [92.6093, 22.1642], [92.6066, 22.1661], [92.6075, 22.1721], [92.6042, 22.1717], [92.5951, 22.1755], [92.5971, 22.1776], [92.5944, 22.1811], [92.5969, 22.1838], [92.5949, 22.184], [92.5965, 22.1904], [92.5963, 22.1935], [92.5949, 22.1965], [92.594, 22.1959], [92.5947, 22.2044], [92.5937, 22.2042], [92.593, 22.2107], [92.5904, 22.2133], [92.592, 22.2139], [92.588, 22.216], [92.5903, 22.2231], [92.588, 22.2247], [92.5893, 22.2258], [92.5882, 22.2307], [92.5906, 22.2312], [92.5894, 22.232], [92.5904, 22.2327], [92.5888, 22.2328], [92.5915, 22.2348], [92.5896, 22.2358], [92.5918, 22.2393], [92.5904, 22.2445], [92.5917, 22.2449], [92.5913, 22.2468], [92.5891, 22.2475], [92.5909, 22.249], [92.5894, 22.2542], [92.5904, 22.2562], [92.5887, 22.2557], [92.589, 22.2575], [92.5874, 22.2573], [92.5869, 22.2591], [92.5854, 22.2585], [92.5866, 22.2597], [92.5843, 22.2616], [92.5848, 22.2645], [92.5869, 22.2641], [92.581, 22.2693], [92.5832, 22.2727], [92.5823, 22.2742], [92.5808, 22.2736], [92.5807, 22.276], [92.5864, 22.2769], [92.5843, 22.2785], [92.5865, 22.2804], [92.5818, 22.2818], [92.5817, 22.2834], [92.5843, 22.2848], [92.5811, 22.2866], [92.5827, 22.288], [92.5812, 22.2907], [92.5826, 22.2912], [92.5834, 22.2992], [92.5806, 22.3032], [92.5835, 22.3041], [92.5806, 22.3039], [92.5797, 22.3062], [92.5814, 22.3087], [92.5777, 22.312], [92.5803, 22.312], [92.5785, 22.3128], [92.58, 22.315], [92.578, 22.3167], [92.5805, 22.3195], [92.5795, 22.321], [92.5812, 22.3218], [92.5786, 22.3236], [92.5803, 22.3252], [92.5767, 22.3252], [92.5759, 22.3315], [92.5743, 22.3321], [92.5763, 22.3335], [92.5742, 22.3346], [92.576, 22.3353], [92.576, 22.3373], [92.5738, 22.3383], [92.5751, 22.3424], [92.5728, 22.3426], [92.5722, 22.3473], [92.5733, 22.3479], [92.571, 22.3568], [92.5721, 22.3592], [92.568, 22.3607], [92.5669, 22.3654], [92.5681, 22.3675], [92.5665, 22.371], [92.5628, 22.3715], [92.5642, 22.3755], [92.5616, 22.3775], [92.5635, 22.3802], [92.5593, 22.3821], [92.5612, 22.3853], [92.5594, 22.3876], [92.5612, 22.3888], [92.5584, 22.3915], [92.5599, 22.3916], [92.5585, 22.3941], [92.5599, 22.3957], [92.556, 22.3988], [92.5593, 22.3999], [92.5598, 22.4021], [92.5547, 22.4056], [92.558, 22.4089], [92.5544, 22.4108], [92.5521, 22.409], [92.5522, 22.4155], [92.5545, 22.417], [92.5508, 22.4228], [92.5552, 22.4227], [92.5564, 22.4252], [92.5549, 22.4252], [92.5551, 22.4273], [92.5512, 22.4276], [92.5553, 22.4289], [92.5535, 22.434], [92.5544, 22.4363], [92.5518, 22.4379], [92.5521, 22.4424], [92.5495, 22.4437], [92.5515, 22.4463], [92.5501, 22.4479], [92.5515, 22.4486], [92.551, 22.4547], [92.5483, 22.4567], [92.5502, 22.4571], [92.5484, 22.4575], [92.5494, 22.4585], [92.5464, 22.4625], [92.548, 22.4656], [92.5458, 22.4687], [92.5476, 22.476], [92.5454, 22.4801], [92.5457, 22.4829], [92.5443, 22.4833], [92.5461, 22.4889], [92.5433, 22.4902], [92.5439, 22.4948], [92.5492, 22.4957], [92.5496, 22.4983], [92.5426, 22.4985], [92.5432, 22.5005], [92.5457, 22.4996], [92.5471, 22.5017], [92.5492, 22.5013], [92.5495, 22.5027], [92.547, 22.5038], [92.5483, 22.5075], [92.5502, 22.5068], [92.5501, 22.5101], [92.5465, 22.5104], [92.5512, 22.5137], [92.5469, 22.5151], [92.5466, 22.517], [92.545, 22.5137], [92.5433, 22.514], [92.5455, 22.5174], [92.5438, 22.5215], [92.5418, 22.5216], [92.5413, 22.5231], [92.5436, 22.5249], [92.5404, 22.526], [92.5411, 22.5274], [92.539, 22.5293], [92.5413, 22.5301], [92.5415, 22.5337], [92.5383, 22.5352], [92.5398, 22.5409], [92.5369, 22.542], [92.5369, 22.5453], [92.5315, 22.5453], [92.532, 22.5521], [92.5301, 22.5555], [92.5218, 22.5603], [92.5279, 22.5657], [92.5274, 22.5732], [92.5325, 22.5717], [92.5337, 22.575], [92.5381, 22.5754], [92.5364, 22.5789], [92.5384, 22.586], [92.5345, 22.5852], [92.5325, 22.5879], [92.5357, 22.5867], [92.5392, 22.5897], [92.5361, 22.5896], [92.5348, 22.5918], [92.5376, 22.5935], [92.5354, 22.6], [92.5305, 22.6034], [92.53, 22.6094], [92.5332, 22.6076], [92.5352, 22.6118], [92.5321, 22.6118], [92.5295, 22.6145], [92.5285, 22.6167], [92.53, 22.6206], [92.5275, 22.621], [92.5326, 22.6277], [92.5323, 22.6333], [92.5263, 22.6336], [92.5279, 22.6358], [92.5267, 22.6399], [92.5245, 22.6407], [92.5242, 22.6494], [92.5251, 22.6512], [92.5271, 22.6508], [92.5265, 22.6542], [92.5235, 22.6554], [92.5242, 22.6592], [92.5287, 22.6597], [92.5265, 22.6604], [92.5286, 22.6658], [92.5263, 22.6651], [92.526, 22.6731], [92.5222, 22.6752], [92.5232, 22.6793], [92.5188, 22.688], [92.5164, 22.7046], [92.5138, 22.7089], [92.5157, 22.7128], [92.5134, 22.7193], [92.5043, 22.7355], [92.5077, 22.7369], [92.5051, 22.7396], [92.5024, 22.7376], [92.4943, 22.7401], [92.4939, 22.7428], [92.491, 22.7413], [92.4902, 22.7457], [92.4882, 22.7466], [92.4739, 22.7463], [92.4794, 22.7539], [92.477, 22.7543], [92.4766, 22.7598], [92.4738, 22.7596], [92.4763, 22.7646], [92.4728, 22.7653], [92.4756, 22.7709], [92.4752, 22.7732], [92.4726, 22.7764], [92.4715, 22.7838], [92.4693, 22.7821], [92.4693, 22.7872], [92.4722, 22.7958], [92.4647, 22.8045], [92.4666, 22.8089], [92.4632, 22.812], [92.4626, 22.8076], [92.4614, 22.8072], [92.459, 22.8187], [92.4542, 22.819], [92.454, 22.8202], [92.4581, 22.8232], [92.4552, 22.8258], [92.4618, 22.8308], [92.4526, 22.8427], [92.4577, 22.841], [92.4613, 22.8434], [92.4631, 22.8426], [92.4583, 22.8454], [92.46, 22.8506], [92.4567, 22.8506], [92.458, 22.853], [92.4612, 22.8521], [92.4643, 22.8547], [92.4595, 22.8585], [92.4612, 22.8617], [92.4533, 22.8613], [92.4521, 22.863], [92.455, 22.8702], [92.4583, 22.872], [92.4482, 22.877], [92.4495, 22.8859], [92.4475, 22.8936], [92.4452, 22.8951], [92.4394, 22.8869], [92.4342, 22.8857], [92.4307, 22.8897], [92.4309, 22.8938], [92.4264, 22.8972], [92.4188, 22.913], [92.4205, 22.9175], [92.4193, 22.9194], [92.4151, 22.9146], [92.4123, 22.9138], [92.4035, 22.9177], [92.4026, 22.9123], [92.4013, 22.912], [92.3973, 22.9183], [92.4011, 22.924], [92.3978, 22.9294], [92.3928, 22.9308], [92.3765, 22.9288], [92.3773, 22.9318], [92.3754, 22.9353], [92.3729, 22.9348], [92.3717, 22.9362], [92.3753, 22.9369], [92.3727, 22.9402], [92.3747, 22.9476], [92.3774, 22.9485], [92.3757, 22.9501], [92.3779, 22.9518], [92.3767, 22.9558], [92.3744, 22.9533], [92.3748, 22.9566], [92.3728, 22.9585], [92.3771, 22.9597], [92.374, 22.9613], [92.3754, 22.9635], [92.3743, 22.9701], [92.3782, 22.977], [92.3794, 22.9758], [92.3795, 22.9811], [92.3849, 22.9865], [92.382, 22.9875], [92.3827, 22.991], [92.385, 22.9929], [92.3819, 23.0011], [92.3839, 23.0057], [92.383, 23.0088], [92.3845, 23.0095], [92.3795, 23.0121], [92.3835, 23.0233], [92.3832, 23.0264], [92.3848, 23.0273], [92.3823, 23.0333], [92.3835, 23.0379], [92.3879, 23.0399], [92.3893, 23.0474], [92.3884, 23.0492], [92.3909, 23.0491], [92.3897, 23.0515], [92.3921, 23.0539], [92.3904, 23.0553], [92.3923, 23.0565], [92.3904, 23.0607], [92.3873, 23.062], [92.3887, 23.0647], [92.3828, 23.0723], [92.3854, 23.0769], [92.3804, 23.081], [92.3792, 23.0838], [92.38, 23.0863], [92.3771, 23.0872], [92.375, 23.0847], [92.3712, 23.089], [92.369, 23.0952], [92.3698, 23.0968], [92.363, 23.0975], [92.3579, 23.1035], [92.3599, 23.1052], [92.3582, 23.1059], [92.3604, 23.1133], [92.368, 23.1275], [92.3655, 23.1272], [92.3568, 23.1343], [92.3608, 23.1453], [92.36, 23.147], [92.3581, 23.1466], [92.3603, 23.149], [92.3604, 23.1531], [92.3621, 23.153], [92.362, 23.1566], [92.3641, 23.1566], [92.3608, 23.1623], [92.3624, 23.1651], [92.3614, 23.1677], [92.3587, 23.1688], [92.3575, 23.1718], [92.3571, 23.1781], [92.3544, 23.1788], [92.3555, 23.1803], [92.3608, 23.1802], [92.3611, 23.1828], [92.3583, 23.1852], [92.354, 23.1847], [92.3533, 23.1859], [92.3541, 23.1903], [92.3522, 23.1948], [92.3543, 23.1972], [92.3546, 23.1993], [92.3531, 23.1998], [92.3549, 23.2003], [92.3524, 23.2064], [92.3551, 23.207], [92.3533, 23.2243], [92.3507, 23.2343], [92.3467, 23.2358], [92.3613, 23.236], [92.3625, 23.2385], [92.3732, 23.2397], [92.4034, 23.2414], [92.4025, 23.2425], [92.3996, 23.2419], [92.397, 23.25], [92.3956, 23.2501], [92.3984, 23.2558], [92.3895, 23.2595], [92.3887, 23.2664], [92.3918, 23.2642], [92.3946, 23.2645], [92.388, 23.2815], [92.3809, 23.2853], [92.3823, 23.2908], [92.3845, 23.2924], [92.3825, 23.2965], [92.3844, 23.2985], [92.3828, 23.3015], [92.3857, 23.3037], [92.3857, 23.3063], [92.3761, 23.3131], [92.3772, 23.3185], [92.3762, 23.3197], [92.3753, 23.3182], [92.3745, 23.3196], [92.3715, 23.3181], [92.3678, 23.3232], [92.368, 23.3173], [92.3643, 23.3233], [92.3682, 23.3256], [92.372, 23.3318], [92.3745, 23.3369], [92.3759, 23.3468], [92.3808, 23.3517], [92.3804, 23.3557], [92.3763, 23.3568], [92.379, 23.3621], [92.3757, 23.3655], [92.3659, 23.3677], [92.3639, 23.3663], [92.3613, 23.367], [92.3561, 23.3727], [92.3649, 23.3797], [92.3633, 23.3812], [92.3558, 23.3798], [92.3526, 23.3812], [92.3528, 23.3829], [92.3566, 23.3849], [92.3558, 23.3878], [92.3587, 23.3908], [92.3572, 23.3918], [92.3557, 23.3892], [92.3544, 23.3895], [92.3529, 23.3995], [92.3529, 23.4054], [92.3542, 23.4059], [92.3553, 23.4009], [92.3578, 23.4045], [92.3573, 23.4106], [92.3525, 23.4137], [92.3475, 23.4133], [92.3479, 23.4255], [92.3463, 23.4334], [92.3416, 23.4357], [92.3378, 23.4319], [92.3356, 23.4336], [92.335, 23.4287], [92.3335, 23.429], [92.3304, 23.446], [92.3295, 23.4479], [92.327, 23.4486], [92.3333, 23.4565], [92.3316, 23.4573], [92.3316, 23.4552], [92.3294, 23.4544], [92.3253, 23.4592], [92.3305, 23.4595], [92.3317, 23.4664], [92.3273, 23.4669], [92.317, 23.4718], [92.3201, 23.4753], [92.3204, 23.474], [92.3237, 23.4738], [92.3224, 23.4783], [92.3261, 23.4789], [92.3209, 23.4806], [92.3216, 23.4831], [92.316, 23.487], [92.3218, 23.4902], [92.3219, 23.4919], [92.3188, 23.4923], [92.3174, 23.4946], [92.3204, 23.4945], [92.3193, 23.5006], [92.3227, 23.501], [92.3189, 23.5034], [92.3197, 23.5126], [92.3161, 23.512], [92.3153, 23.5135], [92.3183, 23.5149], [92.3172, 23.5175], [92.3135, 23.5154], [92.3131, 23.5208], [92.3178, 23.5262], [92.3161, 23.5294], [92.314, 23.5299], [92.3136, 23.5335], [92.3096, 23.5324], [92.3062, 23.5352], [92.3079, 23.5412], [92.31, 23.5424], [92.3106, 23.5472], [92.3088, 23.5514], [92.3107, 23.5556], [92.313, 23.5535], [92.3132, 23.5567], [92.3067, 23.5645], [92.3069, 23.5663], [92.308, 23.565], [92.3086, 23.5662], [92.3091, 23.5702], [92.3086, 23.5718], [92.3067, 23.5719], [92.3076, 23.5692], [92.3051, 23.5737], [92.3081, 23.5778], [92.3058, 23.583], [92.3039, 23.583], [92.3034, 23.5864], [92.2981, 23.5922], [92.2967, 23.5881], [92.2947, 23.5899], [92.2935, 23.5952], [92.2913, 23.5954], [92.2889, 23.5983], [92.2885, 23.5957], [92.2871, 23.5962], [92.2882, 23.6074], [92.2872, 23.6168], [92.2897, 23.6199], [92.2958, 23.6215], [92.2897, 23.6284], [92.2885, 23.6272], [92.2848, 23.6278], [92.2806, 23.6307], [92.2791, 23.6293], [92.28, 23.626], [92.2788, 23.6249], [92.2764, 23.6316], [92.2817, 23.6387], [92.2751, 23.6421], [92.2729, 23.6417], [92.275, 23.6501], [92.2811, 23.661], [92.2834, 23.6619], [92.289, 23.6801], [92.2913, 23.6813], [92.2896, 23.6864], [92.2908, 23.691], [92.2895, 23.6926], [92.2893, 23.702], [92.2854, 23.7033], [92.2846, 23.7074], [92.2832, 23.7069], [92.2784, 23.71], [92.2797, 23.7157], [92.2763, 23.7219], [92.2685, 23.7286], [92.2665, 23.7387], [92.2682, 23.7565], [92.2678, 23.77], [92.2635, 23.7997], [92.2594, 23.815], [92.2695, 23.8178], [92.2767, 23.8152], [92.2791, 23.8167], [92.2808, 23.8152], [92.2868, 23.8168], [92.2857, 23.8226], [92.2816, 23.8262], [92.2821, 23.8309], [92.2739, 23.8417], [92.2765, 23.8529], [92.2853, 23.8575], [92.2879, 23.8631], [92.2879, 23.8669], [92.292, 23.8714], [92.2951, 23.8701], [92.2951, 23.8655], [92.3007, 23.8665], [92.3043, 23.8638], [92.3099, 23.8627], [92.3203, 23.8659], [92.3182, 23.8671], [92.3221, 23.8699], [92.3221, 23.8739], [92.3204, 23.878], [92.3171, 23.8792], [92.3163, 23.8833], [92.3193, 23.8837], [92.3185, 23.8905], [92.3217, 23.8915], [92.3232, 23.9043], [92.3278, 23.9062], [92.3299, 23.9055], [92.3311, 23.9118], [92.3297, 23.9231], [92.3212, 23.9261], [92.3135, 23.9345], [92.3135, 23.9433], [92.3112, 23.9457], [92.3127, 23.9575], [92.3114, 23.9606], [92.3133, 23.961], [92.3127, 23.9702], [92.3177, 23.9721], [92.3196, 23.9753], [92.3221, 23.9753], [92.3227, 23.9798], [92.3241, 23.9795], [92.3255, 23.9833], [92.3278, 23.9847], [92.3258, 23.9875], [92.3291, 23.9897], [92.3275, 24.0042], [92.3171, 24.0176], [92.3175, 24.0189], [92.3209, 24.0179], [92.3217, 24.0189], [92.3167, 24.028], [92.3193, 24.0313], [92.3141, 24.0347], [92.3175, 24.0395], [92.3153, 24.0487], [92.3168, 24.0514], [92.319, 24.0501], [92.3203, 24.0512], [92.3187, 24.0574], [92.3218, 24.0587], [92.3169, 24.0669], [92.3183, 24.0691], [92.3233, 24.0697], [92.3237, 24.0733], [92.3273, 24.0745], [92.3271, 24.0765], [92.3228, 24.0775], [92.329, 24.0823], [92.3279, 24.0937], [92.3314, 24.0987], [92.3283, 24.0986], [92.3323, 24.1069], [92.3294, 24.1104], [92.3319, 24.1118], [92.3317, 24.1131], [92.3287, 24.1159], [92.3283, 24.1247], [92.3311, 24.1281], [92.3288, 24.1297], [92.3283, 24.1386], [92.3323, 24.1405], [92.3323, 24.144], [92.3363, 24.1443], [92.3369, 24.1469], [92.3345, 24.1509], [92.3319, 24.1637], [92.3286, 24.1661], [92.3309, 24.1821], [92.3304, 24.1848], [92.3271, 24.1861], [92.3297, 24.1883], [92.3295, 24.1911], [92.3248, 24.1948], [92.3251, 24.1991], [92.3203, 24.2027], [92.3203, 24.2043], [92.3249, 24.2047], [92.3247, 24.2059], [92.3191, 24.2091], [92.3161, 24.2133], [92.3127, 24.2111], [92.3097, 24.2148], [92.3138, 24.2229], [92.3009, 24.222], [92.3019, 24.2251], [92.2977, 24.2273], [92.2995, 24.2316], [92.2963, 24.2339], [92.2969, 24.2381], [92.2941, 24.2443], [92.2971, 24.2495], [92.2967, 24.2517], [92.3035, 24.2527], [92.3105, 24.2513], [92.3141, 24.2526], [92.3765, 24.2513], [92.4224, 24.2531], [92.4185, 24.2216], [92.4202, 24.2179], [92.4182, 24.2109], [92.4197, 24.2025], [92.419, 24.1944], [92.4221, 24.1885], [92.4332, 24.1833], [92.4342, 24.1814], [92.4345, 24.1741], [92.4381, 24.1691], [92.4352, 24.1626], [92.4366, 24.1524], [92.4388, 24.1513], [92.4439, 24.1531], [92.4506, 24.1437], [92.4572, 24.1435], [92.466, 24.1348], [92.4686, 24.138], [92.4734, 24.14], [92.4748, 24.1429], [92.4809, 24.1413], [92.4815, 24.1429], [92.4788, 24.1487], [92.4806, 24.1501], [92.4807, 24.1523], [92.4829, 24.1527], [92.4836, 24.1539], [92.4812, 24.1571], [92.484, 24.1581], [92.4859, 24.1622], [92.4948, 24.1599], [92.5001, 24.1605], [92.5049, 24.1673], [92.5095, 24.1629], [92.5128, 24.1626], [92.5086, 24.1692], [92.5148, 24.1702], [92.5136, 24.1736], [92.5151, 24.1755], [92.5176, 24.1762], [92.5218, 24.1729], [92.5254, 24.1729], [92.5297, 24.1748], [92.5315, 24.1774], [92.5335, 24.1808], [92.5315, 24.1835], [92.5378, 24.1965], [92.5364, 24.1999], [92.5415, 24.2062], [92.5422, 24.2142], [92.5474, 24.2244], [92.5471, 24.2377], [92.5506, 24.2459], [92.5646, 24.2501], [92.588, 24.2449], [92.596, 24.2493], [92.606, 24.2492], [92.6116, 24.2533], [92.6155, 24.2636], [92.6158, 24.2705], [92.619, 24.2813], [92.6194, 24.2868], [92.6168, 24.2912], [92.618, 24.3044], [92.6231, 24.3203], [92.6243, 24.3327], [92.6262, 24.3345], [92.6306, 24.3334], [92.6377, 24.3355], [92.6367, 24.3327], [92.6393, 24.3318], [92.641, 24.3287], [92.645, 24.3277], [92.6452, 24.3318], [92.649, 24.3288], [92.6494, 24.3308], [92.6518, 24.3303], [92.6524, 24.3353], [92.6565, 24.3391], [92.6575, 24.3435], [92.6607, 24.3451], [92.6622, 24.3434], [92.6641, 24.3467], [92.6653, 24.3452], [92.667, 24.3456], [92.6748, 24.3498], [92.6838, 24.3475], [92.684, 24.3499], [92.6907, 24.3548], [92.6918, 24.3622], [92.6942, 24.365], [92.6933, 24.3678], [92.6969, 24.374], [92.7041, 24.3762], [92.7034, 24.3838], [92.7075, 24.387], [92.7074, 24.3924], [92.7142, 24.4053], [92.7141, 24.413], [92.7181, 24.4162], [92.7238, 24.4359], [92.7305, 24.4528], [92.7436, 24.4746], [92.7508, 24.4915], [92.7545, 24.5011], [92.7536, 24.507], [92.7592, 24.5118], [92.7652, 24.5208], [92.7791, 24.4865], [92.7939, 24.444], [92.8028, 24.4273], [92.8043, 24.423], [92.8038, 24.4217], [92.8, 24.4215], [92.8008, 24.4191], [92.8095, 24.4193], [92.8089, 24.4169], [92.8094, 24.4152], [92.8114, 24.4154], [92.8111, 24.4136], [92.8183, 24.4127], [92.8211, 24.4068], [92.8314, 24.4005], [92.825, 24.3905], [92.8283, 24.3856], [92.829, 24.3778], [92.8327, 24.3764], [92.8396, 24.3808], [92.8443, 24.3799], [92.8469, 24.3823], [92.8516, 24.3924], [92.8591, 24.3984], [92.8629, 24.3995], [92.8739, 24.3973], [92.8842, 24.403], [92.8908, 24.4023], [92.8944, 24.3953], [92.901, 24.3934], [92.9052, 24.3945], [92.9057, 24.3991], [92.9093, 24.4032], [92.9115, 24.4129], [92.9234, 24.4057], [92.9226, 24.4042], [92.9277, 24.3986], [92.9357, 24.3955], [92.9406, 24.4011], [92.9512, 24.4048], [92.9547, 24.4039], [92.9603, 24.3959], [92.9708, 24.4012], [92.9756, 24.4078], [92.9803, 24.4097], [92.9883, 24.4076], [92.9953, 24.402], [92.998, 24.4016], [93.0005, 24.4033], [93.0244, 24.3905], [93.0171, 24.38], [93.0221, 24.3742], [93.0193, 24.3588], [93.0216, 24.3468], [93.0434, 24.3434], [93.0352, 24.3184], [93.0182, 24.2932], [93.0111, 24.2881], [93.0082, 24.2805], [93.0139, 24.2717], [93.0067, 24.2628], [93.0067, 24.254], [93.018, 24.2364], [93.0266, 24.2326], [93.0194, 24.2288], [93.0194, 24.2251], [93.0237, 24.2176], [93.0223, 24.2101], [93.018, 24.2075], [93.0166, 24.2], [93.0124, 24.1975], [93.003, 24.1975], [93.0031, 24.1943], [93.0109, 24.1822], [93.0033, 24.174], [93.0054, 24.1606], [92.9931, 24.1532], [92.9911, 24.1503], [92.9929, 24.1404], [92.9894, 24.1318], [92.9861, 24.1289], [92.9736, 24.1239], [92.9764, 24.1148], [92.9964, 24.1167], [93.0097, 24.11], [93.0141, 24.1045], [93.0215, 24.1015], [93.0273, 24.1036], [93.0347, 24.0992], [93.0377, 24.0952], [93.0537, 24.0907], [93.0652, 24.0943], [93.0795, 24.103], [93.0895, 24.0841], [93.1023, 24.074], [93.1009, 24.0564], [93.1038, 24.0526], [93.0995, 24.0488], [93.1009, 24.0451], [93.1109, 24.0501], [93.1123, 24.0552], [93.1194, 24.0565], [93.1208, 24.0603], [93.1294, 24.0641], [93.1351, 24.0729], [93.1351, 24.0792], [93.1422, 24.0868], [93.1479, 24.0881], [93.1585, 24.0838], [93.1613, 24.0776], [93.1699, 24.0751], [93.167, 24.0612], [93.1698, 24.055], [93.1755, 24.0537], [93.194, 24.0563]]]]}}, {"type": "Feature", "properties": {"state": "Nagaland", "code": "IN.NL", "country": "India", "region": "Northeast India"}, "geometry": {"type": "MultiPolygon", "coordinates": [[[[93.458, 25.3301], [93.4619, 25.3366], [93.4579, 25.3409], [93.4519, 25.3442], [93.4623, 25.3589], [93.4663, 25.3617], [93.4782, 25.3799], [93.4773, 25.386], [93.4739, 25.3931], [93.4633, 25.411], [93.4654, 25.4159], [93.4651, 25.4234], [93.4619, 25.4347], [93.4569, 25.4419], [93.435, 25.4548], [93.422, 25.4548], [93.4171, 25.4528], [93.4029, 25.4592], [93.3959, 25.4641], [93.3904, 25.4692], [93.3919, 25.4742], [93.3913, 25.4814], [93.3864, 25.4934], [93.383, 25.4976], [93.3718, 25.5011], [93.3711, 25.5051], [93.365, 25.5101], [93.3668, 25.5129], [93.36, 25.5203], [93.3576, 25.5277], [93.3502, 25.5337], [93.3523, 25.5376], [93.3492, 25.5383], [93.3446, 25.5361], [93.3404, 25.5373], [93.3357, 25.5454], [93.3317, 25.5468], [93.3483, 25.5632], [93.3544, 25.5652], [93.3607, 25.5604], [93.3642, 25.5606], [93.366, 25.5633], [93.3652, 25.5698], [93.3734, 25.5692], [93.376, 25.571], [93.3765, 25.5773], [93.3827, 25.5762], [93.3847, 25.5779], [93.385, 25.5812], [93.3824, 25.5848], [93.3906, 25.5891], [93.3901, 25.5947], [93.4068, 25.5965], [93.4096, 25.6041], [93.4072, 25.6065], [93.4076, 25.6094], [93.4123, 25.6137], [93.4168, 25.6149], [93.4149, 25.6166], [93.4183, 25.6211], [93.4225, 25.6223], [93.4275, 25.6315], [93.431, 25.6292], [93.4342, 25.6299], [93.4468, 25.6388], [93.4499, 25.6349], [93.452, 25.6375], [93.4594, 25.6331], [93.462, 25.6334], [93.4612, 25.6366], [93.4571, 25.6406], [93.4656, 25.6442], [93.4748, 25.6443], [93.4759, 25.648], [93.4834, 25.6458], [93.4836, 25.6518], [93.4872, 25.6505], [93.4907, 25.6534], [93.4902, 25.656], [93.4999, 25.6565], [93.5021, 25.662], [93.5083, 25.6668], [93.5203, 25.6837], [93.5168, 25.6881], [93.5227, 25.6932], [93.5259, 25.6997], [93.5286, 25.6938], [93.5306, 25.6927], [93.538, 25.7032], [93.5436, 25.7017], [93.5498, 25.719], [93.5462, 25.7215], [93.5448, 25.727], [93.5467, 25.7345], [93.5499, 25.7324], [93.5569, 25.7377], [93.5563, 25.7419], [93.5655, 25.7413], [93.5701, 25.7517], [93.5693, 25.755], [93.5734, 25.7566], [93.5732, 25.7608], [93.5838, 25.7577], [93.5872, 25.7595], [93.5882, 25.7682], [93.5937, 25.7643], [93.6028, 25.7708], [93.6056, 25.7675], [93.6057, 25.7726], [93.6081, 25.7769], [93.6114, 25.7765], [93.6223, 25.7798], [93.6236, 25.7839], [93.6211, 25.7852], [93.6238, 25.7904], [93.627, 25.7916], [93.6275, 25.7986], [93.6298, 25.8], [93.629, 25.8044], [93.6333, 25.8052], [93.6361, 25.8137], [93.6403, 25.8134], [93.641, 25.8179], [93.6485, 25.824], [93.6524, 25.8228], [93.6567, 25.8264], [93.6608, 25.8244], [93.6686, 25.8246], [93.6695, 25.8288], [93.6781, 25.8289], [93.6829, 25.8358], [93.6825, 25.8407], [93.692, 25.8441], [93.6905, 25.8476], [93.6938, 25.8472], [93.6979, 25.8513], [93.7036, 25.8535], [93.7024, 25.847], [93.7055, 25.8486], [93.7064, 25.8533], [93.6909, 25.8893], [93.6858, 25.9049], [93.6877, 25.9094], [93.7051, 25.9213], [93.7125, 25.9227], [93.7165, 25.9217], [93.7501, 25.9373], [93.7518, 25.9364], [93.752, 25.9396], [93.7494, 25.9421], [93.7589, 25.9487], [93.7628, 25.9549], [93.7684, 25.955], [93.7703, 25.9535], [93.7695, 25.958], [93.773, 25.966], [93.7852, 25.9583], [93.7866, 25.9542], [93.7894, 25.9526], [93.7892, 25.949], [93.7866, 25.9474], [93.7907, 25.9442], [93.7933, 25.9367], [93.7886, 25.933], [93.7932, 25.931], [93.7923, 25.9225], [93.7963, 25.9182], [93.7983, 25.9097], [93.7951, 25.898], [93.7918, 25.8949], [93.7875, 25.8789], [93.7918, 25.8697], [93.7858, 25.8669], [93.7853, 25.8633], [93.7815, 25.8593], [93.7838, 25.85], [93.7798, 25.8463], [93.7888, 25.826], [93.7913, 25.816], [93.7958, 25.8144], [93.8076, 25.8163], [93.8116, 25.8213], [93.8188, 25.8262], [93.8243, 25.8471], [93.8327, 25.8563], [93.8423, 25.8626], [93.8517, 25.863], [93.8687, 25.8554], [93.8827, 25.8459], [93.8885, 25.8525], [93.8934, 25.8648], [93.8986, 25.8638], [93.9018, 25.871], [93.9138, 25.8818], [93.9159, 25.8877], [93.9346, 25.8914], [93.9402, 25.901], [93.9484, 25.9012], [93.9598, 25.9053], [93.9692, 25.9114], [93.972, 25.9175], [93.9794, 25.9197], [93.9827, 25.9263], [93.9711, 25.9449], [93.9692, 25.9608], [93.956, 25.9742], [93.9606, 25.997], [93.959, 26.0025], [93.9549, 26.0073], [93.9627, 26.0222], [93.9631, 26.0334], [93.9659, 26.0424], [93.9726, 26.045], [93.9745, 26.0522], [93.9911, 26.0726], [93.986, 26.0836], [93.9864, 26.0883], [93.991, 26.0895], [93.9925, 26.0928], [93.9941, 26.1061], [93.9996, 26.1085], [94.0022, 26.1114], [94.0021, 26.1149], [93.995, 26.1157], [93.9912, 26.1181], [93.9965, 26.1224], [93.9966, 26.1281], [93.9983, 26.131], [93.9908, 26.1339], [93.9932, 26.1374], [93.9997, 26.1365], [94.0052, 26.1419], [94.0064, 26.1472], [93.9997, 26.1582], [94.0043, 26.1641], [94.0048, 26.1733], [94.013, 26.1863], [94.022, 26.1915], [94.0266, 26.1971], [94.0357, 26.2032], [94.0366, 26.2177], [94.0405, 26.2235], [94.0382, 26.2295], [94.0418, 26.2339], [94.0491, 26.2502], [94.0529, 26.2558], [94.0646, 26.2618], [94.0705, 26.26], [94.076, 26.2692], [94.0778, 26.2754], [94.0768, 26.2852], [94.0801, 26.2888], [94.0844, 26.2886], [94.0872, 26.2904], [94.0903, 26.2971], [94.0981, 26.3029], [94.1027, 26.3087], [94.1045, 26.322], [94.108, 26.3264], [94.1184, 26.3227], [94.1287, 26.3232], [94.1194, 26.3305], [94.1194, 26.3337], [94.1357, 26.3382], [94.1388, 26.3416], [94.1426, 26.3421], [94.1438, 26.3402], [94.1422, 26.336], [94.1467, 26.3354], [94.1493, 26.3391], [94.1645, 26.3393], [94.1721, 26.3444], [94.1755, 26.3442], [94.18, 26.3541], [94.1753, 26.3551], [94.1677, 26.3533], [94.1645, 26.3601], [94.1736, 26.3676], [94.1756, 26.3718], [94.174, 26.3778], [94.1791, 26.3887], [94.1769, 26.3996], [94.1768, 26.4134], [94.174, 26.4209], [94.1765, 26.4281], [94.1758, 26.4318], [94.1865, 26.4605], [94.2011, 26.4699], [94.2115, 26.4898], [94.2236, 26.5006], [94.2399, 26.5114], [94.2521, 26.5277], [94.2533, 26.5325], [94.2767, 26.5588], [94.2823, 26.5635], [94.2898, 26.5641], [94.2889, 26.5599], [94.2853, 26.5582], [94.2849, 26.5403], [94.2891, 26.5252], [94.2872, 26.5085], [94.2939, 26.4807], [94.3033, 26.4673], [94.311, 26.4661], [94.3165, 26.4629], [94.3243, 26.4707], [94.3239, 26.4794], [94.3293, 26.4838], [94.3369, 26.4848], [94.3521, 26.4958], [94.3518, 26.4992], [94.3555, 26.5035], [94.3511, 26.5086], [94.3546, 26.5103], [94.3587, 26.5091], [94.3692, 26.51], [94.3776, 26.5131], [94.3769, 26.5232], [94.3783, 26.5253], [94.3914, 26.5328], [94.3941, 26.5326], [94.3966, 26.5297], [94.3995, 26.5323], [94.3989, 26.5345], [94.4025, 26.5388], [94.4013, 26.5441], [94.4027, 26.5469], [94.408, 26.5497], [94.4076, 26.5524], [94.4048, 26.5552], [94.4061, 26.5574], [94.412, 26.5585], [94.4078, 26.5614], [94.4148, 26.5833], [94.406, 26.6019], [94.4086, 26.6098], [94.4079, 26.6143], [94.4099, 26.6164], [94.4345, 26.6254], [94.4545, 26.639], [94.4568, 26.6366], [94.4625, 26.6355], [94.4648, 26.6387], [94.4617, 26.6438], [94.4586, 26.6553], [94.4645, 26.6675], [94.4679, 26.6698], [94.4857, 26.6737], [94.4928, 26.6723], [94.4983, 26.6737], [94.5071, 26.683], [94.5155, 26.6873], [94.5197, 26.6946], [94.5201, 26.7015], [94.5227, 26.7044], [94.5278, 26.7013], [94.5451, 26.7109], [94.5634, 26.7074], [94.5647, 26.706], [94.563, 26.6906], [94.5747, 26.691], [94.5715, 26.6962], [94.5828, 26.7056], [94.5854, 26.7033], [94.5924, 26.7027], [94.5949, 26.7066], [94.5962, 26.7182], [94.5983, 26.7199], [94.6037, 26.7162], [94.6047, 26.7172], [94.6032, 26.7238], [94.5933, 26.7261], [94.5999, 26.7377], [94.6041, 26.7393], [94.6101, 26.7401], [94.6119, 26.7327], [94.6174, 26.7306], [94.6201, 26.7267], [94.6211, 26.7212], [94.6227, 26.7195], [94.6283, 26.7186], [94.6403, 26.724], [94.6534, 26.7236], [94.6866, 26.7326], [94.7114, 26.7528], [94.7365, 26.7674], [94.7417, 26.7736], [94.7424, 26.7786], [94.7458, 26.7821], [94.7507, 26.7797], [94.7564, 26.7723], [94.7593, 26.7741], [94.7624, 26.7799], [94.7683, 26.7834], [94.7691, 26.7911], [94.7731, 26.795], [94.7856, 26.7986], [94.8022, 26.8061], [94.8054, 26.8122], [94.7966, 26.8185], [94.8067, 26.8212], [94.8131, 26.8248], [94.8167, 26.8415], [94.8211, 26.8449], [94.8211, 26.8545], [94.8323, 26.8627], [94.8388, 26.874], [94.8458, 26.8768], [94.8515, 26.8813], [94.8653, 26.9069], [94.8686, 26.9099], [94.8696, 26.915], [94.8862, 26.9325], [94.9013, 26.9403], [94.9139, 26.9426], [94.9282, 26.9521], [94.9336, 26.9385], [94.9386, 26.938], [94.9573, 26.9436], [94.9642, 26.9406], [94.9707, 26.9284], [94.9797, 26.9246], [94.9857, 26.9182], [94.9921, 26.9184], [94.9912, 26.9229], [94.9931, 26.9262], [94.9995, 26.9243], [95.0213, 26.9254], [95.0286, 26.9325], [95.038, 26.9385], [95.0546, 26.9409], [95.0653, 26.9482], [95.0869, 26.9527], [95.11, 26.9669], [95.1169, 26.9837], [95.1264, 26.9869], [95.1428, 26.9983], [95.1495, 26.9998], [95.1545, 27.006], [95.1955, 27.0429], [95.1976, 27.0157], [95.2001, 27.0062], [95.1998, 26.9994], [95.1963, 26.9978], [95.1952, 26.99], [95.2004, 26.9856], [95.2078, 26.9847], [95.21, 26.9826], [95.2052, 26.9822], [95.2088, 26.9751], [95.215, 26.9704], [95.2068, 26.9626], [95.2134, 26.9588], [95.2092, 26.9567], [95.2144, 26.937], [95.2171, 26.9342], [95.2256, 26.9344], [95.2293, 26.9306], [95.234, 26.9206], [95.234, 26.9188], [95.232, 26.9179], [95.2341, 26.9097], [95.2313, 26.8983], [95.2339, 26.8908], [95.2299, 26.8857], [95.2178, 26.8869], [95.2129, 26.8856], [95.2114, 26.8817], [95.2064, 26.8779], [95.1845, 26.8648], [95.1858, 26.8596], [95.1956, 26.8496], [95.1973, 26.8494], [95.1977, 26.8515], [95.2042, 26.8489], [95.2086, 26.8507], [95.2064, 26.8463], [95.2005, 26.8429], [95.199, 26.8399], [95.2068, 26.8117], [95.2151, 26.7984], [95.2216, 26.7935], [95.235, 26.7893], [95.2403, 26.7892], [95.2417, 26.7869], [95.2449, 26.7873], [95.2316, 26.7777], [95.2332, 26.7719], [95.2241, 26.7617], [95.2201, 26.7598], [95.2193, 26.7556], [95.2214, 26.7515], [95.221, 26.7474], [95.2169, 26.7413], [95.2161, 26.7353], [95.2282, 26.7238], [95.2297, 26.7169], [95.2361, 26.7122], [95.2337, 26.6971], [95.2376, 26.6863], [95.2195, 26.6607], [95.2098, 26.6515], [95.2062, 26.6491], [95.1913, 26.6477], [95.182, 26.6433], [95.1714, 26.6301], [95.1583, 26.6232], [95.1547, 26.6195], [95.1522, 26.5976], [95.1562, 26.5868], [95.1545, 26.5808], [95.1445, 26.5679], [95.1444, 26.563], [95.1385, 26.5605], [95.1338, 26.5624], [95.1268, 26.5624], [95.1247, 26.5566], [95.1148, 26.548], [95.1208, 26.5345], [95.1208, 26.5298], [95.1132, 26.5187], [95.1035, 26.5129], [95.1046, 26.5091], [95.1024, 26.5032], [95.091, 26.4946], [95.076, 26.4777], [95.0754, 26.4733], [95.0688, 26.4667], [95.0663, 26.4568], [95.0664, 26.4504], [95.0816, 26.4532], [95.087, 26.452], [95.1015, 26.4327], [95.1062, 26.43], [95.1087, 26.4237], [95.1058, 26.415], [95.1048, 26.4013], [95.1217, 26.398], [95.1357, 26.3878], [95.1346, 26.3757], [95.1283, 26.3547], [95.1335, 26.3426], [95.1275, 26.3359], [95.1312, 26.3074], [95.1311, 26.2925], [95.1271, 26.285], [95.1213, 26.2794], [95.1207, 26.2749], [95.1297, 26.2562], [95.1212, 26.2387], [95.1231, 26.233], [95.1332, 26.2256], [95.1425, 26.2142], [95.1382, 26.2092], [95.1283, 26.2031], [95.1247, 26.1966], [95.1277, 26.194], [95.1258, 26.1827], [95.1181, 26.1689], [95.1168, 26.163], [95.1279, 26.137], [95.1209, 26.122], [95.1206, 26.1097], [95.1267, 26.101], [95.1315, 26.1003], [95.138, 26.1026], [95.1442, 26.101], [95.1516, 26.0949], [95.1659, 26.099], [95.171, 26.0968], [95.1854, 26.0847], [95.1857, 26.0804], [95.1836, 26.0745], [95.1656, 26.0534], [95.1647, 26.035], [95.1626, 26.0314], [95.1489, 26.0188], [95.1407, 26.0065], [95.1175, 25.9877], [95.1065, 25.9682], [95.0934, 25.9615], [95.0789, 25.9508], [95.0574, 25.947], [95.0531, 25.9445], [95.05, 25.9392], [95.0449, 25.9348], [95.0367, 25.9351], [95.0364, 25.927], [95.028, 25.9198], [95.0219, 25.91], [95.0193, 25.901], [95.0222, 25.8875], [95.0156, 25.8807], [95.0154, 25.872], [95.0275, 25.8515], [95.0332, 25.8465], [95.0348, 25.8274], [95.0375, 25.8202], [95.0438, 25.813], [95.0494, 25.8101], [95.0518, 25.8052], [95.0515, 25.7991], [95.0455, 25.7828], [95.0456, 25.7786], [95.0525, 25.7627], [95.0407, 25.7476], [95.0337, 25.7414], [95.0189, 25.7385], [95.0094, 25.7385], [95.0024, 25.7326], [94.9993, 25.7266], [94.9987, 25.7217], [94.989, 25.7091], [94.9429, 25.6753], [94.9376, 25.669], [94.9266, 25.6406], [94.9197, 25.6111], [94.9115, 25.6033], [94.8957, 25.598], [94.889, 25.5931], [94.8877, 25.5876], [94.9042, 25.5712], [94.905, 25.5671], [94.853, 25.5633], [94.8494, 25.5607], [94.8339, 25.5467], [94.8298, 25.5384], [94.8288, 25.5281], [94.8202, 25.5137], [94.8186, 25.5069], [94.8125, 25.4954], [94.8059, 25.4934], [94.7971, 25.4937], [94.7845, 25.4902], [94.779, 25.4843], [94.7727, 25.4813], [94.7671, 25.4824], [94.7623, 25.4915], [94.7567, 25.492], [94.7515, 25.4825], [94.7465, 25.4791], [94.7218, 25.4725], [94.6957, 25.4681], [94.6886, 25.4655], [94.6824, 25.4597], [94.6698, 25.4554], [94.6587, 25.4571], [94.6482, 25.4616], [94.633, 25.4657], [94.6253, 25.4691], [94.6075, 25.4824], [94.5908, 25.4897], [94.5872, 25.4925], [94.585, 25.4969], [94.5746, 25.5052], [94.5682, 25.5066], [94.5574, 25.5128], [94.5613, 25.5307], [94.5583, 25.5349], [94.5635, 25.5397], [94.5599, 25.5457], [94.5629, 25.5495], [94.5614, 25.5605], [94.5647, 25.5679], [94.5604, 25.568], [94.5615, 25.5783], [94.5557, 25.5858], [94.5651, 25.6026], [94.5728, 25.6113], [94.5785, 25.6263], [94.5838, 25.6345], [94.5952, 25.6439], [94.5869, 25.6466], [94.5761, 25.6447], [94.5768, 25.6528], [94.5814, 25.6574], [94.582, 25.6606], [94.5852, 25.6618], [94.5834, 25.6652], [94.5874, 25.6718], [94.5853, 25.6749], [94.59, 25.6812], [94.5969, 25.6869], [94.5956, 25.6913], [94.5871, 25.6919], [94.573, 25.6977], [94.568, 25.6922], [94.5651, 25.6808], [94.5522, 25.6674], [94.5518, 25.6625], [94.5447, 25.6575], [94.5395, 25.6511], [94.5315, 25.6501], [94.5307, 25.6426], [94.5282, 25.6443], [94.5242, 25.6434], [94.5145, 25.6305], [94.5109, 25.6299], [94.5087, 25.6269], [94.5078, 25.6189], [94.5054, 25.617], [94.5018, 25.62], [94.4993, 25.6165], [94.4934, 25.6143], [94.4912, 25.6198], [94.474, 25.6216], [94.4493, 25.6011], [94.4478, 25.598], [94.43, 25.5927], [94.4224, 25.576], [94.4251, 25.573], [94.4264, 25.5615], [94.4256, 25.5529], [94.4203, 25.5427], [94.4168, 25.5419], [94.4109, 25.5435], [94.3885, 25.5366], [94.3647, 25.5215], [94.329, 25.5084], [94.3207, 25.4993], [94.3135, 25.4945], [94.3026, 25.4946], [94.299, 25.5007], [94.2907, 25.5095], [94.2867, 25.5117], [94.2799, 25.5055], [94.2741, 25.503], [94.2573, 25.5034], [94.2521, 25.4991], [94.2317, 25.4983], [94.2291, 25.496], [94.223, 25.4968], [94.2199, 25.4996], [94.2149, 25.5002], [94.2128, 25.5028], [94.2129, 25.5082], [94.2069, 25.5116], [94.2069, 25.514], [94.1907, 25.5308], [94.1901, 25.5346], [94.1939, 25.5422], [94.1949, 25.5524], [94.1918, 25.551], [94.1828, 25.5533], [94.1795, 25.5502], [94.1679, 25.547], [94.1635, 25.5499], [94.1601, 25.5553], [94.1529, 25.5478], [94.1482, 25.5317], [94.1452, 25.5276], [94.1387, 25.5237], [94.1061, 25.5289], [94.0921, 25.5327], [94.0925, 25.538], [94.0962, 25.5417], [94.095, 25.5464], [94.086, 25.5597], [94.08, 25.5616], [94.0694, 25.559], [94.0647, 25.5664], [94.0541, 25.5768], [94.046, 25.5809], [94.0436, 25.5775], [94.039, 25.5799], [94.0392, 25.583], [94.0349, 25.5815], [94.0334, 25.5847], [94.0273, 25.588], [94.0255, 25.5934], [94.0147, 25.5961], [94.0104, 25.5954], [94.0077, 25.5909], [94.0118, 25.5791], [94.0123, 25.5753], [94.0104, 25.5713], [94.0074, 25.5699], [94.0006, 25.5739], [93.9805, 25.5713], [93.9779, 25.5662], [93.9652, 25.5566], [93.9574, 25.5568], [93.9435, 25.5634], [93.9301, 25.5654], [93.9193, 25.564], [93.9171, 25.5667], [93.892, 25.5684], [93.8784, 25.562], [93.8622, 25.5575], [93.8365, 25.5631], [93.8335, 25.5614], [93.8333, 25.5564], [93.825, 25.556], [93.8233, 25.5482], [93.8197, 25.5444], [93.8159, 25.5454], [93.8078, 25.5445], [93.7795, 25.538], [93.7706, 25.5403], [93.771, 25.536], [93.7682, 25.5253], [93.7693, 25.5177], [93.7643, 25.5155], [93.7658, 25.4999], [93.7693, 25.4968], [93.7734, 25.4978], [93.7885, 25.5065], [93.7972, 25.5044], [93.804, 25.499], [93.8139, 25.4847], [93.809, 25.4656], [93.8024, 25.4604], [93.7937, 25.4487], [93.7902, 25.4434], [93.7881, 25.4359], [93.7805, 25.4295], [93.7811, 25.4247], [93.7644, 25.4181], [93.7467, 25.4057], [93.7401, 25.3952], [93.7413, 25.3894], [93.7398, 25.3844], [93.7231, 25.3756], [93.719, 25.3704], [93.718, 25.3616], [93.7116, 25.3581], [93.6928, 25.3616], [93.6915, 25.3474], [93.6871, 25.3312], [93.6839, 25.3296], [93.6721, 25.3287], [93.674, 25.3173], [93.6729, 25.3115], [93.6661, 25.3083], [93.6647, 25.3042], [93.6656, 25.2984], [93.6516, 25.279], [93.6499, 25.2691], [93.6435, 25.2659], [93.6431, 25.26], [93.6381, 25.2504], [93.6319, 25.2429], [93.6289, 25.2357], [93.6211, 25.2249], [93.6126, 25.2062], [93.608, 25.2021], [93.6043, 25.2043], [93.601, 25.2024], [93.5971, 25.2043], [93.593, 25.2039], [93.5948, 25.2111], [93.592, 25.2139], [93.5903, 25.2199], [93.5816, 25.226], [93.5782, 25.2257], [93.5749, 25.2276], [93.5631, 25.2466], [93.5547, 25.2505], [93.5412, 25.2454], [93.5294, 25.2484], [93.5206, 25.2488], [93.5164, 25.2448], [93.5051, 25.2441], [93.5042, 25.2534], [93.5108, 25.2756], [93.5044, 25.2758], [93.4949, 25.2787], [93.4875, 25.2759], [93.4768, 25.279], [93.4726, 25.2854], [93.4751, 25.2997], [93.474, 25.3093], [93.4567, 25.3253], [93.458, 25.3301]]]]}}, {"type": "Feature", "properties": {"state": "Sikkim", "code": "IN.SK", "country": "India", "region": "Northeast India"}, "geometry": {"type": "MultiPolygon", "coordinates": [[[[88.9194, 27.3246], [88.9197, 27.321], [88.9091, 27.3038], [88.9091, 27.2991], [88.9144, 27.2901], [88.9083, 27.2815], [88.9079, 27.2767], [88.9043, 27.2738], [88.9006, 27.274], [88.8933, 27.2691], [88.884, 27.2671], [88.879, 27.2612], [88.8665, 27.2648], [88.8313, 27.2625], [88.8281, 27.2574], [88.8032, 27.248], [88.8045, 27.2413], [88.8027, 27.2329], [88.8033, 27.2215], [88.7988, 27.2066], [88.7915, 27.1968], [88.7888, 27.1953], [88.7891, 27.1893], [88.7868, 27.182], [88.7771, 27.1836], [88.7697, 27.1812], [88.7643, 27.1772], [88.7569, 27.1655], [88.758, 27.1612], [88.7569, 27.1588], [88.7602, 27.1528], [88.7568, 27.1482], [88.7492, 27.1477], [88.7325, 27.1374], [88.7245, 27.1385], [88.7178, 27.144], [88.715, 27.1502], [88.7118, 27.1651], [88.702, 27.1741], [88.6915, 27.1787], [88.6844, 27.1802], [88.6735, 27.1766], [88.6596, 27.1622], [88.6565, 27.1624], [88.6388, 27.1677], [88.619, 27.1879], [88.5981, 27.1914], [88.5975, 27.1927], [88.594, 27.1912], [88.5915, 27.1945], [88.587, 27.1905], [88.5851, 27.1928], [88.5663, 27.1879], [88.559, 27.1888], [88.5408, 27.1837], [88.529, 27.1778], [88.5208, 27.1782], [88.5205, 27.175], [88.5298, 27.1658], [88.5267, 27.1603], [88.532, 27.1543], [88.5299, 27.1502], [88.5217, 27.1503], [88.5075, 27.136], [88.4989, 27.1312], [88.4956, 27.1254], [88.4919, 27.1249], [88.4867, 27.1268], [88.4813, 27.1229], [88.4738, 27.1207], [88.4667, 27.1139], [88.4648, 27.1048], [88.4602, 27.0958], [88.4545, 27.0896], [88.4463, 27.0854], [88.4319, 27.0816], [88.411, 27.0907], [88.3875, 27.0984], [88.3639, 27.0984], [88.3523, 27.1011], [88.3479, 27.1033], [88.3408, 27.1107], [88.3238, 27.1049], [88.3201, 27.1073], [88.3205, 27.1166], [88.3188, 27.1193], [88.3045, 27.1286], [88.2999, 27.128], [88.2949, 27.1248], [88.2774, 27.1312], [88.2515, 27.1254], [88.2401, 27.1204], [88.2325, 27.1198], [88.2269, 27.1214], [88.2215, 27.1253], [88.2138, 27.1351], [88.2099, 27.1334], [88.1956, 27.1362], [88.1885, 27.1344], [88.179, 27.1347], [88.1726, 27.1303], [88.1584, 27.1144], [88.1523, 27.1117], [88.1438, 27.1171], [88.1366, 27.1169], [88.1269, 27.1231], [88.0886, 27.1388], [88.0838, 27.145], [88.083, 27.1489], [88.0833, 27.165], [88.0731, 27.1744], [88.0675, 27.1903], [88.0688, 27.1944], [88.0754, 27.1988], [88.075, 27.2008], [88.0682, 27.2047], [88.0582, 27.2139], [88.0329, 27.221], [88.017, 27.2189], [88.0215, 27.2247], [88.0219, 27.2355], [88.0243, 27.2374], [88.0275, 27.2369], [88.0268, 27.2418], [88.0303, 27.2491], [88.0334, 27.2497], [88.0332, 27.263], [88.0344, 27.2656], [88.0329, 27.2717], [88.0356, 27.2814], [88.0343, 27.286], [88.0408, 27.2914], [88.0465, 27.2924], [88.0436, 27.3011], [88.0441, 27.304], [88.0477, 27.3099], [88.0511, 27.3123], [88.052, 27.3184], [88.0552, 27.3243], [88.0627, 27.3283], [88.0661, 27.3341], [88.0692, 27.3356], [88.0603, 27.3553], [88.0528, 27.3583], [88.0444, 27.3707], [88.0476, 27.3797], [88.0467, 27.3843], [88.0485, 27.3955], [88.0511, 27.4006], [88.0494, 27.4052], [88.0522, 27.4069], [88.0532, 27.4126], [88.0697, 27.425], [88.0826, 27.4264], [88.0829, 27.4295], [88.0813, 27.4318], [88.0754, 27.4336], [88.0705, 27.4385], [88.075, 27.4452], [88.0698, 27.4493], [88.0681, 27.4527], [88.0697, 27.4576], [88.063, 27.4608], [88.0593, 27.4672], [88.0466, 27.4784], [88.0478, 27.4813], [88.0463, 27.4958], [88.0492, 27.5012], [88.0534, 27.5041], [88.0574, 27.5043], [88.0601, 27.5092], [88.0641, 27.5118], [88.06, 27.5167], [88.064, 27.5251], [88.0698, 27.5261], [88.0678, 27.5293], [88.0624, 27.5312], [88.0616, 27.5348], [88.0635, 27.5398], [88.0712, 27.5461], [88.0718, 27.5555], [88.0786, 27.5584], [88.0836, 27.5646], [88.0778, 27.5718], [88.0871, 27.589], [88.0954, 27.5973], [88.1082, 27.6023], [88.1163, 27.6103], [88.1179, 27.6208], [88.1221, 27.627], [88.1199, 27.6295], [88.1233, 27.6392], [88.1226, 27.6453], [88.1338, 27.6551], [88.1398, 27.6572], [88.1473, 27.6654], [88.1514, 27.6838], [88.1574, 27.6904], [88.1507, 27.702], [88.152, 27.7079], [88.1581, 27.7172], [88.1573, 27.7292], [88.161, 27.7406], [88.1724, 27.7413], [88.1812, 27.7468], [88.1793, 27.7581], [88.186, 27.7661], [88.1842, 27.7688], [88.1844, 27.7745], [88.1979, 27.7863], [88.1999, 27.7905], [88.1965, 27.796], [88.1895, 27.8012], [88.1879, 27.8103], [88.1815, 27.8155], [88.1761, 27.8173], [88.1757, 27.8202], [88.1901, 27.8251], [88.1972, 27.8355], [88.2039, 27.8373], [88.204, 27.8424], [88.2007, 27.8455], [88.1989, 27.8535], [88.191, 27.8537], [88.1879, 27.8565], [88.1809, 27.8564], [88.1752, 27.8631], [88.1669, 27.8682], [88.1566, 27.8705], [88.1513, 27.8765], [88.1456, 27.8781], [88.1419, 27.8774], [88.1375, 27.8815], [88.13, 27.8815], [88.1299, 27.8859], [88.1263, 27.8951], [88.1188, 27.9025], [88.1139, 27.9122], [88.1136, 27.9176], [88.1168, 27.9258], [88.1289, 27.9383], [88.1288, 27.9455], [88.1237, 27.948], [88.1239, 27.9509], [88.13, 27.9559], [88.1331, 27.9616], [88.1391, 27.9635], [88.1537, 27.9578], [88.1736, 27.9447], [88.1887, 27.9437], [88.1958, 27.9471], [88.1997, 27.9605], [88.2035, 27.9666], [88.2098, 27.9678], [88.2216, 27.964], [88.2297, 27.9679], [88.2328, 27.9659], [88.2352, 27.9541], [88.2377, 27.9506], [88.2439, 27.9485], [88.2588, 27.9563], [88.272, 27.9584], [88.2756, 27.9612], [88.2768, 27.9655], [88.2804, 27.9678], [88.3048, 27.97], [88.3162, 27.9797], [88.3275, 27.9819], [88.335, 27.987], [88.3452, 27.9895], [88.3638, 27.9881], [88.3817, 27.9794], [88.3898, 27.9781], [88.402, 27.9836], [88.4123, 27.997], [88.4265, 28.0081], [88.4509, 28.015], [88.4616, 28.0198], [88.4717, 28.0368], [88.4831, 28.0456], [88.4897, 28.0481], [88.5011, 28.0489], [88.5029, 28.0471], [88.5167, 28.044], [88.5224, 28.0386], [88.5278, 28.0368], [88.5333, 28.0366], [88.5389, 28.0389], [88.5427, 28.0441], [88.5437, 28.0525], [88.5518, 28.0638], [88.5525, 28.0776], [88.5545, 28.0848], [88.5583, 28.0876], [88.5669, 28.089], [88.5748, 28.0856], [88.5904, 28.0913], [88.596, 28.0969], [88.6165, 28.1037], [88.6122, 28.1099], [88.6108, 28.1187], [88.6069, 28.1228], [88.6067, 28.1262], [88.6118, 28.1296], [88.6212, 28.131], [88.6328, 28.1206], [88.6377, 28.1044], [88.6453, 28.0991], [88.6668, 28.0741], [88.6728, 28.0728], [88.6771, 28.0774], [88.6858, 28.079], [88.6952, 28.077], [88.7039, 28.0781], [88.7143, 28.0757], [88.7403, 28.076], [88.7511, 28.0733], [88.7823, 28.0508], [88.7866, 28.0431], [88.8053, 28.0263], [88.8291, 28.0152], [88.8329, 28.0115], [88.8346, 28.0004], [88.8409, 27.991], [88.8398, 27.9652], [88.843, 27.9616], [88.8441, 27.9564], [88.8364, 27.9474], [88.8363, 27.932], [88.8612, 27.9235], [88.8702, 27.9024], [88.8802, 27.8952], [88.8814, 27.8925], [88.88, 27.8803], [88.8808, 27.8701], [88.8846, 27.8654], [88.8856, 27.8591], [88.8821, 27.8554], [88.881, 27.839], [88.8778, 27.8362], [88.873, 27.8274], [88.8543, 27.8165], [88.8553, 27.8125], [88.8573, 27.8113], [88.8575, 27.8082], [88.8523, 27.7783], [88.8526, 27.7684], [88.8546, 27.7593], [88.8614, 27.7489], [88.8624, 27.739], [88.8611, 27.7358], [88.8543, 27.7302], [88.85, 27.7175], [88.8386, 27.7105], [88.8412, 27.7028], [88.8455, 27.7003], [88.8442, 27.6889], [88.8466, 27.6689], [88.8322, 27.6503], [88.826, 27.6455], [88.8198, 27.6419], [88.8132, 27.6435], [88.8099, 27.6419], [88.8064, 27.6322], [88.8085, 27.6143], [88.8055, 27.6033], [88.7885, 27.5881], [88.7848, 27.5754], [88.7682, 27.5679], [88.7671, 27.565], [88.7751, 27.5376], [88.7799, 27.5322], [88.7881, 27.5291], [88.7889, 27.5261], [88.7832, 27.4965], [88.7856, 27.4924], [88.7814, 27.4732], [88.7834, 27.4556], [88.7873, 27.4524], [88.7876, 27.4502], [88.7947, 27.447], [88.7949, 27.4328], [88.8032, 27.4271], [88.8093, 27.4052], [88.8118, 27.4026], [88.8192, 27.3993], [88.8254, 27.3906], [88.8312, 27.3888], [88.8398, 27.3782], [88.8423, 27.3779], [88.8472, 27.3809], [88.8527, 27.3863], [88.8588, 27.3859], [88.8647, 27.3798], [88.8672, 27.3682], [88.881, 27.3632], [88.8851, 27.3468], [88.8899, 27.3364], [88.894, 27.3335], [88.9005, 27.3344], [88.9079, 27.3301], [88.9142, 27.3302], [88.9195, 27.3277], [88.9194, 27.3246]]]]}}, {"type": "Feature", "properties": {"state": "Tripura", "code": "IN.TR", "country": "India", "region": "Northeast India"}, "geometry": {"type": "MultiPolygon", "coordinates": [[[[91.3896, 23.1773], [91.3886, 23.1791], [91.3888, 23.1794], [91.3898, 23.1772], [91.3896, 23.1773]]], [[[91.3715, 23.0697], [91.3469, 23.1025], [91.3476, 23.1189], [91.3418, 23.118], [91.3417, 23.1289], [91.337, 23.1312], [91.3331, 23.153], [91.3233, 23.1582], [91.3247, 23.1688], [91.3236, 23.2376], [91.3189, 23.24], [91.3186, 23.2456], [91.3254, 23.2473], [91.3265, 23.2524], [91.318, 23.253], [91.3097, 23.2765], [91.3157, 23.2796], [91.3166, 23.282], [91.3023, 23.2865], [91.3002, 23.2926], [91.3072, 23.2999], [91.3112, 23.2983], [91.3144, 23.2996], [91.3131, 23.3065], [91.3095, 23.314], [91.2961, 23.3136], [91.2898, 23.3187], [91.2961, 23.341], [91.3051, 23.3435], [91.3107, 23.3426], [91.311, 23.3528], [91.3125, 23.3541], [91.3179, 23.3531], [91.32, 23.3602], [91.3166, 23.36], [91.3009, 23.3517], [91.291, 23.3508], [91.2948, 23.3613], [91.2861, 23.3633], [91.2842, 23.3713], [91.2938, 23.3722], [91.2943, 23.3748], [91.2933, 23.3775], [91.2885, 23.3755], [91.2851, 23.3772], [91.2797, 23.3768], [91.2764, 23.4148], [91.2634, 23.4239], [91.2706, 23.4299], [91.2564, 23.4417], [91.2557, 23.4475], [91.2515, 23.4538], [91.2534, 23.4581], [91.2533, 23.4615], [91.2508, 23.4645], [91.2522, 23.4811], [91.2493, 23.4903], [91.2363, 23.4891], [91.2372, 23.4953], [91.2344, 23.4963], [91.2355, 23.5019], [91.2234, 23.4974], [91.2179, 23.4996], [91.2234, 23.5139], [91.2078, 23.5122], [91.2007, 23.5202], [91.2081, 23.5432], [91.213, 23.5453], [91.2129, 23.5481], [91.2071, 23.5455], [91.2053, 23.5454], [91.2036, 23.5478], [91.1944, 23.5473], [91.1952, 23.5621], [91.1872, 23.5733], [91.1872, 23.5777], [91.1752, 23.5856], [91.178, 23.5919], [91.177, 23.5933], [91.1687, 23.5927], [91.1624, 23.5952], [91.1621, 23.5988], [91.1637, 23.6012], [91.1596, 23.6114], [91.1609, 23.6141], [91.1581, 23.6242], [91.1587, 23.6291], [91.1609, 23.6314], [91.1586, 23.6415], [91.1613, 23.6545], [91.1563, 23.6708], [91.1605, 23.6674], [91.1613, 23.6707], [91.1649, 23.6653], [91.1716, 23.6623], [91.1754, 23.6581], [91.176, 23.6597], [91.1763, 23.6579], [91.1777, 23.6587], [91.1817, 23.6565], [91.1828, 23.6598], [91.1851, 23.6567], [91.1929, 23.6546], [91.1907, 23.6471], [91.1994, 23.6467], [91.1996, 23.6498], [91.2045, 23.6505], [91.2025, 23.6541], [91.2051, 23.6541], [91.2049, 23.6551], [91.2014, 23.6561], [91.2036, 23.6584], [91.2023, 23.663], [91.2049, 23.6799], [91.2032, 23.6802], [91.2085, 23.6866], [91.2036, 23.6856], [91.1955, 23.6923], [91.1938, 23.69], [91.1542, 23.6885], [91.1516, 23.7056], [91.1491, 23.7117], [91.158, 23.7394], [91.1564, 23.7399], [91.157, 23.7422], [91.1588, 23.7418], [91.1658, 23.7489], [91.17, 23.7498], [91.1724, 23.752], [91.1877, 23.7513], [91.1955, 23.7533], [91.2143, 23.7501], [91.2171, 23.7437], [91.2205, 23.7409], [91.2263, 23.7513], [91.2252, 23.7567], [91.2306, 23.7651], [91.2305, 23.7845], [91.2283, 23.7857], [91.2285, 23.7889], [91.2264, 23.7911], [91.2271, 23.7932], [91.2315, 23.7983], [91.2337, 23.811], [91.2375, 23.8137], [91.2429, 23.8231], [91.254, 23.8372], [91.2488, 23.851], [91.2408, 23.8618], [91.2357, 23.8777], [91.2318, 23.8782], [91.2295, 23.8807], [91.2284, 23.8988], [91.2448, 23.9071], [91.2461, 23.9132], [91.2414, 23.9228], [91.233, 23.9271], [91.2365, 23.9297], [91.2753, 23.9264], [91.2728, 23.9378], [91.2639, 23.9444], [91.2715, 23.963], [91.2837, 23.9831], [91.2862, 23.9821], [91.2846, 23.9774], [91.2877, 23.9741], [91.2876, 23.9682], [91.2995, 23.9727], [91.2972, 23.9764], [91.3034, 23.988], [91.3013, 23.9939], [91.3036, 23.998], [91.3051, 23.9954], [91.3149, 23.9906], [91.3235, 23.9946], [91.3268, 23.9917], [91.33, 23.9926], [91.3337, 23.9908], [91.3373, 23.9846], [91.3406, 23.9822], [91.3475, 23.9843], [91.3527, 23.9819], [91.3616, 23.9864], [91.3731, 23.9785], [91.3782, 23.977], [91.3796, 23.9792], [91.3777, 23.9801], [91.3779, 23.985], [91.3761, 23.9868], [91.3771, 23.9933], [91.3742, 23.9951], [91.3762, 23.9954], [91.3737, 23.9978], [91.3752, 23.9994], [91.3739, 24.0011], [91.3749, 24.0023], [91.3733, 24.0028], [91.3908, 24.0259], [91.3964, 24.0425], [91.3965, 24.0498], [91.3771, 24.08], [91.3743, 24.1061], [91.3745, 24.1079], [91.378, 24.1095], [91.3962, 24.1092], [91.4015, 24.1116], [91.4013, 24.1098], [91.4037, 24.1092], [91.4125, 24.1101], [91.4256, 24.107], [91.4281, 24.1086], [91.4305, 24.1076], [91.4319, 24.1021], [91.4351, 24.101], [91.4371, 24.1028], [91.4407, 24.1031], [91.4441, 24.098], [91.4495, 24.1016], [91.4526, 24.0982], [91.4638, 24.0976], [91.4712, 24.0989], [91.4731, 24.1019], [91.4734, 24.1001], [91.4758, 24.1007], [91.4782, 24.0982], [91.4828, 24.098], [91.4873, 24.0954], [91.4917, 24.0972], [91.4949, 24.0956], [91.4934, 24.0906], [91.4976, 24.0874], [91.5086, 24.0866], [91.5442, 24.0761], [91.5452, 24.0743], [91.5485, 24.0751], [91.5492, 24.078], [91.5551, 24.0765], [91.5571, 24.0785], [91.5713, 24.0784], [91.5744, 24.0801], [91.5787, 24.0798], [91.5846, 24.0761], [91.5884, 24.0772], [91.5925, 24.0791], [91.594, 24.083], [91.5984, 24.0846], [91.5984, 24.0868], [91.593, 24.0893], [91.5911, 24.0931], [91.5947, 24.0931], [91.5956, 24.0956], [91.5945, 24.0967], [91.5973, 24.096], [91.5992, 24.0972], [91.6003, 24.0954], [91.6025, 24.0967], [91.6027, 24.0955], [91.6045, 24.0959], [91.6035, 24.0942], [91.6112, 24.0918], [91.6157, 24.0956], [91.6171, 24.0945], [91.6197, 24.0968], [91.6215, 24.0954], [91.6292, 24.1016], [91.6303, 24.1005], [91.6341, 24.1026], [91.6378, 24.1053], [91.6367, 24.1067], [91.6395, 24.1086], [91.6411, 24.1132], [91.6384, 24.1297], [91.6344, 24.1382], [91.6466, 24.1567], [91.6442, 24.1707], [91.6467, 24.1788], [91.6562, 24.1763], [91.6597, 24.1897], [91.6584, 24.1935], [91.6525, 24.196], [91.6539, 24.2024], [91.6493, 24.214], [91.6472, 24.2153], [91.6488, 24.2172], [91.6477, 24.2186], [91.6497, 24.2206], [91.6507, 24.2185], [91.6523, 24.2197], [91.6585, 24.2284], [91.6627, 24.2302], [91.6641, 24.2292], [91.6651, 24.2337], [91.6679, 24.2314], [91.6687, 24.2272], [91.6691, 24.2188], [91.6668, 24.2149], [91.6669, 24.2107], [91.6736, 24.2042], [91.6739, 24.2012], [91.6765, 24.201], [91.6755, 24.1995], [91.6779, 24.1969], [91.6772, 24.1944], [91.6794, 24.1938], [91.6802, 24.1915], [91.6801, 24.187], [91.6849, 24.1694], [91.6921, 24.1598], [91.6951, 24.1597], [91.6974, 24.1638], [91.7023, 24.1641], [91.7063, 24.1579], [91.706, 24.1544], [91.7143, 24.1539], [91.7167, 24.1521], [91.7211, 24.1529], [91.7283, 24.1434], [91.731, 24.1438], [91.7324, 24.1459], [91.7342, 24.1438], [91.7366, 24.146], [91.7398, 24.1418], [91.7412, 24.1429], [91.7435, 24.1412], [91.7447, 24.1432], [91.7462, 24.1413], [91.7517, 24.1427], [91.7574, 24.1413], [91.7562, 24.1427], [91.7597, 24.1423], [91.745, 24.2466], [91.7911, 24.221], [91.8023, 24.2195], [91.8062, 24.2208], [91.807, 24.2191], [91.8058, 24.2188], [91.8104, 24.2177], [91.8125, 24.2124], [91.8153, 24.2121], [91.8163, 24.2101], [91.8236, 24.2102], [91.8264, 24.2138], [91.8292, 24.2133], [91.8312, 24.2183], [91.8374, 24.2197], [91.837, 24.2257], [91.8439, 24.2291], [91.8475, 24.2283], [91.8447, 24.2258], [91.8459, 24.2241], [91.8427, 24.2227], [91.843, 24.2204], [91.8515, 24.2215], [91.8569, 24.2143], [91.8523, 24.2146], [91.8551, 24.2132], [91.8547, 24.2118], [91.8498, 24.2129], [91.852, 24.2084], [91.8492, 24.2085], [91.8488, 24.207], [91.8504, 24.2071], [91.8499, 24.2023], [91.8475, 24.2], [91.8439, 24.2021], [91.8419, 24.2015], [91.8441, 24.1999], [91.8439, 24.1969], [91.8452, 24.1975], [91.8447, 24.1957], [91.8471, 24.1932], [91.8448, 24.1899], [91.8468, 24.1892], [91.848, 24.185], [91.8493, 24.1854], [91.8523, 24.1817], [91.8542, 24.1836], [91.8557, 24.1833], [91.8555, 24.1816], [91.8604, 24.1816], [91.8611, 24.1829], [91.861, 24.1817], [91.8651, 24.1802], [91.866, 24.1767], [91.8693, 24.1773], [91.8715, 24.1746], [91.8739, 24.1746], [91.8734, 24.1711], [91.8754, 24.1714], [91.8763, 24.1699], [91.8733, 24.168], [91.8747, 24.1676], [91.8736, 24.167], [91.8749, 24.1653], [91.8737, 24.1633], [91.8766, 24.1616], [91.8772, 24.1577], [91.8759, 24.1564], [91.879, 24.1516], [91.8778, 24.1479], [91.8844, 24.1427], [91.8867, 24.1387], [91.8889, 24.139], [91.8898, 24.1374], [91.8957, 24.1401], [91.9022, 24.1371], [91.9057, 24.1388], [91.906, 24.145], [91.9101, 24.1465], [91.9112, 24.1492], [91.9096, 24.1507], [91.9113, 24.1537], [91.9145, 24.1538], [91.9127, 24.1547], [91.9142, 24.1553], [91.913, 24.1558], [91.9141, 24.1595], [91.9125, 24.1609], [91.9139, 24.1623], [91.9113, 24.1641], [91.9149, 24.1667], [91.9113, 24.1683], [91.9407, 24.2682], [91.9199, 24.3375], [91.9223, 24.3358], [91.926, 24.3366], [91.9271, 24.3392], [91.9322, 24.3414], [91.935, 24.3399], [91.9403, 24.3435], [91.9433, 24.3491], [91.9462, 24.3496], [91.9467, 24.351], [91.9501, 24.3509], [91.9567, 24.3568], [91.9643, 24.3504], [91.9689, 24.3503], [91.9658, 24.3468], [91.9709, 24.3432], [91.9721, 24.3365], [91.9749, 24.3316], [91.9829, 24.3311], [91.9861, 24.326], [91.9959, 24.3222], [91.9964, 24.3267], [91.9949, 24.331], [91.9963, 24.3381], [91.993, 24.34], [91.992, 24.3435], [91.9892, 24.3438], [91.9859, 24.35], [91.9781, 24.3575], [91.9796, 24.3606], [91.9846, 24.3612], [91.9783, 24.3668], [91.9789, 24.3697], [91.9775, 24.3729], [91.9738, 24.3708], [91.9699, 24.3749], [91.9727, 24.3772], [91.9722, 24.3797], [91.9669, 24.3798], [91.9719, 24.3849], [91.9816, 24.3812], [91.9835, 24.3774], [91.9857, 24.377], [91.9861, 24.3855], [91.9899, 24.389], [91.9921, 24.3882], [91.9895, 24.3899], [91.9903, 24.3907], [91.9934, 24.3883], [91.9956, 24.3888], [91.9962, 24.3907], [91.9947, 24.3923], [91.9965, 24.3939], [92.0067, 24.3869], [92.0067, 24.383], [92.0101, 24.382], [92.02, 24.3867], [92.0236, 24.3857], [92.0215, 24.3834], [92.0247, 24.3836], [92.0267, 24.3798], [92.0358, 24.3803], [92.0384, 24.3772], [92.0429, 24.3777], [92.0446, 24.376], [92.0487, 24.3777], [92.0801, 24.3748], [92.0851, 24.3757], [92.089, 24.3734], [92.0966, 24.3754], [92.102, 24.3829], [92.1044, 24.3811], [92.1056, 24.3834], [92.1083, 24.3821], [92.1161, 24.3845], [92.1193, 24.3839], [92.122, 24.386], [92.1191, 24.3887], [92.1207, 24.3894], [92.1188, 24.39], [92.1198, 24.3923], [92.1225, 24.3961], [92.1282, 24.3997], [92.1273, 24.4018], [92.1314, 24.4068], [92.135, 24.4076], [92.1325, 24.4113], [92.1328, 24.4145], [92.1332, 24.4171], [92.1366, 24.4202], [92.1367, 24.4251], [92.148, 24.4242], [92.1557, 24.4265], [92.1638, 24.4217], [92.1662, 24.4221], [92.1674, 24.4271], [92.169, 24.4279], [92.1659, 24.4283], [92.167, 24.4316], [92.1659, 24.4334], [92.1673, 24.4347], [92.1659, 24.4369], [92.1638, 24.4368], [92.1643, 24.439], [92.1625, 24.44], [92.1643, 24.4449], [92.1609, 24.4489], [92.1616, 24.4528], [92.1595, 24.4534], [92.1612, 24.4564], [92.1601, 24.4591], [92.158, 24.4598], [92.1584, 24.466], [92.1555, 24.4659], [92.1564, 24.4687], [92.1581, 24.4676], [92.1581, 24.4697], [92.1553, 24.4698], [92.1542, 24.4722], [92.1572, 24.4741], [92.1526, 24.4816], [92.1538, 24.4847], [92.1512, 24.4911], [92.1536, 24.4918], [92.1504, 24.4954], [92.1522, 24.5024], [92.1561, 24.5077], [92.1588, 24.5077], [92.1534, 24.5122], [92.156, 24.5138], [92.157, 24.5127], [92.1581, 24.5153], [92.1555, 24.5177], [92.1549, 24.5231], [92.1601, 24.5257], [92.1587, 24.5276], [92.1597, 24.5294], [92.1618, 24.5276], [92.1656, 24.5292], [92.1656, 24.5315], [92.168, 24.5309], [92.1734, 24.534], [92.1797, 24.5287], [92.1788, 24.5238], [92.1801, 24.5226], [92.1821, 24.524], [92.1849, 24.5233], [92.189, 24.5202], [92.1927, 24.5215], [92.1999, 24.5153], [92.2017, 24.5075], [92.2125, 24.5038], [92.2157, 24.5077], [92.2203, 24.5063], [92.2215, 24.5015], [92.2309, 24.4997], [92.231, 24.5041], [92.2395, 24.4899], [92.2303, 24.48], [92.2289, 24.4721], [92.2311, 24.4605], [92.2351, 24.4564], [92.2361, 24.4503], [92.2565, 24.4363], [92.2575, 24.4325], [92.256, 24.419], [92.2627, 24.4098], [92.2643, 24.3977], [92.2699, 24.3949], [92.2705, 24.3909], [92.2731, 24.3885], [92.2699, 24.3822], [92.2725, 24.3793], [92.2683, 24.3748], [92.2681, 24.3673], [92.2641, 24.3621], [92.2129, 24.2493], [92.2967, 24.2517], [92.2971, 24.2495], [92.2941, 24.2443], [92.2969, 24.2381], [92.2963, 24.2339], [92.2995, 24.2316], [92.2977, 24.2273], [92.3019, 24.2251], [92.3009, 24.222], [92.3138, 24.2229], [92.3097, 24.2148], [92.3127, 24.2111], [92.3161, 24.2133], [92.3191, 24.2091], [92.3247, 24.2059], [92.3249, 24.2047], [92.3203, 24.2043], [92.3203, 24.2027], [92.3251, 24.1991], [92.3248, 24.1948], [92.3295, 24.1911], [92.3297, 24.1883], [92.3271, 24.1861], [92.3304, 24.1848], [92.3309, 24.1821], [92.3286, 24.1661], [92.3319, 24.1637], [92.3345, 24.1509], [92.3369, 24.1469], [92.3363, 24.1443], [92.3323, 24.144], [92.3323, 24.1405], [92.3283, 24.1386], [92.3288, 24.1297], [92.3311, 24.1281], [92.3283, 24.1247], [92.3287, 24.1159], [92.3317, 24.1131], [92.3319, 24.1118], [92.3294, 24.1104], [92.3323, 24.1069], [92.3283, 24.0986], [92.3314, 24.0987], [92.3279, 24.0937], [92.329, 24.0823], [92.3228, 24.0775], [92.3271, 24.0765], [92.3273, 24.0745], [92.3237, 24.0733], [92.3233, 24.0697], [92.3183, 24.0691], [92.3169, 24.0669], [92.3218, 24.0587], [92.3187, 24.0574], [92.3203, 24.0512], [92.319, 24.0501], [92.3168, 24.0514], [92.3153, 24.0487], [92.3175, 24.0395], [92.3141, 24.0347], [92.3193, 24.0313], [92.3167, 24.028], [92.3217, 24.0189], [92.3209, 24.0179], [92.3175, 24.0189], [92.3171, 24.0176], [92.3275, 24.0042], [92.3291, 23.9897], [92.3258, 23.9875], [92.3278, 23.9847], [92.3255, 23.9833], [92.3241, 23.9795], [92.3227, 23.9798], [92.3221, 23.9753], [92.3196, 23.9753], [92.3177, 23.9721], [92.3127, 23.9702], [92.3133, 23.961], [92.3114, 23.9606], [92.3127, 23.9575], [92.3112, 23.9457], [92.3135, 23.9433], [92.3135, 23.9345], [92.3212, 23.9261], [92.3279, 23.924], [92.3307, 23.9214], [92.3294, 23.9189], [92.3311, 23.9118], [92.3299, 23.9055], [92.3278, 23.9062], [92.3232, 23.9043], [92.3217, 23.8915], [92.3185, 23.8905], [92.3193, 23.8837], [92.3163, 23.8833], [92.3171, 23.8792], [92.3204, 23.878], [92.3221, 23.8699], [92.3185, 23.868], [92.3197, 23.8653], [92.3099, 23.8627], [92.3043, 23.8638], [92.3007, 23.8665], [92.2951, 23.8655], [92.2951, 23.8701], [92.292, 23.8714], [92.2879, 23.8669], [92.2879, 23.8631], [92.2853, 23.8575], [92.2765, 23.8529], [92.2739, 23.8417], [92.2821, 23.8309], [92.2816, 23.8262], [92.2857, 23.8226], [92.2868, 23.8168], [92.2808, 23.8152], [92.2791, 23.8167], [92.2767, 23.8152], [92.2695, 23.8178], [92.2594, 23.815], [92.2635, 23.7997], [92.2678, 23.77], [92.2682, 23.7565], [92.2665, 23.7387], [92.2685, 23.7286], [92.2763, 23.7219], [92.2797, 23.7157], [92.2747, 23.7204], [92.2681, 23.7223], [92.266, 23.7247], [92.2616, 23.7234], [92.2599, 23.725], [92.255, 23.725], [92.2468, 23.7227], [92.2415, 23.7137], [92.2405, 23.7085], [92.2471, 23.6947], [92.2469, 23.6919], [92.2424, 23.6889], [92.2417, 23.6846], [92.2397, 23.6825], [92.2375, 23.6768], [92.2381, 23.6703], [92.2263, 23.6583], [92.2257, 23.6552], [92.2227, 23.653], [92.2164, 23.6521], [92.2105, 23.6539], [92.211, 23.6589], [92.2067, 23.6611], [92.2077, 23.6672], [92.2062, 23.6696], [92.2064, 23.6752], [92.2074, 23.6777], [92.2125, 23.6812], [92.2138, 23.6851], [92.2109, 23.6888], [92.2113, 23.6907], [92.2098, 23.6916], [92.207, 23.7007], [92.204, 23.702], [92.2028, 23.7059], [92.1935, 23.7069], [92.1861, 23.7111], [92.1847, 23.7082], [92.1777, 23.7077], [92.1765, 23.7165], [92.173, 23.7178], [92.1696, 23.7234], [92.1714, 23.7263], [92.1708, 23.7329], [92.1729, 23.7358], [92.1718, 23.7387], [92.1667, 23.7403], [92.1583, 23.7382], [92.1548, 23.7344], [92.1486, 23.7357], [92.1442, 23.7332], [92.1421, 23.7254], [92.1384, 23.721], [92.1392, 23.7203], [92.1338, 23.7158], [92.129, 23.708], [92.1252, 23.7066], [92.1247, 23.7009], [92.1229, 23.6996], [92.1238, 23.6958], [92.1145, 23.6871], [92.1085, 23.6787], [92.103, 23.6759], [92.0932, 23.6785], [92.0918, 23.6771], [92.0875, 23.6807], [92.0866, 23.6796], [92.0851, 23.6809], [92.0831, 23.6801], [92.0806, 23.6714], [92.0784, 23.6711], [92.0763, 23.668], [92.08, 23.6623], [92.0793, 23.6559], [92.0778, 23.6545], [92.0793, 23.6487], [92.0724, 23.6469], [92.0691, 23.6483], [92.0634, 23.6451], [92.0576, 23.6486], [92.0498, 23.6494], [92.046, 23.6468], [92.042, 23.6481], [92.0296, 23.6585], [92.0221, 23.6582], [92.0242, 23.6613], [92.0232, 23.663], [92.0199, 23.6629], [92.0159, 23.6599], [92.0129, 23.6636], [92.0084, 23.6637], [92.0063, 23.6709], [92.0, 23.6713], [91.9991, 23.6782], [91.9967, 23.6799], [91.995, 23.6875], [91.9938, 23.6877], [91.9939, 23.6929], [91.9888, 23.7012], [91.9889, 23.7049], [91.9851, 23.7165], [91.9851, 23.723], [91.9804, 23.7237], [91.9781, 23.7333], [91.9768, 23.7331], [91.9773, 23.7315], [91.9621, 23.7277], [91.9567, 23.7191], [91.9583, 23.7131], [91.9565, 23.7068], [91.9573, 23.694], [91.9537, 23.6934], [91.9442, 23.6853], [91.9423, 23.6818], [91.9501, 23.6581], [91.9519, 23.6469], [91.951, 23.6329], [91.9567, 23.6179], [91.9538, 23.5932], [91.9554, 23.59], [91.9541, 23.5869], [91.959, 23.5863], [91.9639, 23.5788], [91.9605, 23.5671], [91.9657, 23.5541], [91.962, 23.5412], [91.9645, 23.5354], [91.9635, 23.5333], [91.9589, 23.5324], [91.9562, 23.5258], [91.9601, 23.5186], [91.9644, 23.5189], [91.9632, 23.5175], [91.9642, 23.5159], [91.9681, 23.5138], [91.969, 23.509], [91.9743, 23.5043], [91.9717, 23.4994], [91.9727, 23.4969], [91.9761, 23.496], [91.9727, 23.4906], [91.9752, 23.4824], [91.9733, 23.4809], [91.9694, 23.4816], [91.9691, 23.4765], [91.9673, 23.4781], [91.9582, 23.4797], [91.9587, 23.4731], [91.9564, 23.4759], [91.9551, 23.4755], [91.9519, 23.4705], [91.9476, 23.4697], [91.9478, 23.4668], [91.9456, 23.466], [91.9446, 23.4678], [91.9424, 23.4667], [91.9415, 23.4609], [91.9473, 23.4441], [91.9427, 23.4383], [91.9427, 23.4352], [91.9405, 23.4355], [91.9374, 23.4325], [91.9342, 23.4337], [91.9348, 23.4353], [91.9331, 23.436], [91.924, 23.4338], [91.9218, 23.4381], [91.9184, 23.4397], [91.9144, 23.4371], [91.9093, 23.4367], [91.8996, 23.4407], [91.9005, 23.4359], [91.8957, 23.4335], [91.8952, 23.4315], [91.8914, 23.4337], [91.8874, 23.4331], [91.8886, 23.4295], [91.8869, 23.427], [91.8764, 23.4224], [91.874, 23.4193], [91.8736, 23.4142], [91.8669, 23.4117], [91.8605, 23.4053], [91.8547, 23.4068], [91.8509, 23.4042], [91.845, 23.4048], [91.8453, 23.4007], [91.8407, 23.399], [91.8419, 23.3885], [91.8362, 23.3866], [91.8376, 23.3709], [91.8324, 23.3699], [91.8316, 23.3652], [91.8305, 23.3642], [91.8285, 23.3663], [91.8256, 23.3633], [91.8251, 23.3525], [91.8192, 23.3512], [91.818, 23.3465], [91.8083, 23.3387], [91.7903, 23.3091], [91.7748, 23.2781], [91.7748, 23.2729], [91.7729, 23.2701], [91.777, 23.2694], [91.7767, 23.2635], [91.7753, 23.2621], [91.7775, 23.2601], [91.7769, 23.2575], [91.7749, 23.257], [91.7769, 23.2552], [91.7781, 23.2566], [91.7797, 23.2539], [91.7784, 23.2519], [91.7803, 23.2469], [91.7763, 23.2442], [91.7799, 23.2399], [91.7812, 23.2416], [91.7805, 23.2434], [91.7835, 23.2434], [91.7853, 23.2392], [91.7841, 23.2366], [91.7921, 23.2292], [91.7902, 23.2216], [91.7918, 23.2183], [91.7879, 23.2156], [91.7916, 23.2125], [91.7907, 23.2116], [91.7927, 23.2091], [91.7939, 23.2015], [91.7994, 23.1967], [91.7987, 23.1871], [91.801, 23.183], [91.8062, 23.1793], [91.8031, 23.1768], [91.8041, 23.1746], [91.8066, 23.1754], [91.805, 23.1743], [91.8069, 23.1726], [91.8056, 23.1721], [91.806, 23.1702], [91.8074, 23.1664], [91.81, 23.1652], [91.8069, 23.1626], [91.806, 23.1574], [91.8105, 23.1537], [91.8102, 23.1519], [91.8122, 23.1539], [91.8142, 23.1453], [91.813, 23.1438], [91.811, 23.1447], [91.8081, 23.1392], [91.8092, 23.1366], [91.8081, 23.1357], [91.8103, 23.1338], [91.8111, 23.137], [91.8115, 23.1344], [91.8147, 23.1334], [91.8147, 23.1316], [91.8123, 23.1308], [91.8179, 23.1277], [91.8163, 23.1237], [91.8135, 23.1215], [91.8138, 23.1191], [91.8209, 23.1225], [91.818, 23.1123], [91.8227, 23.1117], [91.8251, 23.1067], [91.8224, 23.1029], [91.8233, 23.1009], [91.8317, 23.1001], [91.8357, 23.0932], [91.833, 23.0927], [91.8334, 23.0911], [91.8313, 23.0899], [91.8292, 23.0917], [91.829, 23.0905], [91.8323, 23.0895], [91.8227, 23.0867], [91.8243, 23.0836], [91.8197, 23.08], [91.8182, 23.0831], [91.8147, 23.0807], [91.8172, 23.0791], [91.8178, 23.076], [91.8158, 23.0748], [91.8183, 23.0729], [91.8159, 23.072], [91.8131, 23.0736], [91.8138, 23.0707], [91.8115, 23.0697], [91.8123, 23.0664], [91.8059, 23.0671], [91.806, 23.0632], [91.7991, 23.0651], [91.794, 23.0624], [91.7941, 23.069], [91.7898, 23.0689], [91.7895, 23.0718], [91.788, 23.07], [91.7889, 23.0673], [91.7859, 23.0685], [91.7847, 23.0716], [91.7745, 23.0697], [91.7735, 23.0664], [91.7796, 23.0593], [91.7776, 23.057], [91.7811, 23.0556], [91.7867, 23.0489], [91.787, 23.0366], [91.7851, 23.0317], [91.7804, 23.0314], [91.78, 23.0287], [91.7747, 23.027], [91.7728, 23.0309], [91.7741, 23.0372], [91.7708, 23.0361], [91.7715, 23.033], [91.7681, 23.0344], [91.7617, 23.0305], [91.7614, 23.0263], [91.7575, 23.0245], [91.7581, 23.0199], [91.756, 23.0156], [91.7457, 23.0063], [91.7392, 23.0046], [91.7281, 22.9969], [91.7256, 22.9893], [91.7234, 22.9897], [91.7181, 22.9867], [91.7121, 22.9891], [91.7116, 22.9837], [91.7087, 22.982], [91.7022, 22.9888], [91.6936, 22.9884], [91.6916, 22.9868], [91.6909, 22.9831], [91.6817, 22.9774], [91.6781, 22.9809], [91.6693, 22.977], [91.6648, 22.9817], [91.6618, 22.9793], [91.6577, 22.9819], [91.6563, 22.9808], [91.658, 22.9783], [91.6554, 22.9767], [91.6513, 22.9769], [91.65, 22.9827], [91.6455, 22.9852], [91.6457, 22.9768], [91.6407, 22.975], [91.6405, 22.9705], [91.6356, 22.9613], [91.6312, 22.9592], [91.6274, 22.9602], [91.6291, 22.9569], [91.6234, 22.9495], [91.6255, 22.9442], [91.619, 22.9385], [91.6168, 22.9397], [91.6169, 22.9442], [91.6127, 22.9472], [91.6129, 22.9497], [91.6164, 22.9493], [91.6158, 22.9516], [91.6136, 22.9525], [91.6071, 22.9502], [91.6089, 22.9565], [91.6024, 22.9534], [91.6003, 22.9545], [91.6019, 22.9591], [91.608, 22.9642], [91.6052, 22.9662], [91.606, 22.972], [91.5997, 22.9697], [91.5973, 22.9705], [91.5977, 22.9757], [91.5932, 22.9727], [91.5904, 22.9771], [91.5768, 22.9654], [91.575, 22.9688], [91.5572, 22.9786], [91.557, 22.9928], [91.5475, 22.9944], [91.5424, 22.9997], [91.5464, 23.0173], [91.5441, 23.0179], [91.5451, 23.0194], [91.5383, 23.0194], [91.5503, 23.0385], [91.5304, 23.0384], [91.5353, 23.0522], [91.5286, 23.0536], [91.5295, 23.0555], [91.5249, 23.0555], [91.5258, 23.0601], [91.5353, 23.0635], [91.525, 23.083], [91.5299, 23.0859], [91.5298, 23.0916], [91.5189, 23.0943], [91.5213, 23.1024], [91.5112, 23.1043], [91.5122, 23.1134], [91.5203, 23.1146], [91.5192, 23.1179], [91.5153, 23.1178], [91.5142, 23.1227], [91.5159, 23.124], [91.5037, 23.1274], [91.5031, 23.1306], [91.5126, 23.1372], [91.5044, 23.1405], [91.5016, 23.1432], [91.4987, 23.1427], [91.4989, 23.1439], [91.4947, 23.1472], [91.5072, 23.1544], [91.4943, 23.1524], [91.4909, 23.1578], [91.4948, 23.1621], [91.4981, 23.1718], [91.4923, 23.1721], [91.4917, 23.1777], [91.4973, 23.1799], [91.5067, 23.1801], [91.5074, 23.1833], [91.501, 23.1854], [91.5022, 23.1868], [91.4839, 23.1881], [91.4815, 23.1859], [91.4742, 23.1888], [91.4765, 23.1932], [91.4707, 23.1966], [91.4824, 23.1986], [91.4844, 23.2093], [91.479, 23.216], [91.4643, 23.2122], [91.4608, 23.2144], [91.4586, 23.2134], [91.4582, 23.2158], [91.4505, 23.2196], [91.4532, 23.2233], [91.4702, 23.2278], [91.4603, 23.2424], [91.4558, 23.2417], [91.4517, 23.2435], [91.4518, 23.2446], [91.4485, 23.2439], [91.4539, 23.2564], [91.4264, 23.2583], [91.4237, 23.255], [91.4218, 23.2572], [91.4211, 23.2619], [91.4184, 23.2556], [91.4183, 23.2556], [91.4187, 23.2584], [91.4154, 23.2635], [91.4174, 23.2646], [91.4159, 23.2696], [91.4181, 23.2697], [91.4195, 23.2734], [91.4177, 23.2763], [91.4166, 23.2758], [91.4177, 23.2774], [91.4155, 23.2794], [91.4156, 23.2829], [91.4137, 23.2815], [91.4088, 23.2853], [91.4112, 23.2558], [91.4077, 23.2562], [91.4077, 23.2536], [91.4157, 23.2449], [91.4073, 23.2428], [91.403, 23.2377], [91.4065, 23.2312], [91.404, 23.2262], [91.3958, 23.2234], [91.3969, 23.2181], [91.3926, 23.2168], [91.3903, 23.2177], [91.3807, 23.2086], [91.3877, 23.208], [91.3855, 23.192], [91.3809, 23.1917], [91.3799, 23.1846], [91.383, 23.1846], [91.3818, 23.1752], [91.3903, 23.176], [91.3929, 23.1677], [91.3908, 23.1576], [91.3915, 23.1526], [91.3958, 23.1475], [91.3961, 23.14], [91.3986, 23.14], [91.4012, 23.1352], [91.4038, 23.118], [91.41, 23.1068], [91.408, 23.0947], [91.4124, 23.0948], [91.413, 23.0936], [91.4123, 23.0834], [91.4174, 23.083], [91.416, 23.0767], [91.4133, 23.0756], [91.4131, 23.0697], [91.4108, 23.0662], [91.4172, 23.0652], [91.4166, 23.0641], [91.422, 23.0592], [91.4177, 23.0556], [91.4125, 23.0541], [91.4113, 23.0617], [91.4063, 23.0591], [91.3992, 23.0586], [91.3987, 23.0566], [91.3958, 23.0562], [91.3715, 23.0697]], [[91.1612, 23.664], [91.162, 23.6639], [91.1611, 23.6651], [91.1612, 23.6648], [91.1612, 23.664]], [[91.1607, 23.6665], [91.1607, 23.6661], [91.1608, 23.6661], [91.1607, 23.6665], [91.1607, 23.6665]], [[91.8779, 24.1503], [91.8779, 24.1504], [91.8779, 24.1506], [91.8778, 24.1504], [91.8779, 24.1503]], [[91.5727, 24.075], [91.5725, 24.0749], [91.5729, 24.0751], [91.5727, 24.075]]]]}}]}